target,model,seed,fold,smiles,y_true,y_pred,abs_error
hole,RF,42,0,BC1=C(B)C1=C1C=CC=C1,1.056733,1.239543854000002,0.1828108540000022
hole,RF,42,1,N#CC1=C(C#N)C1=C1C=CC=C1,1.274904,0.8187787639999974,0.45612523600000265
hole,RF,42,2,NC1=C(N)C1=C1C=CC=C1,0.797353,1.506395976000008,0.7090429760000081
hole,RF,42,3,OC1=C(O)C1=C1C=CC=C1,0.961014,1.1609569419999988,0.19994294199999874
hole,RF,42,4,BC1=C(B)C(=C2C=C2)C(B)=C1B,1.405123,1.035379190000001,0.369743809999999
hole,RF,42,5,BC1=CC=C(B)C1=C1C=C1,0.91862,1.266110540000002,0.3474905400000019
hole,RF,42,6,BC1=CC(=C2C=C2)C=C1B,1.457644,0.9157714719999982,0.5418725280000017
hole,RF,42,7,N#CC1=C(C#N)C(=C2C=C2)C(C#N)=C1C#N,0.449254,1.088586771999997,0.639332771999997
hole,RF,42,8,N#CC1=CC=C(C#N)C1=C1C=C1,0.502146,2.0467734120000087,1.5446274120000087
hole,RF,42,9,N#CC1=CC(=C2C=C2)C=C1C#N,0.810642,0.9193388019999992,0.1086968019999992
hole,RF,42,10,CC1=CC=C(C)C1=C1C(C(F)(F)F)=C1C(F)(F)F,0.776406,0.9463806679999953,0.16997466799999528
hole,RF,42,11,CC1=C(C)C(=C2C(C#N)=C2C#N)C(C)=C1C,0.778649,0.9970969700000004,0.21844797000000038
hole,RF,42,12,CC1=CC=C(C)C1=C1C(C#N)=C1C#N,0.733821,0.959510893999999,0.22568989399999906
hole,RF,42,13,CC1=CC(=C2C(C#N)=C2C#N)C=C1C,1.046008,0.8100097279999989,0.23599827200000112
hole,RF,42,14,[H]/N=C1\C=C/C(=N\[H])C1=C1C(=N\O)/C1=N/O,1.478661,0.9671922979999996,0.5114687020000004
hole,RF,42,15,NC1=CC=C(N)C1=C1C([N+](=O)[O-])=C1[N+](=O)[O-],1.574798,1.362456980000002,0.212341019999998
hole,RF,42,16,N#CC1=C(C#N)C1=C1C(N)=C(N)C(N)=C1N,1.91066,1.500549706000006,0.4101102939999941
hole,RF,42,17,N#CC1=C(C#N)C1=C1C(N)=CC=C1N,1.479146,1.319932094,0.15921390600000018
hole,RF,42,18,N#CC1=C(C#N)C1=C1C=C(N)C(N)=C1,0.907305,1.0708890520000007,0.1635840520000007
hole,RF,42,19,NC1=C(N)C(=C2C=C2)C(N)=C1N,1.857024,1.1396951240000015,0.7173288759999985
hole,RF,42,20,NC1=CC=C(N)C1=C1C=C1,1.431456,1.339674202,0.09178179799999997
hole,RF,42,21,NC1=CC(=C2C=C2)C=C1N,0.915297,1.114978400000002,0.199681400000002
hole,RF,42,22,CN(C)C1=CC=C(N(C)C)C1=C1C=C1,1.470686,1.2952956339999948,0.17539036600000513
hole,RF,42,23,CN(C)C1=CC=C(N(C)C)C1=C1C(C#N)=C1C#N,1.501316,1.3500691539999994,0.1512468460000007
hole,RF,42,24,CN(C)C1=CC=C(N(C)C)C1=C1C(N=[N-])=C1[N+]#N,2.428319,1.3373778079999952,1.090941192000005
hole,RF,42,25,N#CC1=C(C#N)C1=C1C(N=[PH3])=CC=C1N=[PH3],2.50464,1.054421388,1.4502186120000002
hole,RF,42,26,CP(C)(C)=NC1=CC=C(N=P(C)(C)C)C1=C1C=C1,0.955523,1.0352647939999984,0.07974179399999837
hole,RF,42,27,CP(C)(C)=NC1=CC=C(N=P(C)(C)C)C1=C1C(C#N)=C1C#N,0.96661,1.5599001579999991,0.5932901579999992
hole,RF,42,28,BC1=C(B)C1=C1C(O)=CC=C1O,1.537972,1.154998067999999,0.38297393200000096
hole,RF,42,29,OC1=CC=C(O)C1=C1C(C(F)(F)F)=C1C(F)(F)F,1.100219,1.277340481999999,0.1771214819999989
hole,RF,42,30,N#CC1=C(C#N)C1=C1C(O)=C(O)C(O)=C1O,1.265063,1.0730604519999973,0.19200254800000272
hole,RF,42,31,N#CC1=C(C#N)C1=C1C(O)=CC=C1O,1.057189,1.2614730780000003,0.20428407800000037
hole,RF,42,32,N#CC1=C(C#N)C1=C1C=C(O)C(O)=C1,0.617214,0.9243725560000019,0.30715855600000186
hole,RF,42,33,OC1=C(O)C(=C2C=C2)C(O)=C1O,1.191032,1.080886117999999,0.1101458820000012
hole,RF,42,34,OC1=CC=C(O)C1=C1C=C1,0.987746,1.2428789319999982,0.2551329319999982
hole,RF,42,35,OC1=CC(=C2C=C2)C=C1O,0.708495,0.918559663999997,0.21006466399999701
hole,RF,42,36,COC1=CC=C(OC)C1=C1C(C#N)=C1C#N,0.935198,1.0227360619999992,0.08753806199999925
hole,RF,42,37,COC1=CC(=C2C(C#N)=C2C#N)C=C1OC,0.81175,0.9802294779999974,0.1684794779999974
hole,RF,42,38,N#CC1=C(C#N)C1=C1C(S)=CC=C1S,1.434819,0.9713008439999993,0.4635181560000008
hole,RF,42,39,ClC1=C(Cl)C(=C2C(c3ccccc3)=C2c2ccccc2)C(Cl)=C1Cl,0.853091,1.125670631999999,0.2725796319999989
hole,RF,42,40,C1=CC(=C2C=C2)C=C1,1.106475,0.9073148379999971,0.19916016200000297
hole,RF,42,41,N#CC1=C(C#N)C1=C1C(O)=C(C(F)(F)F)C(C(F)(F)F)=C1O,1.082467,1.0510563339999954,0.03141066600000464
hole,RF,42,42,N#CC1=C(C#N)C1=C1C(O)=C(F)C(F)=C1O,1.023332,1.4296537739999986,0.4063217739999987
hole,RF,42,43,CC1=C(O)C(=C2C(C#N)=C2C#N)C(O)=C1C,0.971537,1.0439207999999935,0.07238379999999356
hole,RF,42,44,NC1=CC=C(N)C1=C1C=CC=CC=C1,1.474034,1.2998311480000073,0.17420285199999275
hole,RF,42,45,[PH3]=NC1=CC=C(N=[PH3])C1=C1C=CC=CC=C1,1.035825,1.9395408020000002,0.9037158020000002
hole,RF,42,46,OC1=CC=C(O)C1=C1C=CC=CC=C1,1.355279,1.0083934419999987,0.3468855580000012
hole,RF,42,47,N#CC1=CC=CC=C(C#N)C1=C1C(O)=CC=C1O,1.576953,2.132067162000005,0.5551141620000051
hole,RF,42,48,OC1=CC=C(O)C1=C1C(F)=CC=CC=C1F,2.120878,1.1966657140000003,0.9242122859999995
hole,RF,42,49,N#[N+]C1=CC=CC=C(N=[N-])C1=C1C=CC=C1,0.892364,1.733446826000003,0.8410828260000031
hole,RF,42,50,N#CC1=CC=CC=C(C#N)C1=C1C=CC=C1,3.004135,0.9786756299999969,2.025459370000003
hole,RF,42,51,C1=CC=CC(=C2C=CC=C2)C=C1,0.854762,1.122419091999998,0.2676570919999979
hole,RF,42,52,N#CC1=C(C#N)C1=C1C(O)=C(S)C(S)=C1O,1.069918,1.1146921759999988,0.04477417599999889
hole,GP,42,0,BC1=C(B)C1=C1C=CC=C1,1.056733,1.2193989091803186,0.16266590918031865
hole,GP,42,1,N#CC1=C(C#N)C1=C1C=CC=C1,1.274904,1.2102293191960622,0.06467468080393779
hole,GP,42,2,NC1=C(N)C1=C1C=CC=C1,0.797353,1.2327936327475648,0.43544063274756484
hole,GP,42,3,OC1=C(O)C1=C1C=CC=C1,0.961014,1.2201591048272098,0.25914510482720976
hole,GP,42,4,BC1=C(B)C(=C2C=C2)C(B)=C1B,1.405123,1.211013601830582,0.19410939816941797
hole,GP,42,5,BC1=CC=C(B)C1=C1C=C1,0.91862,1.221147418919606,0.3025274189196061
hole,GP,42,6,BC1=CC(=C2C=C2)C=C1B,1.457644,1.2107481682139498,0.24689583178605012
hole,GP,42,7,N#CC1=C(C#N)C(=C2C=C2)C(C#N)=C1C#N,0.449254,1.2304010774257188,0.7811470774257188
hole,GP,42,8,N#CC1=CC=C(C#N)C1=C1C=C1,0.502146,1.6040379497590769,1.101891949759077
hole,GP,42,9,N#CC1=CC(=C2C=C2)C=C1C#N,0.810642,1.2232016013854434,0.41255960138544345
hole,GP,42,10,CC1=CC=C(C)C1=C1C(C(F)(F)F)=C1C(F)(F)F,0.776406,1.2238668784537592,0.44746087845375915
hole,GP,42,11,CC1=C(C)C(=C2C(C#N)=C2C#N)C(C)=C1C,0.778649,1.2237953706875664,0.44514637068756635
hole,GP,42,12,CC1=CC=C(C)C1=C1C(C#N)=C1C#N,0.733821,1.224673779793785,0.49085277979378505
hole,GP,42,13,CC1=CC(=C2C(C#N)=C2C#N)C=C1C,1.046008,1.2186488751565998,0.17264087515659976
hole,GP,42,14,[H]/N=C1\C=C/C(=N\[H])C1=C1C(=N\O)/C1=N/O,1.478661,1.2103623846097282,0.2682986153902718
hole,GP,42,15,NC1=CC=C(N)C1=C1C([N+](=O)[O-])=C1[N+](=O)[O-],1.574798,1.2085136022335004,0.36628439776649957
hole,GP,42,16,N#CC1=C(C#N)C1=C1C(N)=C(N)C(N)=C1N,1.91066,1.2020576025196348,0.7086023974803652
hole,GP,42,17,N#CC1=C(C#N)C1=C1C(N)=CC=C1N,1.479146,1.2103628343099027,0.2687831656900974
hole,GP,42,18,N#CC1=C(C#N)C1=C1C=C(N)C(N)=C1,0.907305,1.2213272970281346,0.31402229702813456
hole,GP,42,19,NC1=C(N)C(=C2C=C2)C(N)=C1N,1.857024,1.198692745595555,0.6583312544044451
hole,GP,42,20,NC1=CC=C(N)C1=C1C=C1,1.431456,1.212226550898416,0.21922944910158404
hole,GP,42,21,NC1=CC(=C2C=C2)C=C1N,0.915297,1.2211898463295465,0.3058928463295465
hole,GP,42,22,CN(C)C1=CC=C(N(C)C)C1=C1C=C1,1.470686,1.2105158089530212,0.2601701910469787
hole,GP,42,23,CN(C)C1=CC=C(N(C)C)C1=C1C(C#N)=C1C#N,1.501316,1.209926440588815,0.29138955941118505
hole,GP,42,24,CN(C)C1=CC=C(N(C)C)C1=C1C(N=[N-])=C1[N+]#N,2.428319,1.1920997307812462,1.236219269218754
hole,GP,42,25,N#CC1=C(C#N)C1=C1C(N=[PH3])=CC=C1N=[PH3],2.50464,1.190631980209917,1.3140080197900832
hole,GP,42,26,CP(C)(C)=NC1=CC=C(N=P(C)(C)C)C1=C1C=C1,0.955523,1.2204226431756684,0.2648996431756684
hole,GP,42,27,CP(C)(C)=NC1=CC=C(N=P(C)(C)C)C1=C1C(C#N)=C1C#N,0.96661,1.2202106664911048,0.2536006664911048
hole,GP,42,28,BC1=C(B)C1=C1C(O)=CC=C1O,1.537972,1.2092221496541191,0.3287498503458808
hole,GP,42,29,OC1=CC=C(O)C1=C1C(C(F)(F)F)=C1C(F)(F)F,1.100219,1.217639986925764,0.11742098692576386
hole,GP,42,30,N#CC1=C(C#N)C1=C1C(O)=C(O)C(O)=C1O,1.265063,1.2141549332982555,0.050908066701744525
hole,GP,42,31,N#CC1=C(C#N)C1=C1C(O)=CC=C1O,1.057189,1.218471929040997,0.16128292904099717
hole,GP,42,32,N#CC1=C(C#N)C1=C1C=C(O)C(O)=C1,0.617214,1.2269060353685157,0.6096920353685157
hole,GP,42,33,OC1=C(O)C(=C2C=C2)C(O)=C1O,1.191032,1.2147316728672823,0.02369967286728225
hole,GP,42,34,OC1=CC=C(O)C1=C1C=C1,0.987746,1.222053142087052,0.23430714208705195
hole,GP,42,35,OC1=CC(=C2C=C2)C=C1O,0.708495,1.2251651127341634,0.5166701127341634
hole,GP,42,36,COC1=CC=C(OC)C1=C1C(C#N)=C1C#N,0.935198,1.2208097435741272,0.2856117435741272
hole,GP,42,37,COC1=CC(=C2C(C#N)=C2C#N)C=C1OC,0.81175,1.2231822370910883,0.41143223709108834
hole,GP,42,38,N#CC1=C(C#N)C1=C1C(S)=CC=C1S,1.434819,1.2112046271571044,0.22361437284289565
hole,GP,42,39,ClC1=C(Cl)C(=C2C(c3ccccc3)=C2c2ccccc2)C(Cl)=C1Cl,0.853091,1.2223925769127846,0.36930157691278453
hole,GP,42,40,C1=CC(=C2C=C2)C=C1,1.106475,1.2174447674444486,0.11096976744444853
hole,GP,42,41,N#CC1=C(C#N)C1=C1C(O)=C(C(F)(F)F)C(C(F)(F)F)=C1O,1.082467,1.2179806988445054,0.13551369884450537
hole,GP,42,42,N#CC1=C(C#N)C1=C1C(O)=C(F)C(F)=C1O,1.023332,1.219134619088069,0.19580261908806906
hole,GP,42,43,CC1=C(O)C(=C2C(C#N)=C2C#N)C(O)=C1C,0.971537,1.2201017456114933,0.24856474561149333
hole,GP,42,44,NC1=CC=C(N)C1=C1C=CC=CC=C1,1.474034,1.211216815765212,0.26281718423478817
hole,GP,42,45,[PH3]=NC1=CC=C(N=[PH3])C1=C1C=CC=CC=C1,1.035825,1.218878174906691,0.18305317490669104
hole,GP,42,46,OC1=CC=C(O)C1=C1C=CC=CC=C1,1.355279,1.2090778093410315,0.14620119065896842
hole,GP,42,47,N#CC1=CC=CC=C(C#N)C1=C1C(O)=CC=C1O,1.576953,1.2084729951402244,0.3684800048597756
hole,GP,42,48,OC1=CC=C(O)C1=C1C(F)=CC=CC=C1F,2.120878,1.1980123414536414,0.9228656585463584
hole,GP,42,49,N#[N+]C1=CC=CC=C(N=[N-])C1=C1C=CC=C1,0.892364,1.2216373269205698,0.32927332692056976
hole,GP,42,50,N#CC1=CC=CC=C(C#N)C1=C1C=CC=C1,3.004135,0.9866752463374231,2.0174597536625773
hole,GP,42,51,C1=CC=CC(=C2C=CC=C2)C=C1,0.854762,1.2223363844295732,0.36757438442957313
hole,GP,42,52,N#CC1=C(C#N)C1=C1C(O)=C(S)C(S)=C1O,1.069918,1.2182391886225037,0.14832118862250376
hole,KNN,42,0,BC1=C(B)C1=C1C=CC=C1,1.056733,1.072793790526316,0.01606079052631615
hole,KNN,42,1,N#CC1=C(C#N)C1=C1C=CC=C1,1.274904,1.118586124430956,0.15631787556904397
hole,KNN,42,2,NC1=C(N)C1=C1C=CC=C1,0.797353,1.3653539888888888,0.5680009888888888
hole,KNN,42,3,OC1=C(O)C1=C1C=CC=C1,0.961014,1.1024009600886917,0.14138696008869167
hole,KNN,42,4,BC1=C(B)C(=C2C=C2)C(B)=C1B,1.405123,1.2414885025125628,0.16363449748743708
hole,KNN,42,5,BC1=CC=C(B)C1=C1C=C1,0.91862,1.274306427083333,0.3556864270833331
hole,KNN,42,6,BC1=CC(=C2C=C2)C=C1B,1.457644,0.8884110861165684,0.5692329138834316
hole,KNN,42,7,N#CC1=C(C#N)C(=C2C=C2)C(C#N)=C1C#N,0.449254,0.9296710858433734,0.48041708584337345
hole,KNN,42,8,N#CC1=CC=C(C#N)C1=C1C=C1,0.502146,1.593912658273381,1.091766658273381
hole,KNN,42,9,N#CC1=CC(=C2C=C2)C=C1C#N,0.810642,1.1911594519153064,0.3805174519153064
hole,KNN,42,10,CC1=CC=C(C)C1=C1C(C(F)(F)F)=C1C(F)(F)F,0.776406,1.173006079522415,0.39660007952241505
hole,KNN,42,11,CC1=C(C)C(=C2C(C#N)=C2C#N)C(C)=C1C,0.778649,1.1560715406428814,0.3774225406428814
hole,KNN,42,12,CC1=CC=C(C)C1=C1C(C#N)=C1C#N,0.733821,1.162660418563923,0.42883941856392316
hole,KNN,42,13,CC1=CC(=C2C(C#N)=C2C#N)C=C1C,1.046008,0.7098358314785372,0.3361721685214628
hole,KNN,42,14,[H]/N=C1\C=C/C(=N\[H])C1=C1C(=N\O)/C1=N/O,1.478661,1.1055818372228456,0.37307916277715436
hole,KNN,42,15,NC1=CC=C(N)C1=C1C([N+](=O)[O-])=C1[N+](=O)[O-],1.574798,1.27045349303115,0.30434450696884996
hole,KNN,42,16,N#CC1=C(C#N)C1=C1C(N)=C(N)C(N)=C1N,1.91066,1.3780558056460368,0.5326041943539632
hole,KNN,42,17,N#CC1=C(C#N)C1=C1C(N)=CC=C1N,1.479146,1.2170011383537653,0.26214486164623474
hole,KNN,42,18,N#CC1=C(C#N)C1=C1C=C(N)C(N)=C1,0.907305,0.8829202448569993,0.024384755143000758
hole,KNN,42,19,NC1=C(N)C(=C2C=C2)C(N)=C1N,1.857024,1.102938753768844,0.754085246231156
hole,KNN,42,20,NC1=CC=C(N)C1=C1C=C1,1.431456,1.2735395031267767,0.1579164968732234
hole,KNN,42,21,NC1=CC(=C2C=C2)C=C1N,0.915297,1.0682686797570426,0.15297167975704262
hole,KNN,42,22,CN(C)C1=CC=C(N(C)C)C1=C1C=C1,1.470686,1.460045785290629,0.010640214709370932
hole,KNN,42,23,CN(C)C1=CC=C(N(C)C)C1=C1C(C#N)=C1C#N,1.501316,1.2016751396648044,0.29964086033519566
hole,KNN,42,24,CN(C)C1=CC=C(N(C)C)C1=C1C(N=[N-])=C1[N+]#N,2.428319,1.1871968225865666,1.2411221774134336
hole,KNN,42,25,N#CC1=C(C#N)C1=C1C(N=[PH3])=CC=C1N=[PH3],2.50464,1.103150272070054,1.4014897279299463
hole,KNN,42,26,CP(C)(C)=NC1=CC=C(N=P(C)(C)C)C1=C1C=C1,0.955523,1.067984935150571,0.11246193515057101
hole,KNN,42,27,CP(C)(C)=NC1=CC=C(N=P(C)(C)C)C1=C1C(C#N)=C1C#N,0.96661,1.364572645235019,0.3979626452350191
hole,KNN,42,28,BC1=C(B)C1=C1C(O)=CC=C1O,1.537972,1.3278881125836504,0.21008388741634954
hole,KNN,42,29,OC1=CC=C(O)C1=C1C(C(F)(F)F)=C1C(F)(F)F,1.100219,1.2979455554352866,0.1977265554352865
hole,KNN,42,30,N#CC1=C(C#N)C1=C1C(O)=C(O)C(O)=C1O,1.265063,1.0380954117647059,0.22696758823529417
hole,KNN,42,31,N#CC1=C(C#N)C1=C1C(O)=CC=C1O,1.057189,1.13633473693086,0.07914573693086013
hole,KNN,42,32,N#CC1=C(C#N)C1=C1C=C(O)C(O)=C1,0.617214,0.8627927029603613,0.24557870296036122
hole,KNN,42,33,OC1=C(O)C(=C2C=C2)C(O)=C1O,1.191032,1.2427405328795271,0.051708532879527036
hole,KNN,42,34,OC1=CC=C(O)C1=C1C=C1,0.987746,1.196020480761757,0.20827448076175692
hole,KNN,42,35,OC1=CC(=C2C=C2)C=C1O,0.708495,0.9668487060657893,0.25835370606578933
hole,KNN,42,36,COC1=CC=C(OC)C1=C1C(C#N)=C1C#N,0.935198,1.260573756733041,0.3253757567330411
hole,KNN,42,37,COC1=CC(=C2C(C#N)=C2C#N)C=C1OC,0.81175,0.8097116790590406,0.0020383209409593483
hole,KNN,42,38,N#CC1=C(C#N)C1=C1C(S)=CC=C1S,1.434819,1.1622056993670884,0.27261330063291167
hole,KNN,42,39,ClC1=C(Cl)C(=C2C(c3ccccc3)=C2c2ccccc2)C(Cl)=C1Cl,0.853091,1.3619862881508427,0.5088952881508426
hole,KNN,42,40,C1=CC(=C2C=C2)C=C1,1.106475,0.9604388084388183,0.14603619156118175
hole,KNN,42,41,N#CC1=C(C#N)C1=C1C(O)=C(C(F)(F)F)C(C(F)(F)F)=C1O,1.082467,1.0822573796912387,0.00020962030876137128
hole,KNN,42,42,N#CC1=C(C#N)C1=C1C(O)=C(F)C(F)=C1O,1.023332,1.0992479773200645,0.07591597732006461
hole,KNN,42,43,CC1=C(O)C(=C2C(C#N)=C2C#N)C(O)=C1C,0.971537,1.0526878523862377,0.08115085238623776
hole,KNN,42,44,NC1=CC=C(N)C1=C1C=CC=CC=C1,1.474034,1.1421455068493152,0.3318884931506849
hole,KNN,42,45,[PH3]=NC1=CC=C(N=[PH3])C1=C1C=CC=CC=C1,1.035825,1.4397544338093573,0.4039294338093573
hole,KNN,42,46,OC1=CC=C(O)C1=C1C=CC=CC=C1,1.355279,1.0482155002419746,0.30706349975802527
hole,KNN,42,47,N#CC1=CC=CC=C(C#N)C1=C1C(O)=CC=C1O,1.576953,1.665574676975945,0.08862167697594492
hole,KNN,42,48,OC1=CC=C(O)C1=C1C(F)=CC=CC=C1F,2.120878,1.256040075416545,0.8648379245834548
hole,KNN,42,49,N#[N+]C1=CC=CC=C(N=[N-])C1=C1C=CC=C1,0.892364,1.6390436651270206,0.7466796651270206
hole,KNN,42,50,N#CC1=CC=CC=C(C#N)C1=C1C=CC=C1,3.004135,1.0516502504282117,1.9524847495717885
hole,KNN,42,51,C1=CC=CC(=C2C=CC=C2)C=C1,0.854762,1.170548283121597,0.31578628312159696
hole,KNN,42,52,N#CC1=C(C#N)C1=C1C(O)=C(S)C(S)=C1O,1.069918,1.1517239491525422,0.08180594915254225
hole,XGB,42,0,BC1=C(B)C1=C1C=CC=C1,1.056733,1.3562685251235962,0.29953552512359627
hole,XGB,42,1,N#CC1=C(C#N)C1=C1C=CC=C1,1.274904,0.7860298752784729,0.48887412472152714
hole,XGB,42,2,NC1=C(N)C1=C1C=CC=C1,0.797353,1.752956509590149,0.955603509590149
hole,XGB,42,3,OC1=C(O)C1=C1C=CC=C1,0.961014,1.1750699281692505,0.21405592816925045
hole,XGB,42,4,BC1=C(B)C(=C2C=C2)C(B)=C1B,1.405123,1.014959454536438,0.3901635454635619
hole,XGB,42,5,BC1=CC=C(B)C1=C1C=C1,0.91862,1.3470717668533325,0.4284517668533325
hole,XGB,42,6,BC1=CC(=C2C=C2)C=C1B,1.457644,0.9211915731430054,0.5364524268569946
hole,XGB,42,7,N#CC1=C(C#N)C(=C2C=C2)C(C#N)=C1C#N,0.449254,1.1259406805038452,0.6766866805038452
hole,XGB,42,8,N#CC1=CC=C(C#N)C1=C1C=C1,0.502146,2.0642478466033936,1.5621018466033936
hole,XGB,42,9,N#CC1=CC(=C2C=C2)C=C1C#N,0.810642,0.8485639691352844,0.03792196913528445
hole,XGB,42,10,CC1=CC=C(C)C1=C1C(C(F)(F)F)=C1C(F)(F)F,0.776406,1.03914475440979,0.26273875440979
hole,XGB,42,11,CC1=C(C)C(=C2C(C#N)=C2C#N)C(C)=C1C,0.778649,0.9809961318969727,0.20234713189697262
hole,XGB,42,12,CC1=CC=C(C)C1=C1C(C#N)=C1C#N,0.733821,1.001034140586853,0.2672131405868531
hole,XGB,42,13,CC1=CC(=C2C(C#N)=C2C#N)C=C1C,1.046008,0.6600682139396667,0.3859397860603333
hole,XGB,42,14,[H]/N=C1\C=C/C(=N\[H])C1=C1C(=N\O)/C1=N/O,1.478661,1.0533820390701294,0.4252789609298706
hole,XGB,42,15,NC1=CC=C(N)C1=C1C([N+](=O)[O-])=C1[N+](=O)[O-],1.574798,1.5008385181427002,0.07395948185729972
hole,XGB,42,16,N#CC1=C(C#N)C1=C1C(N)=C(N)C(N)=C1N,1.91066,2.1417551040649414,0.23109510406494138
hole,XGB,42,17,N#CC1=C(C#N)C1=C1C(N)=CC=C1N,1.479146,1.4007294178009033,0.07841658219909675
hole,XGB,42,18,N#CC1=C(C#N)C1=C1C=C(N)C(N)=C1,0.907305,1.0441195964813232,0.13681459648132321
hole,XGB,42,19,NC1=C(N)C(=C2C=C2)C(N)=C1N,1.857024,0.8938084244728088,0.9632155755271912
hole,XGB,42,20,NC1=CC=C(N)C1=C1C=C1,1.431456,1.3409922122955322,0.09046378770446784
hole,XGB,42,21,NC1=CC(=C2C=C2)C=C1N,0.915297,1.2307671308517456,0.3154701308517456
hole,XGB,42,22,CN(C)C1=CC=C(N(C)C)C1=C1C=C1,1.470686,1.4788514375686646,0.008165437568664613
hole,XGB,42,23,CN(C)C1=CC=C(N(C)C)C1=C1C(C#N)=C1C#N,1.501316,1.417401909828186,0.08391409017181406
hole,XGB,42,24,CN(C)C1=CC=C(N(C)C)C1=C1C(N=[N-])=C1[N+]#N,2.428319,1.1955360174179077,1.2327829825820924
hole,XGB,42,25,N#CC1=C(C#N)C1=C1C(N=[PH3])=CC=C1N=[PH3],2.50464,1.0606575012207031,1.443982498779297
hole,XGB,42,26,CP(C)(C)=NC1=CC=C(N=P(C)(C)C)C1=C1C=C1,0.955523,0.4429883360862732,0.5125346639137268
hole,XGB,42,27,CP(C)(C)=NC1=CC=C(N=P(C)(C)C)C1=C1C(C#N)=C1C#N,0.96661,1.9638837575912476,0.9972737575912476
hole,XGB,42,28,BC1=C(B)C1=C1C(O)=CC=C1O,1.537972,1.2439147233963013,0.2940572766036986
hole,XGB,42,29,OC1=CC=C(O)C1=C1C(C(F)(F)F)=C1C(F)(F)F,1.100219,1.3278728723526,0.22765387235260004
hole,XGB,42,30,N#CC1=C(C#N)C1=C1C(O)=C(O)C(O)=C1O,1.265063,1.0240095853805542,0.24105341461944585
hole,XGB,42,31,N#CC1=C(C#N)C1=C1C(O)=CC=C1O,1.057189,1.2885102033615112,0.2313212033615113
hole,XGB,42,32,N#CC1=C(C#N)C1=C1C=C(O)C(O)=C1,0.617214,0.8664008378982544,0.24918683789825435
hole,XGB,42,33,OC1=C(O)C(=C2C=C2)C(O)=C1O,1.191032,1.0606493949890137,0.13038260501098642
hole,XGB,42,34,OC1=CC=C(O)C1=C1C=C1,0.987746,1.2071990966796875,0.2194530966796875
hole,XGB,42,35,OC1=CC(=C2C=C2)C=C1O,0.708495,0.9288293719291687,0.22033437192916872
hole,XGB,42,36,COC1=CC=C(OC)C1=C1C(C#N)=C1C#N,0.935198,1.3336886167526245,0.39849061675262454
hole,XGB,42,37,COC1=CC(=C2C(C#N)=C2C#N)C=C1OC,0.81175,0.9405590891838074,0.1288090891838074
hole,XGB,42,38,N#CC1=C(C#N)C1=C1C(S)=CC=C1S,1.434819,1.089420199394226,0.345398800605774
hole,XGB,42,39,ClC1=C(Cl)C(=C2C(c3ccccc3)=C2c2ccccc2)C(Cl)=C1Cl,0.853091,1.3557392358779907,0.5026482358779907
hole,XGB,42,40,C1=CC(=C2C=C2)C=C1,1.106475,0.8880442380905151,0.21843076190948496
hole,XGB,42,41,N#CC1=C(C#N)C1=C1C(O)=C(C(F)(F)F)C(C(F)(F)F)=C1O,1.082467,1.0262476205825806,0.0562193794174195
hole,XGB,42,42,N#CC1=C(C#N)C1=C1C(O)=C(F)C(F)=C1O,1.023332,1.7763200998306274,0.7529880998306275
hole,XGB,42,43,CC1=C(O)C(=C2C(C#N)=C2C#N)C(O)=C1C,0.971537,0.843385636806488,0.12815136319351195
hole,XGB,42,44,NC1=CC=C(N)C1=C1C=CC=CC=C1,1.474034,1.2454512119293213,0.22858278807067878
hole,XGB,42,45,[PH3]=NC1=CC=C(N=[PH3])C1=C1C=CC=CC=C1,1.035825,2.2276318073272705,1.1918068073272705
hole,XGB,42,46,OC1=CC=C(O)C1=C1C=CC=CC=C1,1.355279,0.9223374128341675,0.4329415871658324
hole,XGB,42,47,N#CC1=CC=CC=C(C#N)C1=C1C(O)=CC=C1O,1.576953,2.9186809062957764,1.3417279062957763
hole,XGB,42,48,OC1=CC=C(O)C1=C1C(F)=CC=CC=C1F,2.120878,1.1675586700439453,0.9533193299560545
hole,XGB,42,49,N#[N+]C1=CC=CC=C(N=[N-])C1=C1C=CC=C1,0.892364,1.8901666402816772,0.9978026402816772
hole,XGB,42,50,N#CC1=CC=CC=C(C#N)C1=C1C=CC=C1,3.004135,1.0615556240081787,1.9425793759918215
hole,XGB,42,51,C1=CC=CC(=C2C=CC=C2)C=C1,0.854762,1.1322139501571655,0.2774519501571655
hole,XGB,42,52,N#CC1=C(C#N)C1=C1C(O)=C(S)C(S)=C1O,1.069918,1.0794951915740967,0.009577191574096755
hole,RF,123,0,BC1=C(B)C1=C1C=CC=C1,1.056733,1.2639925500000009,0.20725955000000096
hole,RF,123,1,N#CC1=C(C#N)C1=C1C=CC=C1,1.274904,0.8133309259999965,0.4615730740000036
hole,RF,123,2,NC1=C(N)C1=C1C=CC=C1,0.797353,1.5148978740000074,0.7175448740000074
hole,RF,123,3,OC1=C(O)C1=C1C=CC=C1,0.961014,1.1660305479999997,0.2050165479999997
hole,RF,123,4,BC1=C(B)C(=C2C=C2)C(B)=C1B,1.405123,1.0560929520000013,0.3490300479999986
hole,RF,123,5,BC1=CC=C(B)C1=C1C=C1,0.91862,1.2946243500000025,0.37600435000000254
hole,RF,123,6,BC1=CC(=C2C=C2)C=C1B,1.457644,0.9195511679999987,0.5380928320000012
hole,RF,123,7,N#CC1=C(C#N)C(=C2C=C2)C(C#N)=C1C#N,0.449254,1.1079508559999969,0.6586968559999968
hole,RF,123,8,N#CC1=CC=C(C#N)C1=C1C=C1,0.502146,2.154747608000005,1.652601608000005
hole,RF,123,9,N#CC1=CC(=C2C=C2)C=C1C#N,0.810642,0.959628409999999,0.14898640999999901
hole,RF,123,10,CC1=CC=C(C)C1=C1C(C(F)(F)F)=C1C(F)(F)F,0.776406,0.9243606959999956,0.14795469599999556
hole,RF,123,11,CC1=C(C)C(=C2C(C#N)=C2C#N)C(C)=C1C,0.778649,0.9737967760000006,0.19514777600000055
hole,RF,123,12,CC1=CC=C(C)C1=C1C(C#N)=C1C#N,0.733821,0.954051084,0.2202300840000001
hole,RF,123,13,CC1=CC(=C2C(C#N)=C2C#N)C=C1C,1.046008,0.7949939119999988,0.25101408800000125
hole,RF,123,14,[H]/N=C1\C=C/C(=N\[H])C1=C1C(=N\O)/C1=N/O,1.478661,0.9766086719999986,0.5020523280000014
hole,RF,123,15,NC1=CC=C(N)C1=C1C([N+](=O)[O-])=C1[N+](=O)[O-],1.574798,1.3818427920000051,0.19295520799999477
hole,RF,123,16,N#CC1=C(C#N)C1=C1C(N)=C(N)C(N)=C1N,1.91066,1.5165656040000055,0.3940943959999945
hole,RF,123,17,N#CC1=C(C#N)C1=C1C(N)=CC=C1N,1.479146,1.3243648340000007,0.15478116599999936
hole,RF,123,18,N#CC1=C(C#N)C1=C1C=C(N)C(N)=C1,0.907305,1.0833016540000004,0.17599665400000042
hole,RF,123,19,NC1=C(N)C(=C2C=C2)C(N)=C1N,1.857024,1.157827994000001,0.6991960059999991
hole,RF,123,20,NC1=CC=C(N)C1=C1C=C1,1.431456,1.3274305399999984,0.10402546000000168
hole,RF,123,21,NC1=CC(=C2C=C2)C=C1N,0.915297,1.109896502000001,0.19459950200000087
hole,RF,123,22,CN(C)C1=CC=C(N(C)C)C1=C1C=C1,1.470686,1.311810525999994,0.158875474000006
hole,RF,123,23,CN(C)C1=CC=C(N(C)C)C1=C1C(C#N)=C1C#N,1.501316,1.3840141279999967,0.11730187200000342
hole,RF,123,24,CN(C)C1=CC=C(N(C)C)C1=C1C(N=[N-])=C1[N+]#N,2.428319,1.3270594799999942,1.101259520000006
hole,RF,123,25,N#CC1=C(C#N)C1=C1C(N=[PH3])=CC=C1N=[PH3],2.50464,1.0639486679999999,1.4406913320000003
hole,RF,123,26,CP(C)(C)=NC1=CC=C(N=P(C)(C)C)C1=C1C=C1,0.955523,1.0385135199999984,0.0829905199999984
hole,RF,123,27,CP(C)(C)=NC1=CC=C(N=P(C)(C)C)C1=C1C(C#N)=C1C#N,0.96661,1.5965805839999994,0.6299705839999994
hole,RF,123,28,BC1=C(B)C1=C1C(O)=CC=C1O,1.537972,1.1502197199999993,0.3877522800000006
hole,RF,123,29,OC1=CC=C(O)C1=C1C(C(F)(F)F)=C1C(F)(F)F,1.100219,1.2857200299999993,0.1855010299999993
hole,RF,123,30,N#CC1=C(C#N)C1=C1C(O)=C(O)C(O)=C1O,1.265063,1.0838643559999976,0.1811986440000024
hole,RF,123,31,N#CC1=C(C#N)C1=C1C(O)=CC=C1O,1.057189,1.291770837999999,0.2345818379999991
hole,RF,123,32,N#CC1=C(C#N)C1=C1C=C(O)C(O)=C1,0.617214,0.9343980220000027,0.3171840220000026
hole,RF,123,33,OC1=C(O)C(=C2C=C2)C(O)=C1O,1.191032,1.0792264279999977,0.1118055720000024
hole,RF,123,34,OC1=CC=C(O)C1=C1C=C1,0.987746,1.2230107519999978,0.23526475199999775
hole,RF,123,35,OC1=CC(=C2C=C2)C=C1O,0.708495,0.9200456259999978,0.21155062599999785
hole,RF,123,36,COC1=CC=C(OC)C1=C1C(C#N)=C1C#N,0.935198,1.061178791999999,0.12598079199999912
hole,RF,123,37,COC1=CC(=C2C(C#N)=C2C#N)C=C1OC,0.81175,0.9987793919999983,0.18702939199999835
hole,RF,123,38,N#CC1=C(C#N)C1=C1C(S)=CC=C1S,1.434819,0.9819221719999992,0.45289682800000086
hole,RF,123,39,ClC1=C(Cl)C(=C2C(c3ccccc3)=C2c2ccccc2)C(Cl)=C1Cl,0.853091,1.1628226259999996,0.3097316259999996
hole,RF,123,40,C1=CC(=C2C=C2)C=C1,1.106475,0.9148202659999969,0.1916547340000032
hole,RF,123,41,N#CC1=C(C#N)C1=C1C(O)=C(C(F)(F)F)C(C(F)(F)F)=C1O,1.082467,1.0473185459999947,0.035148454000005325
hole,RF,123,42,N#CC1=C(C#N)C1=C1C(O)=C(F)C(F)=C1O,1.023332,1.4281706179999993,0.40483861799999943
hole,RF,123,43,CC1=C(O)C(=C2C(C#N)=C2C#N)C(O)=C1C,0.971537,1.0102627219999927,0.03872572199999269
hole,RF,123,44,NC1=CC=C(N)C1=C1C=CC=CC=C1,1.474034,1.2816781120000071,0.19235588799999292
hole,RF,123,45,[PH3]=NC1=CC=C(N=[PH3])C1=C1C=CC=CC=C1,1.035825,1.9737149360000004,0.9378899360000004
hole,RF,123,46,OC1=CC=C(O)C1=C1C=CC=CC=C1,1.355279,0.9958347059999988,0.3594442940000011
hole,RF,123,47,N#CC1=CC=CC=C(C#N)C1=C1C(O)=CC=C1O,1.576953,2.2327214940000037,0.6557684940000037
hole,RF,123,48,OC1=CC=C(O)C1=C1C(F)=CC=CC=C1F,2.120878,1.194740091999998,0.9261379080000018
hole,RF,123,49,N#[N+]C1=CC=CC=C(N=[N-])C1=C1C=CC=C1,0.892364,1.7114330220000027,0.8190690220000026
hole,RF,123,50,N#CC1=CC=CC=C(C#N)C1=C1C=CC=C1,3.004135,0.9473974219999961,2.0567375780000043
hole,RF,123,51,C1=CC=CC(=C2C=CC=C2)C=C1,0.854762,1.1261429839999975,0.27138098399999744
hole,RF,123,52,N#CC1=C(C#N)C1=C1C(O)=C(S)C(S)=C1O,1.069918,1.1166531959999981,0.0467351959999982
hole,GP,123,0,BC1=C(B)C1=C1C=CC=C1,1.056733,1.2193989091803186,0.16266590918031865
hole,GP,123,1,N#CC1=C(C#N)C1=C1C=CC=C1,1.274904,1.2102293191960622,0.06467468080393779
hole,GP,123,2,NC1=C(N)C1=C1C=CC=C1,0.797353,1.2327936327475648,0.43544063274756484
hole,GP,123,3,OC1=C(O)C1=C1C=CC=C1,0.961014,1.2201591048272098,0.25914510482720976
hole,GP,123,4,BC1=C(B)C(=C2C=C2)C(B)=C1B,1.405123,1.211013601830582,0.19410939816941797
hole,GP,123,5,BC1=CC=C(B)C1=C1C=C1,0.91862,1.221147418919606,0.3025274189196061
hole,GP,123,6,BC1=CC(=C2C=C2)C=C1B,1.457644,1.2107481682139498,0.24689583178605012
hole,GP,123,7,N#CC1=C(C#N)C(=C2C=C2)C(C#N)=C1C#N,0.449254,1.2304010774257188,0.7811470774257188
hole,GP,123,8,N#CC1=CC=C(C#N)C1=C1C=C1,0.502146,1.6040379497590769,1.101891949759077
hole,GP,123,9,N#CC1=CC(=C2C=C2)C=C1C#N,0.810642,1.2232016013854434,0.41255960138544345
hole,GP,123,10,CC1=CC=C(C)C1=C1C(C(F)(F)F)=C1C(F)(F)F,0.776406,1.2238668784537592,0.44746087845375915
hole,GP,123,11,CC1=C(C)C(=C2C(C#N)=C2C#N)C(C)=C1C,0.778649,1.2237953706875664,0.44514637068756635
hole,GP,123,12,CC1=CC=C(C)C1=C1C(C#N)=C1C#N,0.733821,1.224673779793785,0.49085277979378505
hole,GP,123,13,CC1=CC(=C2C(C#N)=C2C#N)C=C1C,1.046008,1.2186488751565998,0.17264087515659976
hole,GP,123,14,[H]/N=C1\C=C/C(=N\[H])C1=C1C(=N\O)/C1=N/O,1.478661,1.2103623846097282,0.2682986153902718
hole,GP,123,15,NC1=CC=C(N)C1=C1C([N+](=O)[O-])=C1[N+](=O)[O-],1.574798,1.2085136022335004,0.36628439776649957
hole,GP,123,16,N#CC1=C(C#N)C1=C1C(N)=C(N)C(N)=C1N,1.91066,1.2020576025196348,0.7086023974803652
hole,GP,123,17,N#CC1=C(C#N)C1=C1C(N)=CC=C1N,1.479146,1.2103628343099027,0.2687831656900974
hole,GP,123,18,N#CC1=C(C#N)C1=C1C=C(N)C(N)=C1,0.907305,1.2213272970281346,0.31402229702813456
hole,GP,123,19,NC1=C(N)C(=C2C=C2)C(N)=C1N,1.857024,1.198692745595555,0.6583312544044451
hole,GP,123,20,NC1=CC=C(N)C1=C1C=C1,1.431456,1.212226550898416,0.21922944910158404
hole,GP,123,21,NC1=CC(=C2C=C2)C=C1N,0.915297,1.2211898463295465,0.3058928463295465
hole,GP,123,22,CN(C)C1=CC=C(N(C)C)C1=C1C=C1,1.470686,1.2105158089530212,0.2601701910469787
hole,GP,123,23,CN(C)C1=CC=C(N(C)C)C1=C1C(C#N)=C1C#N,1.501316,1.209926440588815,0.29138955941118505
hole,GP,123,24,CN(C)C1=CC=C(N(C)C)C1=C1C(N=[N-])=C1[N+]#N,2.428319,1.1920997307812462,1.236219269218754
hole,GP,123,25,N#CC1=C(C#N)C1=C1C(N=[PH3])=CC=C1N=[PH3],2.50464,1.190631980209917,1.3140080197900832
hole,GP,123,26,CP(C)(C)=NC1=CC=C(N=P(C)(C)C)C1=C1C=C1,0.955523,1.2204226431756684,0.2648996431756684
hole,GP,123,27,CP(C)(C)=NC1=CC=C(N=P(C)(C)C)C1=C1C(C#N)=C1C#N,0.96661,1.2202106664911048,0.2536006664911048
hole,GP,123,28,BC1=C(B)C1=C1C(O)=CC=C1O,1.537972,1.2092221496541191,0.3287498503458808
hole,GP,123,29,OC1=CC=C(O)C1=C1C(C(F)(F)F)=C1C(F)(F)F,1.100219,1.217639986925764,0.11742098692576386
hole,GP,123,30,N#CC1=C(C#N)C1=C1C(O)=C(O)C(O)=C1O,1.265063,1.2141549332982555,0.050908066701744525
hole,GP,123,31,N#CC1=C(C#N)C1=C1C(O)=CC=C1O,1.057189,1.218471929040997,0.16128292904099717
hole,GP,123,32,N#CC1=C(C#N)C1=C1C=C(O)C(O)=C1,0.617214,1.2269060353685157,0.6096920353685157
hole,GP,123,33,OC1=C(O)C(=C2C=C2)C(O)=C1O,1.191032,1.2147316728672823,0.02369967286728225
hole,GP,123,34,OC1=CC=C(O)C1=C1C=C1,0.987746,1.222053142087052,0.23430714208705195
hole,GP,123,35,OC1=CC(=C2C=C2)C=C1O,0.708495,1.2251651127341634,0.5166701127341634
hole,GP,123,36,COC1=CC=C(OC)C1=C1C(C#N)=C1C#N,0.935198,1.2208097435741272,0.2856117435741272
hole,GP,123,37,COC1=CC(=C2C(C#N)=C2C#N)C=C1OC,0.81175,1.2231822370910883,0.41143223709108834
hole,GP,123,38,N#CC1=C(C#N)C1=C1C(S)=CC=C1S,1.434819,1.2112046271571044,0.22361437284289565
hole,GP,123,39,ClC1=C(Cl)C(=C2C(c3ccccc3)=C2c2ccccc2)C(Cl)=C1Cl,0.853091,1.2223925769127846,0.36930157691278453
hole,GP,123,40,C1=CC(=C2C=C2)C=C1,1.106475,1.2174447674444486,0.11096976744444853
hole,GP,123,41,N#CC1=C(C#N)C1=C1C(O)=C(C(F)(F)F)C(C(F)(F)F)=C1O,1.082467,1.2179806988445054,0.13551369884450537
hole,GP,123,42,N#CC1=C(C#N)C1=C1C(O)=C(F)C(F)=C1O,1.023332,1.219134619088069,0.19580261908806906
hole,GP,123,43,CC1=C(O)C(=C2C(C#N)=C2C#N)C(O)=C1C,0.971537,1.2201017456114933,0.24856474561149333
hole,GP,123,44,NC1=CC=C(N)C1=C1C=CC=CC=C1,1.474034,1.211216815765212,0.26281718423478817
hole,GP,123,45,[PH3]=NC1=CC=C(N=[PH3])C1=C1C=CC=CC=C1,1.035825,1.218878174906691,0.18305317490669104
hole,GP,123,46,OC1=CC=C(O)C1=C1C=CC=CC=C1,1.355279,1.2090778093410315,0.14620119065896842
hole,GP,123,47,N#CC1=CC=CC=C(C#N)C1=C1C(O)=CC=C1O,1.576953,1.2084729951402244,0.3684800048597756
hole,GP,123,48,OC1=CC=C(O)C1=C1C(F)=CC=CC=C1F,2.120878,1.1980123414536414,0.9228656585463584
hole,GP,123,49,N#[N+]C1=CC=CC=C(N=[N-])C1=C1C=CC=C1,0.892364,1.2216373269205698,0.32927332692056976
hole,GP,123,50,N#CC1=CC=CC=C(C#N)C1=C1C=CC=C1,3.004135,0.9866752463374231,2.0174597536625773
hole,GP,123,51,C1=CC=CC(=C2C=CC=C2)C=C1,0.854762,1.2223363844295732,0.36757438442957313
hole,GP,123,52,N#CC1=C(C#N)C1=C1C(O)=C(S)C(S)=C1O,1.069918,1.2182391886225037,0.14832118862250376
hole,KNN,123,0,BC1=C(B)C1=C1C=CC=C1,1.056733,1.072793790526316,0.01606079052631615
hole,KNN,123,1,N#CC1=C(C#N)C1=C1C=CC=C1,1.274904,1.118586124430956,0.15631787556904397
hole,KNN,123,2,NC1=C(N)C1=C1C=CC=C1,0.797353,1.3653539888888888,0.5680009888888888
hole,KNN,123,3,OC1=C(O)C1=C1C=CC=C1,0.961014,1.1024009600886917,0.14138696008869167
hole,KNN,123,4,BC1=C(B)C(=C2C=C2)C(B)=C1B,1.405123,1.2414885025125628,0.16363449748743708
hole,KNN,123,5,BC1=CC=C(B)C1=C1C=C1,0.91862,1.274306427083333,0.3556864270833331
hole,KNN,123,6,BC1=CC(=C2C=C2)C=C1B,1.457644,0.8884110861165684,0.5692329138834316
hole,KNN,123,7,N#CC1=C(C#N)C(=C2C=C2)C(C#N)=C1C#N,0.449254,0.9296710858433734,0.48041708584337345
hole,KNN,123,8,N#CC1=CC=C(C#N)C1=C1C=C1,0.502146,1.593912658273381,1.091766658273381
hole,KNN,123,9,N#CC1=CC(=C2C=C2)C=C1C#N,0.810642,1.1911594519153064,0.3805174519153064
hole,KNN,123,10,CC1=CC=C(C)C1=C1C(C(F)(F)F)=C1C(F)(F)F,0.776406,1.173006079522415,0.39660007952241505
hole,KNN,123,11,CC1=C(C)C(=C2C(C#N)=C2C#N)C(C)=C1C,0.778649,1.1560715406428814,0.3774225406428814
hole,KNN,123,12,CC1=CC=C(C)C1=C1C(C#N)=C1C#N,0.733821,1.162660418563923,0.42883941856392316
hole,KNN,123,13,CC1=CC(=C2C(C#N)=C2C#N)C=C1C,1.046008,0.7098358314785372,0.3361721685214628
hole,KNN,123,14,[H]/N=C1\C=C/C(=N\[H])C1=C1C(=N\O)/C1=N/O,1.478661,1.1055818372228456,0.37307916277715436
hole,KNN,123,15,NC1=CC=C(N)C1=C1C([N+](=O)[O-])=C1[N+](=O)[O-],1.574798,1.27045349303115,0.30434450696884996
hole,KNN,123,16,N#CC1=C(C#N)C1=C1C(N)=C(N)C(N)=C1N,1.91066,1.3780558056460368,0.5326041943539632
hole,KNN,123,17,N#CC1=C(C#N)C1=C1C(N)=CC=C1N,1.479146,1.2170011383537653,0.26214486164623474
hole,KNN,123,18,N#CC1=C(C#N)C1=C1C=C(N)C(N)=C1,0.907305,0.8829202448569993,0.024384755143000758
hole,KNN,123,19,NC1=C(N)C(=C2C=C2)C(N)=C1N,1.857024,1.102938753768844,0.754085246231156
hole,KNN,123,20,NC1=CC=C(N)C1=C1C=C1,1.431456,1.2735395031267767,0.1579164968732234
hole,KNN,123,21,NC1=CC(=C2C=C2)C=C1N,0.915297,1.0682686797570426,0.15297167975704262
hole,KNN,123,22,CN(C)C1=CC=C(N(C)C)C1=C1C=C1,1.470686,1.460045785290629,0.010640214709370932
hole,KNN,123,23,CN(C)C1=CC=C(N(C)C)C1=C1C(C#N)=C1C#N,1.501316,1.2016751396648044,0.29964086033519566
hole,KNN,123,24,CN(C)C1=CC=C(N(C)C)C1=C1C(N=[N-])=C1[N+]#N,2.428319,1.1871968225865666,1.2411221774134336
hole,KNN,123,25,N#CC1=C(C#N)C1=C1C(N=[PH3])=CC=C1N=[PH3],2.50464,1.103150272070054,1.4014897279299463
hole,KNN,123,26,CP(C)(C)=NC1=CC=C(N=P(C)(C)C)C1=C1C=C1,0.955523,1.067984935150571,0.11246193515057101
hole,KNN,123,27,CP(C)(C)=NC1=CC=C(N=P(C)(C)C)C1=C1C(C#N)=C1C#N,0.96661,1.364572645235019,0.3979626452350191
hole,KNN,123,28,BC1=C(B)C1=C1C(O)=CC=C1O,1.537972,1.3278881125836504,0.21008388741634954
hole,KNN,123,29,OC1=CC=C(O)C1=C1C(C(F)(F)F)=C1C(F)(F)F,1.100219,1.2979455554352866,0.1977265554352865
hole,KNN,123,30,N#CC1=C(C#N)C1=C1C(O)=C(O)C(O)=C1O,1.265063,1.0380954117647059,0.22696758823529417
hole,KNN,123,31,N#CC1=C(C#N)C1=C1C(O)=CC=C1O,1.057189,1.13633473693086,0.07914573693086013
hole,KNN,123,32,N#CC1=C(C#N)C1=C1C=C(O)C(O)=C1,0.617214,0.8627927029603613,0.24557870296036122
hole,KNN,123,33,OC1=C(O)C(=C2C=C2)C(O)=C1O,1.191032,1.2427405328795271,0.051708532879527036
hole,KNN,123,34,OC1=CC=C(O)C1=C1C=C1,0.987746,1.196020480761757,0.20827448076175692
hole,KNN,123,35,OC1=CC(=C2C=C2)C=C1O,0.708495,0.9668487060657893,0.25835370606578933
hole,KNN,123,36,COC1=CC=C(OC)C1=C1C(C#N)=C1C#N,0.935198,1.260573756733041,0.3253757567330411
hole,KNN,123,37,COC1=CC(=C2C(C#N)=C2C#N)C=C1OC,0.81175,0.8097116790590406,0.0020383209409593483
hole,KNN,123,38,N#CC1=C(C#N)C1=C1C(S)=CC=C1S,1.434819,1.1622056993670884,0.27261330063291167
hole,KNN,123,39,ClC1=C(Cl)C(=C2C(c3ccccc3)=C2c2ccccc2)C(Cl)=C1Cl,0.853091,1.3619862881508427,0.5088952881508426
hole,KNN,123,40,C1=CC(=C2C=C2)C=C1,1.106475,0.9604388084388183,0.14603619156118175
hole,KNN,123,41,N#CC1=C(C#N)C1=C1C(O)=C(C(F)(F)F)C(C(F)(F)F)=C1O,1.082467,1.0822573796912387,0.00020962030876137128
hole,KNN,123,42,N#CC1=C(C#N)C1=C1C(O)=C(F)C(F)=C1O,1.023332,1.0992479773200645,0.07591597732006461
hole,KNN,123,43,CC1=C(O)C(=C2C(C#N)=C2C#N)C(O)=C1C,0.971537,1.0526878523862377,0.08115085238623776
hole,KNN,123,44,NC1=CC=C(N)C1=C1C=CC=CC=C1,1.474034,1.1421455068493152,0.3318884931506849
hole,KNN,123,45,[PH3]=NC1=CC=C(N=[PH3])C1=C1C=CC=CC=C1,1.035825,1.4397544338093573,0.4039294338093573
hole,KNN,123,46,OC1=CC=C(O)C1=C1C=CC=CC=C1,1.355279,1.0482155002419746,0.30706349975802527
hole,KNN,123,47,N#CC1=CC=CC=C(C#N)C1=C1C(O)=CC=C1O,1.576953,1.665574676975945,0.08862167697594492
hole,KNN,123,48,OC1=CC=C(O)C1=C1C(F)=CC=CC=C1F,2.120878,1.256040075416545,0.8648379245834548
hole,KNN,123,49,N#[N+]C1=CC=CC=C(N=[N-])C1=C1C=CC=C1,0.892364,1.6390436651270206,0.7466796651270206
hole,KNN,123,50,N#CC1=CC=CC=C(C#N)C1=C1C=CC=C1,3.004135,1.0516502504282117,1.9524847495717885
hole,KNN,123,51,C1=CC=CC(=C2C=CC=C2)C=C1,0.854762,1.170548283121597,0.31578628312159696
hole,KNN,123,52,N#CC1=C(C#N)C1=C1C(O)=C(S)C(S)=C1O,1.069918,1.1517239491525422,0.08180594915254225
hole,XGB,123,0,BC1=C(B)C1=C1C=CC=C1,1.056733,1.3476141691207886,0.29088116912078865
hole,XGB,123,1,N#CC1=C(C#N)C1=C1C=CC=C1,1.274904,0.7655340433120728,0.5093699566879273
hole,XGB,123,2,NC1=C(N)C1=C1C=CC=C1,0.797353,1.7039198875427246,0.9065668875427246
hole,XGB,123,3,OC1=C(O)C1=C1C=CC=C1,0.961014,1.1913985013961792,0.23038450139617916
hole,XGB,123,4,BC1=C(B)C(=C2C=C2)C(B)=C1B,1.405123,1.0622377395629883,0.3428852604370116
hole,XGB,123,5,BC1=CC=C(B)C1=C1C=C1,0.91862,1.3939305543899536,0.4753105543899536
hole,XGB,123,6,BC1=CC(=C2C=C2)C=C1B,1.457644,0.9288656711578369,0.528778328842163
hole,XGB,123,7,N#CC1=C(C#N)C(=C2C=C2)C(C#N)=C1C#N,0.449254,1.070806860923767,0.621552860923767
hole,XGB,123,8,N#CC1=CC=C(C#N)C1=C1C=C1,0.502146,2.0709736347198486,1.5688276347198487
hole,XGB,123,9,N#CC1=CC(=C2C=C2)C=C1C#N,0.810642,0.7754868865013123,0.03515511349868772
hole,XGB,123,10,CC1=CC=C(C)C1=C1C(C(F)(F)F)=C1C(F)(F)F,0.776406,1.0147621631622314,0.2383561631622314
hole,XGB,123,11,CC1=C(C)C(=C2C(C#N)=C2C#N)C(C)=C1C,0.778649,0.9594950675964355,0.1808460675964355
hole,XGB,123,12,CC1=CC=C(C)C1=C1C(C#N)=C1C#N,0.733821,1.0073435306549072,0.2735225306549073
hole,XGB,123,13,CC1=CC(=C2C(C#N)=C2C#N)C=C1C,1.046008,0.6989375352859497,0.34707046471405034
hole,XGB,123,14,[H]/N=C1\C=C/C(=N\[H])C1=C1C(=N\O)/C1=N/O,1.478661,1.0183063745498657,0.4603546254501343
hole,XGB,123,15,NC1=CC=C(N)C1=C1C([N+](=O)[O-])=C1[N+](=O)[O-],1.574798,1.4974536895751953,0.07734431042480461
hole,XGB,123,16,N#CC1=C(C#N)C1=C1C(N)=C(N)C(N)=C1N,1.91066,2.1441454887390137,0.23348548873901365
hole,XGB,123,17,N#CC1=C(C#N)C1=C1C(N)=CC=C1N,1.479146,1.3990663290023804,0.0800796709976197
hole,XGB,123,18,N#CC1=C(C#N)C1=C1C=C(N)C(N)=C1,0.907305,1.0855650901794434,0.17826009017944333
hole,XGB,123,19,NC1=C(N)C(=C2C=C2)C(N)=C1N,1.857024,0.9118251800537109,0.9451988199462891
hole,XGB,123,20,NC1=CC=C(N)C1=C1C=C1,1.431456,1.3459811210632324,0.08547487893676764
hole,XGB,123,21,NC1=CC(=C2C=C2)C=C1N,0.915297,1.2057843208312988,0.2904873208312988
hole,XGB,123,22,CN(C)C1=CC=C(N(C)C)C1=C1C=C1,1.470686,1.4172937870025635,0.05339221299743646
hole,XGB,123,23,CN(C)C1=CC=C(N(C)C)C1=C1C(C#N)=C1C#N,1.501316,1.4433579444885254,0.057958055511474704
hole,XGB,123,24,CN(C)C1=CC=C(N(C)C)C1=C1C(N=[N-])=C1[N+]#N,2.428319,1.2412375211715698,1.1870814788284303
hole,XGB,123,25,N#CC1=C(C#N)C1=C1C(N=[PH3])=CC=C1N=[PH3],2.50464,1.04297935962677,1.4616606403732302
hole,XGB,123,26,CP(C)(C)=NC1=CC=C(N=P(C)(C)C)C1=C1C=C1,0.955523,0.5971069931983948,0.35841600680160524
hole,XGB,123,27,CP(C)(C)=NC1=CC=C(N=P(C)(C)C)C1=C1C(C#N)=C1C#N,0.96661,1.8458638191223145,0.8792538191223145
hole,XGB,123,28,BC1=C(B)C1=C1C(O)=CC=C1O,1.537972,1.2229334115982056,0.31503858840179433
hole,XGB,123,29,OC1=CC=C(O)C1=C1C(C(F)(F)F)=C1C(F)(F)F,1.100219,1.2844330072402954,0.18421400724029535
hole,XGB,123,30,N#CC1=C(C#N)C1=C1C(O)=C(O)C(O)=C1O,1.265063,1.0059579610824585,0.25910503891754155
hole,XGB,123,31,N#CC1=C(C#N)C1=C1C(O)=CC=C1O,1.057189,1.2482532262802124,0.19106422628021247
hole,XGB,123,32,N#CC1=C(C#N)C1=C1C=C(O)C(O)=C1,0.617214,0.8417805433273315,0.2245665433273315
hole,XGB,123,33,OC1=C(O)C(=C2C=C2)C(O)=C1O,1.191032,1.071141004562378,0.11989099543762216
hole,XGB,123,34,OC1=CC=C(O)C1=C1C=C1,0.987746,1.19303560256958,0.20528960256958007
hole,XGB,123,35,OC1=CC(=C2C=C2)C=C1O,0.708495,0.9902010560035706,0.28170605600357057
hole,XGB,123,36,COC1=CC=C(OC)C1=C1C(C#N)=C1C#N,0.935198,1.251787781715393,0.3165897817153931
hole,XGB,123,37,COC1=CC(=C2C(C#N)=C2C#N)C=C1OC,0.81175,0.8924970030784607,0.08074700307846072
hole,XGB,123,38,N#CC1=C(C#N)C1=C1C(S)=CC=C1S,1.434819,1.046494960784912,0.38832403921508796
hole,XGB,123,39,ClC1=C(Cl)C(=C2C(c3ccccc3)=C2c2ccccc2)C(Cl)=C1Cl,0.853091,1.327194333076477,0.474103333076477
hole,XGB,123,40,C1=CC(=C2C=C2)C=C1,1.106475,0.9093058109283447,0.19716918907165537
hole,XGB,123,41,N#CC1=C(C#N)C1=C1C(O)=C(C(F)(F)F)C(C(F)(F)F)=C1O,1.082467,0.9487472772598267,0.1337197227401734
hole,XGB,123,42,N#CC1=C(C#N)C1=C1C(O)=C(F)C(F)=C1O,1.023332,1.814192771911621,0.7908607719116212
hole,XGB,123,43,CC1=C(O)C(=C2C(C#N)=C2C#N)C(O)=C1C,0.971537,0.847832977771759,0.12370402222824095
hole,XGB,123,44,NC1=CC=C(N)C1=C1C=CC=CC=C1,1.474034,1.2892310619354248,0.18480293806457526
hole,XGB,123,45,[PH3]=NC1=CC=C(N=[PH3])C1=C1C=CC=CC=C1,1.035825,2.2354726791381836,1.1996476791381836
hole,XGB,123,46,OC1=CC=C(O)C1=C1C=CC=CC=C1,1.355279,0.9419851303100586,0.4132938696899413
hole,XGB,123,47,N#CC1=CC=CC=C(C#N)C1=C1C(O)=CC=C1O,1.576953,2.7938785552978516,1.2169255552978515
hole,XGB,123,48,OC1=CC=C(O)C1=C1C(F)=CC=CC=C1F,2.120878,1.1345510482788086,0.9863269517211912
hole,XGB,123,49,N#[N+]C1=CC=CC=C(N=[N-])C1=C1C=CC=C1,0.892364,1.9288151264190674,1.0364511264190672
hole,XGB,123,50,N#CC1=CC=CC=C(C#N)C1=C1C=CC=C1,3.004135,1.0218801498413086,1.9822548501586916
hole,XGB,123,51,C1=CC=CC(=C2C=CC=C2)C=C1,0.854762,1.114918828010559,0.26015682801055906
hole,XGB,123,52,N#CC1=C(C#N)C1=C1C(O)=C(S)C(S)=C1O,1.069918,1.0986379384994507,0.02871993849945076
hole,RF,456,0,BC1=C(B)C1=C1C=CC=C1,1.056733,1.2596527500000005,0.20291975000000062
hole,RF,456,1,N#CC1=C(C#N)C1=C1C=CC=C1,1.274904,0.840028947999998,0.434875052000002
hole,RF,456,2,NC1=C(N)C1=C1C=CC=C1,0.797353,1.498537542000008,0.701184542000008
hole,RF,456,3,OC1=C(O)C1=C1C=CC=C1,0.961014,1.1736988259999999,0.21268482599999983
hole,RF,456,4,BC1=C(B)C(=C2C=C2)C(B)=C1B,1.405123,1.0407009680000017,0.36442203199999823
hole,RF,456,5,BC1=CC=C(B)C1=C1C=C1,0.91862,1.2954085400000015,0.3767885400000015
hole,RF,456,6,BC1=CC(=C2C=C2)C=C1B,1.457644,0.903108214,0.554535786
hole,RF,456,7,N#CC1=C(C#N)C(=C2C=C2)C(C#N)=C1C#N,0.449254,1.0891534279999968,0.6398994279999968
hole,RF,456,8,N#CC1=CC=C(C#N)C1=C1C=C1,0.502146,2.0772079960000083,1.5750619960000083
hole,RF,456,9,N#CC1=CC(=C2C=C2)C=C1C#N,0.810642,0.9346759140000003,0.1240339140000003
hole,RF,456,10,CC1=CC=C(C)C1=C1C(C(F)(F)F)=C1C(F)(F)F,0.776406,0.923351237999996,0.14694523799999593
hole,RF,456,11,CC1=C(C)C(=C2C(C#N)=C2C#N)C(C)=C1C,0.778649,0.9860176700000011,0.20736867000000103
hole,RF,456,12,CC1=CC=C(C)C1=C1C(C#N)=C1C#N,0.733821,0.9761400820000009,0.24231908200000096
hole,RF,456,13,CC1=CC(=C2C(C#N)=C2C#N)C=C1C,1.046008,0.8061588199999993,0.23984918000000077
hole,RF,456,14,[H]/N=C1\C=C/C(=N\[H])C1=C1C(=N\O)/C1=N/O,1.478661,0.9653736979999988,0.5132873020000012
hole,RF,456,15,NC1=CC=C(N)C1=C1C([N+](=O)[O-])=C1[N+](=O)[O-],1.574798,1.3725334500000044,0.20226454999999555
hole,RF,456,16,N#CC1=C(C#N)C1=C1C(N)=C(N)C(N)=C1N,1.91066,1.496128704000006,0.41453129599999405
hole,RF,456,17,N#CC1=C(C#N)C1=C1C(N)=CC=C1N,1.479146,1.3295167739999996,0.1496292260000005
hole,RF,456,18,N#CC1=C(C#N)C1=C1C=C(N)C(N)=C1,0.907305,1.0435044919999996,0.1361994919999996
hole,RF,456,19,NC1=C(N)C(=C2C=C2)C(N)=C1N,1.857024,1.1540288160000003,0.7029951839999997
hole,RF,456,20,NC1=CC=C(N)C1=C1C=C1,1.431456,1.3239987339999997,0.10745726600000038
hole,RF,456,21,NC1=CC(=C2C=C2)C=C1N,0.915297,1.1134222960000018,0.19812529600000173
hole,RF,456,22,CN(C)C1=CC=C(N(C)C)C1=C1C=C1,1.470686,1.3343430379999954,0.1363429620000045
hole,RF,456,23,CN(C)C1=CC=C(N(C)C)C1=C1C(C#N)=C1C#N,1.501316,1.4119342219999989,0.08938177800000124
hole,RF,456,24,CN(C)C1=CC=C(N(C)C)C1=C1C(N=[N-])=C1[N+]#N,2.428319,1.3273000179999954,1.1010189820000047
hole,RF,456,25,N#CC1=C(C#N)C1=C1C(N=[PH3])=CC=C1N=[PH3],2.50464,1.0726943939999996,1.4319456060000006
hole,RF,456,26,CP(C)(C)=NC1=CC=C(N=P(C)(C)C)C1=C1C=C1,0.955523,1.022716839999998,0.06719383999999795
hole,RF,456,27,CP(C)(C)=NC1=CC=C(N=P(C)(C)C)C1=C1C(C#N)=C1C#N,0.96661,1.6104419599999966,0.6438319599999967
hole,RF,456,28,BC1=C(B)C1=C1C(O)=CC=C1O,1.537972,1.1662831799999989,0.37168882000000103
hole,RF,456,29,OC1=CC=C(O)C1=C1C(C(F)(F)F)=C1C(F)(F)F,1.100219,1.296236969999999,0.19601796999999888
hole,RF,456,30,N#CC1=C(C#N)C1=C1C(O)=C(O)C(O)=C1O,1.265063,1.0786949799999963,0.18636802000000374
hole,RF,456,31,N#CC1=C(C#N)C1=C1C(O)=CC=C1O,1.057189,1.2855302379999989,0.22834123799999895
hole,RF,456,32,N#CC1=C(C#N)C1=C1C=C(O)C(O)=C1,0.617214,0.9178917640000024,0.30067776400000235
hole,RF,456,33,OC1=C(O)C(=C2C=C2)C(O)=C1O,1.191032,1.084416479999998,0.10661552000000207
hole,RF,456,34,OC1=CC=C(O)C1=C1C=C1,0.987746,1.2544912839999989,0.26674528399999886
hole,RF,456,35,OC1=CC(=C2C=C2)C=C1O,0.708495,0.9382637859999976,0.22976878599999762
hole,RF,456,36,COC1=CC=C(OC)C1=C1C(C#N)=C1C#N,0.935198,1.0682527259999994,0.13305472599999946
hole,RF,456,37,COC1=CC(=C2C(C#N)=C2C#N)C=C1OC,0.81175,0.9592247799999974,0.14747477999999747
hole,RF,456,38,N#CC1=C(C#N)C1=C1C(S)=CC=C1S,1.434819,0.9857605059999992,0.44905849400000086
hole,RF,456,39,ClC1=C(Cl)C(=C2C(c3ccccc3)=C2c2ccccc2)C(Cl)=C1Cl,0.853091,1.1711352839999996,0.3180442839999995
hole,RF,456,40,C1=CC(=C2C=C2)C=C1,1.106475,0.9317550139999967,0.17471998600000338
hole,RF,456,41,N#CC1=C(C#N)C1=C1C(O)=C(C(F)(F)F)C(C(F)(F)F)=C1O,1.082467,1.0505703179999955,0.03189668200000462
hole,RF,456,42,N#CC1=C(C#N)C1=C1C(O)=C(F)C(F)=C1O,1.023332,1.419971944,0.39663994400000013
hole,RF,456,43,CC1=C(O)C(=C2C(C#N)=C2C#N)C(O)=C1C,0.971537,1.0149328959999937,0.04339589599999372
hole,RF,456,44,NC1=CC=C(N)C1=C1C=CC=CC=C1,1.474034,1.3215094740000086,0.15252452599999144
hole,RF,456,45,[PH3]=NC1=CC=C(N=[PH3])C1=C1C=CC=CC=C1,1.035825,1.9227209559999991,0.8868959559999992
hole,RF,456,46,OC1=CC=C(O)C1=C1C=CC=CC=C1,1.355279,1.0052045819999988,0.35007441800000105
hole,RF,456,47,N#CC1=CC=CC=C(C#N)C1=C1C(O)=CC=C1O,1.576953,2.1983432740000044,0.6213902740000044
hole,RF,456,48,OC1=CC=C(O)C1=C1C(F)=CC=CC=C1F,2.120878,1.2228434320000003,0.8980345679999995
hole,RF,456,49,N#[N+]C1=CC=CC=C(N=[N-])C1=C1C=CC=C1,0.892364,1.7275774220000009,0.8352134220000008
hole,RF,456,50,N#CC1=CC=CC=C(C#N)C1=C1C=CC=C1,3.004135,0.9701462919999966,2.0339887080000034
hole,RF,456,51,C1=CC=CC(=C2C=CC=C2)C=C1,0.854762,1.112188515999997,0.2574265159999969
hole,RF,456,52,N#CC1=C(C#N)C1=C1C(O)=C(S)C(S)=C1O,1.069918,1.1158108019999988,0.0458928019999989
hole,GP,456,0,BC1=C(B)C1=C1C=CC=C1,1.056733,1.2193989091803186,0.16266590918031865
hole,GP,456,1,N#CC1=C(C#N)C1=C1C=CC=C1,1.274904,1.2102293191960622,0.06467468080393779
hole,GP,456,2,NC1=C(N)C1=C1C=CC=C1,0.797353,1.2327936327475648,0.43544063274756484
hole,GP,456,3,OC1=C(O)C1=C1C=CC=C1,0.961014,1.2201591048272098,0.25914510482720976
hole,GP,456,4,BC1=C(B)C(=C2C=C2)C(B)=C1B,1.405123,1.211013601830582,0.19410939816941797
hole,GP,456,5,BC1=CC=C(B)C1=C1C=C1,0.91862,1.221147418919606,0.3025274189196061
hole,GP,456,6,BC1=CC(=C2C=C2)C=C1B,1.457644,1.2107481682139498,0.24689583178605012
hole,GP,456,7,N#CC1=C(C#N)C(=C2C=C2)C(C#N)=C1C#N,0.449254,1.2304010774257188,0.7811470774257188
hole,GP,456,8,N#CC1=CC=C(C#N)C1=C1C=C1,0.502146,1.6040379497590769,1.101891949759077
hole,GP,456,9,N#CC1=CC(=C2C=C2)C=C1C#N,0.810642,1.2232016013854434,0.41255960138544345
hole,GP,456,10,CC1=CC=C(C)C1=C1C(C(F)(F)F)=C1C(F)(F)F,0.776406,1.2238668784537592,0.44746087845375915
hole,GP,456,11,CC1=C(C)C(=C2C(C#N)=C2C#N)C(C)=C1C,0.778649,1.2237953706875664,0.44514637068756635
hole,GP,456,12,CC1=CC=C(C)C1=C1C(C#N)=C1C#N,0.733821,1.224673779793785,0.49085277979378505
hole,GP,456,13,CC1=CC(=C2C(C#N)=C2C#N)C=C1C,1.046008,1.2186488751565998,0.17264087515659976
hole,GP,456,14,[H]/N=C1\C=C/C(=N\[H])C1=C1C(=N\O)/C1=N/O,1.478661,1.2103623846097282,0.2682986153902718
hole,GP,456,15,NC1=CC=C(N)C1=C1C([N+](=O)[O-])=C1[N+](=O)[O-],1.574798,1.2085136022335004,0.36628439776649957
hole,GP,456,16,N#CC1=C(C#N)C1=C1C(N)=C(N)C(N)=C1N,1.91066,1.2020576025196348,0.7086023974803652
hole,GP,456,17,N#CC1=C(C#N)C1=C1C(N)=CC=C1N,1.479146,1.2103628343099027,0.2687831656900974
hole,GP,456,18,N#CC1=C(C#N)C1=C1C=C(N)C(N)=C1,0.907305,1.2213272970281346,0.31402229702813456
hole,GP,456,19,NC1=C(N)C(=C2C=C2)C(N)=C1N,1.857024,1.198692745595555,0.6583312544044451
hole,GP,456,20,NC1=CC=C(N)C1=C1C=C1,1.431456,1.212226550898416,0.21922944910158404
hole,GP,456,21,NC1=CC(=C2C=C2)C=C1N,0.915297,1.2211898463295465,0.3058928463295465
hole,GP,456,22,CN(C)C1=CC=C(N(C)C)C1=C1C=C1,1.470686,1.2105158089530212,0.2601701910469787
hole,GP,456,23,CN(C)C1=CC=C(N(C)C)C1=C1C(C#N)=C1C#N,1.501316,1.209926440588815,0.29138955941118505
hole,GP,456,24,CN(C)C1=CC=C(N(C)C)C1=C1C(N=[N-])=C1[N+]#N,2.428319,1.1920997307812462,1.236219269218754
hole,GP,456,25,N#CC1=C(C#N)C1=C1C(N=[PH3])=CC=C1N=[PH3],2.50464,1.190631980209917,1.3140080197900832
hole,GP,456,26,CP(C)(C)=NC1=CC=C(N=P(C)(C)C)C1=C1C=C1,0.955523,1.2204226431756684,0.2648996431756684
hole,GP,456,27,CP(C)(C)=NC1=CC=C(N=P(C)(C)C)C1=C1C(C#N)=C1C#N,0.96661,1.2202106664911048,0.2536006664911048
hole,GP,456,28,BC1=C(B)C1=C1C(O)=CC=C1O,1.537972,1.2092221496541191,0.3287498503458808
hole,GP,456,29,OC1=CC=C(O)C1=C1C(C(F)(F)F)=C1C(F)(F)F,1.100219,1.217639986925764,0.11742098692576386
hole,GP,456,30,N#CC1=C(C#N)C1=C1C(O)=C(O)C(O)=C1O,1.265063,1.2141549332982555,0.050908066701744525
hole,GP,456,31,N#CC1=C(C#N)C1=C1C(O)=CC=C1O,1.057189,1.218471929040997,0.16128292904099717
hole,GP,456,32,N#CC1=C(C#N)C1=C1C=C(O)C(O)=C1,0.617214,1.2269060353685157,0.6096920353685157
hole,GP,456,33,OC1=C(O)C(=C2C=C2)C(O)=C1O,1.191032,1.2147316728672823,0.02369967286728225
hole,GP,456,34,OC1=CC=C(O)C1=C1C=C1,0.987746,1.222053142087052,0.23430714208705195
hole,GP,456,35,OC1=CC(=C2C=C2)C=C1O,0.708495,1.2251651127341634,0.5166701127341634
hole,GP,456,36,COC1=CC=C(OC)C1=C1C(C#N)=C1C#N,0.935198,1.2208097435741272,0.2856117435741272
hole,GP,456,37,COC1=CC(=C2C(C#N)=C2C#N)C=C1OC,0.81175,1.2231822370910883,0.41143223709108834
hole,GP,456,38,N#CC1=C(C#N)C1=C1C(S)=CC=C1S,1.434819,1.2112046271571044,0.22361437284289565
hole,GP,456,39,ClC1=C(Cl)C(=C2C(c3ccccc3)=C2c2ccccc2)C(Cl)=C1Cl,0.853091,1.2223925769127846,0.36930157691278453
hole,GP,456,40,C1=CC(=C2C=C2)C=C1,1.106475,1.2174447674444486,0.11096976744444853
hole,GP,456,41,N#CC1=C(C#N)C1=C1C(O)=C(C(F)(F)F)C(C(F)(F)F)=C1O,1.082467,1.2179806988445054,0.13551369884450537
hole,GP,456,42,N#CC1=C(C#N)C1=C1C(O)=C(F)C(F)=C1O,1.023332,1.219134619088069,0.19580261908806906
hole,GP,456,43,CC1=C(O)C(=C2C(C#N)=C2C#N)C(O)=C1C,0.971537,1.2201017456114933,0.24856474561149333
hole,GP,456,44,NC1=CC=C(N)C1=C1C=CC=CC=C1,1.474034,1.211216815765212,0.26281718423478817
hole,GP,456,45,[PH3]=NC1=CC=C(N=[PH3])C1=C1C=CC=CC=C1,1.035825,1.218878174906691,0.18305317490669104
hole,GP,456,46,OC1=CC=C(O)C1=C1C=CC=CC=C1,1.355279,1.2090778093410315,0.14620119065896842
hole,GP,456,47,N#CC1=CC=CC=C(C#N)C1=C1C(O)=CC=C1O,1.576953,1.2084729951402244,0.3684800048597756
hole,GP,456,48,OC1=CC=C(O)C1=C1C(F)=CC=CC=C1F,2.120878,1.1980123414536414,0.9228656585463584
hole,GP,456,49,N#[N+]C1=CC=CC=C(N=[N-])C1=C1C=CC=C1,0.892364,1.2216373269205698,0.32927332692056976
hole,GP,456,50,N#CC1=CC=CC=C(C#N)C1=C1C=CC=C1,3.004135,0.9866752463374231,2.0174597536625773
hole,GP,456,51,C1=CC=CC(=C2C=CC=C2)C=C1,0.854762,1.2223363844295732,0.36757438442957313
hole,GP,456,52,N#CC1=C(C#N)C1=C1C(O)=C(S)C(S)=C1O,1.069918,1.2182391886225037,0.14832118862250376
hole,KNN,456,0,BC1=C(B)C1=C1C=CC=C1,1.056733,1.072793790526316,0.01606079052631615
hole,KNN,456,1,N#CC1=C(C#N)C1=C1C=CC=C1,1.274904,1.118586124430956,0.15631787556904397
hole,KNN,456,2,NC1=C(N)C1=C1C=CC=C1,0.797353,1.3653539888888888,0.5680009888888888
hole,KNN,456,3,OC1=C(O)C1=C1C=CC=C1,0.961014,1.1024009600886917,0.14138696008869167
hole,KNN,456,4,BC1=C(B)C(=C2C=C2)C(B)=C1B,1.405123,1.2414885025125628,0.16363449748743708
hole,KNN,456,5,BC1=CC=C(B)C1=C1C=C1,0.91862,1.274306427083333,0.3556864270833331
hole,KNN,456,6,BC1=CC(=C2C=C2)C=C1B,1.457644,0.8884110861165684,0.5692329138834316
hole,KNN,456,7,N#CC1=C(C#N)C(=C2C=C2)C(C#N)=C1C#N,0.449254,0.9296710858433734,0.48041708584337345
hole,KNN,456,8,N#CC1=CC=C(C#N)C1=C1C=C1,0.502146,1.593912658273381,1.091766658273381
hole,KNN,456,9,N#CC1=CC(=C2C=C2)C=C1C#N,0.810642,1.1911594519153064,0.3805174519153064
hole,KNN,456,10,CC1=CC=C(C)C1=C1C(C(F)(F)F)=C1C(F)(F)F,0.776406,1.173006079522415,0.39660007952241505
hole,KNN,456,11,CC1=C(C)C(=C2C(C#N)=C2C#N)C(C)=C1C,0.778649,1.1560715406428814,0.3774225406428814
hole,KNN,456,12,CC1=CC=C(C)C1=C1C(C#N)=C1C#N,0.733821,1.162660418563923,0.42883941856392316
hole,KNN,456,13,CC1=CC(=C2C(C#N)=C2C#N)C=C1C,1.046008,0.7098358314785372,0.3361721685214628
hole,KNN,456,14,[H]/N=C1\C=C/C(=N\[H])C1=C1C(=N\O)/C1=N/O,1.478661,1.1055818372228456,0.37307916277715436
hole,KNN,456,15,NC1=CC=C(N)C1=C1C([N+](=O)[O-])=C1[N+](=O)[O-],1.574798,1.27045349303115,0.30434450696884996
hole,KNN,456,16,N#CC1=C(C#N)C1=C1C(N)=C(N)C(N)=C1N,1.91066,1.3780558056460368,0.5326041943539632
hole,KNN,456,17,N#CC1=C(C#N)C1=C1C(N)=CC=C1N,1.479146,1.2170011383537653,0.26214486164623474
hole,KNN,456,18,N#CC1=C(C#N)C1=C1C=C(N)C(N)=C1,0.907305,0.8829202448569993,0.024384755143000758
hole,KNN,456,19,NC1=C(N)C(=C2C=C2)C(N)=C1N,1.857024,1.102938753768844,0.754085246231156
hole,KNN,456,20,NC1=CC=C(N)C1=C1C=C1,1.431456,1.2735395031267767,0.1579164968732234
hole,KNN,456,21,NC1=CC(=C2C=C2)C=C1N,0.915297,1.0682686797570426,0.15297167975704262
hole,KNN,456,22,CN(C)C1=CC=C(N(C)C)C1=C1C=C1,1.470686,1.460045785290629,0.010640214709370932
hole,KNN,456,23,CN(C)C1=CC=C(N(C)C)C1=C1C(C#N)=C1C#N,1.501316,1.2016751396648044,0.29964086033519566
hole,KNN,456,24,CN(C)C1=CC=C(N(C)C)C1=C1C(N=[N-])=C1[N+]#N,2.428319,1.1871968225865666,1.2411221774134336
hole,KNN,456,25,N#CC1=C(C#N)C1=C1C(N=[PH3])=CC=C1N=[PH3],2.50464,1.103150272070054,1.4014897279299463
hole,KNN,456,26,CP(C)(C)=NC1=CC=C(N=P(C)(C)C)C1=C1C=C1,0.955523,1.067984935150571,0.11246193515057101
hole,KNN,456,27,CP(C)(C)=NC1=CC=C(N=P(C)(C)C)C1=C1C(C#N)=C1C#N,0.96661,1.364572645235019,0.3979626452350191
hole,KNN,456,28,BC1=C(B)C1=C1C(O)=CC=C1O,1.537972,1.3278881125836504,0.21008388741634954
hole,KNN,456,29,OC1=CC=C(O)C1=C1C(C(F)(F)F)=C1C(F)(F)F,1.100219,1.2979455554352866,0.1977265554352865
hole,KNN,456,30,N#CC1=C(C#N)C1=C1C(O)=C(O)C(O)=C1O,1.265063,1.0380954117647059,0.22696758823529417
hole,KNN,456,31,N#CC1=C(C#N)C1=C1C(O)=CC=C1O,1.057189,1.13633473693086,0.07914573693086013
hole,KNN,456,32,N#CC1=C(C#N)C1=C1C=C(O)C(O)=C1,0.617214,0.8627927029603613,0.24557870296036122
hole,KNN,456,33,OC1=C(O)C(=C2C=C2)C(O)=C1O,1.191032,1.2427405328795271,0.051708532879527036
hole,KNN,456,34,OC1=CC=C(O)C1=C1C=C1,0.987746,1.196020480761757,0.20827448076175692
hole,KNN,456,35,OC1=CC(=C2C=C2)C=C1O,0.708495,0.9668487060657893,0.25835370606578933
hole,KNN,456,36,COC1=CC=C(OC)C1=C1C(C#N)=C1C#N,0.935198,1.260573756733041,0.3253757567330411
hole,KNN,456,37,COC1=CC(=C2C(C#N)=C2C#N)C=C1OC,0.81175,0.8097116790590406,0.0020383209409593483
hole,KNN,456,38,N#CC1=C(C#N)C1=C1C(S)=CC=C1S,1.434819,1.1622056993670884,0.27261330063291167
hole,KNN,456,39,ClC1=C(Cl)C(=C2C(c3ccccc3)=C2c2ccccc2)C(Cl)=C1Cl,0.853091,1.3619862881508427,0.5088952881508426
hole,KNN,456,40,C1=CC(=C2C=C2)C=C1,1.106475,0.9604388084388183,0.14603619156118175
hole,KNN,456,41,N#CC1=C(C#N)C1=C1C(O)=C(C(F)(F)F)C(C(F)(F)F)=C1O,1.082467,1.0822573796912387,0.00020962030876137128
hole,KNN,456,42,N#CC1=C(C#N)C1=C1C(O)=C(F)C(F)=C1O,1.023332,1.0992479773200645,0.07591597732006461
hole,KNN,456,43,CC1=C(O)C(=C2C(C#N)=C2C#N)C(O)=C1C,0.971537,1.0526878523862377,0.08115085238623776
hole,KNN,456,44,NC1=CC=C(N)C1=C1C=CC=CC=C1,1.474034,1.1421455068493152,0.3318884931506849
hole,KNN,456,45,[PH3]=NC1=CC=C(N=[PH3])C1=C1C=CC=CC=C1,1.035825,1.4397544338093573,0.4039294338093573
hole,KNN,456,46,OC1=CC=C(O)C1=C1C=CC=CC=C1,1.355279,1.0482155002419746,0.30706349975802527
hole,KNN,456,47,N#CC1=CC=CC=C(C#N)C1=C1C(O)=CC=C1O,1.576953,1.665574676975945,0.08862167697594492
hole,KNN,456,48,OC1=CC=C(O)C1=C1C(F)=CC=CC=C1F,2.120878,1.256040075416545,0.8648379245834548
hole,KNN,456,49,N#[N+]C1=CC=CC=C(N=[N-])C1=C1C=CC=C1,0.892364,1.6390436651270206,0.7466796651270206
hole,KNN,456,50,N#CC1=CC=CC=C(C#N)C1=C1C=CC=C1,3.004135,1.0516502504282117,1.9524847495717885
hole,KNN,456,51,C1=CC=CC(=C2C=CC=C2)C=C1,0.854762,1.170548283121597,0.31578628312159696
hole,KNN,456,52,N#CC1=C(C#N)C1=C1C(O)=C(S)C(S)=C1O,1.069918,1.1517239491525422,0.08180594915254225
hole,XGB,456,0,BC1=C(B)C1=C1C=CC=C1,1.056733,1.3314595222473145,0.27472652224731453
hole,XGB,456,1,N#CC1=C(C#N)C1=C1C=CC=C1,1.274904,0.7910175323486328,0.4838864676513672
hole,XGB,456,2,NC1=C(N)C1=C1C=CC=C1,0.797353,1.7451837062835693,0.9478307062835694
hole,XGB,456,3,OC1=C(O)C1=C1C=CC=C1,0.961014,1.1925631761550903,0.2315491761550903
hole,XGB,456,4,BC1=C(B)C(=C2C=C2)C(B)=C1B,1.405123,1.054701566696167,0.3504214333038329
hole,XGB,456,5,BC1=CC=C(B)C1=C1C=C1,0.91862,1.3369706869125366,0.41835068691253663
hole,XGB,456,6,BC1=CC(=C2C=C2)C=C1B,1.457644,0.9289098381996155,0.5287341618003845
hole,XGB,456,7,N#CC1=C(C#N)C(=C2C=C2)C(C#N)=C1C#N,0.449254,1.0622386932373047,0.6129846932373046
hole,XGB,456,8,N#CC1=CC=C(C#N)C1=C1C=C1,0.502146,2.262803554534912,1.7606575545349121
hole,XGB,456,9,N#CC1=CC(=C2C=C2)C=C1C#N,0.810642,0.8424268364906311,0.03178483649063113
hole,XGB,456,10,CC1=CC=C(C)C1=C1C(C(F)(F)F)=C1C(F)(F)F,0.776406,0.9950740933418274,0.21866809334182735
hole,XGB,456,11,CC1=C(C)C(=C2C(C#N)=C2C#N)C(C)=C1C,0.778649,0.9621187448501587,0.18346974485015866
hole,XGB,456,12,CC1=CC=C(C)C1=C1C(C#N)=C1C#N,0.733821,1.062033772468567,0.32821277246856695
hole,XGB,456,13,CC1=CC(=C2C(C#N)=C2C#N)C=C1C,1.046008,0.6889468431472778,0.3570611568527222
hole,XGB,456,14,[H]/N=C1\C=C/C(=N\[H])C1=C1C(=N\O)/C1=N/O,1.478661,1.0868117809295654,0.3918492190704346
hole,XGB,456,15,NC1=CC=C(N)C1=C1C([N+](=O)[O-])=C1[N+](=O)[O-],1.574798,1.516779899597168,0.05801810040283195
hole,XGB,456,16,N#CC1=C(C#N)C1=C1C(N)=C(N)C(N)=C1N,1.91066,2.0587046146392822,0.1480446146392822
hole,XGB,456,17,N#CC1=C(C#N)C1=C1C(N)=CC=C1N,1.479146,1.405425786972046,0.07372021302795417
hole,XGB,456,18,N#CC1=C(C#N)C1=C1C=C(N)C(N)=C1,0.907305,1.0390502214431763,0.13174522144317624
hole,XGB,456,19,NC1=C(N)C(=C2C=C2)C(N)=C1N,1.857024,0.915235161781311,0.941788838218689
hole,XGB,456,20,NC1=CC=C(N)C1=C1C=C1,1.431456,1.3166592121124268,0.1147967878875733
hole,XGB,456,21,NC1=CC(=C2C=C2)C=C1N,0.915297,1.2163758277893066,0.3010788277893066
hole,XGB,456,22,CN(C)C1=CC=C(N(C)C)C1=C1C=C1,1.470686,1.454422116279602,0.016263883720397887
hole,XGB,456,23,CN(C)C1=CC=C(N(C)C)C1=C1C(C#N)=C1C#N,1.501316,1.5137200355529785,0.01240403555297842
hole,XGB,456,24,CN(C)C1=CC=C(N(C)C)C1=C1C(N=[N-])=C1[N+]#N,2.428319,1.2264944314956665,1.2018245685043336
hole,XGB,456,25,N#CC1=C(C#N)C1=C1C(N=[PH3])=CC=C1N=[PH3],2.50464,1.059989333152771,1.4446506668472292
hole,XGB,456,26,CP(C)(C)=NC1=CC=C(N=P(C)(C)C)C1=C1C=C1,0.955523,0.582696259021759,0.372826740978241
hole,XGB,456,27,CP(C)(C)=NC1=CC=C(N=P(C)(C)C)C1=C1C(C#N)=C1C#N,0.96661,1.9229663610458374,0.9563563610458374
hole,XGB,456,28,BC1=C(B)C1=C1C(O)=CC=C1O,1.537972,1.221301794052124,0.31667020594787587
hole,XGB,456,29,OC1=CC=C(O)C1=C1C(C(F)(F)F)=C1C(F)(F)F,1.100219,1.3215208053588867,0.22130180535888666
hole,XGB,456,30,N#CC1=C(C#N)C1=C1C(O)=C(O)C(O)=C1O,1.265063,0.9938343167304993,0.2712286832695008
hole,XGB,456,31,N#CC1=C(C#N)C1=C1C(O)=CC=C1O,1.057189,1.289198398590088,0.23200939859008796
hole,XGB,456,32,N#CC1=C(C#N)C1=C1C=C(O)C(O)=C1,0.617214,0.8561483025550842,0.2389343025550842
hole,XGB,456,33,OC1=C(O)C(=C2C=C2)C(O)=C1O,1.191032,1.0920891761779785,0.09894282382202157
hole,XGB,456,34,OC1=CC=C(O)C1=C1C=C1,0.987746,1.2160542011260986,0.22830820112609862
hole,XGB,456,35,OC1=CC(=C2C=C2)C=C1O,0.708495,0.9381078481674194,0.22961284816741945
hole,XGB,456,36,COC1=CC=C(OC)C1=C1C(C#N)=C1C#N,0.935198,1.248517632484436,0.31331963248443606
hole,XGB,456,37,COC1=CC(=C2C(C#N)=C2C#N)C=C1OC,0.81175,0.8899587392807007,0.07820873928070071
hole,XGB,456,38,N#CC1=C(C#N)C1=C1C(S)=CC=C1S,1.434819,1.049730896949768,0.385088103050232
hole,XGB,456,39,ClC1=C(Cl)C(=C2C(c3ccccc3)=C2c2ccccc2)C(Cl)=C1Cl,0.853091,1.3726028203964233,0.5195118203964233
hole,XGB,456,40,C1=CC(=C2C=C2)C=C1,1.106475,0.9078842401504517,0.19859075984954844
hole,XGB,456,41,N#CC1=C(C#N)C1=C1C(O)=C(C(F)(F)F)C(C(F)(F)F)=C1O,1.082467,0.9320156574249268,0.1504513425750733
hole,XGB,456,42,N#CC1=C(C#N)C1=C1C(O)=C(F)C(F)=C1O,1.023332,1.762108325958252,0.738776325958252
hole,XGB,456,43,CC1=C(O)C(=C2C(C#N)=C2C#N)C(O)=C1C,0.971537,0.8389310240745544,0.13260597592544554
hole,XGB,456,44,NC1=CC=C(N)C1=C1C=CC=CC=C1,1.474034,1.2681022882461548,0.20593171175384528
hole,XGB,456,45,[PH3]=NC1=CC=C(N=[PH3])C1=C1C=CC=CC=C1,1.035825,2.223477602005005,1.1876526020050049
hole,XGB,456,46,OC1=CC=C(O)C1=C1C=CC=CC=C1,1.355279,0.9259796142578125,0.4292993857421874
hole,XGB,456,47,N#CC1=CC=CC=C(C#N)C1=C1C(O)=CC=C1O,1.576953,2.858703374862671,1.2817503748626708
hole,XGB,456,48,OC1=CC=C(O)C1=C1C(F)=CC=CC=C1F,2.120878,1.1309412717819214,0.9899367282180784
hole,XGB,456,49,N#[N+]C1=CC=CC=C(N=[N-])C1=C1C=CC=C1,0.892364,1.835332989692688,0.9429689896926879
hole,XGB,456,50,N#CC1=CC=CC=C(C#N)C1=C1C=CC=C1,3.004135,1.0552213191986084,1.9489136808013918
hole,XGB,456,51,C1=CC=CC(=C2C=CC=C2)C=C1,0.854762,1.1038949489593506,0.24913294895935056
hole,XGB,456,52,N#CC1=C(C#N)C1=C1C(O)=C(S)C(S)=C1O,1.069918,1.070306420326233,0.0003884203262329855
hole,RF,789,0,BC1=C(B)C1=C1C=CC=C1,1.056733,1.257646900000002,0.20091390000000198
hole,RF,789,1,N#CC1=C(C#N)C1=C1C=CC=C1,1.274904,0.8340930339999973,0.4408109660000027
hole,RF,789,2,NC1=C(N)C1=C1C=CC=C1,0.797353,1.5324800120000088,0.7351270120000089
hole,RF,789,3,OC1=C(O)C1=C1C=CC=C1,0.961014,1.166682595999999,0.20566859599999887
hole,RF,789,4,BC1=C(B)C(=C2C=C2)C(B)=C1B,1.405123,1.0635881200000008,0.3415348799999991
hole,RF,789,5,BC1=CC=C(B)C1=C1C=C1,0.91862,1.295551088000002,0.3769310880000021
hole,RF,789,6,BC1=CC(=C2C=C2)C=C1B,1.457644,0.9182876959999983,0.5393563040000017
hole,RF,789,7,N#CC1=C(C#N)C(=C2C=C2)C(C#N)=C1C#N,0.449254,1.0882642419999975,0.6390102419999975
hole,RF,789,8,N#CC1=CC=C(C#N)C1=C1C=C1,0.502146,2.1677476320000055,1.6656016320000055
hole,RF,789,9,N#CC1=CC(=C2C=C2)C=C1C#N,0.810642,0.9767070939999992,0.16606509399999925
hole,RF,789,10,CC1=CC=C(C)C1=C1C(C(F)(F)F)=C1C(F)(F)F,0.776406,0.934646863999995,0.15824086399999493
hole,RF,789,11,CC1=C(C)C(=C2C(C#N)=C2C#N)C(C)=C1C,0.778649,0.9838932079999999,0.20524420799999987
hole,RF,789,12,CC1=CC=C(C)C1=C1C(C#N)=C1C#N,0.733821,0.9824784159999992,0.24865741599999924
hole,RF,789,13,CC1=CC(=C2C(C#N)=C2C#N)C=C1C,1.046008,0.8014013119999992,0.24460668800000085
hole,RF,789,14,[H]/N=C1\C=C/C(=N\[H])C1=C1C(=N\O)/C1=N/O,1.478661,0.949979325999999,0.528681674000001
hole,RF,789,15,NC1=CC=C(N)C1=C1C([N+](=O)[O-])=C1[N+](=O)[O-],1.574798,1.3869201300000031,0.18787786999999678
hole,RF,789,16,N#CC1=C(C#N)C1=C1C(N)=C(N)C(N)=C1N,1.91066,1.4866351540000073,0.4240248459999927
hole,RF,789,17,N#CC1=C(C#N)C1=C1C(N)=CC=C1N,1.479146,1.344511789999999,0.1346342100000011
hole,RF,789,18,N#CC1=C(C#N)C1=C1C=C(N)C(N)=C1,0.907305,1.0474406000000005,0.14013560000000047
hole,RF,789,19,NC1=C(N)C(=C2C=C2)C(N)=C1N,1.857024,1.1514606980000013,0.7055633019999987
hole,RF,789,20,NC1=CC=C(N)C1=C1C=C1,1.431456,1.3303955600000004,0.1010604399999997
hole,RF,789,21,NC1=CC(=C2C=C2)C=C1N,0.915297,1.1031551100000023,0.1878581100000023
hole,RF,789,22,CN(C)C1=CC=C(N(C)C)C1=C1C=C1,1.470686,1.3281358679999935,0.14255013200000644
hole,RF,789,23,CN(C)C1=CC=C(N(C)C)C1=C1C(C#N)=C1C#N,1.501316,1.3710599439999984,0.13025605600000167
hole,RF,789,24,CN(C)C1=CC=C(N(C)C)C1=C1C(N=[N-])=C1[N+]#N,2.428319,1.3381766679999956,1.0901423320000045
hole,RF,789,25,N#CC1=C(C#N)C1=C1C(N=[PH3])=CC=C1N=[PH3],2.50464,1.034108294,1.4705317060000003
hole,RF,789,26,CP(C)(C)=NC1=CC=C(N=P(C)(C)C)C1=C1C=C1,0.955523,1.015343795999998,0.05982079599999801
hole,RF,789,27,CP(C)(C)=NC1=CC=C(N=P(C)(C)C)C1=C1C(C#N)=C1C#N,0.96661,1.5750596999999988,0.6084496999999989
hole,RF,789,28,BC1=C(B)C1=C1C(O)=CC=C1O,1.537972,1.169651944,0.36832005599999995
hole,RF,789,29,OC1=CC=C(O)C1=C1C(C(F)(F)F)=C1C(F)(F)F,1.100219,1.284466434,0.184247434
hole,RF,789,30,N#CC1=C(C#N)C1=C1C(O)=C(O)C(O)=C1O,1.265063,1.0798153839999973,0.18524761600000272
hole,RF,789,31,N#CC1=C(C#N)C1=C1C(O)=CC=C1O,1.057189,1.2860548860000007,0.2288658860000008
hole,RF,789,32,N#CC1=C(C#N)C1=C1C=C(O)C(O)=C1,0.617214,0.9333449580000018,0.3161309580000018
hole,RF,789,33,OC1=C(O)C(=C2C=C2)C(O)=C1O,1.191032,1.090291109999999,0.10074089000000108
hole,RF,789,34,OC1=CC=C(O)C1=C1C=C1,0.987746,1.2291602639999986,0.24141426399999855
hole,RF,789,35,OC1=CC(=C2C=C2)C=C1O,0.708495,0.9322670919999974,0.22377209199999737
hole,RF,789,36,COC1=CC=C(OC)C1=C1C(C#N)=C1C#N,0.935198,1.0425598259999982,0.10736182599999822
hole,RF,789,37,COC1=CC(=C2C(C#N)=C2C#N)C=C1OC,0.81175,0.9822354179999968,0.17048541799999684
hole,RF,789,38,N#CC1=C(C#N)C1=C1C(S)=CC=C1S,1.434819,0.9912805759999995,0.44353842400000054
hole,RF,789,39,ClC1=C(Cl)C(=C2C(c3ccccc3)=C2c2ccccc2)C(Cl)=C1Cl,0.853091,1.1426026519999988,0.28951165199999873
hole,RF,789,40,C1=CC(=C2C=C2)C=C1,1.106475,0.9179983979999963,0.18847660200000382
hole,RF,789,41,N#CC1=C(C#N)C1=C1C(O)=C(C(F)(F)F)C(C(F)(F)F)=C1O,1.082467,1.0481580279999956,0.03430897200000449
hole,RF,789,42,N#CC1=C(C#N)C1=C1C(O)=C(F)C(F)=C1O,1.023332,1.4323000139999982,0.40896801399999827
hole,RF,789,43,CC1=C(O)C(=C2C(C#N)=C2C#N)C(O)=C1C,0.971537,1.0209463059999921,0.04940930599999216
hole,RF,789,44,NC1=CC=C(N)C1=C1C=CC=CC=C1,1.474034,1.3225393880000078,0.15149461199999226
hole,RF,789,45,[PH3]=NC1=CC=C(N=[PH3])C1=C1C=CC=CC=C1,1.035825,1.954981542000001,0.919156542000001
hole,RF,789,46,OC1=CC=C(O)C1=C1C=CC=CC=C1,1.355279,1.0156091239999978,0.3396698760000021
hole,RF,789,47,N#CC1=CC=CC=C(C#N)C1=C1C(O)=CC=C1O,1.576953,2.188618020000004,0.6116650200000038
hole,RF,789,48,OC1=CC=C(O)C1=C1C(F)=CC=CC=C1F,2.120878,1.2222215679999995,0.8986564320000003
hole,RF,789,49,N#[N+]C1=CC=CC=C(N=[N-])C1=C1C=CC=C1,0.892364,1.6956659720000018,0.8033019720000018
hole,RF,789,50,N#CC1=CC=CC=C(C#N)C1=C1C=CC=C1,3.004135,0.9769491799999972,2.0271858200000032
hole,RF,789,51,C1=CC=CC(=C2C=CC=C2)C=C1,0.854762,1.1239991079999962,0.26923710799999623
hole,RF,789,52,N#CC1=C(C#N)C1=C1C(O)=C(S)C(S)=C1O,1.069918,1.1251317999999992,0.05521379999999931
hole,GP,789,0,BC1=C(B)C1=C1C=CC=C1,1.056733,1.2193989091803186,0.16266590918031865
hole,GP,789,1,N#CC1=C(C#N)C1=C1C=CC=C1,1.274904,1.2102293191960622,0.06467468080393779
hole,GP,789,2,NC1=C(N)C1=C1C=CC=C1,0.797353,1.2327936327475648,0.43544063274756484
hole,GP,789,3,OC1=C(O)C1=C1C=CC=C1,0.961014,1.2201591048272098,0.25914510482720976
hole,GP,789,4,BC1=C(B)C(=C2C=C2)C(B)=C1B,1.405123,1.211013601830582,0.19410939816941797
hole,GP,789,5,BC1=CC=C(B)C1=C1C=C1,0.91862,1.221147418919606,0.3025274189196061
hole,GP,789,6,BC1=CC(=C2C=C2)C=C1B,1.457644,1.2107481682139498,0.24689583178605012
hole,GP,789,7,N#CC1=C(C#N)C(=C2C=C2)C(C#N)=C1C#N,0.449254,1.2304010774257188,0.7811470774257188
hole,GP,789,8,N#CC1=CC=C(C#N)C1=C1C=C1,0.502146,1.6040379497590769,1.101891949759077
hole,GP,789,9,N#CC1=CC(=C2C=C2)C=C1C#N,0.810642,1.2232016013854434,0.41255960138544345
hole,GP,789,10,CC1=CC=C(C)C1=C1C(C(F)(F)F)=C1C(F)(F)F,0.776406,1.2238668784537592,0.44746087845375915
hole,GP,789,11,CC1=C(C)C(=C2C(C#N)=C2C#N)C(C)=C1C,0.778649,1.2237953706875664,0.44514637068756635
hole,GP,789,12,CC1=CC=C(C)C1=C1C(C#N)=C1C#N,0.733821,1.224673779793785,0.49085277979378505
hole,GP,789,13,CC1=CC(=C2C(C#N)=C2C#N)C=C1C,1.046008,1.2186488751565998,0.17264087515659976
hole,GP,789,14,[H]/N=C1\C=C/C(=N\[H])C1=C1C(=N\O)/C1=N/O,1.478661,1.2103623846097282,0.2682986153902718
hole,GP,789,15,NC1=CC=C(N)C1=C1C([N+](=O)[O-])=C1[N+](=O)[O-],1.574798,1.2085136022335004,0.36628439776649957
hole,GP,789,16,N#CC1=C(C#N)C1=C1C(N)=C(N)C(N)=C1N,1.91066,1.2020576025196348,0.7086023974803652
hole,GP,789,17,N#CC1=C(C#N)C1=C1C(N)=CC=C1N,1.479146,1.2103628343099027,0.2687831656900974
hole,GP,789,18,N#CC1=C(C#N)C1=C1C=C(N)C(N)=C1,0.907305,1.2213272970281346,0.31402229702813456
hole,GP,789,19,NC1=C(N)C(=C2C=C2)C(N)=C1N,1.857024,1.198692745595555,0.6583312544044451
hole,GP,789,20,NC1=CC=C(N)C1=C1C=C1,1.431456,1.212226550898416,0.21922944910158404
hole,GP,789,21,NC1=CC(=C2C=C2)C=C1N,0.915297,1.2211898463295465,0.3058928463295465
hole,GP,789,22,CN(C)C1=CC=C(N(C)C)C1=C1C=C1,1.470686,1.2105158089530212,0.2601701910469787
hole,GP,789,23,CN(C)C1=CC=C(N(C)C)C1=C1C(C#N)=C1C#N,1.501316,1.209926440588815,0.29138955941118505
hole,GP,789,24,CN(C)C1=CC=C(N(C)C)C1=C1C(N=[N-])=C1[N+]#N,2.428319,1.1920997307812462,1.236219269218754
hole,GP,789,25,N#CC1=C(C#N)C1=C1C(N=[PH3])=CC=C1N=[PH3],2.50464,1.190631980209917,1.3140080197900832
hole,GP,789,26,CP(C)(C)=NC1=CC=C(N=P(C)(C)C)C1=C1C=C1,0.955523,1.2204226431756684,0.2648996431756684
hole,GP,789,27,CP(C)(C)=NC1=CC=C(N=P(C)(C)C)C1=C1C(C#N)=C1C#N,0.96661,1.2202106664911048,0.2536006664911048
hole,GP,789,28,BC1=C(B)C1=C1C(O)=CC=C1O,1.537972,1.2092221496541191,0.3287498503458808
hole,GP,789,29,OC1=CC=C(O)C1=C1C(C(F)(F)F)=C1C(F)(F)F,1.100219,1.217639986925764,0.11742098692576386
hole,GP,789,30,N#CC1=C(C#N)C1=C1C(O)=C(O)C(O)=C1O,1.265063,1.2141549332982555,0.050908066701744525
hole,GP,789,31,N#CC1=C(C#N)C1=C1C(O)=CC=C1O,1.057189,1.218471929040997,0.16128292904099717
hole,GP,789,32,N#CC1=C(C#N)C1=C1C=C(O)C(O)=C1,0.617214,1.2269060353685157,0.6096920353685157
hole,GP,789,33,OC1=C(O)C(=C2C=C2)C(O)=C1O,1.191032,1.2147316728672823,0.02369967286728225
hole,GP,789,34,OC1=CC=C(O)C1=C1C=C1,0.987746,1.222053142087052,0.23430714208705195
hole,GP,789,35,OC1=CC(=C2C=C2)C=C1O,0.708495,1.2251651127341634,0.5166701127341634
hole,GP,789,36,COC1=CC=C(OC)C1=C1C(C#N)=C1C#N,0.935198,1.2208097435741272,0.2856117435741272
hole,GP,789,37,COC1=CC(=C2C(C#N)=C2C#N)C=C1OC,0.81175,1.2231822370910883,0.41143223709108834
hole,GP,789,38,N#CC1=C(C#N)C1=C1C(S)=CC=C1S,1.434819,1.2112046271571044,0.22361437284289565
hole,GP,789,39,ClC1=C(Cl)C(=C2C(c3ccccc3)=C2c2ccccc2)C(Cl)=C1Cl,0.853091,1.2223925769127846,0.36930157691278453
hole,GP,789,40,C1=CC(=C2C=C2)C=C1,1.106475,1.2174447674444486,0.11096976744444853
hole,GP,789,41,N#CC1=C(C#N)C1=C1C(O)=C(C(F)(F)F)C(C(F)(F)F)=C1O,1.082467,1.2179806988445054,0.13551369884450537
hole,GP,789,42,N#CC1=C(C#N)C1=C1C(O)=C(F)C(F)=C1O,1.023332,1.219134619088069,0.19580261908806906
hole,GP,789,43,CC1=C(O)C(=C2C(C#N)=C2C#N)C(O)=C1C,0.971537,1.2201017456114933,0.24856474561149333
hole,GP,789,44,NC1=CC=C(N)C1=C1C=CC=CC=C1,1.474034,1.211216815765212,0.26281718423478817
hole,GP,789,45,[PH3]=NC1=CC=C(N=[PH3])C1=C1C=CC=CC=C1,1.035825,1.218878174906691,0.18305317490669104
hole,GP,789,46,OC1=CC=C(O)C1=C1C=CC=CC=C1,1.355279,1.2090778093410315,0.14620119065896842
hole,GP,789,47,N#CC1=CC=CC=C(C#N)C1=C1C(O)=CC=C1O,1.576953,1.2084729951402244,0.3684800048597756
hole,GP,789,48,OC1=CC=C(O)C1=C1C(F)=CC=CC=C1F,2.120878,1.1980123414536414,0.9228656585463584
hole,GP,789,49,N#[N+]C1=CC=CC=C(N=[N-])C1=C1C=CC=C1,0.892364,1.2216373269205698,0.32927332692056976
hole,GP,789,50,N#CC1=CC=CC=C(C#N)C1=C1C=CC=C1,3.004135,0.9866752463374231,2.0174597536625773
hole,GP,789,51,C1=CC=CC(=C2C=CC=C2)C=C1,0.854762,1.2223363844295732,0.36757438442957313
hole,GP,789,52,N#CC1=C(C#N)C1=C1C(O)=C(S)C(S)=C1O,1.069918,1.2182391886225037,0.14832118862250376
hole,KNN,789,0,BC1=C(B)C1=C1C=CC=C1,1.056733,1.072793790526316,0.01606079052631615
hole,KNN,789,1,N#CC1=C(C#N)C1=C1C=CC=C1,1.274904,1.118586124430956,0.15631787556904397
hole,KNN,789,2,NC1=C(N)C1=C1C=CC=C1,0.797353,1.3653539888888888,0.5680009888888888
hole,KNN,789,3,OC1=C(O)C1=C1C=CC=C1,0.961014,1.1024009600886917,0.14138696008869167
hole,KNN,789,4,BC1=C(B)C(=C2C=C2)C(B)=C1B,1.405123,1.2414885025125628,0.16363449748743708
hole,KNN,789,5,BC1=CC=C(B)C1=C1C=C1,0.91862,1.274306427083333,0.3556864270833331
hole,KNN,789,6,BC1=CC(=C2C=C2)C=C1B,1.457644,0.8884110861165684,0.5692329138834316
hole,KNN,789,7,N#CC1=C(C#N)C(=C2C=C2)C(C#N)=C1C#N,0.449254,0.9296710858433734,0.48041708584337345
hole,KNN,789,8,N#CC1=CC=C(C#N)C1=C1C=C1,0.502146,1.593912658273381,1.091766658273381
hole,KNN,789,9,N#CC1=CC(=C2C=C2)C=C1C#N,0.810642,1.1911594519153064,0.3805174519153064
hole,KNN,789,10,CC1=CC=C(C)C1=C1C(C(F)(F)F)=C1C(F)(F)F,0.776406,1.173006079522415,0.39660007952241505
hole,KNN,789,11,CC1=C(C)C(=C2C(C#N)=C2C#N)C(C)=C1C,0.778649,1.1560715406428814,0.3774225406428814
hole,KNN,789,12,CC1=CC=C(C)C1=C1C(C#N)=C1C#N,0.733821,1.162660418563923,0.42883941856392316
hole,KNN,789,13,CC1=CC(=C2C(C#N)=C2C#N)C=C1C,1.046008,0.7098358314785372,0.3361721685214628
hole,KNN,789,14,[H]/N=C1\C=C/C(=N\[H])C1=C1C(=N\O)/C1=N/O,1.478661,1.1055818372228456,0.37307916277715436
hole,KNN,789,15,NC1=CC=C(N)C1=C1C([N+](=O)[O-])=C1[N+](=O)[O-],1.574798,1.27045349303115,0.30434450696884996
hole,KNN,789,16,N#CC1=C(C#N)C1=C1C(N)=C(N)C(N)=C1N,1.91066,1.3780558056460368,0.5326041943539632
hole,KNN,789,17,N#CC1=C(C#N)C1=C1C(N)=CC=C1N,1.479146,1.2170011383537653,0.26214486164623474
hole,KNN,789,18,N#CC1=C(C#N)C1=C1C=C(N)C(N)=C1,0.907305,0.8829202448569993,0.024384755143000758
hole,KNN,789,19,NC1=C(N)C(=C2C=C2)C(N)=C1N,1.857024,1.102938753768844,0.754085246231156
hole,KNN,789,20,NC1=CC=C(N)C1=C1C=C1,1.431456,1.2735395031267767,0.1579164968732234
hole,KNN,789,21,NC1=CC(=C2C=C2)C=C1N,0.915297,1.0682686797570426,0.15297167975704262
hole,KNN,789,22,CN(C)C1=CC=C(N(C)C)C1=C1C=C1,1.470686,1.460045785290629,0.010640214709370932
hole,KNN,789,23,CN(C)C1=CC=C(N(C)C)C1=C1C(C#N)=C1C#N,1.501316,1.2016751396648044,0.29964086033519566
hole,KNN,789,24,CN(C)C1=CC=C(N(C)C)C1=C1C(N=[N-])=C1[N+]#N,2.428319,1.1871968225865666,1.2411221774134336
hole,KNN,789,25,N#CC1=C(C#N)C1=C1C(N=[PH3])=CC=C1N=[PH3],2.50464,1.103150272070054,1.4014897279299463
hole,KNN,789,26,CP(C)(C)=NC1=CC=C(N=P(C)(C)C)C1=C1C=C1,0.955523,1.067984935150571,0.11246193515057101
hole,KNN,789,27,CP(C)(C)=NC1=CC=C(N=P(C)(C)C)C1=C1C(C#N)=C1C#N,0.96661,1.364572645235019,0.3979626452350191
hole,KNN,789,28,BC1=C(B)C1=C1C(O)=CC=C1O,1.537972,1.3278881125836504,0.21008388741634954
hole,KNN,789,29,OC1=CC=C(O)C1=C1C(C(F)(F)F)=C1C(F)(F)F,1.100219,1.2979455554352866,0.1977265554352865
hole,KNN,789,30,N#CC1=C(C#N)C1=C1C(O)=C(O)C(O)=C1O,1.265063,1.0380954117647059,0.22696758823529417
hole,KNN,789,31,N#CC1=C(C#N)C1=C1C(O)=CC=C1O,1.057189,1.13633473693086,0.07914573693086013
hole,KNN,789,32,N#CC1=C(C#N)C1=C1C=C(O)C(O)=C1,0.617214,0.8627927029603613,0.24557870296036122
hole,KNN,789,33,OC1=C(O)C(=C2C=C2)C(O)=C1O,1.191032,1.2427405328795271,0.051708532879527036
hole,KNN,789,34,OC1=CC=C(O)C1=C1C=C1,0.987746,1.196020480761757,0.20827448076175692
hole,KNN,789,35,OC1=CC(=C2C=C2)C=C1O,0.708495,0.9668487060657893,0.25835370606578933
hole,KNN,789,36,COC1=CC=C(OC)C1=C1C(C#N)=C1C#N,0.935198,1.260573756733041,0.3253757567330411
hole,KNN,789,37,COC1=CC(=C2C(C#N)=C2C#N)C=C1OC,0.81175,0.8097116790590406,0.0020383209409593483
hole,KNN,789,38,N#CC1=C(C#N)C1=C1C(S)=CC=C1S,1.434819,1.1622056993670884,0.27261330063291167
hole,KNN,789,39,ClC1=C(Cl)C(=C2C(c3ccccc3)=C2c2ccccc2)C(Cl)=C1Cl,0.853091,1.3619862881508427,0.5088952881508426
hole,KNN,789,40,C1=CC(=C2C=C2)C=C1,1.106475,0.9604388084388183,0.14603619156118175
hole,KNN,789,41,N#CC1=C(C#N)C1=C1C(O)=C(C(F)(F)F)C(C(F)(F)F)=C1O,1.082467,1.0822573796912387,0.00020962030876137128
hole,KNN,789,42,N#CC1=C(C#N)C1=C1C(O)=C(F)C(F)=C1O,1.023332,1.0992479773200645,0.07591597732006461
hole,KNN,789,43,CC1=C(O)C(=C2C(C#N)=C2C#N)C(O)=C1C,0.971537,1.0526878523862377,0.08115085238623776
hole,KNN,789,44,NC1=CC=C(N)C1=C1C=CC=CC=C1,1.474034,1.1421455068493152,0.3318884931506849
hole,KNN,789,45,[PH3]=NC1=CC=C(N=[PH3])C1=C1C=CC=CC=C1,1.035825,1.4397544338093573,0.4039294338093573
hole,KNN,789,46,OC1=CC=C(O)C1=C1C=CC=CC=C1,1.355279,1.0482155002419746,0.30706349975802527
hole,KNN,789,47,N#CC1=CC=CC=C(C#N)C1=C1C(O)=CC=C1O,1.576953,1.665574676975945,0.08862167697594492
hole,KNN,789,48,OC1=CC=C(O)C1=C1C(F)=CC=CC=C1F,2.120878,1.256040075416545,0.8648379245834548
hole,KNN,789,49,N#[N+]C1=CC=CC=C(N=[N-])C1=C1C=CC=C1,0.892364,1.6390436651270206,0.7466796651270206
hole,KNN,789,50,N#CC1=CC=CC=C(C#N)C1=C1C=CC=C1,3.004135,1.0516502504282117,1.9524847495717885
hole,KNN,789,51,C1=CC=CC(=C2C=CC=C2)C=C1,0.854762,1.170548283121597,0.31578628312159696
hole,KNN,789,52,N#CC1=C(C#N)C1=C1C(O)=C(S)C(S)=C1O,1.069918,1.1517239491525422,0.08180594915254225
hole,XGB,789,0,BC1=C(B)C1=C1C=CC=C1,1.056733,1.3363008499145508,0.27956784991455086
hole,XGB,789,1,N#CC1=C(C#N)C1=C1C=CC=C1,1.274904,0.7076067328453064,0.5672972671546936
hole,XGB,789,2,NC1=C(N)C1=C1C=CC=C1,0.797353,1.7214312553405762,0.9240782553405762
hole,XGB,789,3,OC1=C(O)C1=C1C=CC=C1,0.961014,1.1798195838928223,0.21880558389282223
hole,XGB,789,4,BC1=C(B)C(=C2C=C2)C(B)=C1B,1.405123,1.0626890659332275,0.34243393406677236
hole,XGB,789,5,BC1=CC=C(B)C1=C1C=C1,0.91862,1.388777256011963,0.4701572560119629
hole,XGB,789,6,BC1=CC(=C2C=C2)C=C1B,1.457644,0.9024698138237,0.5551741861763
hole,XGB,789,7,N#CC1=C(C#N)C(=C2C=C2)C(C#N)=C1C#N,0.449254,1.0948394536972046,0.6455854536972045
hole,XGB,789,8,N#CC1=CC=C(C#N)C1=C1C=C1,0.502146,2.22963285446167,1.72748685446167
hole,XGB,789,9,N#CC1=CC(=C2C=C2)C=C1C#N,0.810642,0.7805210947990417,0.030120905200958226
hole,XGB,789,10,CC1=CC=C(C)C1=C1C(C(F)(F)F)=C1C(F)(F)F,0.776406,1.0184935331344604,0.2420875331344604
hole,XGB,789,11,CC1=C(C)C(=C2C(C#N)=C2C#N)C(C)=C1C,0.778649,0.9778782725334167,0.1992292725334167
hole,XGB,789,12,CC1=CC=C(C)C1=C1C(C#N)=C1C#N,0.733821,1.0175858736038208,0.28376487360382086
hole,XGB,789,13,CC1=CC(=C2C(C#N)=C2C#N)C=C1C,1.046008,0.7082265019416809,0.33778149805831914
hole,XGB,789,14,[H]/N=C1\C=C/C(=N\[H])C1=C1C(=N\O)/C1=N/O,1.478661,1.0122833251953125,0.4663776748046875
hole,XGB,789,15,NC1=CC=C(N)C1=C1C([N+](=O)[O-])=C1[N+](=O)[O-],1.574798,1.5278795957565308,0.04691840424346916
hole,XGB,789,16,N#CC1=C(C#N)C1=C1C(N)=C(N)C(N)=C1N,1.91066,2.157099962234497,0.24643996223449705
hole,XGB,789,17,N#CC1=C(C#N)C1=C1C(N)=CC=C1N,1.479146,1.3745235204696655,0.10462247953033454
hole,XGB,789,18,N#CC1=C(C#N)C1=C1C=C(N)C(N)=C1,0.907305,1.085310935974121,0.17800593597412107
hole,XGB,789,19,NC1=C(N)C(=C2C=C2)C(N)=C1N,1.857024,0.9292389154434204,0.9277850845565796
hole,XGB,789,20,NC1=CC=C(N)C1=C1C=C1,1.431456,1.3411506414413452,0.09030535855865485
hole,XGB,789,21,NC1=CC(=C2C=C2)C=C1N,0.915297,1.2542829513549805,0.33898595135498044
hole,XGB,789,22,CN(C)C1=CC=C(N(C)C)C1=C1C=C1,1.470686,1.4786725044250488,0.00798650442504889
hole,XGB,789,23,CN(C)C1=CC=C(N(C)C)C1=C1C(C#N)=C1C#N,1.501316,1.4435577392578125,0.057758260742187595
hole,XGB,789,24,CN(C)C1=CC=C(N(C)C)C1=C1C(N=[N-])=C1[N+]#N,2.428319,1.1875910758972168,1.2407279241027833
hole,XGB,789,25,N#CC1=C(C#N)C1=C1C(N=[PH3])=CC=C1N=[PH3],2.50464,1.072849988937378,1.4317900110626223
hole,XGB,789,26,CP(C)(C)=NC1=CC=C(N=P(C)(C)C)C1=C1C=C1,0.955523,0.48122555017471313,0.4742974498252869
hole,XGB,789,27,CP(C)(C)=NC1=CC=C(N=P(C)(C)C)C1=C1C(C#N)=C1C#N,0.96661,1.9488261938095093,0.9822161938095093
hole,XGB,789,28,BC1=C(B)C1=C1C(O)=CC=C1O,1.537972,1.2290287017822266,0.30894329821777333
hole,XGB,789,29,OC1=CC=C(O)C1=C1C(C(F)(F)F)=C1C(F)(F)F,1.100219,1.3327628374099731,0.2325438374099731
hole,XGB,789,30,N#CC1=C(C#N)C1=C1C(O)=C(O)C(O)=C1O,1.265063,1.0313870906829834,0.23367590931701665
hole,XGB,789,31,N#CC1=C(C#N)C1=C1C(O)=CC=C1O,1.057189,1.287996768951416,0.23080776895141608
hole,XGB,789,32,N#CC1=C(C#N)C1=C1C=C(O)C(O)=C1,0.617214,0.881962776184082,0.264748776184082
hole,XGB,789,33,OC1=C(O)C(=C2C=C2)C(O)=C1O,1.191032,1.0282799005508423,0.1627520994491578
hole,XGB,789,34,OC1=CC=C(O)C1=C1C=C1,0.987746,1.2397738695144653,0.2520278695144653
hole,XGB,789,35,OC1=CC(=C2C=C2)C=C1O,0.708495,0.9231194257736206,0.21462442577362062
hole,XGB,789,36,COC1=CC=C(OC)C1=C1C(C#N)=C1C#N,0.935198,1.2708710432052612,0.33567304320526126
hole,XGB,789,37,COC1=CC(=C2C(C#N)=C2C#N)C=C1OC,0.81175,0.8845482468605042,0.07279824686050418
hole,XGB,789,38,N#CC1=C(C#N)C1=C1C(S)=CC=C1S,1.434819,1.0542880296707153,0.38053097032928473
hole,XGB,789,39,ClC1=C(Cl)C(=C2C(c3ccccc3)=C2c2ccccc2)C(Cl)=C1Cl,0.853091,1.3555628061294556,0.5024718061294555
hole,XGB,789,40,C1=CC(=C2C=C2)C=C1,1.106475,0.8808239698410034,0.22565103015899668
hole,XGB,789,41,N#CC1=C(C#N)C1=C1C(O)=C(C(F)(F)F)C(C(F)(F)F)=C1O,1.082467,0.9555563926696777,0.12691060733032233
hole,XGB,789,42,N#CC1=C(C#N)C1=C1C(O)=C(F)C(F)=C1O,1.023332,1.91924250125885,0.8959105012588502
hole,XGB,789,43,CC1=C(O)C(=C2C(C#N)=C2C#N)C(O)=C1C,0.971537,0.8437359929084778,0.1278010070915222
hole,XGB,789,44,NC1=CC=C(N)C1=C1C=CC=CC=C1,1.474034,1.2295928001403809,0.2444411998596192
hole,XGB,789,45,[PH3]=NC1=CC=C(N=[PH3])C1=C1C=CC=CC=C1,1.035825,2.234456777572632,1.1986317775726318
hole,XGB,789,46,OC1=CC=C(O)C1=C1C=CC=CC=C1,1.355279,0.9206773042678833,0.4346016957321166
hole,XGB,789,47,N#CC1=CC=CC=C(C#N)C1=C1C(O)=CC=C1O,1.576953,2.8161160945892334,1.2391630945892333
hole,XGB,789,48,OC1=CC=C(O)C1=C1C(F)=CC=CC=C1F,2.120878,1.1399661302566528,0.980911869743347
hole,XGB,789,49,N#[N+]C1=CC=CC=C(N=[N-])C1=C1C=CC=C1,0.892364,1.9181082248687744,1.0257442248687743
hole,XGB,789,50,N#CC1=CC=CC=C(C#N)C1=C1C=CC=C1,3.004135,1.0623680353164673,1.941766964683533
hole,XGB,789,51,C1=CC=CC(=C2C=CC=C2)C=C1,0.854762,1.1070175170898438,0.25225551708984373
hole,XGB,789,52,N#CC1=C(C#N)C1=C1C(O)=C(S)C(S)=C1O,1.069918,1.065401554107666,0.004516445892333909
hole,RF,1000,0,BC1=C(B)C1=C1C=CC=C1,1.056733,1.2707630180000005,0.21403001800000054
hole,RF,1000,1,N#CC1=C(C#N)C1=C1C=CC=C1,1.274904,0.8308602959999963,0.4440437040000037
hole,RF,1000,2,NC1=C(N)C1=C1C=CC=C1,0.797353,1.520009588000009,0.7226565880000091
hole,RF,1000,3,OC1=C(O)C1=C1C=CC=C1,0.961014,1.1674914039999993,0.20647740399999925
hole,RF,1000,4,BC1=C(B)C(=C2C=C2)C(B)=C1B,1.405123,1.0382956740000002,0.3668273259999997
hole,RF,1000,5,BC1=CC=C(B)C1=C1C=C1,0.91862,1.2702286140000012,0.3516086140000012
hole,RF,1000,6,BC1=CC(=C2C=C2)C=C1B,1.457644,0.9084389439999986,0.5492050560000014
hole,RF,1000,7,N#CC1=C(C#N)C(=C2C=C2)C(C#N)=C1C#N,0.449254,1.091664553999997,0.6424105539999969
hole,RF,1000,8,N#CC1=CC=C(C#N)C1=C1C=C1,0.502146,2.0809571660000077,1.5788111660000077
hole,RF,1000,9,N#CC1=CC(=C2C=C2)C=C1C#N,0.810642,0.9681965419999997,0.15755454199999974
hole,RF,1000,10,CC1=CC=C(C)C1=C1C(C(F)(F)F)=C1C(F)(F)F,0.776406,0.9162364559999959,0.13983045599999588
hole,RF,1000,11,CC1=C(C)C(=C2C(C#N)=C2C#N)C(C)=C1C,0.778649,0.989120880000001,0.21047188000000094
hole,RF,1000,12,CC1=CC=C(C)C1=C1C(C#N)=C1C#N,0.733821,0.9665072040000008,0.23268620400000084
hole,RF,1000,13,CC1=CC(=C2C(C#N)=C2C#N)C=C1C,1.046008,0.7962361159999993,0.24977188400000072
hole,RF,1000,14,[H]/N=C1\C=C/C(=N\[H])C1=C1C(=N\O)/C1=N/O,1.478661,0.9742505179999993,0.5044104820000007
hole,RF,1000,15,NC1=CC=C(N)C1=C1C([N+](=O)[O-])=C1[N+](=O)[O-],1.574798,1.3772548400000044,0.1975431599999955
hole,RF,1000,16,N#CC1=C(C#N)C1=C1C(N)=C(N)C(N)=C1N,1.91066,1.5266702560000063,0.38398974399999375
hole,RF,1000,17,N#CC1=C(C#N)C1=C1C(N)=CC=C1N,1.479146,1.359489293999999,0.11965670600000111
hole,RF,1000,18,N#CC1=C(C#N)C1=C1C=C(N)C(N)=C1,0.907305,1.074489596,0.16718459600000002
hole,RF,1000,19,NC1=C(N)C(=C2C=C2)C(N)=C1N,1.857024,1.164778632,0.692245368
hole,RF,1000,20,NC1=CC=C(N)C1=C1C=C1,1.431456,1.3685781499999994,0.06287785000000068
hole,RF,1000,21,NC1=CC(=C2C=C2)C=C1N,0.915297,1.1362629100000021,0.2209659100000021
hole,RF,1000,22,CN(C)C1=CC=C(N(C)C)C1=C1C=C1,1.470686,1.3427268639999936,0.1279591360000063
hole,RF,1000,23,CN(C)C1=CC=C(N(C)C)C1=C1C(C#N)=C1C#N,1.501316,1.376725057999999,0.12459094200000109
hole,RF,1000,24,CN(C)C1=CC=C(N(C)C)C1=C1C(N=[N-])=C1[N+]#N,2.428319,1.3254953619999958,1.1028236380000043
hole,RF,1000,25,N#CC1=C(C#N)C1=C1C(N=[PH3])=CC=C1N=[PH3],2.50464,1.044277831999999,1.4603621680000012
hole,RF,1000,26,CP(C)(C)=NC1=CC=C(N=P(C)(C)C)C1=C1C=C1,0.955523,1.0110454339999988,0.05552243399999879
hole,RF,1000,27,CP(C)(C)=NC1=CC=C(N=P(C)(C)C)C1=C1C(C#N)=C1C#N,0.96661,1.5446323739999985,0.5780223739999986
hole,RF,1000,28,BC1=C(B)C1=C1C(O)=CC=C1O,1.537972,1.173077106,0.36489489399999986
hole,RF,1000,29,OC1=CC=C(O)C1=C1C(C(F)(F)F)=C1C(F)(F)F,1.100219,1.2743357059999993,0.1741167059999993
hole,RF,1000,30,N#CC1=C(C#N)C1=C1C(O)=C(O)C(O)=C1O,1.265063,1.0769099059999965,0.18815309400000357
hole,RF,1000,31,N#CC1=C(C#N)C1=C1C(O)=CC=C1O,1.057189,1.2912368740000006,0.2340478740000007
hole,RF,1000,32,N#CC1=C(C#N)C1=C1C=C(O)C(O)=C1,0.617214,0.9303929440000013,0.31317894400000124
hole,RF,1000,33,OC1=C(O)C(=C2C=C2)C(O)=C1O,1.191032,1.0823789759999995,0.10865302400000054
hole,RF,1000,34,OC1=CC=C(O)C1=C1C=C1,0.987746,1.2427427719999975,0.2549967719999975
hole,RF,1000,35,OC1=CC(=C2C=C2)C=C1O,0.708495,0.949205167999998,0.240710167999998
hole,RF,1000,36,COC1=CC=C(OC)C1=C1C(C#N)=C1C#N,0.935198,1.039577911999999,0.10437991199999908
hole,RF,1000,37,COC1=CC(=C2C(C#N)=C2C#N)C=C1OC,0.81175,0.9706408359999976,0.15889083599999765
hole,RF,1000,38,N#CC1=C(C#N)C1=C1C(S)=CC=C1S,1.434819,0.9912825579999991,0.443536442000001
hole,RF,1000,39,ClC1=C(Cl)C(=C2C(c3ccccc3)=C2c2ccccc2)C(Cl)=C1Cl,0.853091,1.1553341279999982,0.3022431279999982
hole,RF,1000,40,C1=CC(=C2C=C2)C=C1,1.106475,0.907948821999997,0.19852617800000305
hole,RF,1000,41,N#CC1=C(C#N)C1=C1C(O)=C(C(F)(F)F)C(C(F)(F)F)=C1O,1.082467,1.048019955999996,0.03444704400000398
hole,RF,1000,42,N#CC1=C(C#N)C1=C1C(O)=C(F)C(F)=C1O,1.023332,1.437769965999999,0.41443796599999905
hole,RF,1000,43,CC1=C(O)C(=C2C(C#N)=C2C#N)C(O)=C1C,0.971537,1.0250714819999935,0.053534481999993555
hole,RF,1000,44,NC1=CC=C(N)C1=C1C=CC=CC=C1,1.474034,1.325719852000008,0.1483141479999921
hole,RF,1000,45,[PH3]=NC1=CC=C(N=[PH3])C1=C1C=CC=CC=C1,1.035825,1.8714075239999992,0.8355825239999992
hole,RF,1000,46,OC1=CC=C(O)C1=C1C=CC=CC=C1,1.355279,1.0079115959999987,0.3473674040000012
hole,RF,1000,47,N#CC1=CC=CC=C(C#N)C1=C1C(O)=CC=C1O,1.576953,2.129263756000003,0.5523107560000029
hole,RF,1000,48,OC1=CC=C(O)C1=C1C(F)=CC=CC=C1F,2.120878,1.205203852,0.9156741479999999
hole,RF,1000,49,N#[N+]C1=CC=CC=C(N=[N-])C1=C1C=CC=C1,0.892364,1.7062607840000017,0.8138967840000016
hole,RF,1000,50,N#CC1=CC=CC=C(C#N)C1=C1C=CC=C1,3.004135,0.9544705499999971,2.049664450000003
hole,RF,1000,51,C1=CC=CC(=C2C=CC=C2)C=C1,0.854762,1.1130771419999976,0.2583151419999976
hole,RF,1000,52,N#CC1=C(C#N)C1=C1C(O)=C(S)C(S)=C1O,1.069918,1.1058123239999995,0.03589432399999959
hole,GP,1000,0,BC1=C(B)C1=C1C=CC=C1,1.056733,1.2193989091803186,0.16266590918031865
hole,GP,1000,1,N#CC1=C(C#N)C1=C1C=CC=C1,1.274904,1.2102293191960622,0.06467468080393779
hole,GP,1000,2,NC1=C(N)C1=C1C=CC=C1,0.797353,1.2327936327475648,0.43544063274756484
hole,GP,1000,3,OC1=C(O)C1=C1C=CC=C1,0.961014,1.2201591048272098,0.25914510482720976
hole,GP,1000,4,BC1=C(B)C(=C2C=C2)C(B)=C1B,1.405123,1.211013601830582,0.19410939816941797
hole,GP,1000,5,BC1=CC=C(B)C1=C1C=C1,0.91862,1.221147418919606,0.3025274189196061
hole,GP,1000,6,BC1=CC(=C2C=C2)C=C1B,1.457644,1.2107481682139498,0.24689583178605012
hole,GP,1000,7,N#CC1=C(C#N)C(=C2C=C2)C(C#N)=C1C#N,0.449254,1.2304010774257188,0.7811470774257188
hole,GP,1000,8,N#CC1=CC=C(C#N)C1=C1C=C1,0.502146,1.6040379497590769,1.101891949759077
hole,GP,1000,9,N#CC1=CC(=C2C=C2)C=C1C#N,0.810642,1.2232016013854434,0.41255960138544345
hole,GP,1000,10,CC1=CC=C(C)C1=C1C(C(F)(F)F)=C1C(F)(F)F,0.776406,1.2238668784537592,0.44746087845375915
hole,GP,1000,11,CC1=C(C)C(=C2C(C#N)=C2C#N)C(C)=C1C,0.778649,1.2237953706875664,0.44514637068756635
hole,GP,1000,12,CC1=CC=C(C)C1=C1C(C#N)=C1C#N,0.733821,1.224673779793785,0.49085277979378505
hole,GP,1000,13,CC1=CC(=C2C(C#N)=C2C#N)C=C1C,1.046008,1.2186488751565998,0.17264087515659976
hole,GP,1000,14,[H]/N=C1\C=C/C(=N\[H])C1=C1C(=N\O)/C1=N/O,1.478661,1.2103623846097282,0.2682986153902718
hole,GP,1000,15,NC1=CC=C(N)C1=C1C([N+](=O)[O-])=C1[N+](=O)[O-],1.574798,1.2085136022335004,0.36628439776649957
hole,GP,1000,16,N#CC1=C(C#N)C1=C1C(N)=C(N)C(N)=C1N,1.91066,1.2020576025196348,0.7086023974803652
hole,GP,1000,17,N#CC1=C(C#N)C1=C1C(N)=CC=C1N,1.479146,1.2103628343099027,0.2687831656900974
hole,GP,1000,18,N#CC1=C(C#N)C1=C1C=C(N)C(N)=C1,0.907305,1.2213272970281346,0.31402229702813456
hole,GP,1000,19,NC1=C(N)C(=C2C=C2)C(N)=C1N,1.857024,1.198692745595555,0.6583312544044451
hole,GP,1000,20,NC1=CC=C(N)C1=C1C=C1,1.431456,1.212226550898416,0.21922944910158404
hole,GP,1000,21,NC1=CC(=C2C=C2)C=C1N,0.915297,1.2211898463295465,0.3058928463295465
hole,GP,1000,22,CN(C)C1=CC=C(N(C)C)C1=C1C=C1,1.470686,1.2105158089530212,0.2601701910469787
hole,GP,1000,23,CN(C)C1=CC=C(N(C)C)C1=C1C(C#N)=C1C#N,1.501316,1.209926440588815,0.29138955941118505
hole,GP,1000,24,CN(C)C1=CC=C(N(C)C)C1=C1C(N=[N-])=C1[N+]#N,2.428319,1.1920997307812462,1.236219269218754
hole,GP,1000,25,N#CC1=C(C#N)C1=C1C(N=[PH3])=CC=C1N=[PH3],2.50464,1.190631980209917,1.3140080197900832
hole,GP,1000,26,CP(C)(C)=NC1=CC=C(N=P(C)(C)C)C1=C1C=C1,0.955523,1.2204226431756684,0.2648996431756684
hole,GP,1000,27,CP(C)(C)=NC1=CC=C(N=P(C)(C)C)C1=C1C(C#N)=C1C#N,0.96661,1.2202106664911048,0.2536006664911048
hole,GP,1000,28,BC1=C(B)C1=C1C(O)=CC=C1O,1.537972,1.2092221496541191,0.3287498503458808
hole,GP,1000,29,OC1=CC=C(O)C1=C1C(C(F)(F)F)=C1C(F)(F)F,1.100219,1.217639986925764,0.11742098692576386
hole,GP,1000,30,N#CC1=C(C#N)C1=C1C(O)=C(O)C(O)=C1O,1.265063,1.2141549332982555,0.050908066701744525
hole,GP,1000,31,N#CC1=C(C#N)C1=C1C(O)=CC=C1O,1.057189,1.218471929040997,0.16128292904099717
hole,GP,1000,32,N#CC1=C(C#N)C1=C1C=C(O)C(O)=C1,0.617214,1.2269060353685157,0.6096920353685157
hole,GP,1000,33,OC1=C(O)C(=C2C=C2)C(O)=C1O,1.191032,1.2147316728672823,0.02369967286728225
hole,GP,1000,34,OC1=CC=C(O)C1=C1C=C1,0.987746,1.222053142087052,0.23430714208705195
hole,GP,1000,35,OC1=CC(=C2C=C2)C=C1O,0.708495,1.2251651127341634,0.5166701127341634
hole,GP,1000,36,COC1=CC=C(OC)C1=C1C(C#N)=C1C#N,0.935198,1.2208097435741272,0.2856117435741272
hole,GP,1000,37,COC1=CC(=C2C(C#N)=C2C#N)C=C1OC,0.81175,1.2231822370910883,0.41143223709108834
hole,GP,1000,38,N#CC1=C(C#N)C1=C1C(S)=CC=C1S,1.434819,1.2112046271571044,0.22361437284289565
hole,GP,1000,39,ClC1=C(Cl)C(=C2C(c3ccccc3)=C2c2ccccc2)C(Cl)=C1Cl,0.853091,1.2223925769127846,0.36930157691278453
hole,GP,1000,40,C1=CC(=C2C=C2)C=C1,1.106475,1.2174447674444486,0.11096976744444853
hole,GP,1000,41,N#CC1=C(C#N)C1=C1C(O)=C(C(F)(F)F)C(C(F)(F)F)=C1O,1.082467,1.2179806988445054,0.13551369884450537
hole,GP,1000,42,N#CC1=C(C#N)C1=C1C(O)=C(F)C(F)=C1O,1.023332,1.219134619088069,0.19580261908806906
hole,GP,1000,43,CC1=C(O)C(=C2C(C#N)=C2C#N)C(O)=C1C,0.971537,1.2201017456114933,0.24856474561149333
hole,GP,1000,44,NC1=CC=C(N)C1=C1C=CC=CC=C1,1.474034,1.211216815765212,0.26281718423478817
hole,GP,1000,45,[PH3]=NC1=CC=C(N=[PH3])C1=C1C=CC=CC=C1,1.035825,1.218878174906691,0.18305317490669104
hole,GP,1000,46,OC1=CC=C(O)C1=C1C=CC=CC=C1,1.355279,1.2090778093410315,0.14620119065896842
hole,GP,1000,47,N#CC1=CC=CC=C(C#N)C1=C1C(O)=CC=C1O,1.576953,1.2084729951402244,0.3684800048597756
hole,GP,1000,48,OC1=CC=C(O)C1=C1C(F)=CC=CC=C1F,2.120878,1.1980123414536414,0.9228656585463584
hole,GP,1000,49,N#[N+]C1=CC=CC=C(N=[N-])C1=C1C=CC=C1,0.892364,1.2216373269205698,0.32927332692056976
hole,GP,1000,50,N#CC1=CC=CC=C(C#N)C1=C1C=CC=C1,3.004135,0.9866752463374231,2.0174597536625773
hole,GP,1000,51,C1=CC=CC(=C2C=CC=C2)C=C1,0.854762,1.2223363844295732,0.36757438442957313
hole,GP,1000,52,N#CC1=C(C#N)C1=C1C(O)=C(S)C(S)=C1O,1.069918,1.2182391886225037,0.14832118862250376
hole,KNN,1000,0,BC1=C(B)C1=C1C=CC=C1,1.056733,1.072793790526316,0.01606079052631615
hole,KNN,1000,1,N#CC1=C(C#N)C1=C1C=CC=C1,1.274904,1.118586124430956,0.15631787556904397
hole,KNN,1000,2,NC1=C(N)C1=C1C=CC=C1,0.797353,1.3653539888888888,0.5680009888888888
hole,KNN,1000,3,OC1=C(O)C1=C1C=CC=C1,0.961014,1.1024009600886917,0.14138696008869167
hole,KNN,1000,4,BC1=C(B)C(=C2C=C2)C(B)=C1B,1.405123,1.2414885025125628,0.16363449748743708
hole,KNN,1000,5,BC1=CC=C(B)C1=C1C=C1,0.91862,1.274306427083333,0.3556864270833331
hole,KNN,1000,6,BC1=CC(=C2C=C2)C=C1B,1.457644,0.8884110861165684,0.5692329138834316
hole,KNN,1000,7,N#CC1=C(C#N)C(=C2C=C2)C(C#N)=C1C#N,0.449254,0.9296710858433734,0.48041708584337345
hole,KNN,1000,8,N#CC1=CC=C(C#N)C1=C1C=C1,0.502146,1.593912658273381,1.091766658273381
hole,KNN,1000,9,N#CC1=CC(=C2C=C2)C=C1C#N,0.810642,1.1911594519153064,0.3805174519153064
hole,KNN,1000,10,CC1=CC=C(C)C1=C1C(C(F)(F)F)=C1C(F)(F)F,0.776406,1.173006079522415,0.39660007952241505
hole,KNN,1000,11,CC1=C(C)C(=C2C(C#N)=C2C#N)C(C)=C1C,0.778649,1.1560715406428814,0.3774225406428814
hole,KNN,1000,12,CC1=CC=C(C)C1=C1C(C#N)=C1C#N,0.733821,1.162660418563923,0.42883941856392316
hole,KNN,1000,13,CC1=CC(=C2C(C#N)=C2C#N)C=C1C,1.046008,0.7098358314785372,0.3361721685214628
hole,KNN,1000,14,[H]/N=C1\C=C/C(=N\[H])C1=C1C(=N\O)/C1=N/O,1.478661,1.1055818372228456,0.37307916277715436
hole,KNN,1000,15,NC1=CC=C(N)C1=C1C([N+](=O)[O-])=C1[N+](=O)[O-],1.574798,1.27045349303115,0.30434450696884996
hole,KNN,1000,16,N#CC1=C(C#N)C1=C1C(N)=C(N)C(N)=C1N,1.91066,1.3780558056460368,0.5326041943539632
hole,KNN,1000,17,N#CC1=C(C#N)C1=C1C(N)=CC=C1N,1.479146,1.2170011383537653,0.26214486164623474
hole,KNN,1000,18,N#CC1=C(C#N)C1=C1C=C(N)C(N)=C1,0.907305,0.8829202448569993,0.024384755143000758
hole,KNN,1000,19,NC1=C(N)C(=C2C=C2)C(N)=C1N,1.857024,1.102938753768844,0.754085246231156
hole,KNN,1000,20,NC1=CC=C(N)C1=C1C=C1,1.431456,1.2735395031267767,0.1579164968732234
hole,KNN,1000,21,NC1=CC(=C2C=C2)C=C1N,0.915297,1.0682686797570426,0.15297167975704262
hole,KNN,1000,22,CN(C)C1=CC=C(N(C)C)C1=C1C=C1,1.470686,1.460045785290629,0.010640214709370932
hole,KNN,1000,23,CN(C)C1=CC=C(N(C)C)C1=C1C(C#N)=C1C#N,1.501316,1.2016751396648044,0.29964086033519566
hole,KNN,1000,24,CN(C)C1=CC=C(N(C)C)C1=C1C(N=[N-])=C1[N+]#N,2.428319,1.1871968225865666,1.2411221774134336
hole,KNN,1000,25,N#CC1=C(C#N)C1=C1C(N=[PH3])=CC=C1N=[PH3],2.50464,1.103150272070054,1.4014897279299463
hole,KNN,1000,26,CP(C)(C)=NC1=CC=C(N=P(C)(C)C)C1=C1C=C1,0.955523,1.067984935150571,0.11246193515057101
hole,KNN,1000,27,CP(C)(C)=NC1=CC=C(N=P(C)(C)C)C1=C1C(C#N)=C1C#N,0.96661,1.364572645235019,0.3979626452350191
hole,KNN,1000,28,BC1=C(B)C1=C1C(O)=CC=C1O,1.537972,1.3278881125836504,0.21008388741634954
hole,KNN,1000,29,OC1=CC=C(O)C1=C1C(C(F)(F)F)=C1C(F)(F)F,1.100219,1.2979455554352866,0.1977265554352865
hole,KNN,1000,30,N#CC1=C(C#N)C1=C1C(O)=C(O)C(O)=C1O,1.265063,1.0380954117647059,0.22696758823529417
hole,KNN,1000,31,N#CC1=C(C#N)C1=C1C(O)=CC=C1O,1.057189,1.13633473693086,0.07914573693086013
hole,KNN,1000,32,N#CC1=C(C#N)C1=C1C=C(O)C(O)=C1,0.617214,0.8627927029603613,0.24557870296036122
hole,KNN,1000,33,OC1=C(O)C(=C2C=C2)C(O)=C1O,1.191032,1.2427405328795271,0.051708532879527036
hole,KNN,1000,34,OC1=CC=C(O)C1=C1C=C1,0.987746,1.196020480761757,0.20827448076175692
hole,KNN,1000,35,OC1=CC(=C2C=C2)C=C1O,0.708495,0.9668487060657893,0.25835370606578933
hole,KNN,1000,36,COC1=CC=C(OC)C1=C1C(C#N)=C1C#N,0.935198,1.260573756733041,0.3253757567330411
hole,KNN,1000,37,COC1=CC(=C2C(C#N)=C2C#N)C=C1OC,0.81175,0.8097116790590406,0.0020383209409593483
hole,KNN,1000,38,N#CC1=C(C#N)C1=C1C(S)=CC=C1S,1.434819,1.1622056993670884,0.27261330063291167
hole,KNN,1000,39,ClC1=C(Cl)C(=C2C(c3ccccc3)=C2c2ccccc2)C(Cl)=C1Cl,0.853091,1.3619862881508427,0.5088952881508426
hole,KNN,1000,40,C1=CC(=C2C=C2)C=C1,1.106475,0.9604388084388183,0.14603619156118175
hole,KNN,1000,41,N#CC1=C(C#N)C1=C1C(O)=C(C(F)(F)F)C(C(F)(F)F)=C1O,1.082467,1.0822573796912387,0.00020962030876137128
hole,KNN,1000,42,N#CC1=C(C#N)C1=C1C(O)=C(F)C(F)=C1O,1.023332,1.0992479773200645,0.07591597732006461
hole,KNN,1000,43,CC1=C(O)C(=C2C(C#N)=C2C#N)C(O)=C1C,0.971537,1.0526878523862377,0.08115085238623776
hole,KNN,1000,44,NC1=CC=C(N)C1=C1C=CC=CC=C1,1.474034,1.1421455068493152,0.3318884931506849
hole,KNN,1000,45,[PH3]=NC1=CC=C(N=[PH3])C1=C1C=CC=CC=C1,1.035825,1.4397544338093573,0.4039294338093573
hole,KNN,1000,46,OC1=CC=C(O)C1=C1C=CC=CC=C1,1.355279,1.0482155002419746,0.30706349975802527
hole,KNN,1000,47,N#CC1=CC=CC=C(C#N)C1=C1C(O)=CC=C1O,1.576953,1.665574676975945,0.08862167697594492
hole,KNN,1000,48,OC1=CC=C(O)C1=C1C(F)=CC=CC=C1F,2.120878,1.256040075416545,0.8648379245834548
hole,KNN,1000,49,N#[N+]C1=CC=CC=C(N=[N-])C1=C1C=CC=C1,0.892364,1.6390436651270206,0.7466796651270206
hole,KNN,1000,50,N#CC1=CC=CC=C(C#N)C1=C1C=CC=C1,3.004135,1.0516502504282117,1.9524847495717885
hole,KNN,1000,51,C1=CC=CC(=C2C=CC=C2)C=C1,0.854762,1.170548283121597,0.31578628312159696
hole,KNN,1000,52,N#CC1=C(C#N)C1=C1C(O)=C(S)C(S)=C1O,1.069918,1.1517239491525422,0.08180594915254225
hole,XGB,1000,0,BC1=C(B)C1=C1C=CC=C1,1.056733,1.3051825761795044,0.24844957617950447
hole,XGB,1000,1,N#CC1=C(C#N)C1=C1C=CC=C1,1.274904,0.7259950637817383,0.5489089362182618
hole,XGB,1000,2,NC1=C(N)C1=C1C=CC=C1,0.797353,1.718953013420105,0.921600013420105
hole,XGB,1000,3,OC1=C(O)C1=C1C=CC=C1,0.961014,1.2038642168045044,0.24285021680450436
hole,XGB,1000,4,BC1=C(B)C(=C2C=C2)C(B)=C1B,1.405123,1.0349433422088623,0.3701796577911376
hole,XGB,1000,5,BC1=CC=C(B)C1=C1C=C1,0.91862,1.3694403171539307,0.45082031715393067
hole,XGB,1000,6,BC1=CC(=C2C=C2)C=C1B,1.457644,0.8671354651451111,0.5905085348548889
hole,XGB,1000,7,N#CC1=C(C#N)C(=C2C=C2)C(C#N)=C1C#N,0.449254,1.1090799570083618,0.6598259570083618
hole,XGB,1000,8,N#CC1=CC=C(C#N)C1=C1C=C1,0.502146,2.204432725906372,1.702286725906372
hole,XGB,1000,9,N#CC1=CC(=C2C=C2)C=C1C#N,0.810642,0.802051842212677,0.008590157787322972
hole,XGB,1000,10,CC1=CC=C(C)C1=C1C(C(F)(F)F)=C1C(F)(F)F,0.776406,1.0396479368209839,0.26324193682098385
hole,XGB,1000,11,CC1=C(C)C(=C2C(C#N)=C2C#N)C(C)=C1C,0.778649,0.9878050684928894,0.20915606849288937
hole,XGB,1000,12,CC1=CC=C(C)C1=C1C(C#N)=C1C#N,0.733821,1.0137972831726074,0.2799762831726075
hole,XGB,1000,13,CC1=CC(=C2C(C#N)=C2C#N)C=C1C,1.046008,0.6851716637611389,0.36083633623886113
hole,XGB,1000,14,[H]/N=C1\C=C/C(=N\[H])C1=C1C(=N\O)/C1=N/O,1.478661,0.9881612658500671,0.49049973414993286
hole,XGB,1000,15,NC1=CC=C(N)C1=C1C([N+](=O)[O-])=C1[N+](=O)[O-],1.574798,1.506734848022461,0.06806315197753898
hole,XGB,1000,16,N#CC1=C(C#N)C1=C1C(N)=C(N)C(N)=C1N,1.91066,2.1584110260009766,0.24775102600097654
hole,XGB,1000,17,N#CC1=C(C#N)C1=C1C(N)=CC=C1N,1.479146,1.4189162254333496,0.06022977456665046
hole,XGB,1000,18,N#CC1=C(C#N)C1=C1C=C(N)C(N)=C1,0.907305,1.085728645324707,0.178423645324707
hole,XGB,1000,19,NC1=C(N)C(=C2C=C2)C(N)=C1N,1.857024,0.9256219267845154,0.9314020732154846
hole,XGB,1000,20,NC1=CC=C(N)C1=C1C=C1,1.431456,1.3356784582138062,0.09577754178619391
hole,XGB,1000,21,NC1=CC(=C2C=C2)C=C1N,0.915297,1.2089053392410278,0.2936083392410278
hole,XGB,1000,22,CN(C)C1=CC=C(N(C)C)C1=C1C=C1,1.470686,1.5491228103637695,0.0784368103637696
hole,XGB,1000,23,CN(C)C1=CC=C(N(C)C)C1=C1C(C#N)=C1C#N,1.501316,1.3917545080184937,0.10956149198150644
hole,XGB,1000,24,CN(C)C1=CC=C(N(C)C)C1=C1C(N=[N-])=C1[N+]#N,2.428319,1.301222324371338,1.1270966756286622
hole,XGB,1000,25,N#CC1=C(C#N)C1=C1C(N=[PH3])=CC=C1N=[PH3],2.50464,1.0807626247406006,1.4238773752593996
hole,XGB,1000,26,CP(C)(C)=NC1=CC=C(N=P(C)(C)C)C1=C1C=C1,0.955523,0.5129795074462891,0.44254349255371095
hole,XGB,1000,27,CP(C)(C)=NC1=CC=C(N=P(C)(C)C)C1=C1C(C#N)=C1C#N,0.96661,2.019597291946411,1.0529872919464112
hole,XGB,1000,28,BC1=C(B)C1=C1C(O)=CC=C1O,1.537972,1.2526123523712158,0.2853596476287841
hole,XGB,1000,29,OC1=CC=C(O)C1=C1C(C(F)(F)F)=C1C(F)(F)F,1.100219,1.3119959831237793,0.21177698312377924
hole,XGB,1000,30,N#CC1=C(C#N)C1=C1C(O)=C(O)C(O)=C1O,1.265063,1.0071145296096802,0.2579484703903199
hole,XGB,1000,31,N#CC1=C(C#N)C1=C1C(O)=CC=C1O,1.057189,1.220943808555603,0.1637548085556031
hole,XGB,1000,32,N#CC1=C(C#N)C1=C1C=C(O)C(O)=C1,0.617214,0.8540591597557068,0.23684515975570675
hole,XGB,1000,33,OC1=C(O)C(=C2C=C2)C(O)=C1O,1.191032,1.0593706369400024,0.13166136305999765
hole,XGB,1000,34,OC1=CC=C(O)C1=C1C=C1,0.987746,1.2754952907562256,0.2877492907562256
hole,XGB,1000,35,OC1=CC(=C2C=C2)C=C1O,0.708495,0.921259343624115,0.212764343624115
hole,XGB,1000,36,COC1=CC=C(OC)C1=C1C(C#N)=C1C#N,0.935198,1.2257311344146729,0.2905331344146729
hole,XGB,1000,37,COC1=CC(=C2C(C#N)=C2C#N)C=C1OC,0.81175,0.9480626583099365,0.13631265830993655
hole,XGB,1000,38,N#CC1=C(C#N)C1=C1C(S)=CC=C1S,1.434819,1.0829381942749023,0.3518808057250977
hole,XGB,1000,39,ClC1=C(Cl)C(=C2C(c3ccccc3)=C2c2ccccc2)C(Cl)=C1Cl,0.853091,1.3111445903778076,0.4580535903778076
hole,XGB,1000,40,C1=CC(=C2C=C2)C=C1,1.106475,0.9162047505378723,0.19027024946212778
hole,XGB,1000,41,N#CC1=C(C#N)C1=C1C(O)=C(C(F)(F)F)C(C(F)(F)F)=C1O,1.082467,0.9609699845314026,0.12149701546859748
hole,XGB,1000,42,N#CC1=C(C#N)C1=C1C(O)=C(F)C(F)=C1O,1.023332,1.8392635583877563,0.8159315583877564
hole,XGB,1000,43,CC1=C(O)C(=C2C(C#N)=C2C#N)C(O)=C1C,0.971537,0.8289285898208618,0.14260841017913817
hole,XGB,1000,44,NC1=CC=C(N)C1=C1C=CC=CC=C1,1.474034,1.2497937679290771,0.22424023207092292
hole,XGB,1000,45,[PH3]=NC1=CC=C(N=[PH3])C1=C1C=CC=CC=C1,1.035825,2.1437697410583496,1.1079447410583496
hole,XGB,1000,46,OC1=CC=C(O)C1=C1C=CC=CC=C1,1.355279,0.9097967743873596,0.4454822256126403
hole,XGB,1000,47,N#CC1=CC=CC=C(C#N)C1=C1C(O)=CC=C1O,1.576953,2.9540586471557617,1.3771056471557617
hole,XGB,1000,48,OC1=CC=C(O)C1=C1C(F)=CC=CC=C1F,2.120878,1.12949800491333,0.9913799950866697
hole,XGB,1000,49,N#[N+]C1=CC=CC=C(N=[N-])C1=C1C=CC=C1,0.892364,1.8743996620178223,0.9820356620178222
hole,XGB,1000,50,N#CC1=CC=CC=C(C#N)C1=C1C=CC=C1,3.004135,1.0698015689849854,1.9343334310150149
hole,XGB,1000,51,C1=CC=CC(=C2C=CC=C2)C=C1,0.854762,1.1002404689788818,0.24547846897888181
hole,XGB,1000,52,N#CC1=C(C#N)C1=C1C(O)=C(S)C(S)=C1O,1.069918,1.1043328046798706,0.03441480467987068
triplet,RF,42,0,NC1=C(N)C1=C1C=CC=C1,1.25521867,2.624063434280003,1.368844764280003
triplet,RF,42,1,OC1=C(O)C1=C1C=CC=C1,2.71605898,2.0556934156599906,0.6603655643400095
triplet,RF,42,2,BC1=C(B)C(=C2C=C2)C(B)=C1B,3.40518544,3.0086432781599965,0.39654216184000335
triplet,RF,42,3,BC1=CC=C(B)C1=C1C=C1,2.48114461,3.2396814821799884,0.7585368721799886
triplet,RF,42,4,BC1=CC(=C2C=C2)C=C1B,3.43119687,3.0619558314000064,0.3692410385999936
triplet,RF,42,5,N#CC1=C(C#N)C(=C2C=C2)C(C#N)=C1C#N,4.27279505,2.524634109519997,1.7481609404800031
triplet,RF,42,6,N#CC1=CC=C(C#N)C1=C1C=C1,4.05784259,2.8941193001600025,1.1637232898399974
triplet,RF,42,7,N#CC1=CC(=C2C=C2)C=C1C#N,3.35453075,3.3252376719400014,0.02929307805999848
triplet,RF,42,8,CC1=CC=C(C)C1=C1C(C(F)(F)F)=C1C(F)(F)F,2.86847676,2.670707056719998,0.19776970328000187
triplet,RF,42,9,CC1=C(C)C(=C2C(C#N)=C2C#N)C(C)=C1C,2.18937966,2.694161897460004,0.5047822374600037
triplet,RF,42,10,CC1=CC=C(C)C1=C1C(C#N)=C1C#N,2.14065288,2.880753158440002,0.7401002784400017
triplet,RF,42,11,CC1=CC(=C2C(C#N)=C2C#N)C=C1C,1.49512656,1.7470786645999954,0.2519521045999953
triplet,RF,42,12,[H]/N=C1\C=C/C(=N\[H])C1=C1C(=N\O)/C1=N/O,1.04662872,2.629799173199999,1.583170453199999
triplet,RF,42,13,N#CC1=C(C#N)C1=C1C(N)=C(N)C(N)=C1N,2.62711275,2.4446728654399963,0.18243988456000393
triplet,RF,42,14,N#CC1=C(C#N)C1=C1C(N)=CC=C1N,3.02222278,2.7261163619800017,0.29610641801999815
triplet,RF,42,15,N#CC1=C(C#N)C1=C1C=C(N)C(N)=C1,1.63013681,1.7334341441399994,0.10329733413999942
triplet,RF,42,16,NC1=C(N)C(=C2C=C2)C(N)=C1N,3.39792325,2.317782192759991,1.080141057240009
triplet,RF,42,17,NC1=CC(=C2C=C2)C=C1N,2.99018038,3.2096323257199977,0.2194519457199977
triplet,RF,42,18,CN(C)C1=CC=C(N(C)C)C1=C1C=C1,3.00781906,2.9116908601000007,0.09612819989999943
triplet,RF,42,19,CN(C)C1=CC=C(N(C)C)C1=C1C(C#N)=C1C#N,3.00799857,2.8213545446399975,0.18664402536000235
triplet,RF,42,20,CN(C)C1=CC=C(N(C)C)C1=C1C(N=[N-])=C1[N+]#N,3.16354889,2.3930633244800026,0.7704855655199974
triplet,RF,42,21,N#CC1=C(C#N)C1=C1C(N=[PH3])=CC=C1N=[PH3],1.88805018,2.764222570139997,0.8761723901399971
triplet,RF,42,22,CP(C)(C)=NC1=CC=C(N=P(C)(C)C)C1=C1C=C1,3.02055945,2.8015326816799937,0.21902676832000623
triplet,RF,42,23,CP(C)(C)=NC1=CC=C(N=P(C)(C)C)C1=C1C(C#N)=C1C#N,2.74405644,2.435407919420003,0.30864852057999714
triplet,RF,42,24,BC1=C(B)C1=C1C(O)=CC=C1O,3.56962935,2.9694331428600056,0.6001962071399944
triplet,RF,42,25,OC1=CC=C(O)C1=C1C(C(F)(F)F)=C1C(F)(F)F,3.54330431,2.7888956677800114,0.7544086422199885
triplet,RF,42,26,N#CC1=C(C#N)C1=C1C(O)=C(O)C(O)=C1O,2.6929324,2.7986424770000013,0.10571007700000123
triplet,RF,42,27,N#CC1=C(C#N)C1=C1C(O)=CC=C1O,3.13125312,2.8504828804600026,0.28077023953999714
triplet,RF,42,28,N#CC1=C(C#N)C1=C1C=C(O)C(O)=C1,1.56080286,2.089858630519998,0.5290557705199981
triplet,RF,42,29,OC1=C(O)C(=C2C=C2)C(O)=C1O,2.32308982,3.049859876319996,0.7267700563199964
triplet,RF,42,30,OC1=CC=C(O)C1=C1C=C1,2.10627268,3.015750078639995,0.9094773986399951
triplet,RF,42,31,OC1=CC(=C2C=C2)C=C1O,3.11569027,2.9687810264799968,0.14690924352000323
triplet,RF,42,32,COC1=CC=C(OC)C1=C1C(C#N)=C1C#N,2.81900375,2.741026167399997,0.07797758260000265
triplet,RF,42,33,COC1=CC(=C2C(C#N)=C2C#N)C=C1OC,1.53361236,1.7673409820599975,0.23372862205999745
triplet,RF,42,34,N#CC1=C(C#N)C1=C1C(S)=CC=C1S,2.75938489,2.77484627904,0.01546138903999994
triplet,RF,42,35,ClC1=C(Cl)C(=C2C(c3ccccc3)=C2c2ccccc2)C(Cl)=C1Cl,1.13302599,2.6682580204199993,1.5352320304199993
triplet,RF,42,36,C1=CC(=C2C=C2)C=C1,3.26484228,2.4513594147199953,0.8134828652800046
triplet,RF,42,37,N#CC1=C(C#N)C1=C1C(O)=C(C(F)(F)F)C(C(F)(F)F)=C1O,2.44803367,3.0103458214800036,0.5623121514800036
triplet,RF,42,38,N#CC1=C(C#N)C1=C1C(O)=C(F)C(F)=C1O,3.02943179,2.706890674920009,0.32254111507999106
triplet,RF,42,39,CC1=C(O)C(=C2C(C#N)=C2C#N)C(O)=C1C,3.04229776,2.554427728459999,0.48787003154000086
triplet,RF,42,40,NC1=CC=C(N)C1=C1C=CC=CC=C1,2.74696822,2.4502261458199985,0.2967420741800013
triplet,RF,42,41,[PH3]=NC1=CC=C(N=[PH3])C1=C1C=CC=CC=C1,2.63167866,2.1667953529600013,0.4648833070399987
triplet,RF,42,42,OC1=CC=C(O)C1=C1C=CC=CC=C1,2.91248285,2.467659145920004,0.44482370407999605
triplet,RF,42,43,N#CC1=CC=CC=C(C#N)C1=C1C(O)=CC=C1O,2.72787277,3.130937412980017,0.4030646429800173
triplet,RF,42,44,OC1=CC=C(O)C1=C1C(F)=CC=CC=C1F,2.63564524,3.184034379040009,0.5483891390400091
triplet,RF,42,45,N#[N+]C1=CC=CC=C(N=[N-])C1=C1C=CC=C1,1.67729253,2.68154971432001,1.0042571843200103
triplet,RF,42,46,N#CC1=CC=CC=C(C#N)C1=C1C=CC=C1,2.68134119,2.726192613360001,0.04485142336000125
triplet,RF,42,47,C1=CC=CC(=C2C=CC=C2)C=C1,1.11261958,2.6949874405800074,1.5823678605800073
triplet,RF,42,48,N#CC1=C(C#N)C1=C1C(O)=C(S)C(S)=C1O,2.85983448,2.7947980876000096,0.06503639239999037
triplet,GP,42,0,NC1=C(N)C1=C1C=CC=C1,1.25521867,2.6670202135416665,1.4118015435416664
triplet,GP,42,1,OC1=C(O)C1=C1C=CC=C1,2.71605898,2.6365860404166668,0.07947293958333335
triplet,GP,42,2,BC1=C(B)C(=C2C=C2)C(B)=C1B,3.40518544,2.6222292391666664,0.7829562008333335
triplet,GP,42,3,BC1=CC=C(B)C1=C1C=C1,2.48114461,2.6414800897916666,0.16033547979166674
triplet,GP,42,4,BC1=CC(=C2C=C2)C=C1B,3.43119687,2.621687334375,0.8095095356250002
triplet,GP,42,5,N#CC1=C(C#N)C(=C2C=C2)C(C#N)=C1C#N,4.27279505,2.6041540389583333,1.6686410110416667
triplet,GP,42,6,N#CC1=CC=C(C#N)C1=C1C=C1,4.05784259,2.6086322152083334,1.4492103747916665
triplet,GP,42,7,N#CC1=CC(=C2C=C2)C=C1C#N,3.35453075,2.623284545208333,0.7312462047916668
triplet,GP,42,8,CC1=CC=C(C)C1=C1C(C(F)(F)F)=C1C(F)(F)F,2.86847676,2.6334106699999995,0.23506609000000056
triplet,GP,42,9,CC1=C(C)C(=C2C(C#N)=C2C#N)C(C)=C1C,2.18937966,2.6475585262499997,0.4581788662499995
triplet,GP,42,10,CC1=CC=C(C)C1=C1C(C#N)=C1C#N,2.14065288,2.6485736674999996,0.5079207874999994
triplet,GP,42,11,CC1=CC(=C2C(C#N)=C2C#N)C=C1C,1.49512656,2.6620221324999997,1.1668955724999996
triplet,GP,42,12,[H]/N=C1\C=C/C(=N\[H])C1=C1C(=N\O)/C1=N/O,1.04662872,2.6713658375,1.6247371174999998
triplet,GP,42,13,N#CC1=C(C#N)C1=C1C(N)=C(N)C(N)=C1N,2.62711275,2.638439086875,0.011326336874999843
triplet,GP,42,14,N#CC1=C(C#N)C1=C1C(N)=CC=C1N,3.02222278,2.6302076279166666,0.39201515208333326
triplet,GP,42,15,N#CC1=C(C#N)C1=C1C=C(N)C(N)=C1,1.63013681,2.6592094189583335,1.0290726089583335
triplet,GP,42,16,NC1=C(N)C(=C2C=C2)C(N)=C1N,3.39792325,2.6223805347916667,0.7755427152083332
triplet,GP,42,17,NC1=CC(=C2C=C2)C=C1N,2.99018038,2.6308751779166664,0.3593052020833336
triplet,GP,42,18,CN(C)C1=CC=C(N(C)C)C1=C1C=C1,3.00781906,2.6305077054166666,0.37731135458333354
triplet,GP,42,19,CN(C)C1=CC=C(N(C)C)C1=C1C(C#N)=C1C#N,3.00799857,2.630503965625,0.3774946043749998
triplet,GP,42,20,CN(C)C1=CC=C(N(C)C)C1=C1C(N=[N-])=C1[N+]#N,3.16354889,2.6272633339583336,0.5362855560416664
triplet,GP,42,21,N#CC1=C(C#N)C1=C1C(N=[PH3])=CC=C1N=[PH3],1.88805018,2.65383622375,0.7657860437499999
triplet,GP,42,22,CP(C)(C)=NC1=CC=C(N=P(C)(C)C)C1=C1C=C1,3.02055945,2.630242280625,0.39031716937499983
triplet,GP,42,23,CP(C)(C)=NC1=CC=C(N=P(C)(C)C)C1=C1C(C#N)=C1C#N,2.74405644,2.6360027600000002,0.10805367999999982
triplet,GP,42,24,BC1=C(B)C1=C1C(O)=CC=C1O,3.56962935,2.618803324375,0.9508260256250001
triplet,GP,42,25,OC1=CC=C(O)C1=C1C(C(F)(F)F)=C1C(F)(F)F,3.54330431,2.6193517627083334,0.9239525472916665
triplet,GP,42,26,N#CC1=C(C#N)C1=C1C(O)=C(O)C(O)=C1O,2.6929324,2.637067844166667,0.055864555833333274
triplet,GP,42,27,N#CC1=C(C#N)C1=C1C(O)=CC=C1O,3.13125312,2.6279361624999997,0.5033169575
triplet,GP,42,28,N#CC1=C(C#N)C1=C1C=C(O)C(O)=C1,1.56080286,2.66065387625,1.0998510162500001
triplet,GP,42,29,OC1=C(O)C(=C2C=C2)C(O)=C1O,2.32308982,2.644772897916667,0.32168307791666706
triplet,GP,42,30,OC1=CC=C(O)C1=C1C=C1,2.10627268,2.6492899216666665,0.5430172416666665
triplet,GP,42,31,OC1=CC(=C2C=C2)C=C1O,3.11569027,2.628260388541667,0.4874298814583331
triplet,GP,42,32,COC1=CC=C(OC)C1=C1C(C#N)=C1C#N,2.81900375,2.6344413577083334,0.18456239229166638
triplet,GP,42,33,COC1=CC(=C2C(C#N)=C2C#N)C=C1OC,1.53361236,2.661220345,1.1276079849999998
triplet,GP,42,34,N#CC1=C(C#N)C1=C1C(S)=CC=C1S,2.75938489,2.6356834172916668,0.12370147270833343
triplet,GP,42,35,ClC1=C(Cl)C(=C2C(c3ccccc3)=C2c2ccccc2)C(Cl)=C1Cl,1.13302599,2.669565894375,1.5365399043749999
triplet,GP,42,36,C1=CC(=C2C=C2)C=C1,3.26484228,2.625116508568434,0.6397257714315661
triplet,GP,42,37,N#CC1=C(C#N)C1=C1C(O)=C(C(F)(F)F)C(C(F)(F)F)=C1O,2.44803367,2.6421699010416666,0.19413623104166655
triplet,GP,42,38,N#CC1=C(C#N)C1=C1C(O)=C(F)C(F)=C1O,3.02943179,2.630057440208333,0.39937434979166664
triplet,GP,42,39,CC1=C(O)C(=C2C(C#N)=C2C#N)C(O)=C1C,3.04229776,2.6297893991666665,0.4125083608333333
triplet,GP,42,40,NC1=CC=C(N)C1=C1C=CC=CC=C1,2.74696822,2.635942097916667,0.11102612208333307
triplet,GP,42,41,[PH3]=NC1=CC=C(N=[PH3])C1=C1C=CC=CC=C1,2.63167866,2.63834396375,0.006665303750000184
triplet,GP,42,42,OC1=CC=C(O)C1=C1C=CC=CC=C1,2.91248285,2.632493876458333,0.27998897354166674
triplet,GP,42,43,N#CC1=CC=CC=C(C#N)C1=C1C(O)=CC=C1O,2.72787277,2.636339919791667,0.09153285020833302
triplet,GP,42,44,OC1=CC=C(O)C1=C1C(F)=CC=CC=C1F,2.63564524,2.6382613266666666,0.0026160866666664617
triplet,GP,42,45,N#[N+]C1=CC=CC=C(N=[N-])C1=C1C=CC=C1,1.67729253,2.658227008125,0.980934478125
triplet,GP,42,46,N#CC1=CC=CC=C(C#N)C1=C1C=CC=C1,2.68134119,2.6373093277083335,0.044031862291666446
triplet,GP,42,47,C1=CC=CC(=C2C=CC=C2)C=C1,1.11261958,2.6700522700384566,1.5574326900384565
triplet,GP,42,48,N#CC1=C(C#N)C1=C1C(O)=C(S)C(S)=C1O,2.85983448,2.6335907175,0.22624376249999978
triplet,KNN,42,0,NC1=C(N)C1=C1C=CC=C1,1.25521867,2.750598082921348,1.495379412921348
triplet,KNN,42,1,OC1=C(O)C1=C1C=CC=C1,2.71605898,2.379858394019925,0.33620058598007496
triplet,KNN,42,2,BC1=C(B)C(=C2C=C2)C(B)=C1B,3.40518544,2.737987947950503,0.667197492049497
triplet,KNN,42,3,BC1=CC=C(B)C1=C1C=C1,2.48114461,2.957077485027517,0.47593287502751735
triplet,KNN,42,4,BC1=CC(=C2C=C2)C=C1B,3.43119687,3.034042518740995,0.397154351259005
triplet,KNN,42,5,N#CC1=C(C#N)C(=C2C=C2)C(C#N)=C1C#N,4.27279505,2.0495781914999993,2.2232168585000007
triplet,KNN,42,6,N#CC1=CC=C(C#N)C1=C1C=C1,4.05784259,3.0947100979414452,0.9631324920585547
triplet,KNN,42,7,N#CC1=CC(=C2C=C2)C=C1C#N,3.35453075,3.5380067230079204,0.1834759730079205
triplet,KNN,42,8,CC1=CC=C(C)C1=C1C(C(F)(F)F)=C1C(F)(F)F,2.86847676,2.5473231357152515,0.3211536242847486
triplet,KNN,42,9,CC1=C(C)C(=C2C(C#N)=C2C#N)C(C)=C1C,2.18937966,2.4278005993832044,0.2384209393832042
triplet,KNN,42,10,CC1=CC=C(C)C1=C1C(C#N)=C1C#N,2.14065288,2.5430688577232927,0.4024159777232925
triplet,KNN,42,11,CC1=CC(=C2C(C#N)=C2C#N)C=C1C,1.49512656,2.176189856263911,0.6810632962639107
triplet,KNN,42,12,[H]/N=C1\C=C/C(=N\[H])C1=C1C(=N\O)/C1=N/O,1.04662872,2.535620746178944,1.4889920261789442
triplet,KNN,42,13,N#CC1=C(C#N)C1=C1C(N)=C(N)C(N)=C1N,2.62711275,2.3164877016883816,0.31062504831161863
triplet,KNN,42,14,N#CC1=C(C#N)C1=C1C(N)=CC=C1N,3.02222278,2.4464782098949214,0.5757445701050785
triplet,KNN,42,15,N#CC1=C(C#N)C1=C1C=C(N)C(N)=C1,1.63013681,2.336162239823131,0.706025429823131
triplet,KNN,42,16,NC1=C(N)C(=C2C=C2)C(N)=C1N,3.39792325,2.3250277365041256,1.0728955134958742
triplet,KNN,42,17,NC1=CC(=C2C=C2)C=C1N,2.99018038,2.968120855976355,0.022059524023644972
triplet,KNN,42,18,CN(C)C1=CC=C(N(C)C)C1=C1C=C1,3.00781906,2.7661161621027803,0.24170289789721977
triplet,KNN,42,19,CN(C)C1=CC=C(N(C)C)C1=C1C(C#N)=C1C#N,3.00799857,2.810567436226161,0.19743113377383903
triplet,KNN,42,20,CN(C)C1=CC=C(N(C)C)C1=C1C(N=[N-])=C1[N+]#N,3.16354889,2.6693882813260563,0.4941606086739436
triplet,KNN,42,21,N#CC1=C(C#N)C1=C1C(N=[PH3])=CC=C1N=[PH3],1.88805018,2.770251714256186,0.8822015342561862
triplet,KNN,42,22,CP(C)(C)=NC1=CC=C(N=P(C)(C)C)C1=C1C=C1,3.02055945,2.6081534325067497,0.41240601749325023
triplet,KNN,42,23,CP(C)(C)=NC1=CC=C(N=P(C)(C)C)C1=C1C(C#N)=C1C#N,2.74405644,2.5518741203253072,0.1921823196746928
triplet,KNN,42,24,BC1=C(B)C1=C1C(O)=CC=C1O,3.56962935,2.8595405616402045,0.7100887883597955
triplet,KNN,42,25,OC1=CC=C(O)C1=C1C(C(F)(F)F)=C1C(F)(F)F,3.54330431,2.866841894875522,0.6764624151244778
triplet,KNN,42,26,N#CC1=C(C#N)C1=C1C(O)=C(O)C(O)=C1O,2.6929324,2.9087301295588235,0.21579772955882337
triplet,KNN,42,27,N#CC1=C(C#N)C1=C1C(O)=CC=C1O,3.13125312,2.545020595177066,0.5862325248229339
triplet,KNN,42,28,N#CC1=C(C#N)C1=C1C=C(O)C(O)=C1,1.56080286,2.3724221982526337,0.8116193382526338
triplet,KNN,42,29,OC1=C(O)C(=C2C=C2)C(O)=C1O,2.32308982,2.7972141899666068,0.4741243699666069
triplet,KNN,42,30,OC1=CC=C(O)C1=C1C=C1,2.10627268,2.9119540154644383,0.8056813354644383
triplet,KNN,42,31,OC1=CC(=C2C=C2)C=C1O,3.11569027,2.6998521682072583,0.4158381017927417
triplet,KNN,42,32,COC1=CC=C(OC)C1=C1C(C#N)=C1C#N,2.81900375,2.213815737888964,0.6051880121110358
triplet,KNN,42,33,COC1=CC(=C2C(C#N)=C2C#N)C=C1OC,1.53361236,2.3100416260691885,0.7764292660691885
triplet,KNN,42,34,N#CC1=C(C#N)C1=C1C(S)=CC=C1S,2.75938489,2.6212308899683543,0.1381540000316459
triplet,KNN,42,35,ClC1=C(Cl)C(=C2C(c3ccccc3)=C2c2ccccc2)C(Cl)=C1Cl,1.13302599,2.9198415036756247,1.7868155136756247
triplet,KNN,42,36,C1=CC(=C2C=C2)C=C1,3.26484228,1.8974122999554563,1.3674299800445435
triplet,KNN,42,37,N#CC1=C(C#N)C1=C1C(O)=C(C(F)(F)F)C(C(F)(F)F)=C1O,2.44803367,2.9399139357304405,0.4918802657304404
triplet,KNN,42,38,N#CC1=C(C#N)C1=C1C(O)=C(F)C(F)=C1O,3.02943179,2.817293319155288,0.21213847084471205
triplet,KNN,42,39,CC1=C(O)C(=C2C(C#N)=C2C#N)C(O)=C1C,3.04229776,2.649805775240011,0.3924919847599888
triplet,KNN,42,40,NC1=CC=C(N)C1=C1C=CC=CC=C1,2.74696822,2.0930700515071465,0.6538981684928533
triplet,KNN,42,41,[PH3]=NC1=CC=C(N=[PH3])C1=C1C=CC=CC=C1,2.63167866,2.34834114965228,0.28333751034772003
triplet,KNN,42,42,OC1=CC=C(O)C1=C1C=CC=CC=C1,2.91248285,2.25188373601226,0.6605991139877401
triplet,KNN,42,43,N#CC1=CC=CC=C(C#N)C1=C1C(O)=CC=C1O,2.72787277,3.1830935967353953,0.45522082673539543
triplet,KNN,42,44,OC1=CC=C(O)C1=C1C(F)=CC=CC=C1F,2.63564524,3.03214281723765,0.3964975772376498
triplet,KNN,42,45,N#[N+]C1=CC=CC=C(N=[N-])C1=C1C=CC=C1,1.67729253,2.4566250278215525,0.7793324978215526
triplet,KNN,42,46,N#CC1=CC=CC=C(C#N)C1=C1C=CC=C1,2.68134119,3.514233978521333,0.8328927885213329
triplet,KNN,42,47,C1=CC=CC(=C2C=CC=C2)C=C1,1.11261958,2.762898717005444,1.6502791370054442
triplet,KNN,42,48,N#CC1=C(C#N)C1=C1C(O)=C(S)C(S)=C1O,2.85983448,2.800155520860496,0.05967895913950416
triplet,XGB,42,0,NC1=C(N)C1=C1C=CC=C1,1.25521867,2.283534288406372,1.028315618406372
triplet,XGB,42,1,OC1=C(O)C1=C1C=CC=C1,2.71605898,1.2678931951522827,1.4481657848477174
triplet,XGB,42,2,BC1=C(B)C(=C2C=C2)C(B)=C1B,3.40518544,3.2248544692993164,0.1803309707006835
triplet,XGB,42,3,BC1=CC=C(B)C1=C1C=C1,2.48114461,3.5136687755584717,1.0325241655584718
triplet,XGB,42,4,BC1=CC(=C2C=C2)C=C1B,3.43119687,3.195464611053467,0.23573225894653316
triplet,XGB,42,5,N#CC1=C(C#N)C(=C2C=C2)C(C#N)=C1C#N,4.27279505,2.6017141342163086,1.6710809157836914
triplet,XGB,42,6,N#CC1=CC=C(C#N)C1=C1C=C1,4.05784259,2.880627393722534,1.1772151962774657
triplet,XGB,42,7,N#CC1=CC(=C2C=C2)C=C1C#N,3.35453075,3.648322343826294,0.29379159382629405
triplet,XGB,42,8,CC1=CC=C(C)C1=C1C(C(F)(F)F)=C1C(F)(F)F,2.86847676,2.3807151317596436,0.4877616282403565
triplet,XGB,42,9,CC1=C(C)C(=C2C(C#N)=C2C#N)C(C)=C1C,2.18937966,2.421308994293213,0.23192933429321272
triplet,XGB,42,10,CC1=CC=C(C)C1=C1C(C#N)=C1C#N,2.14065288,2.9195468425750732,0.778893962575073
triplet,XGB,42,11,CC1=CC(=C2C(C#N)=C2C#N)C=C1C,1.49512656,1.5385229587554932,0.04339639875549306
triplet,XGB,42,12,[H]/N=C1\C=C/C(=N\[H])C1=C1C(=N\O)/C1=N/O,1.04662872,2.4736318588256836,1.4270031388256836
triplet,XGB,42,13,N#CC1=C(C#N)C1=C1C(N)=C(N)C(N)=C1N,2.62711275,1.6992926597595215,0.9278200902404787
triplet,XGB,42,14,N#CC1=C(C#N)C1=C1C(N)=CC=C1N,3.02222278,2.7895660400390625,0.2326567399609374
triplet,XGB,42,15,N#CC1=C(C#N)C1=C1C=C(N)C(N)=C1,1.63013681,1.6964291334152222,0.06629232341522218
triplet,XGB,42,16,NC1=C(N)C(=C2C=C2)C(N)=C1N,3.39792325,2.852477550506592,0.545445699493408
triplet,XGB,42,17,NC1=CC(=C2C=C2)C=C1N,2.99018038,3.413482904434204,0.42330252443420413
triplet,XGB,42,18,CN(C)C1=CC=C(N(C)C)C1=C1C=C1,3.00781906,3.1949455738067627,0.1871265138067626
triplet,XGB,42,19,CN(C)C1=CC=C(N(C)C)C1=C1C(C#N)=C1C#N,3.00799857,2.790377616882324,0.2176209531176756
triplet,XGB,42,20,CN(C)C1=CC=C(N(C)C)C1=C1C(N=[N-])=C1[N+]#N,3.16354889,2.0822176933288574,1.0813311966711425
triplet,XGB,42,21,N#CC1=C(C#N)C1=C1C(N=[PH3])=CC=C1N=[PH3],1.88805018,2.8454291820526123,0.9573790020526123
triplet,XGB,42,22,CP(C)(C)=NC1=CC=C(N=P(C)(C)C)C1=C1C=C1,3.02055945,3.2423458099365234,0.22178635993652351
triplet,XGB,42,23,CP(C)(C)=NC1=CC=C(N=P(C)(C)C)C1=C1C(C#N)=C1C#N,2.74405644,2.1358370780944824,0.6082193619055176
triplet,XGB,42,24,BC1=C(B)C1=C1C(O)=CC=C1O,3.56962935,2.8923418521881104,0.6772874978118897
triplet,XGB,42,25,OC1=CC=C(O)C1=C1C(C(F)(F)F)=C1C(F)(F)F,3.54330431,3.0674073696136475,0.47589694038635244
triplet,XGB,42,26,N#CC1=C(C#N)C1=C1C(O)=C(O)C(O)=C1O,2.6929324,2.8121895790100098,0.11925717901000965
triplet,XGB,42,27,N#CC1=C(C#N)C1=C1C(O)=CC=C1O,3.13125312,2.9957668781280518,0.13548624187194802
triplet,XGB,42,28,N#CC1=C(C#N)C1=C1C=C(O)C(O)=C1,1.56080286,2.0989747047424316,0.5381718447424317
triplet,XGB,42,29,OC1=C(O)C(=C2C=C2)C(O)=C1O,2.32308982,3.3265607357025146,1.0034709157025148
triplet,XGB,42,30,OC1=CC=C(O)C1=C1C=C1,2.10627268,3.186453342437744,1.0801806624377441
triplet,XGB,42,31,OC1=CC(=C2C=C2)C=C1O,3.11569027,2.5978939533233643,0.5177963166766357
triplet,XGB,42,32,COC1=CC=C(OC)C1=C1C(C#N)=C1C#N,2.81900375,2.6588211059570312,0.16018264404296856
triplet,XGB,42,33,COC1=CC(=C2C(C#N)=C2C#N)C=C1OC,1.53361236,1.587379813194275,0.053767453194274895
triplet,XGB,42,34,N#CC1=C(C#N)C1=C1C(S)=CC=C1S,2.75938489,2.7564785480499268,0.0029063419500734433
triplet,XGB,42,35,ClC1=C(Cl)C(=C2C(c3ccccc3)=C2c2ccccc2)C(Cl)=C1Cl,1.13302599,2.1291615962982178,0.9961356062982178
triplet,XGB,42,36,C1=CC(=C2C=C2)C=C1,3.26484228,2.487708330154419,0.7771339498455809
triplet,XGB,42,37,N#CC1=C(C#N)C1=C1C(O)=C(C(F)(F)F)C(C(F)(F)F)=C1O,2.44803367,3.2443432807922363,0.7963096107922363
triplet,XGB,42,38,N#CC1=C(C#N)C1=C1C(O)=C(F)C(F)=C1O,3.02943179,2.555285692214966,0.474146097785034
triplet,XGB,42,39,CC1=C(O)C(=C2C(C#N)=C2C#N)C(O)=C1C,3.04229776,2.8502726554870605,0.1920251045129393
triplet,XGB,42,40,NC1=CC=C(N)C1=C1C=CC=CC=C1,2.74696822,2.5508999824523926,0.19606823754760727
triplet,XGB,42,41,[PH3]=NC1=CC=C(N=[PH3])C1=C1C=CC=CC=C1,2.63167866,1.6812039613723755,0.9504746986276245
triplet,XGB,42,42,OC1=CC=C(O)C1=C1C=CC=CC=C1,2.91248285,2.2376959323883057,0.6747869176116943
triplet,XGB,42,43,N#CC1=CC=CC=C(C#N)C1=C1C(O)=CC=C1O,2.72787277,3.196068048477173,0.468195278477173
triplet,XGB,42,44,OC1=CC=C(O)C1=C1C(F)=CC=CC=C1F,2.63564524,3.256870985031128,0.6212257450311278
triplet,XGB,42,45,N#[N+]C1=CC=CC=C(N=[N-])C1=C1C=CC=C1,1.67729253,2.7937796115875244,1.1164870815875245
triplet,XGB,42,46,N#CC1=CC=CC=C(C#N)C1=C1C=CC=C1,2.68134119,2.485255241394043,0.19608594860595696
triplet,XGB,42,47,C1=CC=CC(=C2C=CC=C2)C=C1,1.11261958,2.213888168334961,1.1012685883349609
triplet,XGB,42,48,N#CC1=C(C#N)C1=C1C(O)=C(S)C(S)=C1O,2.85983448,2.8161890506744385,0.04364542932556148
triplet,RF,123,0,NC1=C(N)C1=C1C=CC=C1,1.25521867,2.619411177560008,1.3641925075600079
triplet,RF,123,1,OC1=C(O)C1=C1C=CC=C1,2.71605898,2.025328096219993,0.6907308837800072
triplet,RF,123,2,BC1=C(B)C(=C2C=C2)C(B)=C1B,3.40518544,3.045671580399996,0.3595138596000038
triplet,RF,123,3,BC1=CC=C(B)C1=C1C=C1,2.48114461,3.258159212499986,0.7770146024999862
triplet,RF,123,4,BC1=CC(=C2C=C2)C=C1B,3.43119687,3.0450324642000055,0.38616440579999445
triplet,RF,123,5,N#CC1=C(C#N)C(=C2C=C2)C(C#N)=C1C#N,4.27279505,2.5407318216999957,1.7320632283000044
triplet,RF,123,6,N#CC1=CC=C(C#N)C1=C1C=C1,4.05784259,2.8711917217599985,1.1866508682400014
triplet,RF,123,7,N#CC1=CC(=C2C=C2)C=C1C#N,3.35453075,3.332202879780004,0.022327870219995827
triplet,RF,123,8,CC1=CC=C(C)C1=C1C(C(F)(F)F)=C1C(F)(F)F,2.86847676,2.6930262836800005,0.17545047631999955
triplet,RF,123,9,CC1=C(C)C(=C2C(C#N)=C2C#N)C(C)=C1C,2.18937966,2.6962448823000043,0.5068652223000041
triplet,RF,123,10,CC1=CC=C(C)C1=C1C(C#N)=C1C#N,2.14065288,2.877722659160003,0.7370697791600027
triplet,RF,123,11,CC1=CC(=C2C(C#N)=C2C#N)C=C1C,1.49512656,1.7179007021999952,0.22277414219999514
triplet,RF,123,12,[H]/N=C1\C=C/C(=N\[H])C1=C1C(=N\O)/C1=N/O,1.04662872,2.6602044782999985,1.6135757582999986
triplet,RF,123,13,N#CC1=C(C#N)C1=C1C(N)=C(N)C(N)=C1N,2.62711275,2.476204843719997,0.15090790628000317
triplet,RF,123,14,N#CC1=C(C#N)C1=C1C(N)=CC=C1N,3.02222278,2.747205530359996,0.27501724964000385
triplet,RF,123,15,N#CC1=C(C#N)C1=C1C=C(N)C(N)=C1,1.63013681,1.7663282013199997,0.1361913913199997
triplet,RF,123,16,NC1=C(N)C(=C2C=C2)C(N)=C1N,3.39792325,2.4045917856999925,0.9933314643000073
triplet,RF,123,17,NC1=CC(=C2C=C2)C=C1N,2.99018038,3.2271996620199954,0.23701928201999545
triplet,RF,123,18,CN(C)C1=CC=C(N(C)C)C1=C1C=C1,3.00781906,2.9572334949799983,0.05058556502000178
triplet,RF,123,19,CN(C)C1=CC=C(N(C)C)C1=C1C(C#N)=C1C#N,3.00799857,2.832278453719995,0.17572011628000483
triplet,RF,123,20,CN(C)C1=CC=C(N(C)C)C1=C1C(N=[N-])=C1[N+]#N,3.16354889,2.4099820089400015,0.7535668810599985
triplet,RF,123,21,N#CC1=C(C#N)C1=C1C(N=[PH3])=CC=C1N=[PH3],1.88805018,2.76833826866,0.88028808866
triplet,RF,123,22,CP(C)(C)=NC1=CC=C(N=P(C)(C)C)C1=C1C=C1,3.02055945,2.8177780197799915,0.20278143022000839
triplet,RF,123,23,CP(C)(C)=NC1=CC=C(N=P(C)(C)C)C1=C1C(C#N)=C1C#N,2.74405644,2.484197677520006,0.2598587624799942
triplet,RF,123,24,BC1=C(B)C1=C1C(O)=CC=C1O,3.56962935,2.996115347340004,0.5735140026599961
triplet,RF,123,25,OC1=CC=C(O)C1=C1C(C(F)(F)F)=C1C(F)(F)F,3.54330431,2.7880147534000077,0.7552895565999922
triplet,RF,123,26,N#CC1=C(C#N)C1=C1C(O)=C(O)C(O)=C1O,2.6929324,2.8166083946400002,0.12367599464000012
triplet,RF,123,27,N#CC1=C(C#N)C1=C1C(O)=CC=C1O,3.13125312,2.858704849459996,0.27254827054000375
triplet,RF,123,28,N#CC1=C(C#N)C1=C1C=C(O)C(O)=C1,1.56080286,2.023778240759997,0.462975380759997
triplet,RF,123,29,OC1=C(O)C(=C2C=C2)C(O)=C1O,2.32308982,3.0234103612400003,0.7003205412400004
triplet,RF,123,30,OC1=CC=C(O)C1=C1C=C1,2.10627268,3.045730185719995,0.9394575057199952
triplet,RF,123,31,OC1=CC(=C2C=C2)C=C1O,3.11569027,2.9696325720599983,0.14605769794000167
triplet,RF,123,32,COC1=CC=C(OC)C1=C1C(C#N)=C1C#N,2.81900375,2.7835102579799935,0.03549349202000629
triplet,RF,123,33,COC1=CC(=C2C(C#N)=C2C#N)C=C1OC,1.53361236,1.7146789788399983,0.1810666188399983
triplet,RF,123,34,N#CC1=C(C#N)C1=C1C(S)=CC=C1S,2.75938489,2.797394274160002,0.03800938416000177
triplet,RF,123,35,ClC1=C(Cl)C(=C2C(c3ccccc3)=C2c2ccccc2)C(Cl)=C1Cl,1.13302599,2.651512210820001,1.518486220820001
triplet,RF,123,36,C1=CC(=C2C=C2)C=C1,3.26484228,2.3948792285599945,0.8699630514400054
triplet,RF,123,37,N#CC1=C(C#N)C1=C1C(O)=C(C(F)(F)F)C(C(F)(F)F)=C1O,2.44803367,3.020504528480006,0.5724708584800058
triplet,RF,123,38,N#CC1=C(C#N)C1=C1C(O)=C(F)C(F)=C1O,3.02943179,2.695945771080008,0.33348601891999197
triplet,RF,123,39,CC1=C(O)C(=C2C(C#N)=C2C#N)C(O)=C1C,3.04229776,2.5848241627199995,0.45747359728000037
triplet,RF,123,40,NC1=CC=C(N)C1=C1C=CC=CC=C1,2.74696822,2.5172032040199994,0.22976501598000043
triplet,RF,123,41,[PH3]=NC1=CC=C(N=[PH3])C1=C1C=CC=CC=C1,2.63167866,2.147719575760002,0.4839590842399981
triplet,RF,123,42,OC1=CC=C(O)C1=C1C=CC=CC=C1,2.91248285,2.5044033623800055,0.40807948761999446
triplet,RF,123,43,N#CC1=CC=CC=C(C#N)C1=C1C(O)=CC=C1O,2.72787277,3.1538157683400163,0.4259429983400165
triplet,RF,123,44,OC1=CC=C(O)C1=C1C(F)=CC=CC=C1F,2.63564524,3.192153160580007,0.5565079205800068
triplet,RF,123,45,N#[N+]C1=CC=CC=C(N=[N-])C1=C1C=CC=C1,1.67729253,2.6604467969800063,0.9831542669800064
triplet,RF,123,46,N#CC1=CC=CC=C(C#N)C1=C1C=CC=C1,2.68134119,2.7957378157800012,0.11439662578000132
triplet,RF,123,47,C1=CC=CC(=C2C=CC=C2)C=C1,1.11261958,2.6830860963400074,1.5704665163400073
triplet,RF,123,48,N#CC1=C(C#N)C1=C1C(O)=C(S)C(S)=C1O,2.85983448,2.8026397517800055,0.057194728219994495
triplet,GP,123,0,NC1=C(N)C1=C1C=CC=C1,1.25521867,2.6670202135416665,1.4118015435416664
triplet,GP,123,1,OC1=C(O)C1=C1C=CC=C1,2.71605898,2.6365860404166668,0.07947293958333335
triplet,GP,123,2,BC1=C(B)C(=C2C=C2)C(B)=C1B,3.40518544,2.6222292391666664,0.7829562008333335
triplet,GP,123,3,BC1=CC=C(B)C1=C1C=C1,2.48114461,2.6414800897916666,0.16033547979166674
triplet,GP,123,4,BC1=CC(=C2C=C2)C=C1B,3.43119687,2.621687334375,0.8095095356250002
triplet,GP,123,5,N#CC1=C(C#N)C(=C2C=C2)C(C#N)=C1C#N,4.27279505,2.6041540389583333,1.6686410110416667
triplet,GP,123,6,N#CC1=CC=C(C#N)C1=C1C=C1,4.05784259,2.6086322152083334,1.4492103747916665
triplet,GP,123,7,N#CC1=CC(=C2C=C2)C=C1C#N,3.35453075,2.623284545208333,0.7312462047916668
triplet,GP,123,8,CC1=CC=C(C)C1=C1C(C(F)(F)F)=C1C(F)(F)F,2.86847676,2.6334106699999995,0.23506609000000056
triplet,GP,123,9,CC1=C(C)C(=C2C(C#N)=C2C#N)C(C)=C1C,2.18937966,2.6475585262499997,0.4581788662499995
triplet,GP,123,10,CC1=CC=C(C)C1=C1C(C#N)=C1C#N,2.14065288,2.6485736674999996,0.5079207874999994
triplet,GP,123,11,CC1=CC(=C2C(C#N)=C2C#N)C=C1C,1.49512656,2.6620221324999997,1.1668955724999996
triplet,GP,123,12,[H]/N=C1\C=C/C(=N\[H])C1=C1C(=N\O)/C1=N/O,1.04662872,2.6713658375,1.6247371174999998
triplet,GP,123,13,N#CC1=C(C#N)C1=C1C(N)=C(N)C(N)=C1N,2.62711275,2.638439086875,0.011326336874999843
triplet,GP,123,14,N#CC1=C(C#N)C1=C1C(N)=CC=C1N,3.02222278,2.6302076279166666,0.39201515208333326
triplet,GP,123,15,N#CC1=C(C#N)C1=C1C=C(N)C(N)=C1,1.63013681,2.6592094189583335,1.0290726089583335
triplet,GP,123,16,NC1=C(N)C(=C2C=C2)C(N)=C1N,3.39792325,2.6223805347916667,0.7755427152083332
triplet,GP,123,17,NC1=CC(=C2C=C2)C=C1N,2.99018038,2.6308751779166664,0.3593052020833336
triplet,GP,123,18,CN(C)C1=CC=C(N(C)C)C1=C1C=C1,3.00781906,2.6305077054166666,0.37731135458333354
triplet,GP,123,19,CN(C)C1=CC=C(N(C)C)C1=C1C(C#N)=C1C#N,3.00799857,2.630503965625,0.3774946043749998
triplet,GP,123,20,CN(C)C1=CC=C(N(C)C)C1=C1C(N=[N-])=C1[N+]#N,3.16354889,2.6272633339583336,0.5362855560416664
triplet,GP,123,21,N#CC1=C(C#N)C1=C1C(N=[PH3])=CC=C1N=[PH3],1.88805018,2.65383622375,0.7657860437499999
triplet,GP,123,22,CP(C)(C)=NC1=CC=C(N=P(C)(C)C)C1=C1C=C1,3.02055945,2.630242280625,0.39031716937499983
triplet,GP,123,23,CP(C)(C)=NC1=CC=C(N=P(C)(C)C)C1=C1C(C#N)=C1C#N,2.74405644,2.6360027600000002,0.10805367999999982
triplet,GP,123,24,BC1=C(B)C1=C1C(O)=CC=C1O,3.56962935,2.618803324375,0.9508260256250001
triplet,GP,123,25,OC1=CC=C(O)C1=C1C(C(F)(F)F)=C1C(F)(F)F,3.54330431,2.6193517627083334,0.9239525472916665
triplet,GP,123,26,N#CC1=C(C#N)C1=C1C(O)=C(O)C(O)=C1O,2.6929324,2.637067844166667,0.055864555833333274
triplet,GP,123,27,N#CC1=C(C#N)C1=C1C(O)=CC=C1O,3.13125312,2.6279361624999997,0.5033169575
triplet,GP,123,28,N#CC1=C(C#N)C1=C1C=C(O)C(O)=C1,1.56080286,2.66065387625,1.0998510162500001
triplet,GP,123,29,OC1=C(O)C(=C2C=C2)C(O)=C1O,2.32308982,2.644772897916667,0.32168307791666706
triplet,GP,123,30,OC1=CC=C(O)C1=C1C=C1,2.10627268,2.6492899216666665,0.5430172416666665
triplet,GP,123,31,OC1=CC(=C2C=C2)C=C1O,3.11569027,2.628260388541667,0.4874298814583331
triplet,GP,123,32,COC1=CC=C(OC)C1=C1C(C#N)=C1C#N,2.81900375,2.6344413577083334,0.18456239229166638
triplet,GP,123,33,COC1=CC(=C2C(C#N)=C2C#N)C=C1OC,1.53361236,2.661220345,1.1276079849999998
triplet,GP,123,34,N#CC1=C(C#N)C1=C1C(S)=CC=C1S,2.75938489,2.6356834172916668,0.12370147270833343
triplet,GP,123,35,ClC1=C(Cl)C(=C2C(c3ccccc3)=C2c2ccccc2)C(Cl)=C1Cl,1.13302599,2.669565894375,1.5365399043749999
triplet,GP,123,36,C1=CC(=C2C=C2)C=C1,3.26484228,2.625116508568434,0.6397257714315661
triplet,GP,123,37,N#CC1=C(C#N)C1=C1C(O)=C(C(F)(F)F)C(C(F)(F)F)=C1O,2.44803367,2.6421699010416666,0.19413623104166655
triplet,GP,123,38,N#CC1=C(C#N)C1=C1C(O)=C(F)C(F)=C1O,3.02943179,2.630057440208333,0.39937434979166664
triplet,GP,123,39,CC1=C(O)C(=C2C(C#N)=C2C#N)C(O)=C1C,3.04229776,2.6297893991666665,0.4125083608333333
triplet,GP,123,40,NC1=CC=C(N)C1=C1C=CC=CC=C1,2.74696822,2.635942097916667,0.11102612208333307
triplet,GP,123,41,[PH3]=NC1=CC=C(N=[PH3])C1=C1C=CC=CC=C1,2.63167866,2.63834396375,0.006665303750000184
triplet,GP,123,42,OC1=CC=C(O)C1=C1C=CC=CC=C1,2.91248285,2.632493876458333,0.27998897354166674
triplet,GP,123,43,N#CC1=CC=CC=C(C#N)C1=C1C(O)=CC=C1O,2.72787277,2.636339919791667,0.09153285020833302
triplet,GP,123,44,OC1=CC=C(O)C1=C1C(F)=CC=CC=C1F,2.63564524,2.6382613266666666,0.0026160866666664617
triplet,GP,123,45,N#[N+]C1=CC=CC=C(N=[N-])C1=C1C=CC=C1,1.67729253,2.658227008125,0.980934478125
triplet,GP,123,46,N#CC1=CC=CC=C(C#N)C1=C1C=CC=C1,2.68134119,2.6373093277083335,0.044031862291666446
triplet,GP,123,47,C1=CC=CC(=C2C=CC=C2)C=C1,1.11261958,2.6700522700384566,1.5574326900384565
triplet,GP,123,48,N#CC1=C(C#N)C1=C1C(O)=C(S)C(S)=C1O,2.85983448,2.6335907175,0.22624376249999978
triplet,KNN,123,0,NC1=C(N)C1=C1C=CC=C1,1.25521867,2.750598082921348,1.495379412921348
triplet,KNN,123,1,OC1=C(O)C1=C1C=CC=C1,2.71605898,2.379858394019925,0.33620058598007496
triplet,KNN,123,2,BC1=C(B)C(=C2C=C2)C(B)=C1B,3.40518544,2.737987947950503,0.667197492049497
triplet,KNN,123,3,BC1=CC=C(B)C1=C1C=C1,2.48114461,2.957077485027517,0.47593287502751735
triplet,KNN,123,4,BC1=CC(=C2C=C2)C=C1B,3.43119687,3.034042518740995,0.397154351259005
triplet,KNN,123,5,N#CC1=C(C#N)C(=C2C=C2)C(C#N)=C1C#N,4.27279505,2.0495781914999993,2.2232168585000007
triplet,KNN,123,6,N#CC1=CC=C(C#N)C1=C1C=C1,4.05784259,3.0947100979414452,0.9631324920585547
triplet,KNN,123,7,N#CC1=CC(=C2C=C2)C=C1C#N,3.35453075,3.5380067230079204,0.1834759730079205
triplet,KNN,123,8,CC1=CC=C(C)C1=C1C(C(F)(F)F)=C1C(F)(F)F,2.86847676,2.5473231357152515,0.3211536242847486
triplet,KNN,123,9,CC1=C(C)C(=C2C(C#N)=C2C#N)C(C)=C1C,2.18937966,2.4278005993832044,0.2384209393832042
triplet,KNN,123,10,CC1=CC=C(C)C1=C1C(C#N)=C1C#N,2.14065288,2.5430688577232927,0.4024159777232925
triplet,KNN,123,11,CC1=CC(=C2C(C#N)=C2C#N)C=C1C,1.49512656,2.176189856263911,0.6810632962639107
triplet,KNN,123,12,[H]/N=C1\C=C/C(=N\[H])C1=C1C(=N\O)/C1=N/O,1.04662872,2.535620746178944,1.4889920261789442
triplet,KNN,123,13,N#CC1=C(C#N)C1=C1C(N)=C(N)C(N)=C1N,2.62711275,2.3164877016883816,0.31062504831161863
triplet,KNN,123,14,N#CC1=C(C#N)C1=C1C(N)=CC=C1N,3.02222278,2.4464782098949214,0.5757445701050785
triplet,KNN,123,15,N#CC1=C(C#N)C1=C1C=C(N)C(N)=C1,1.63013681,2.336162239823131,0.706025429823131
triplet,KNN,123,16,NC1=C(N)C(=C2C=C2)C(N)=C1N,3.39792325,2.3250277365041256,1.0728955134958742
triplet,KNN,123,17,NC1=CC(=C2C=C2)C=C1N,2.99018038,2.968120855976355,0.022059524023644972
triplet,KNN,123,18,CN(C)C1=CC=C(N(C)C)C1=C1C=C1,3.00781906,2.7661161621027803,0.24170289789721977
triplet,KNN,123,19,CN(C)C1=CC=C(N(C)C)C1=C1C(C#N)=C1C#N,3.00799857,2.810567436226161,0.19743113377383903
triplet,KNN,123,20,CN(C)C1=CC=C(N(C)C)C1=C1C(N=[N-])=C1[N+]#N,3.16354889,2.6693882813260563,0.4941606086739436
triplet,KNN,123,21,N#CC1=C(C#N)C1=C1C(N=[PH3])=CC=C1N=[PH3],1.88805018,2.770251714256186,0.8822015342561862
triplet,KNN,123,22,CP(C)(C)=NC1=CC=C(N=P(C)(C)C)C1=C1C=C1,3.02055945,2.6081534325067497,0.41240601749325023
triplet,KNN,123,23,CP(C)(C)=NC1=CC=C(N=P(C)(C)C)C1=C1C(C#N)=C1C#N,2.74405644,2.5518741203253072,0.1921823196746928
triplet,KNN,123,24,BC1=C(B)C1=C1C(O)=CC=C1O,3.56962935,2.8595405616402045,0.7100887883597955
triplet,KNN,123,25,OC1=CC=C(O)C1=C1C(C(F)(F)F)=C1C(F)(F)F,3.54330431,2.866841894875522,0.6764624151244778
triplet,KNN,123,26,N#CC1=C(C#N)C1=C1C(O)=C(O)C(O)=C1O,2.6929324,2.9087301295588235,0.21579772955882337
triplet,KNN,123,27,N#CC1=C(C#N)C1=C1C(O)=CC=C1O,3.13125312,2.545020595177066,0.5862325248229339
triplet,KNN,123,28,N#CC1=C(C#N)C1=C1C=C(O)C(O)=C1,1.56080286,2.3724221982526337,0.8116193382526338
triplet,KNN,123,29,OC1=C(O)C(=C2C=C2)C(O)=C1O,2.32308982,2.7972141899666068,0.4741243699666069
triplet,KNN,123,30,OC1=CC=C(O)C1=C1C=C1,2.10627268,2.9119540154644383,0.8056813354644383
triplet,KNN,123,31,OC1=CC(=C2C=C2)C=C1O,3.11569027,2.6998521682072583,0.4158381017927417
triplet,KNN,123,32,COC1=CC=C(OC)C1=C1C(C#N)=C1C#N,2.81900375,2.213815737888964,0.6051880121110358
triplet,KNN,123,33,COC1=CC(=C2C(C#N)=C2C#N)C=C1OC,1.53361236,2.3100416260691885,0.7764292660691885
triplet,KNN,123,34,N#CC1=C(C#N)C1=C1C(S)=CC=C1S,2.75938489,2.6212308899683543,0.1381540000316459
triplet,KNN,123,35,ClC1=C(Cl)C(=C2C(c3ccccc3)=C2c2ccccc2)C(Cl)=C1Cl,1.13302599,2.9198415036756247,1.7868155136756247
triplet,KNN,123,36,C1=CC(=C2C=C2)C=C1,3.26484228,1.8974122999554563,1.3674299800445435
triplet,KNN,123,37,N#CC1=C(C#N)C1=C1C(O)=C(C(F)(F)F)C(C(F)(F)F)=C1O,2.44803367,2.9399139357304405,0.4918802657304404
triplet,KNN,123,38,N#CC1=C(C#N)C1=C1C(O)=C(F)C(F)=C1O,3.02943179,2.817293319155288,0.21213847084471205
triplet,KNN,123,39,CC1=C(O)C(=C2C(C#N)=C2C#N)C(O)=C1C,3.04229776,2.649805775240011,0.3924919847599888
triplet,KNN,123,40,NC1=CC=C(N)C1=C1C=CC=CC=C1,2.74696822,2.0930700515071465,0.6538981684928533
triplet,KNN,123,41,[PH3]=NC1=CC=C(N=[PH3])C1=C1C=CC=CC=C1,2.63167866,2.34834114965228,0.28333751034772003
triplet,KNN,123,42,OC1=CC=C(O)C1=C1C=CC=CC=C1,2.91248285,2.25188373601226,0.6605991139877401
triplet,KNN,123,43,N#CC1=CC=CC=C(C#N)C1=C1C(O)=CC=C1O,2.72787277,3.1830935967353953,0.45522082673539543
triplet,KNN,123,44,OC1=CC=C(O)C1=C1C(F)=CC=CC=C1F,2.63564524,3.03214281723765,0.3964975772376498
triplet,KNN,123,45,N#[N+]C1=CC=CC=C(N=[N-])C1=C1C=CC=C1,1.67729253,2.4566250278215525,0.7793324978215526
triplet,KNN,123,46,N#CC1=CC=CC=C(C#N)C1=C1C=CC=C1,2.68134119,3.514233978521333,0.8328927885213329
triplet,KNN,123,47,C1=CC=CC(=C2C=CC=C2)C=C1,1.11261958,2.762898717005444,1.6502791370054442
triplet,KNN,123,48,N#CC1=C(C#N)C1=C1C(O)=C(S)C(S)=C1O,2.85983448,2.800155520860496,0.05967895913950416
triplet,XGB,123,0,NC1=C(N)C1=C1C=CC=C1,1.25521867,2.3722033500671387,1.1169846800671386
triplet,XGB,123,1,OC1=C(O)C1=C1C=CC=C1,2.71605898,1.2493449449539185,1.4667140350460817
triplet,XGB,123,2,BC1=C(B)C(=C2C=C2)C(B)=C1B,3.40518544,3.2261056900024414,0.1790797499975585
triplet,XGB,123,3,BC1=CC=C(B)C1=C1C=C1,2.48114461,3.4822580814361572,1.0011134714361574
triplet,XGB,123,4,BC1=CC(=C2C=C2)C=C1B,3.43119687,3.116091012954712,0.31510585704528804
triplet,XGB,123,5,N#CC1=C(C#N)C(=C2C=C2)C(C#N)=C1C#N,4.27279505,2.687124252319336,1.585670797680664
triplet,XGB,123,6,N#CC1=CC=C(C#N)C1=C1C=C1,4.05784259,3.0089685916900635,1.0488739983099364
triplet,XGB,123,7,N#CC1=CC(=C2C=C2)C=C1C#N,3.35453075,3.651782751083374,0.29725200108337413
triplet,XGB,123,8,CC1=CC=C(C)C1=C1C(C(F)(F)F)=C1C(F)(F)F,2.86847676,2.51816987991333,0.35030688008667
triplet,XGB,123,9,CC1=C(C)C(=C2C(C#N)=C2C#N)C(C)=C1C,2.18937966,2.410832405090332,0.22145274509033186
triplet,XGB,123,10,CC1=CC=C(C)C1=C1C(C#N)=C1C#N,2.14065288,2.8926217555999756,0.7519688755999754
triplet,XGB,123,11,CC1=CC(=C2C(C#N)=C2C#N)C=C1C,1.49512656,1.5625340938568115,0.06740753385681142
triplet,XGB,123,12,[H]/N=C1\C=C/C(=N\[H])C1=C1C(=N\O)/C1=N/O,1.04662872,2.3961386680603027,1.3495099480603028
triplet,XGB,123,13,N#CC1=C(C#N)C1=C1C(N)=C(N)C(N)=C1N,2.62711275,1.7846006155014038,0.8425121344985964
triplet,XGB,123,14,N#CC1=C(C#N)C1=C1C(N)=CC=C1N,3.02222278,2.801194190979004,0.22102858902099598
triplet,XGB,123,15,N#CC1=C(C#N)C1=C1C=C(N)C(N)=C1,1.63013681,1.7228647470474243,0.09272793704742432
triplet,XGB,123,16,NC1=C(N)C(=C2C=C2)C(N)=C1N,3.39792325,2.916281223297119,0.4816420267028807
triplet,XGB,123,17,NC1=CC(=C2C=C2)C=C1N,2.99018038,3.3180103302001953,0.32782995020019534
triplet,XGB,123,18,CN(C)C1=CC=C(N(C)C)C1=C1C=C1,3.00781906,3.23309588432312,0.22527682432312002
triplet,XGB,123,19,CN(C)C1=CC=C(N(C)C)C1=C1C(C#N)=C1C#N,3.00799857,2.798990488052368,0.20900808194763165
triplet,XGB,123,20,CN(C)C1=CC=C(N(C)C)C1=C1C(N=[N-])=C1[N+]#N,3.16354889,2.0765798091888428,1.0869690808111572
triplet,XGB,123,21,N#CC1=C(C#N)C1=C1C(N=[PH3])=CC=C1N=[PH3],1.88805018,2.8167316913604736,0.9286815113604736
triplet,XGB,123,22,CP(C)(C)=NC1=CC=C(N=P(C)(C)C)C1=C1C=C1,3.02055945,3.1569058895111084,0.13634643951110847
triplet,XGB,123,23,CP(C)(C)=NC1=CC=C(N=P(C)(C)C)C1=C1C(C#N)=C1C#N,2.74405644,2.1955196857452393,0.5485367542547608
triplet,XGB,123,24,BC1=C(B)C1=C1C(O)=CC=C1O,3.56962935,2.9013354778289795,0.6682938721710205
triplet,XGB,123,25,OC1=CC=C(O)C1=C1C(C(F)(F)F)=C1C(F)(F)F,3.54330431,3.033386468887329,0.5099178411126708
triplet,XGB,123,26,N#CC1=C(C#N)C1=C1C(O)=C(O)C(O)=C1O,2.6929324,2.8498644828796387,0.15693208287963856
triplet,XGB,123,27,N#CC1=C(C#N)C1=C1C(O)=CC=C1O,3.13125312,2.9638633728027344,0.1673897471972654
triplet,XGB,123,28,N#CC1=C(C#N)C1=C1C=C(O)C(O)=C1,1.56080286,2.0462779998779297,0.4854751398779298
triplet,XGB,123,29,OC1=C(O)C(=C2C=C2)C(O)=C1O,2.32308982,3.326568365097046,1.003478545097046
triplet,XGB,123,30,OC1=CC=C(O)C1=C1C=C1,2.10627268,3.2125964164733887,1.1063237364733887
triplet,XGB,123,31,OC1=CC(=C2C=C2)C=C1O,3.11569027,2.526804208755493,0.5888860612445068
triplet,XGB,123,32,COC1=CC=C(OC)C1=C1C(C#N)=C1C#N,2.81900375,2.7261338233947754,0.09286992660522442
triplet,XGB,123,33,COC1=CC(=C2C(C#N)=C2C#N)C=C1OC,1.53361236,1.576377272605896,0.04276491260589599
triplet,XGB,123,34,N#CC1=C(C#N)C1=C1C(S)=CC=C1S,2.75938489,2.725619077682495,0.033765812317505084
triplet,XGB,123,35,ClC1=C(Cl)C(=C2C(c3ccccc3)=C2c2ccccc2)C(Cl)=C1Cl,1.13302599,2.0981175899505615,0.9650915999505616
triplet,XGB,123,36,C1=CC(=C2C=C2)C=C1,3.26484228,2.5732109546661377,0.6916313253338622
triplet,XGB,123,37,N#CC1=C(C#N)C1=C1C(O)=C(C(F)(F)F)C(C(F)(F)F)=C1O,2.44803367,3.281038999557495,0.8330053295574951
triplet,XGB,123,38,N#CC1=C(C#N)C1=C1C(O)=C(F)C(F)=C1O,3.02943179,2.5833539962768555,0.4460777937231444
triplet,XGB,123,39,CC1=C(O)C(=C2C(C#N)=C2C#N)C(O)=C1C,3.04229776,2.872955799102783,0.16934196089721665
triplet,XGB,123,40,NC1=CC=C(N)C1=C1C=CC=CC=C1,2.74696822,2.55304217338562,0.19392604661437973
triplet,XGB,123,41,[PH3]=NC1=CC=C(N=[PH3])C1=C1C=CC=CC=C1,2.63167866,1.6999601125717163,0.9317185474282836
triplet,XGB,123,42,OC1=CC=C(O)C1=C1C=CC=CC=C1,2.91248285,2.5114126205444336,0.40107022945556636
triplet,XGB,123,43,N#CC1=CC=CC=C(C#N)C1=C1C(O)=CC=C1O,2.72787277,3.242903470993042,0.5150307009930422
triplet,XGB,123,44,OC1=CC=C(O)C1=C1C(F)=CC=CC=C1F,2.63564524,3.261568784713745,0.625923544713745
triplet,XGB,123,45,N#[N+]C1=CC=CC=C(N=[N-])C1=C1C=CC=C1,1.67729253,2.84267258644104,1.1653800564410401
triplet,XGB,123,46,N#CC1=CC=CC=C(C#N)C1=C1C=CC=C1,2.68134119,2.4542489051818848,0.22709228481811516
triplet,XGB,123,47,C1=CC=CC(=C2C=CC=C2)C=C1,1.11261958,2.1683897972106934,1.0557702172106933
triplet,XGB,123,48,N#CC1=C(C#N)C1=C1C(O)=C(S)C(S)=C1O,2.85983448,2.8147010803222656,0.04513339967773433
triplet,RF,456,0,NC1=C(N)C1=C1C=CC=C1,1.25521867,2.6815380869600043,1.4263194169600042
triplet,RF,456,1,OC1=C(O)C1=C1C=CC=C1,2.71605898,2.052934766559992,0.6631242134400082
triplet,RF,456,2,BC1=C(B)C(=C2C=C2)C(B)=C1B,3.40518544,3.0116243565999996,0.3935610834000003
triplet,RF,456,3,BC1=CC=C(B)C1=C1C=C1,2.48114461,3.2364556798399886,0.7553110698399887
triplet,RF,456,4,BC1=CC(=C2C=C2)C=C1B,3.43119687,3.0587742950200045,0.3724225749799954
triplet,RF,456,5,N#CC1=C(C#N)C(=C2C=C2)C(C#N)=C1C#N,4.27279505,2.4969459801599974,1.7758490698400027
triplet,RF,456,6,N#CC1=CC=C(C#N)C1=C1C=C1,4.05784259,2.89425390196,1.16358868804
triplet,RF,456,7,N#CC1=CC(=C2C=C2)C=C1C#N,3.35453075,3.3270882448600023,0.027442505139997575
triplet,RF,456,8,CC1=CC=C(C)C1=C1C(C(F)(F)F)=C1C(F)(F)F,2.86847676,2.642107700079999,0.226369059920001
triplet,RF,456,9,CC1=C(C)C(=C2C(C#N)=C2C#N)C(C)=C1C,2.18937966,2.681540348940001,0.49216068894000076
triplet,RF,456,10,CC1=CC=C(C)C1=C1C(C#N)=C1C#N,2.14065288,2.873503188720001,0.7328503087200007
triplet,RF,456,11,CC1=CC(=C2C(C#N)=C2C#N)C=C1C,1.49512656,1.785154654959995,0.29002809495999493
triplet,RF,456,12,[H]/N=C1\C=C/C(=N\[H])C1=C1C(=N\O)/C1=N/O,1.04662872,2.659344539319997,1.612715819319997
triplet,RF,456,13,N#CC1=C(C#N)C1=C1C(N)=C(N)C(N)=C1N,2.62711275,2.4674671131599974,0.15964563684000277
triplet,RF,456,14,N#CC1=C(C#N)C1=C1C(N)=CC=C1N,3.02222278,2.740938923560002,0.28128385643999776
triplet,RF,456,15,N#CC1=C(C#N)C1=C1C=C(N)C(N)=C1,1.63013681,1.7707135132199996,0.1405767032199996
triplet,RF,456,16,NC1=C(N)C(=C2C=C2)C(N)=C1N,3.39792325,2.37335431873999,1.02456893126001
triplet,RF,456,17,NC1=CC(=C2C=C2)C=C1N,2.99018038,3.2431642323999945,0.25298385239999455
triplet,RF,456,18,CN(C)C1=CC=C(N(C)C)C1=C1C=C1,3.00781906,2.94292889472,0.06489016528000002
triplet,RF,456,19,CN(C)C1=CC=C(N(C)C)C1=C1C(C#N)=C1C#N,3.00799857,2.818621777279999,0.18937679272000096
triplet,RF,456,20,CN(C)C1=CC=C(N(C)C)C1=C1C(N=[N-])=C1[N+]#N,3.16354889,2.3859761931000008,0.7775726968999992
triplet,RF,456,21,N#CC1=C(C#N)C1=C1C(N=[PH3])=CC=C1N=[PH3],1.88805018,2.7573108863399964,0.8692607063399964
triplet,RF,456,22,CP(C)(C)=NC1=CC=C(N=P(C)(C)C)C1=C1C=C1,3.02055945,2.836182832019994,0.1843766179800057
triplet,RF,456,23,CP(C)(C)=NC1=CC=C(N=P(C)(C)C)C1=C1C(C#N)=C1C#N,2.74405644,2.491171908420002,0.25288453157999813
triplet,RF,456,24,BC1=C(B)C1=C1C(O)=CC=C1O,3.56962935,2.9946990425800064,0.5749303074199936
triplet,RF,456,25,OC1=CC=C(O)C1=C1C(C(F)(F)F)=C1C(F)(F)F,3.54330431,2.815410396360008,0.727893913639992
triplet,RF,456,26,N#CC1=C(C#N)C1=C1C(O)=C(O)C(O)=C1O,2.6929324,2.7937949655600005,0.1008625655600004
triplet,RF,456,27,N#CC1=C(C#N)C1=C1C(O)=CC=C1O,3.13125312,2.854737275160001,0.2765158448399987
triplet,RF,456,28,N#CC1=C(C#N)C1=C1C=C(O)C(O)=C1,1.56080286,2.0146036079599985,0.4538007479599986
triplet,RF,456,29,OC1=C(O)C(=C2C=C2)C(O)=C1O,2.32308982,3.029457922539997,0.7063681025399973
triplet,RF,456,30,OC1=CC=C(O)C1=C1C=C1,2.10627268,3.056715027499995,0.9504423474999948
triplet,RF,456,31,OC1=CC(=C2C=C2)C=C1O,3.11569027,2.9992107245599975,0.1164795454400025
triplet,RF,456,32,COC1=CC=C(OC)C1=C1C(C#N)=C1C#N,2.81900375,2.772775666879993,0.04622808312000659
triplet,RF,456,33,COC1=CC(=C2C(C#N)=C2C#N)C=C1OC,1.53361236,1.7216945561399983,0.18808219613999833
triplet,RF,456,34,N#CC1=C(C#N)C1=C1C(S)=CC=C1S,2.75938489,2.7904115589,0.03102666889999961
triplet,RF,456,35,ClC1=C(Cl)C(=C2C(c3ccccc3)=C2c2ccccc2)C(Cl)=C1Cl,1.13302599,2.676889277539997,1.543863287539997
triplet,RF,456,36,C1=CC(=C2C=C2)C=C1,3.26484228,2.4541174387999987,0.8107248412000012
triplet,RF,456,37,N#CC1=C(C#N)C1=C1C(O)=C(C(F)(F)F)C(C(F)(F)F)=C1O,2.44803367,2.993102864720005,0.5450691947200048
triplet,RF,456,38,N#CC1=C(C#N)C1=C1C(O)=C(F)C(F)=C1O,3.02943179,2.7085311105600067,0.3209006794399931
triplet,RF,456,39,CC1=C(O)C(=C2C(C#N)=C2C#N)C(O)=C1C,3.04229776,2.5757933529199994,0.4665044070800004
triplet,RF,456,40,NC1=CC=C(N)C1=C1C=CC=CC=C1,2.74696822,2.428481708099998,0.318486511900002
triplet,RF,456,41,[PH3]=NC1=CC=C(N=[PH3])C1=C1C=CC=CC=C1,2.63167866,2.1696501859000024,0.4620284740999976
triplet,RF,456,42,OC1=CC=C(O)C1=C1C=CC=CC=C1,2.91248285,2.4604831390400035,0.45199971095999647
triplet,RF,456,43,N#CC1=CC=CC=C(C#N)C1=C1C(O)=CC=C1O,2.72787277,3.151881182260017,0.42400841226001695
triplet,RF,456,44,OC1=CC=C(O)C1=C1C(F)=CC=CC=C1F,2.63564524,3.196944941480005,0.5612997014800047
triplet,RF,456,45,N#[N+]C1=CC=CC=C(N=[N-])C1=C1C=CC=C1,1.67729253,2.7047666455400066,1.0274741155400067
triplet,RF,456,46,N#CC1=CC=CC=C(C#N)C1=C1C=CC=C1,2.68134119,2.7599090251800016,0.07856783518000166
triplet,RF,456,47,C1=CC=CC(=C2C=CC=C2)C=C1,1.11261958,2.6769791315200053,1.5643595515200053
triplet,RF,456,48,N#CC1=C(C#N)C1=C1C(O)=C(S)C(S)=C1O,2.85983448,2.804060077020006,0.05577440297999381
triplet,GP,456,0,NC1=C(N)C1=C1C=CC=C1,1.25521867,2.6670202135416665,1.4118015435416664
triplet,GP,456,1,OC1=C(O)C1=C1C=CC=C1,2.71605898,2.6365860404166668,0.07947293958333335
triplet,GP,456,2,BC1=C(B)C(=C2C=C2)C(B)=C1B,3.40518544,2.6222292391666664,0.7829562008333335
triplet,GP,456,3,BC1=CC=C(B)C1=C1C=C1,2.48114461,2.6414800897916666,0.16033547979166674
triplet,GP,456,4,BC1=CC(=C2C=C2)C=C1B,3.43119687,2.621687334375,0.8095095356250002
triplet,GP,456,5,N#CC1=C(C#N)C(=C2C=C2)C(C#N)=C1C#N,4.27279505,2.6041540389583333,1.6686410110416667
triplet,GP,456,6,N#CC1=CC=C(C#N)C1=C1C=C1,4.05784259,2.6086322152083334,1.4492103747916665
triplet,GP,456,7,N#CC1=CC(=C2C=C2)C=C1C#N,3.35453075,2.623284545208333,0.7312462047916668
triplet,GP,456,8,CC1=CC=C(C)C1=C1C(C(F)(F)F)=C1C(F)(F)F,2.86847676,2.6334106699999995,0.23506609000000056
triplet,GP,456,9,CC1=C(C)C(=C2C(C#N)=C2C#N)C(C)=C1C,2.18937966,2.6475585262499997,0.4581788662499995
triplet,GP,456,10,CC1=CC=C(C)C1=C1C(C#N)=C1C#N,2.14065288,2.6485736674999996,0.5079207874999994
triplet,GP,456,11,CC1=CC(=C2C(C#N)=C2C#N)C=C1C,1.49512656,2.6620221324999997,1.1668955724999996
triplet,GP,456,12,[H]/N=C1\C=C/C(=N\[H])C1=C1C(=N\O)/C1=N/O,1.04662872,2.6713658375,1.6247371174999998
triplet,GP,456,13,N#CC1=C(C#N)C1=C1C(N)=C(N)C(N)=C1N,2.62711275,2.638439086875,0.011326336874999843
triplet,GP,456,14,N#CC1=C(C#N)C1=C1C(N)=CC=C1N,3.02222278,2.6302076279166666,0.39201515208333326
triplet,GP,456,15,N#CC1=C(C#N)C1=C1C=C(N)C(N)=C1,1.63013681,2.6592094189583335,1.0290726089583335
triplet,GP,456,16,NC1=C(N)C(=C2C=C2)C(N)=C1N,3.39792325,2.6223805347916667,0.7755427152083332
triplet,GP,456,17,NC1=CC(=C2C=C2)C=C1N,2.99018038,2.6308751779166664,0.3593052020833336
triplet,GP,456,18,CN(C)C1=CC=C(N(C)C)C1=C1C=C1,3.00781906,2.6305077054166666,0.37731135458333354
triplet,GP,456,19,CN(C)C1=CC=C(N(C)C)C1=C1C(C#N)=C1C#N,3.00799857,2.630503965625,0.3774946043749998
triplet,GP,456,20,CN(C)C1=CC=C(N(C)C)C1=C1C(N=[N-])=C1[N+]#N,3.16354889,2.6272633339583336,0.5362855560416664
triplet,GP,456,21,N#CC1=C(C#N)C1=C1C(N=[PH3])=CC=C1N=[PH3],1.88805018,2.65383622375,0.7657860437499999
triplet,GP,456,22,CP(C)(C)=NC1=CC=C(N=P(C)(C)C)C1=C1C=C1,3.02055945,2.630242280625,0.39031716937499983
triplet,GP,456,23,CP(C)(C)=NC1=CC=C(N=P(C)(C)C)C1=C1C(C#N)=C1C#N,2.74405644,2.6360027600000002,0.10805367999999982
triplet,GP,456,24,BC1=C(B)C1=C1C(O)=CC=C1O,3.56962935,2.618803324375,0.9508260256250001
triplet,GP,456,25,OC1=CC=C(O)C1=C1C(C(F)(F)F)=C1C(F)(F)F,3.54330431,2.6193517627083334,0.9239525472916665
triplet,GP,456,26,N#CC1=C(C#N)C1=C1C(O)=C(O)C(O)=C1O,2.6929324,2.637067844166667,0.055864555833333274
triplet,GP,456,27,N#CC1=C(C#N)C1=C1C(O)=CC=C1O,3.13125312,2.6279361624999997,0.5033169575
triplet,GP,456,28,N#CC1=C(C#N)C1=C1C=C(O)C(O)=C1,1.56080286,2.66065387625,1.0998510162500001
triplet,GP,456,29,OC1=C(O)C(=C2C=C2)C(O)=C1O,2.32308982,2.644772897916667,0.32168307791666706
triplet,GP,456,30,OC1=CC=C(O)C1=C1C=C1,2.10627268,2.6492899216666665,0.5430172416666665
triplet,GP,456,31,OC1=CC(=C2C=C2)C=C1O,3.11569027,2.628260388541667,0.4874298814583331
triplet,GP,456,32,COC1=CC=C(OC)C1=C1C(C#N)=C1C#N,2.81900375,2.6344413577083334,0.18456239229166638
triplet,GP,456,33,COC1=CC(=C2C(C#N)=C2C#N)C=C1OC,1.53361236,2.661220345,1.1276079849999998
triplet,GP,456,34,N#CC1=C(C#N)C1=C1C(S)=CC=C1S,2.75938489,2.6356834172916668,0.12370147270833343
triplet,GP,456,35,ClC1=C(Cl)C(=C2C(c3ccccc3)=C2c2ccccc2)C(Cl)=C1Cl,1.13302599,2.669565894375,1.5365399043749999
triplet,GP,456,36,C1=CC(=C2C=C2)C=C1,3.26484228,2.625116508568434,0.6397257714315661
triplet,GP,456,37,N#CC1=C(C#N)C1=C1C(O)=C(C(F)(F)F)C(C(F)(F)F)=C1O,2.44803367,2.6421699010416666,0.19413623104166655
triplet,GP,456,38,N#CC1=C(C#N)C1=C1C(O)=C(F)C(F)=C1O,3.02943179,2.630057440208333,0.39937434979166664
triplet,GP,456,39,CC1=C(O)C(=C2C(C#N)=C2C#N)C(O)=C1C,3.04229776,2.6297893991666665,0.4125083608333333
triplet,GP,456,40,NC1=CC=C(N)C1=C1C=CC=CC=C1,2.74696822,2.635942097916667,0.11102612208333307
triplet,GP,456,41,[PH3]=NC1=CC=C(N=[PH3])C1=C1C=CC=CC=C1,2.63167866,2.63834396375,0.006665303750000184
triplet,GP,456,42,OC1=CC=C(O)C1=C1C=CC=CC=C1,2.91248285,2.632493876458333,0.27998897354166674
triplet,GP,456,43,N#CC1=CC=CC=C(C#N)C1=C1C(O)=CC=C1O,2.72787277,2.636339919791667,0.09153285020833302
triplet,GP,456,44,OC1=CC=C(O)C1=C1C(F)=CC=CC=C1F,2.63564524,2.6382613266666666,0.0026160866666664617
triplet,GP,456,45,N#[N+]C1=CC=CC=C(N=[N-])C1=C1C=CC=C1,1.67729253,2.658227008125,0.980934478125
triplet,GP,456,46,N#CC1=CC=CC=C(C#N)C1=C1C=CC=C1,2.68134119,2.6373093277083335,0.044031862291666446
triplet,GP,456,47,C1=CC=CC(=C2C=CC=C2)C=C1,1.11261958,2.6700522700384566,1.5574326900384565
triplet,GP,456,48,N#CC1=C(C#N)C1=C1C(O)=C(S)C(S)=C1O,2.85983448,2.6335907175,0.22624376249999978
triplet,KNN,456,0,NC1=C(N)C1=C1C=CC=C1,1.25521867,2.750598082921348,1.495379412921348
triplet,KNN,456,1,OC1=C(O)C1=C1C=CC=C1,2.71605898,2.379858394019925,0.33620058598007496
triplet,KNN,456,2,BC1=C(B)C(=C2C=C2)C(B)=C1B,3.40518544,2.737987947950503,0.667197492049497
triplet,KNN,456,3,BC1=CC=C(B)C1=C1C=C1,2.48114461,2.957077485027517,0.47593287502751735
triplet,KNN,456,4,BC1=CC(=C2C=C2)C=C1B,3.43119687,3.034042518740995,0.397154351259005
triplet,KNN,456,5,N#CC1=C(C#N)C(=C2C=C2)C(C#N)=C1C#N,4.27279505,2.0495781914999993,2.2232168585000007
triplet,KNN,456,6,N#CC1=CC=C(C#N)C1=C1C=C1,4.05784259,3.0947100979414452,0.9631324920585547
triplet,KNN,456,7,N#CC1=CC(=C2C=C2)C=C1C#N,3.35453075,3.5380067230079204,0.1834759730079205
triplet,KNN,456,8,CC1=CC=C(C)C1=C1C(C(F)(F)F)=C1C(F)(F)F,2.86847676,2.5473231357152515,0.3211536242847486
triplet,KNN,456,9,CC1=C(C)C(=C2C(C#N)=C2C#N)C(C)=C1C,2.18937966,2.4278005993832044,0.2384209393832042
triplet,KNN,456,10,CC1=CC=C(C)C1=C1C(C#N)=C1C#N,2.14065288,2.5430688577232927,0.4024159777232925
triplet,KNN,456,11,CC1=CC(=C2C(C#N)=C2C#N)C=C1C,1.49512656,2.176189856263911,0.6810632962639107
triplet,KNN,456,12,[H]/N=C1\C=C/C(=N\[H])C1=C1C(=N\O)/C1=N/O,1.04662872,2.535620746178944,1.4889920261789442
triplet,KNN,456,13,N#CC1=C(C#N)C1=C1C(N)=C(N)C(N)=C1N,2.62711275,2.3164877016883816,0.31062504831161863
triplet,KNN,456,14,N#CC1=C(C#N)C1=C1C(N)=CC=C1N,3.02222278,2.4464782098949214,0.5757445701050785
triplet,KNN,456,15,N#CC1=C(C#N)C1=C1C=C(N)C(N)=C1,1.63013681,2.336162239823131,0.706025429823131
triplet,KNN,456,16,NC1=C(N)C(=C2C=C2)C(N)=C1N,3.39792325,2.3250277365041256,1.0728955134958742
triplet,KNN,456,17,NC1=CC(=C2C=C2)C=C1N,2.99018038,2.968120855976355,0.022059524023644972
triplet,KNN,456,18,CN(C)C1=CC=C(N(C)C)C1=C1C=C1,3.00781906,2.7661161621027803,0.24170289789721977
triplet,KNN,456,19,CN(C)C1=CC=C(N(C)C)C1=C1C(C#N)=C1C#N,3.00799857,2.810567436226161,0.19743113377383903
triplet,KNN,456,20,CN(C)C1=CC=C(N(C)C)C1=C1C(N=[N-])=C1[N+]#N,3.16354889,2.6693882813260563,0.4941606086739436
triplet,KNN,456,21,N#CC1=C(C#N)C1=C1C(N=[PH3])=CC=C1N=[PH3],1.88805018,2.770251714256186,0.8822015342561862
triplet,KNN,456,22,CP(C)(C)=NC1=CC=C(N=P(C)(C)C)C1=C1C=C1,3.02055945,2.6081534325067497,0.41240601749325023
triplet,KNN,456,23,CP(C)(C)=NC1=CC=C(N=P(C)(C)C)C1=C1C(C#N)=C1C#N,2.74405644,2.5518741203253072,0.1921823196746928
triplet,KNN,456,24,BC1=C(B)C1=C1C(O)=CC=C1O,3.56962935,2.8595405616402045,0.7100887883597955
triplet,KNN,456,25,OC1=CC=C(O)C1=C1C(C(F)(F)F)=C1C(F)(F)F,3.54330431,2.866841894875522,0.6764624151244778
triplet,KNN,456,26,N#CC1=C(C#N)C1=C1C(O)=C(O)C(O)=C1O,2.6929324,2.9087301295588235,0.21579772955882337
triplet,KNN,456,27,N#CC1=C(C#N)C1=C1C(O)=CC=C1O,3.13125312,2.545020595177066,0.5862325248229339
triplet,KNN,456,28,N#CC1=C(C#N)C1=C1C=C(O)C(O)=C1,1.56080286,2.3724221982526337,0.8116193382526338
triplet,KNN,456,29,OC1=C(O)C(=C2C=C2)C(O)=C1O,2.32308982,2.7972141899666068,0.4741243699666069
triplet,KNN,456,30,OC1=CC=C(O)C1=C1C=C1,2.10627268,2.9119540154644383,0.8056813354644383
triplet,KNN,456,31,OC1=CC(=C2C=C2)C=C1O,3.11569027,2.6998521682072583,0.4158381017927417
triplet,KNN,456,32,COC1=CC=C(OC)C1=C1C(C#N)=C1C#N,2.81900375,2.213815737888964,0.6051880121110358
triplet,KNN,456,33,COC1=CC(=C2C(C#N)=C2C#N)C=C1OC,1.53361236,2.3100416260691885,0.7764292660691885
triplet,KNN,456,34,N#CC1=C(C#N)C1=C1C(S)=CC=C1S,2.75938489,2.6212308899683543,0.1381540000316459
triplet,KNN,456,35,ClC1=C(Cl)C(=C2C(c3ccccc3)=C2c2ccccc2)C(Cl)=C1Cl,1.13302599,2.9198415036756247,1.7868155136756247
triplet,KNN,456,36,C1=CC(=C2C=C2)C=C1,3.26484228,1.8974122999554563,1.3674299800445435
triplet,KNN,456,37,N#CC1=C(C#N)C1=C1C(O)=C(C(F)(F)F)C(C(F)(F)F)=C1O,2.44803367,2.9399139357304405,0.4918802657304404
triplet,KNN,456,38,N#CC1=C(C#N)C1=C1C(O)=C(F)C(F)=C1O,3.02943179,2.817293319155288,0.21213847084471205
triplet,KNN,456,39,CC1=C(O)C(=C2C(C#N)=C2C#N)C(O)=C1C,3.04229776,2.649805775240011,0.3924919847599888
triplet,KNN,456,40,NC1=CC=C(N)C1=C1C=CC=CC=C1,2.74696822,2.0930700515071465,0.6538981684928533
triplet,KNN,456,41,[PH3]=NC1=CC=C(N=[PH3])C1=C1C=CC=CC=C1,2.63167866,2.34834114965228,0.28333751034772003
triplet,KNN,456,42,OC1=CC=C(O)C1=C1C=CC=CC=C1,2.91248285,2.25188373601226,0.6605991139877401
triplet,KNN,456,43,N#CC1=CC=CC=C(C#N)C1=C1C(O)=CC=C1O,2.72787277,3.1830935967353953,0.45522082673539543
triplet,KNN,456,44,OC1=CC=C(O)C1=C1C(F)=CC=CC=C1F,2.63564524,3.03214281723765,0.3964975772376498
triplet,KNN,456,45,N#[N+]C1=CC=CC=C(N=[N-])C1=C1C=CC=C1,1.67729253,2.4566250278215525,0.7793324978215526
triplet,KNN,456,46,N#CC1=CC=CC=C(C#N)C1=C1C=CC=C1,2.68134119,3.514233978521333,0.8328927885213329
triplet,KNN,456,47,C1=CC=CC(=C2C=CC=C2)C=C1,1.11261958,2.762898717005444,1.6502791370054442
triplet,KNN,456,48,N#CC1=C(C#N)C1=C1C(O)=C(S)C(S)=C1O,2.85983448,2.800155520860496,0.05967895913950416
triplet,XGB,456,0,NC1=C(N)C1=C1C=CC=C1,1.25521867,2.3858022689819336,1.1305835989819335
triplet,XGB,456,1,OC1=C(O)C1=C1C=CC=C1,2.71605898,1.416117548942566,1.2999414310574342
triplet,XGB,456,2,BC1=C(B)C(=C2C=C2)C(B)=C1B,3.40518544,3.205026626586914,0.20015881341308583
triplet,XGB,456,3,BC1=CC=C(B)C1=C1C=C1,2.48114461,3.4839274883270264,1.0027828783270265
triplet,XGB,456,4,BC1=CC(=C2C=C2)C=C1B,3.43119687,3.085726737976074,0.34547013202392574
triplet,XGB,456,5,N#CC1=C(C#N)C(=C2C=C2)C(C#N)=C1C#N,4.27279505,2.689088821411133,1.5837062285888672
triplet,XGB,456,6,N#CC1=CC=C(C#N)C1=C1C=C1,4.05784259,2.9812209606170654,1.0766216293829345
triplet,XGB,456,7,N#CC1=CC(=C2C=C2)C=C1C#N,3.35453075,3.67224383354187,0.3177130835418702
triplet,XGB,456,8,CC1=CC=C(C)C1=C1C(C(F)(F)F)=C1C(F)(F)F,2.86847676,2.3838794231414795,0.4845973368585206
triplet,XGB,456,9,CC1=C(C)C(=C2C(C#N)=C2C#N)C(C)=C1C,2.18937966,2.4485268592834473,0.2591471992834471
triplet,XGB,456,10,CC1=CC=C(C)C1=C1C(C#N)=C1C#N,2.14065288,2.9328222274780273,0.7921693474780271
triplet,XGB,456,11,CC1=CC(=C2C(C#N)=C2C#N)C=C1C,1.49512656,1.5206679105758667,0.025541350575866595
triplet,XGB,456,12,[H]/N=C1\C=C/C(=N\[H])C1=C1C(=N\O)/C1=N/O,1.04662872,2.538095474243164,1.491466754243164
triplet,XGB,456,13,N#CC1=C(C#N)C1=C1C(N)=C(N)C(N)=C1N,2.62711275,1.8962721824645996,0.7308405675354006
triplet,XGB,456,14,N#CC1=C(C#N)C1=C1C(N)=CC=C1N,3.02222278,2.8563413619995117,0.16588141800048817
triplet,XGB,456,15,N#CC1=C(C#N)C1=C1C=C(N)C(N)=C1,1.63013681,1.7246969938278198,0.09456018382781983
triplet,XGB,456,16,NC1=C(N)C(=C2C=C2)C(N)=C1N,3.39792325,2.810636520385742,0.5872867296142577
triplet,XGB,456,17,NC1=CC(=C2C=C2)C=C1N,2.99018038,3.3548874855041504,0.3647071055041504
triplet,XGB,456,18,CN(C)C1=CC=C(N(C)C)C1=C1C=C1,3.00781906,3.3258838653564453,0.3180648053564452
triplet,XGB,456,19,CN(C)C1=CC=C(N(C)C)C1=C1C(C#N)=C1C#N,3.00799857,2.8225488662719727,0.18544970372802716
triplet,XGB,456,20,CN(C)C1=CC=C(N(C)C)C1=C1C(N=[N-])=C1[N+]#N,3.16354889,2.112081527709961,1.051467362290039
triplet,XGB,456,21,N#CC1=C(C#N)C1=C1C(N=[PH3])=CC=C1N=[PH3],1.88805018,2.8298962116241455,0.9418460316241455
triplet,XGB,456,22,CP(C)(C)=NC1=CC=C(N=P(C)(C)C)C1=C1C=C1,3.02055945,3.274580478668213,0.25402102866821297
triplet,XGB,456,23,CP(C)(C)=NC1=CC=C(N=P(C)(C)C)C1=C1C(C#N)=C1C#N,2.74405644,2.060368061065674,0.6836883789343262
triplet,XGB,456,24,BC1=C(B)C1=C1C(O)=CC=C1O,3.56962935,3.008265733718872,0.561363616281128
triplet,XGB,456,25,OC1=CC=C(O)C1=C1C(C(F)(F)F)=C1C(F)(F)F,3.54330431,3.1220176219940186,0.42128668800598135
triplet,XGB,456,26,N#CC1=C(C#N)C1=C1C(O)=C(O)C(O)=C1O,2.6929324,2.8263020515441895,0.13336965154418934
triplet,XGB,456,27,N#CC1=C(C#N)C1=C1C(O)=CC=C1O,3.13125312,3.0357582569122314,0.09549486308776833
triplet,XGB,456,28,N#CC1=C(C#N)C1=C1C=C(O)C(O)=C1,1.56080286,2.2257497310638428,0.6649468710638429
triplet,XGB,456,29,OC1=C(O)C(=C2C=C2)C(O)=C1O,2.32308982,3.391266345977783,1.0681765259777833
triplet,XGB,456,30,OC1=CC=C(O)C1=C1C=C1,2.10627268,3.152207374572754,1.045934694572754
triplet,XGB,456,31,OC1=CC(=C2C=C2)C=C1O,3.11569027,2.324079751968384,0.7916105180316162
triplet,XGB,456,32,COC1=CC=C(OC)C1=C1C(C#N)=C1C#N,2.81900375,2.7326085567474365,0.08639519325256328
triplet,XGB,456,33,COC1=CC(=C2C(C#N)=C2C#N)C=C1OC,1.53361236,1.5572279691696167,0.02361560916961669
triplet,XGB,456,34,N#CC1=C(C#N)C1=C1C(S)=CC=C1S,2.75938489,2.7131896018981934,0.04619528810180684
triplet,XGB,456,35,ClC1=C(Cl)C(=C2C(c3ccccc3)=C2c2ccccc2)C(Cl)=C1Cl,1.13302599,2.131535053253174,0.9985090632531739
triplet,XGB,456,36,C1=CC(=C2C=C2)C=C1,3.26484228,2.579906463623047,0.684935816376953
triplet,XGB,456,37,N#CC1=C(C#N)C1=C1C(O)=C(C(F)(F)F)C(C(F)(F)F)=C1O,2.44803367,3.2363011837005615,0.7882675137005615
triplet,XGB,456,38,N#CC1=C(C#N)C1=C1C(O)=C(F)C(F)=C1O,3.02943179,2.497032403945923,0.532399386054077
triplet,XGB,456,39,CC1=C(O)C(=C2C(C#N)=C2C#N)C(O)=C1C,3.04229776,2.7906384468078613,0.2516593131921385
triplet,XGB,456,40,NC1=CC=C(N)C1=C1C=CC=CC=C1,2.74696822,2.571057081222534,0.17591113877746567
triplet,XGB,456,41,[PH3]=NC1=CC=C(N=[PH3])C1=C1C=CC=CC=C1,2.63167866,1.7459402084350586,0.8857384515649414
triplet,XGB,456,42,OC1=CC=C(O)C1=C1C=CC=CC=C1,2.91248285,2.5745460987091064,0.3379367512908935
triplet,XGB,456,43,N#CC1=CC=CC=C(C#N)C1=C1C(O)=CC=C1O,2.72787277,3.1502511501312256,0.42237838013122575
triplet,XGB,456,44,OC1=CC=C(O)C1=C1C(F)=CC=CC=C1F,2.63564524,3.2601406574249268,0.6244954174249266
triplet,XGB,456,45,N#[N+]C1=CC=CC=C(N=[N-])C1=C1C=CC=C1,1.67729253,2.85854172706604,1.1812491970660401
triplet,XGB,456,46,N#CC1=CC=CC=C(C#N)C1=C1C=CC=C1,2.68134119,2.4543356895446777,0.2270055004553222
triplet,XGB,456,47,C1=CC=CC(=C2C=CC=C2)C=C1,1.11261958,2.2698278427124023,1.1572082627124023
triplet,XGB,456,48,N#CC1=C(C#N)C1=C1C(O)=C(S)C(S)=C1O,2.85983448,2.8112261295318604,0.048608350468139605
triplet,RF,789,0,NC1=C(N)C1=C1C=CC=C1,1.25521867,2.6509969056800062,1.3957782356800061
triplet,RF,789,1,OC1=C(O)C1=C1C=CC=C1,2.71605898,2.0024691056999933,0.7135898743000069
triplet,RF,789,2,BC1=C(B)C(=C2C=C2)C(B)=C1B,3.40518544,3.031361381059997,0.37382405894000303
triplet,RF,789,3,BC1=CC=C(B)C1=C1C=C1,2.48114461,3.244695123459988,0.7635505134599883
triplet,RF,789,4,BC1=CC(=C2C=C2)C=C1B,3.43119687,3.036772025520005,0.39442484447999515
triplet,RF,789,5,N#CC1=C(C#N)C(=C2C=C2)C(C#N)=C1C#N,4.27279505,2.58983865462,1.6829563953800002
triplet,RF,789,6,N#CC1=CC=C(C#N)C1=C1C=C1,4.05784259,2.8677540588999992,1.1900885311000007
triplet,RF,789,7,N#CC1=CC(=C2C=C2)C=C1C#N,3.35453075,3.304342659400004,0.05018809059999585
triplet,RF,789,8,CC1=CC=C(C)C1=C1C(C(F)(F)F)=C1C(F)(F)F,2.86847676,2.6599707685199987,0.20850599148000137
triplet,RF,789,9,CC1=C(C)C(=C2C(C#N)=C2C#N)C(C)=C1C,2.18937966,2.711774207640005,0.5223945476400047
triplet,RF,789,10,CC1=CC=C(C)C1=C1C(C#N)=C1C#N,2.14065288,2.8743050807400015,0.7336522007400013
triplet,RF,789,11,CC1=CC(=C2C(C#N)=C2C#N)C=C1C,1.49512656,1.724881017439995,0.22975445743999479
triplet,RF,789,12,[H]/N=C1\C=C/C(=N\[H])C1=C1C(=N\O)/C1=N/O,1.04662872,2.6361384718199945,1.5895097518199945
triplet,RF,789,13,N#CC1=C(C#N)C1=C1C(N)=C(N)C(N)=C1N,2.62711275,2.4084151948399954,0.21869755516000478
triplet,RF,789,14,N#CC1=C(C#N)C1=C1C(N)=CC=C1N,3.02222278,2.722603669120003,0.29961911087999704
triplet,RF,789,15,N#CC1=C(C#N)C1=C1C=C(N)C(N)=C1,1.63013681,1.7613867384600006,0.1312499284600006
triplet,RF,789,16,NC1=C(N)C(=C2C=C2)C(N)=C1N,3.39792325,2.3477474761999897,1.0501757738000101
triplet,RF,789,17,NC1=CC(=C2C=C2)C=C1N,2.99018038,3.241184800759993,0.2510044207599931
triplet,RF,789,18,CN(C)C1=CC=C(N(C)C)C1=C1C=C1,3.00781906,2.9577241739799978,0.05009488602000234
triplet,RF,789,19,CN(C)C1=CC=C(N(C)C)C1=C1C(C#N)=C1C#N,3.00799857,2.8201232487,0.18787532129999995
triplet,RF,789,20,CN(C)C1=CC=C(N(C)C)C1=C1C(N=[N-])=C1[N+]#N,3.16354889,2.362755411219999,0.8007934787800011
triplet,RF,789,21,N#CC1=C(C#N)C1=C1C(N=[PH3])=CC=C1N=[PH3],1.88805018,2.7589625535599973,0.8709123735599973
triplet,RF,789,22,CP(C)(C)=NC1=CC=C(N=P(C)(C)C)C1=C1C=C1,3.02055945,2.8238034355999955,0.19675601440000445
triplet,RF,789,23,CP(C)(C)=NC1=CC=C(N=P(C)(C)C)C1=C1C(C#N)=C1C#N,2.74405644,2.4899165568000026,0.2541398831999975
triplet,RF,789,24,BC1=C(B)C1=C1C(O)=CC=C1O,3.56962935,2.9611006377200058,0.6085287122799943
triplet,RF,789,25,OC1=CC=C(O)C1=C1C(C(F)(F)F)=C1C(F)(F)F,3.54330431,2.8102222653200117,0.7330820446799882
triplet,RF,789,26,N#CC1=C(C#N)C1=C1C(O)=C(O)C(O)=C1O,2.6929324,2.790380135140001,0.09744773514000071
triplet,RF,789,27,N#CC1=C(C#N)C1=C1C(O)=CC=C1O,3.13125312,2.8395952483599984,0.29165787164000134
triplet,RF,789,28,N#CC1=C(C#N)C1=C1C=C(O)C(O)=C1,1.56080286,1.9740526785199968,0.41324981851999687
triplet,RF,789,29,OC1=C(O)C(=C2C=C2)C(O)=C1O,2.32308982,3.036543196839999,0.7134533768399991
triplet,RF,789,30,OC1=CC=C(O)C1=C1C=C1,2.10627268,3.0363715564599945,0.9300988764599945
triplet,RF,789,31,OC1=CC(=C2C=C2)C=C1O,3.11569027,3.0419325740999974,0.07375769590000258
triplet,RF,789,32,COC1=CC=C(OC)C1=C1C(C#N)=C1C#N,2.81900375,2.7828387995999986,0.03616495040000123
triplet,RF,789,33,COC1=CC(=C2C(C#N)=C2C#N)C=C1OC,1.53361236,1.7347556745999972,0.20114331459999724
triplet,RF,789,34,N#CC1=C(C#N)C1=C1C(S)=CC=C1S,2.75938489,2.814274382880004,0.054889492880003665
triplet,RF,789,35,ClC1=C(Cl)C(=C2C(c3ccccc3)=C2c2ccccc2)C(Cl)=C1Cl,1.13302599,2.7007131137400013,1.5676871237400014
triplet,RF,789,36,C1=CC(=C2C=C2)C=C1,3.26484228,2.3708898081399954,0.8939524718600045
triplet,RF,789,37,N#CC1=C(C#N)C1=C1C(O)=C(C(F)(F)F)C(C(F)(F)F)=C1O,2.44803367,3.0187942962800065,0.5707606262800065
triplet,RF,789,38,N#CC1=C(C#N)C1=C1C(O)=C(F)C(F)=C1O,3.02943179,2.7026959242000075,0.32673586579999236
triplet,RF,789,39,CC1=C(O)C(=C2C(C#N)=C2C#N)C(O)=C1C,3.04229776,2.537802754060001,0.5044950059399986
triplet,RF,789,40,NC1=CC=C(N)C1=C1C=CC=CC=C1,2.74696822,2.3614838481199967,0.3854843718800032
triplet,RF,789,41,[PH3]=NC1=CC=C(N=[PH3])C1=C1C=CC=CC=C1,2.63167866,2.049373372940005,0.5823052870599947
triplet,RF,789,42,OC1=CC=C(O)C1=C1C=CC=CC=C1,2.91248285,2.3881703698600005,0.5243124801399994
triplet,RF,789,43,N#CC1=CC=CC=C(C#N)C1=C1C(O)=CC=C1O,2.72787277,3.146558385020016,0.4186856150200162
triplet,RF,789,44,OC1=CC=C(O)C1=C1C(F)=CC=CC=C1F,2.63564524,3.1881170440800046,0.5524718040800045
triplet,RF,789,45,N#[N+]C1=CC=CC=C(N=[N-])C1=C1C=CC=C1,1.67729253,2.675650188340002,0.998357658340002
triplet,RF,789,46,N#CC1=CC=CC=C(C#N)C1=C1C=CC=C1,2.68134119,2.7310486145199984,0.04970742451999843
triplet,RF,789,47,C1=CC=CC(=C2C=CC=C2)C=C1,1.11261958,2.720375353620007,1.6077557736200068
triplet,RF,789,48,N#CC1=C(C#N)C1=C1C(O)=C(S)C(S)=C1O,2.85983448,2.8004828417400076,0.059351638259992345
triplet,GP,789,0,NC1=C(N)C1=C1C=CC=C1,1.25521867,2.6670202135416665,1.4118015435416664
triplet,GP,789,1,OC1=C(O)C1=C1C=CC=C1,2.71605898,2.6365860404166668,0.07947293958333335
triplet,GP,789,2,BC1=C(B)C(=C2C=C2)C(B)=C1B,3.40518544,2.6222292391666664,0.7829562008333335
triplet,GP,789,3,BC1=CC=C(B)C1=C1C=C1,2.48114461,2.6414800897916666,0.16033547979166674
triplet,GP,789,4,BC1=CC(=C2C=C2)C=C1B,3.43119687,2.621687334375,0.8095095356250002
triplet,GP,789,5,N#CC1=C(C#N)C(=C2C=C2)C(C#N)=C1C#N,4.27279505,2.6041540389583333,1.6686410110416667
triplet,GP,789,6,N#CC1=CC=C(C#N)C1=C1C=C1,4.05784259,2.6086322152083334,1.4492103747916665
triplet,GP,789,7,N#CC1=CC(=C2C=C2)C=C1C#N,3.35453075,2.623284545208333,0.7312462047916668
triplet,GP,789,8,CC1=CC=C(C)C1=C1C(C(F)(F)F)=C1C(F)(F)F,2.86847676,2.6334106699999995,0.23506609000000056
triplet,GP,789,9,CC1=C(C)C(=C2C(C#N)=C2C#N)C(C)=C1C,2.18937966,2.6475585262499997,0.4581788662499995
triplet,GP,789,10,CC1=CC=C(C)C1=C1C(C#N)=C1C#N,2.14065288,2.6485736674999996,0.5079207874999994
triplet,GP,789,11,CC1=CC(=C2C(C#N)=C2C#N)C=C1C,1.49512656,2.6620221324999997,1.1668955724999996
triplet,GP,789,12,[H]/N=C1\C=C/C(=N\[H])C1=C1C(=N\O)/C1=N/O,1.04662872,2.6713658375,1.6247371174999998
triplet,GP,789,13,N#CC1=C(C#N)C1=C1C(N)=C(N)C(N)=C1N,2.62711275,2.638439086875,0.011326336874999843
triplet,GP,789,14,N#CC1=C(C#N)C1=C1C(N)=CC=C1N,3.02222278,2.6302076279166666,0.39201515208333326
triplet,GP,789,15,N#CC1=C(C#N)C1=C1C=C(N)C(N)=C1,1.63013681,2.6592094189583335,1.0290726089583335
triplet,GP,789,16,NC1=C(N)C(=C2C=C2)C(N)=C1N,3.39792325,2.6223805347916667,0.7755427152083332
triplet,GP,789,17,NC1=CC(=C2C=C2)C=C1N,2.99018038,2.6308751779166664,0.3593052020833336
triplet,GP,789,18,CN(C)C1=CC=C(N(C)C)C1=C1C=C1,3.00781906,2.6305077054166666,0.37731135458333354
triplet,GP,789,19,CN(C)C1=CC=C(N(C)C)C1=C1C(C#N)=C1C#N,3.00799857,2.630503965625,0.3774946043749998
triplet,GP,789,20,CN(C)C1=CC=C(N(C)C)C1=C1C(N=[N-])=C1[N+]#N,3.16354889,2.6272633339583336,0.5362855560416664
triplet,GP,789,21,N#CC1=C(C#N)C1=C1C(N=[PH3])=CC=C1N=[PH3],1.88805018,2.65383622375,0.7657860437499999
triplet,GP,789,22,CP(C)(C)=NC1=CC=C(N=P(C)(C)C)C1=C1C=C1,3.02055945,2.630242280625,0.39031716937499983
triplet,GP,789,23,CP(C)(C)=NC1=CC=C(N=P(C)(C)C)C1=C1C(C#N)=C1C#N,2.74405644,2.6360027600000002,0.10805367999999982
triplet,GP,789,24,BC1=C(B)C1=C1C(O)=CC=C1O,3.56962935,2.618803324375,0.9508260256250001
triplet,GP,789,25,OC1=CC=C(O)C1=C1C(C(F)(F)F)=C1C(F)(F)F,3.54330431,2.6193517627083334,0.9239525472916665
triplet,GP,789,26,N#CC1=C(C#N)C1=C1C(O)=C(O)C(O)=C1O,2.6929324,2.637067844166667,0.055864555833333274
triplet,GP,789,27,N#CC1=C(C#N)C1=C1C(O)=CC=C1O,3.13125312,2.6279361624999997,0.5033169575
triplet,GP,789,28,N#CC1=C(C#N)C1=C1C=C(O)C(O)=C1,1.56080286,2.66065387625,1.0998510162500001
triplet,GP,789,29,OC1=C(O)C(=C2C=C2)C(O)=C1O,2.32308982,2.644772897916667,0.32168307791666706
triplet,GP,789,30,OC1=CC=C(O)C1=C1C=C1,2.10627268,2.6492899216666665,0.5430172416666665
triplet,GP,789,31,OC1=CC(=C2C=C2)C=C1O,3.11569027,2.628260388541667,0.4874298814583331
triplet,GP,789,32,COC1=CC=C(OC)C1=C1C(C#N)=C1C#N,2.81900375,2.6344413577083334,0.18456239229166638
triplet,GP,789,33,COC1=CC(=C2C(C#N)=C2C#N)C=C1OC,1.53361236,2.661220345,1.1276079849999998
triplet,GP,789,34,N#CC1=C(C#N)C1=C1C(S)=CC=C1S,2.75938489,2.6356834172916668,0.12370147270833343
triplet,GP,789,35,ClC1=C(Cl)C(=C2C(c3ccccc3)=C2c2ccccc2)C(Cl)=C1Cl,1.13302599,2.669565894375,1.5365399043749999
triplet,GP,789,36,C1=CC(=C2C=C2)C=C1,3.26484228,2.625116508568434,0.6397257714315661
triplet,GP,789,37,N#CC1=C(C#N)C1=C1C(O)=C(C(F)(F)F)C(C(F)(F)F)=C1O,2.44803367,2.6421699010416666,0.19413623104166655
triplet,GP,789,38,N#CC1=C(C#N)C1=C1C(O)=C(F)C(F)=C1O,3.02943179,2.630057440208333,0.39937434979166664
triplet,GP,789,39,CC1=C(O)C(=C2C(C#N)=C2C#N)C(O)=C1C,3.04229776,2.6297893991666665,0.4125083608333333
triplet,GP,789,40,NC1=CC=C(N)C1=C1C=CC=CC=C1,2.74696822,2.635942097916667,0.11102612208333307
triplet,GP,789,41,[PH3]=NC1=CC=C(N=[PH3])C1=C1C=CC=CC=C1,2.63167866,2.63834396375,0.006665303750000184
triplet,GP,789,42,OC1=CC=C(O)C1=C1C=CC=CC=C1,2.91248285,2.632493876458333,0.27998897354166674
triplet,GP,789,43,N#CC1=CC=CC=C(C#N)C1=C1C(O)=CC=C1O,2.72787277,2.636339919791667,0.09153285020833302
triplet,GP,789,44,OC1=CC=C(O)C1=C1C(F)=CC=CC=C1F,2.63564524,2.6382613266666666,0.0026160866666664617
triplet,GP,789,45,N#[N+]C1=CC=CC=C(N=[N-])C1=C1C=CC=C1,1.67729253,2.658227008125,0.980934478125
triplet,GP,789,46,N#CC1=CC=CC=C(C#N)C1=C1C=CC=C1,2.68134119,2.6373093277083335,0.044031862291666446
triplet,GP,789,47,C1=CC=CC(=C2C=CC=C2)C=C1,1.11261958,2.6700522700384566,1.5574326900384565
triplet,GP,789,48,N#CC1=C(C#N)C1=C1C(O)=C(S)C(S)=C1O,2.85983448,2.6335907175,0.22624376249999978
triplet,KNN,789,0,NC1=C(N)C1=C1C=CC=C1,1.25521867,2.750598082921348,1.495379412921348
triplet,KNN,789,1,OC1=C(O)C1=C1C=CC=C1,2.71605898,2.379858394019925,0.33620058598007496
triplet,KNN,789,2,BC1=C(B)C(=C2C=C2)C(B)=C1B,3.40518544,2.737987947950503,0.667197492049497
triplet,KNN,789,3,BC1=CC=C(B)C1=C1C=C1,2.48114461,2.957077485027517,0.47593287502751735
triplet,KNN,789,4,BC1=CC(=C2C=C2)C=C1B,3.43119687,3.034042518740995,0.397154351259005
triplet,KNN,789,5,N#CC1=C(C#N)C(=C2C=C2)C(C#N)=C1C#N,4.27279505,2.0495781914999993,2.2232168585000007
triplet,KNN,789,6,N#CC1=CC=C(C#N)C1=C1C=C1,4.05784259,3.0947100979414452,0.9631324920585547
triplet,KNN,789,7,N#CC1=CC(=C2C=C2)C=C1C#N,3.35453075,3.5380067230079204,0.1834759730079205
triplet,KNN,789,8,CC1=CC=C(C)C1=C1C(C(F)(F)F)=C1C(F)(F)F,2.86847676,2.5473231357152515,0.3211536242847486
triplet,KNN,789,9,CC1=C(C)C(=C2C(C#N)=C2C#N)C(C)=C1C,2.18937966,2.4278005993832044,0.2384209393832042
triplet,KNN,789,10,CC1=CC=C(C)C1=C1C(C#N)=C1C#N,2.14065288,2.5430688577232927,0.4024159777232925
triplet,KNN,789,11,CC1=CC(=C2C(C#N)=C2C#N)C=C1C,1.49512656,2.176189856263911,0.6810632962639107
triplet,KNN,789,12,[H]/N=C1\C=C/C(=N\[H])C1=C1C(=N\O)/C1=N/O,1.04662872,2.535620746178944,1.4889920261789442
triplet,KNN,789,13,N#CC1=C(C#N)C1=C1C(N)=C(N)C(N)=C1N,2.62711275,2.3164877016883816,0.31062504831161863
triplet,KNN,789,14,N#CC1=C(C#N)C1=C1C(N)=CC=C1N,3.02222278,2.4464782098949214,0.5757445701050785
triplet,KNN,789,15,N#CC1=C(C#N)C1=C1C=C(N)C(N)=C1,1.63013681,2.336162239823131,0.706025429823131
triplet,KNN,789,16,NC1=C(N)C(=C2C=C2)C(N)=C1N,3.39792325,2.3250277365041256,1.0728955134958742
triplet,KNN,789,17,NC1=CC(=C2C=C2)C=C1N,2.99018038,2.968120855976355,0.022059524023644972
triplet,KNN,789,18,CN(C)C1=CC=C(N(C)C)C1=C1C=C1,3.00781906,2.7661161621027803,0.24170289789721977
triplet,KNN,789,19,CN(C)C1=CC=C(N(C)C)C1=C1C(C#N)=C1C#N,3.00799857,2.810567436226161,0.19743113377383903
triplet,KNN,789,20,CN(C)C1=CC=C(N(C)C)C1=C1C(N=[N-])=C1[N+]#N,3.16354889,2.6693882813260563,0.4941606086739436
triplet,KNN,789,21,N#CC1=C(C#N)C1=C1C(N=[PH3])=CC=C1N=[PH3],1.88805018,2.770251714256186,0.8822015342561862
triplet,KNN,789,22,CP(C)(C)=NC1=CC=C(N=P(C)(C)C)C1=C1C=C1,3.02055945,2.6081534325067497,0.41240601749325023
triplet,KNN,789,23,CP(C)(C)=NC1=CC=C(N=P(C)(C)C)C1=C1C(C#N)=C1C#N,2.74405644,2.5518741203253072,0.1921823196746928
triplet,KNN,789,24,BC1=C(B)C1=C1C(O)=CC=C1O,3.56962935,2.8595405616402045,0.7100887883597955
triplet,KNN,789,25,OC1=CC=C(O)C1=C1C(C(F)(F)F)=C1C(F)(F)F,3.54330431,2.866841894875522,0.6764624151244778
triplet,KNN,789,26,N#CC1=C(C#N)C1=C1C(O)=C(O)C(O)=C1O,2.6929324,2.9087301295588235,0.21579772955882337
triplet,KNN,789,27,N#CC1=C(C#N)C1=C1C(O)=CC=C1O,3.13125312,2.545020595177066,0.5862325248229339
triplet,KNN,789,28,N#CC1=C(C#N)C1=C1C=C(O)C(O)=C1,1.56080286,2.3724221982526337,0.8116193382526338
triplet,KNN,789,29,OC1=C(O)C(=C2C=C2)C(O)=C1O,2.32308982,2.7972141899666068,0.4741243699666069
triplet,KNN,789,30,OC1=CC=C(O)C1=C1C=C1,2.10627268,2.9119540154644383,0.8056813354644383
triplet,KNN,789,31,OC1=CC(=C2C=C2)C=C1O,3.11569027,2.6998521682072583,0.4158381017927417
triplet,KNN,789,32,COC1=CC=C(OC)C1=C1C(C#N)=C1C#N,2.81900375,2.213815737888964,0.6051880121110358
triplet,KNN,789,33,COC1=CC(=C2C(C#N)=C2C#N)C=C1OC,1.53361236,2.3100416260691885,0.7764292660691885
triplet,KNN,789,34,N#CC1=C(C#N)C1=C1C(S)=CC=C1S,2.75938489,2.6212308899683543,0.1381540000316459
triplet,KNN,789,35,ClC1=C(Cl)C(=C2C(c3ccccc3)=C2c2ccccc2)C(Cl)=C1Cl,1.13302599,2.9198415036756247,1.7868155136756247
triplet,KNN,789,36,C1=CC(=C2C=C2)C=C1,3.26484228,1.8974122999554563,1.3674299800445435
triplet,KNN,789,37,N#CC1=C(C#N)C1=C1C(O)=C(C(F)(F)F)C(C(F)(F)F)=C1O,2.44803367,2.9399139357304405,0.4918802657304404
triplet,KNN,789,38,N#CC1=C(C#N)C1=C1C(O)=C(F)C(F)=C1O,3.02943179,2.817293319155288,0.21213847084471205
triplet,KNN,789,39,CC1=C(O)C(=C2C(C#N)=C2C#N)C(O)=C1C,3.04229776,2.649805775240011,0.3924919847599888
triplet,KNN,789,40,NC1=CC=C(N)C1=C1C=CC=CC=C1,2.74696822,2.0930700515071465,0.6538981684928533
triplet,KNN,789,41,[PH3]=NC1=CC=C(N=[PH3])C1=C1C=CC=CC=C1,2.63167866,2.34834114965228,0.28333751034772003
triplet,KNN,789,42,OC1=CC=C(O)C1=C1C=CC=CC=C1,2.91248285,2.25188373601226,0.6605991139877401
triplet,KNN,789,43,N#CC1=CC=CC=C(C#N)C1=C1C(O)=CC=C1O,2.72787277,3.1830935967353953,0.45522082673539543
triplet,KNN,789,44,OC1=CC=C(O)C1=C1C(F)=CC=CC=C1F,2.63564524,3.03214281723765,0.3964975772376498
triplet,KNN,789,45,N#[N+]C1=CC=CC=C(N=[N-])C1=C1C=CC=C1,1.67729253,2.4566250278215525,0.7793324978215526
triplet,KNN,789,46,N#CC1=CC=CC=C(C#N)C1=C1C=CC=C1,2.68134119,3.514233978521333,0.8328927885213329
triplet,KNN,789,47,C1=CC=CC(=C2C=CC=C2)C=C1,1.11261958,2.762898717005444,1.6502791370054442
triplet,KNN,789,48,N#CC1=C(C#N)C1=C1C(O)=C(S)C(S)=C1O,2.85983448,2.800155520860496,0.05967895913950416
triplet,XGB,789,0,NC1=C(N)C1=C1C=CC=C1,1.25521867,2.308534622192383,1.0533159521923827
triplet,XGB,789,1,OC1=C(O)C1=C1C=CC=C1,2.71605898,1.4084457159042358,1.3076132640957643
triplet,XGB,789,2,BC1=C(B)C(=C2C=C2)C(B)=C1B,3.40518544,3.1642258167266846,0.24095962327331533
triplet,XGB,789,3,BC1=CC=C(B)C1=C1C=C1,2.48114461,3.516904830932617,1.0357602209326173
triplet,XGB,789,4,BC1=CC(=C2C=C2)C=C1B,3.43119687,3.168745279312134,0.26245159068786617
triplet,XGB,789,5,N#CC1=C(C#N)C(=C2C=C2)C(C#N)=C1C#N,4.27279505,2.6682755947113037,1.6045194552886963
triplet,XGB,789,6,N#CC1=CC=C(C#N)C1=C1C=C1,4.05784259,2.9959802627563477,1.0618623272436523
triplet,XGB,789,7,N#CC1=CC(=C2C=C2)C=C1C#N,3.35453075,3.6285383701324463,0.2740076201324464
triplet,XGB,789,8,CC1=CC=C(C)C1=C1C(C(F)(F)F)=C1C(F)(F)F,2.86847676,2.4032883644104004,0.4651883955895997
triplet,XGB,789,9,CC1=C(C)C(=C2C(C#N)=C2C#N)C(C)=C1C,2.18937966,2.369668483734131,0.1802888237341307
triplet,XGB,789,10,CC1=CC=C(C)C1=C1C(C#N)=C1C#N,2.14065288,2.932049036026001,0.7913961560260008
triplet,XGB,789,11,CC1=CC(=C2C(C#N)=C2C#N)C=C1C,1.49512656,1.561213731765747,0.06608717176574697
triplet,XGB,789,12,[H]/N=C1\C=C/C(=N\[H])C1=C1C(=N\O)/C1=N/O,1.04662872,2.611238479614258,1.5646097596142579
triplet,XGB,789,13,N#CC1=C(C#N)C1=C1C(N)=C(N)C(N)=C1N,2.62711275,1.8785024881362915,0.7486102618637087
triplet,XGB,789,14,N#CC1=C(C#N)C1=C1C(N)=CC=C1N,3.02222278,2.807899236679077,0.21432354332092274
triplet,XGB,789,15,N#CC1=C(C#N)C1=C1C=C(N)C(N)=C1,1.63013681,1.7329543828964233,0.10281757289642335
triplet,XGB,789,16,NC1=C(N)C(=C2C=C2)C(N)=C1N,3.39792325,2.7129180431365967,0.6850052068634032
triplet,XGB,789,17,NC1=CC(=C2C=C2)C=C1N,2.99018038,3.3820595741271973,0.3918791941271973
triplet,XGB,789,18,CN(C)C1=CC=C(N(C)C)C1=C1C=C1,3.00781906,3.2737936973571777,0.26597463735717763
triplet,XGB,789,19,CN(C)C1=CC=C(N(C)C)C1=C1C(C#N)=C1C#N,3.00799857,2.782308340072632,0.22569022992736798
triplet,XGB,789,20,CN(C)C1=CC=C(N(C)C)C1=C1C(N=[N-])=C1[N+]#N,3.16354889,2.103969097137451,1.0595797928625488
triplet,XGB,789,21,N#CC1=C(C#N)C1=C1C(N=[PH3])=CC=C1N=[PH3],1.88805018,2.8147284984588623,0.9266783184588623
triplet,XGB,789,22,CP(C)(C)=NC1=CC=C(N=P(C)(C)C)C1=C1C=C1,3.02055945,3.3469138145446777,0.3263543645446778
triplet,XGB,789,23,CP(C)(C)=NC1=CC=C(N=P(C)(C)C)C1=C1C(C#N)=C1C#N,2.74405644,2.057117223739624,0.686939216260376
triplet,XGB,789,24,BC1=C(B)C1=C1C(O)=CC=C1O,3.56962935,2.8738486766815186,0.6957806733184815
triplet,XGB,789,25,OC1=CC=C(O)C1=C1C(C(F)(F)F)=C1C(F)(F)F,3.54330431,3.0721397399902344,0.4711645700097655
triplet,XGB,789,26,N#CC1=C(C#N)C1=C1C(O)=C(O)C(O)=C1O,2.6929324,2.8839125633239746,0.1909801633239745
triplet,XGB,789,27,N#CC1=C(C#N)C1=C1C(O)=CC=C1O,3.13125312,3.0669095516204834,0.06434356837951638
triplet,XGB,789,28,N#CC1=C(C#N)C1=C1C=C(O)C(O)=C1,1.56080286,2.154102087020874,0.5932992270208741
triplet,XGB,789,29,OC1=C(O)C(=C2C=C2)C(O)=C1O,2.32308982,3.3208816051483154,0.9977917851483156
triplet,XGB,789,30,OC1=CC=C(O)C1=C1C=C1,2.10627268,3.291618824005127,1.185346144005127
triplet,XGB,789,31,OC1=CC(=C2C=C2)C=C1O,3.11569027,2.5098516941070557,0.6058385758929443
triplet,XGB,789,32,COC1=CC=C(OC)C1=C1C(C#N)=C1C#N,2.81900375,2.7292258739471436,0.08977787605285625
triplet,XGB,789,33,COC1=CC(=C2C(C#N)=C2C#N)C=C1OC,1.53361236,1.507227897644043,0.02638446235595704
triplet,XGB,789,34,N#CC1=C(C#N)C1=C1C(S)=CC=C1S,2.75938489,2.720383405685425,0.039001484314575396
triplet,XGB,789,35,ClC1=C(Cl)C(=C2C(c3ccccc3)=C2c2ccccc2)C(Cl)=C1Cl,1.13302599,2.1212010383605957,0.9881750483605958
triplet,XGB,789,36,C1=CC(=C2C=C2)C=C1,3.26484228,2.5266149044036865,0.7382273755963134
triplet,XGB,789,37,N#CC1=C(C#N)C1=C1C(O)=C(C(F)(F)F)C(C(F)(F)F)=C1O,2.44803367,3.215082883834839,0.7670492138348388
triplet,XGB,789,38,N#CC1=C(C#N)C1=C1C(O)=C(F)C(F)=C1O,3.02943179,2.5552666187286377,0.47416517127136215
triplet,XGB,789,39,CC1=C(O)C(=C2C(C#N)=C2C#N)C(O)=C1C,3.04229776,2.7979812622070312,0.2443164977929686
triplet,XGB,789,40,NC1=CC=C(N)C1=C1C=CC=CC=C1,2.74696822,2.575012683868408,0.17195553613159165
triplet,XGB,789,41,[PH3]=NC1=CC=C(N=[PH3])C1=C1C=CC=CC=C1,2.63167866,1.728044867515564,0.903633792484436
triplet,XGB,789,42,OC1=CC=C(O)C1=C1C=CC=CC=C1,2.91248285,2.424252986907959,0.48822986309204097
triplet,XGB,789,43,N#CC1=CC=CC=C(C#N)C1=C1C(O)=CC=C1O,2.72787277,3.159532070159912,0.4316593001599123
triplet,XGB,789,44,OC1=CC=C(O)C1=C1C(F)=CC=CC=C1F,2.63564524,3.259721517562866,0.6240762775628661
triplet,XGB,789,45,N#[N+]C1=CC=CC=C(N=[N-])C1=C1C=CC=C1,1.67729253,2.8820834159851074,1.2047908859851075
triplet,XGB,789,46,N#CC1=CC=CC=C(C#N)C1=C1C=CC=C1,2.68134119,2.485167980194092,0.19617320980590813
triplet,XGB,789,47,C1=CC=CC(=C2C=CC=C2)C=C1,1.11261958,2.2859127521514893,1.1732931721514892
triplet,XGB,789,48,N#CC1=C(C#N)C1=C1C(O)=C(S)C(S)=C1O,2.85983448,2.804555892944336,0.05527858705566402
triplet,RF,1000,0,NC1=C(N)C1=C1C=CC=C1,1.25521867,2.667002101040005,1.4117834310400048
triplet,RF,1000,1,OC1=C(O)C1=C1C=CC=C1,2.71605898,2.076851055159992,0.639207924840008
triplet,RF,1000,2,BC1=C(B)C(=C2C=C2)C(B)=C1B,3.40518544,2.993879280619999,0.4113061593800009
triplet,RF,1000,3,BC1=CC=C(B)C1=C1C=C1,2.48114461,3.247707280579989,0.7665626705799893
triplet,RF,1000,4,BC1=CC(=C2C=C2)C=C1B,3.43119687,3.067949273680007,0.3632475963199928
triplet,RF,1000,5,N#CC1=C(C#N)C(=C2C=C2)C(C#N)=C1C#N,4.27279505,2.5177422179199977,1.7550528320800023
triplet,RF,1000,6,N#CC1=CC=C(C#N)C1=C1C=C1,4.05784259,2.8752807377,1.1825618523
triplet,RF,1000,7,N#CC1=CC(=C2C=C2)C=C1C#N,3.35453075,3.3313604305600024,0.023170319439997478
triplet,RF,1000,8,CC1=CC=C(C)C1=C1C(C(F)(F)F)=C1C(F)(F)F,2.86847676,2.67912783948,0.18934892052000007
triplet,RF,1000,9,CC1=C(C)C(=C2C(C#N)=C2C#N)C(C)=C1C,2.18937966,2.68171098656,0.49233132656
triplet,RF,1000,10,CC1=CC=C(C)C1=C1C(C#N)=C1C#N,2.14065288,2.880401743120002,0.7397488631200018
triplet,RF,1000,11,CC1=CC(=C2C(C#N)=C2C#N)C=C1C,1.49512656,1.7379985615399947,0.24287200153999455
triplet,RF,1000,12,[H]/N=C1\C=C/C(=N\[H])C1=C1C(=N\O)/C1=N/O,1.04662872,2.6975017333599953,1.6508730133599954
triplet,RF,1000,13,N#CC1=C(C#N)C1=C1C(N)=C(N)C(N)=C1N,2.62711275,2.5015166035599963,0.12559614644000394
triplet,RF,1000,14,N#CC1=C(C#N)C1=C1C(N)=CC=C1N,3.02222278,2.73471299534,0.2875097846600001
triplet,RF,1000,15,N#CC1=C(C#N)C1=C1C=C(N)C(N)=C1,1.63013681,1.7836543946599992,0.1535175846599992
triplet,RF,1000,16,NC1=C(N)C(=C2C=C2)C(N)=C1N,3.39792325,2.3194243893799875,1.0784988606200123
triplet,RF,1000,17,NC1=CC(=C2C=C2)C=C1N,2.99018038,3.22753473263999,0.23735435263998994
triplet,RF,1000,18,CN(C)C1=CC=C(N(C)C)C1=C1C=C1,3.00781906,2.9153072478799995,0.09251181212000059
triplet,RF,1000,19,CN(C)C1=CC=C(N(C)C)C1=C1C(C#N)=C1C#N,3.00799857,2.839548813439998,0.1684497565600016
triplet,RF,1000,20,CN(C)C1=CC=C(N(C)C)C1=C1C(N=[N-])=C1[N+]#N,3.16354889,2.347359461500001,0.8161894284999991
triplet,RF,1000,21,N#CC1=C(C#N)C1=C1C(N=[PH3])=CC=C1N=[PH3],1.88805018,2.7626865574599937,0.8746363774599937
triplet,RF,1000,22,CP(C)(C)=NC1=CC=C(N=P(C)(C)C)C1=C1C=C1,3.02055945,2.7774110717199916,0.24314837828000835
triplet,RF,1000,23,CP(C)(C)=NC1=CC=C(N=P(C)(C)C)C1=C1C(C#N)=C1C#N,2.74405644,2.4670792971600024,0.27697714283999764
triplet,RF,1000,24,BC1=C(B)C1=C1C(O)=CC=C1O,3.56962935,2.9480962098800054,0.6215331401199946
triplet,RF,1000,25,OC1=CC=C(O)C1=C1C(C(F)(F)F)=C1C(F)(F)F,3.54330431,2.8065401819400075,0.7367641280599924
triplet,RF,1000,26,N#CC1=C(C#N)C1=C1C(O)=C(O)C(O)=C1O,2.6929324,2.8030001782599983,0.11006777825999814
triplet,RF,1000,27,N#CC1=C(C#N)C1=C1C(O)=CC=C1O,3.13125312,2.849730825539996,0.28152229446000376
triplet,RF,1000,28,N#CC1=C(C#N)C1=C1C=C(O)C(O)=C1,1.56080286,1.9970883619999968,0.43628550199999694
triplet,RF,1000,29,OC1=C(O)C(=C2C=C2)C(O)=C1O,2.32308982,3.030926949219998,0.7078371292199983
triplet,RF,1000,30,OC1=CC=C(O)C1=C1C=C1,2.10627268,3.009629692779995,0.903357012779995
triplet,RF,1000,31,OC1=CC(=C2C=C2)C=C1O,3.11569027,3.0068324686199963,0.10885780138000367
triplet,RF,1000,32,COC1=CC=C(OC)C1=C1C(C#N)=C1C#N,2.81900375,2.7650066906999973,0.05399705930000254
triplet,RF,1000,33,COC1=CC(=C2C(C#N)=C2C#N)C=C1OC,1.53361236,1.7450412971399973,0.21142893713999733
triplet,RF,1000,34,N#CC1=C(C#N)C1=C1C(S)=CC=C1S,2.75938489,2.79640920592,0.03702431591999966
triplet,RF,1000,35,ClC1=C(Cl)C(=C2C(c3ccccc3)=C2c2ccccc2)C(Cl)=C1Cl,1.13302599,2.6840763250199977,1.5510503350199978
triplet,RF,1000,36,C1=CC(=C2C=C2)C=C1,3.26484228,2.410178434879995,0.854663845120005
triplet,RF,1000,37,N#CC1=C(C#N)C1=C1C(O)=C(C(F)(F)F)C(C(F)(F)F)=C1O,2.44803367,2.9820948740800044,0.5340612040800043
triplet,RF,1000,38,N#CC1=C(C#N)C1=C1C(O)=C(F)C(F)=C1O,3.02943179,2.6870244797200074,0.3424073102799925
triplet,RF,1000,39,CC1=C(O)C(=C2C(C#N)=C2C#N)C(O)=C1C,3.04229776,2.568746837599999,0.47355092240000074
triplet,RF,1000,40,NC1=CC=C(N)C1=C1C=CC=CC=C1,2.74696822,2.4713158550199985,0.27565236498000134
triplet,RF,1000,41,[PH3]=NC1=CC=C(N=[PH3])C1=C1C=CC=CC=C1,2.63167866,2.1603964246600023,0.4712822353399977
triplet,RF,1000,42,OC1=CC=C(O)C1=C1C=CC=CC=C1,2.91248285,2.451892793360004,0.4605900566399961
triplet,RF,1000,43,N#CC1=CC=CC=C(C#N)C1=C1C(O)=CC=C1O,2.72787277,3.129154087860018,0.4012813178600183
triplet,RF,1000,44,OC1=CC=C(O)C1=C1C(F)=CC=CC=C1F,2.63564524,3.1834348877200034,0.5477896477200033
triplet,RF,1000,45,N#[N+]C1=CC=CC=C(N=[N-])C1=C1C=CC=C1,1.67729253,2.698271231900007,1.020978701900007
triplet,RF,1000,46,N#CC1=CC=CC=C(C#N)C1=C1C=CC=C1,2.68134119,2.773790763340002,0.09244957334000192
triplet,RF,1000,47,C1=CC=CC(=C2C=CC=C2)C=C1,1.11261958,2.714997251840009,1.6023776718400091
triplet,RF,1000,48,N#CC1=C(C#N)C1=C1C(O)=C(S)C(S)=C1O,2.85983448,2.787287149020005,0.0725473309799951
triplet,GP,1000,0,NC1=C(N)C1=C1C=CC=C1,1.25521867,2.6670202135416665,1.4118015435416664
triplet,GP,1000,1,OC1=C(O)C1=C1C=CC=C1,2.71605898,2.6365860404166668,0.07947293958333335
triplet,GP,1000,2,BC1=C(B)C(=C2C=C2)C(B)=C1B,3.40518544,2.6222292391666664,0.7829562008333335
triplet,GP,1000,3,BC1=CC=C(B)C1=C1C=C1,2.48114461,2.6414800897916666,0.16033547979166674
triplet,GP,1000,4,BC1=CC(=C2C=C2)C=C1B,3.43119687,2.621687334375,0.8095095356250002
triplet,GP,1000,5,N#CC1=C(C#N)C(=C2C=C2)C(C#N)=C1C#N,4.27279505,2.6041540389583333,1.6686410110416667
triplet,GP,1000,6,N#CC1=CC=C(C#N)C1=C1C=C1,4.05784259,2.6086322152083334,1.4492103747916665
triplet,GP,1000,7,N#CC1=CC(=C2C=C2)C=C1C#N,3.35453075,2.623284545208333,0.7312462047916668
triplet,GP,1000,8,CC1=CC=C(C)C1=C1C(C(F)(F)F)=C1C(F)(F)F,2.86847676,2.6334106699999995,0.23506609000000056
triplet,GP,1000,9,CC1=C(C)C(=C2C(C#N)=C2C#N)C(C)=C1C,2.18937966,2.6475585262499997,0.4581788662499995
triplet,GP,1000,10,CC1=CC=C(C)C1=C1C(C#N)=C1C#N,2.14065288,2.6485736674999996,0.5079207874999994
triplet,GP,1000,11,CC1=CC(=C2C(C#N)=C2C#N)C=C1C,1.49512656,2.6620221324999997,1.1668955724999996
triplet,GP,1000,12,[H]/N=C1\C=C/C(=N\[H])C1=C1C(=N\O)/C1=N/O,1.04662872,2.6713658375,1.6247371174999998
triplet,GP,1000,13,N#CC1=C(C#N)C1=C1C(N)=C(N)C(N)=C1N,2.62711275,2.638439086875,0.011326336874999843
triplet,GP,1000,14,N#CC1=C(C#N)C1=C1C(N)=CC=C1N,3.02222278,2.6302076279166666,0.39201515208333326
triplet,GP,1000,15,N#CC1=C(C#N)C1=C1C=C(N)C(N)=C1,1.63013681,2.6592094189583335,1.0290726089583335
triplet,GP,1000,16,NC1=C(N)C(=C2C=C2)C(N)=C1N,3.39792325,2.6223805347916667,0.7755427152083332
triplet,GP,1000,17,NC1=CC(=C2C=C2)C=C1N,2.99018038,2.6308751779166664,0.3593052020833336
triplet,GP,1000,18,CN(C)C1=CC=C(N(C)C)C1=C1C=C1,3.00781906,2.6305077054166666,0.37731135458333354
triplet,GP,1000,19,CN(C)C1=CC=C(N(C)C)C1=C1C(C#N)=C1C#N,3.00799857,2.630503965625,0.3774946043749998
triplet,GP,1000,20,CN(C)C1=CC=C(N(C)C)C1=C1C(N=[N-])=C1[N+]#N,3.16354889,2.6272633339583336,0.5362855560416664
triplet,GP,1000,21,N#CC1=C(C#N)C1=C1C(N=[PH3])=CC=C1N=[PH3],1.88805018,2.65383622375,0.7657860437499999
triplet,GP,1000,22,CP(C)(C)=NC1=CC=C(N=P(C)(C)C)C1=C1C=C1,3.02055945,2.630242280625,0.39031716937499983
triplet,GP,1000,23,CP(C)(C)=NC1=CC=C(N=P(C)(C)C)C1=C1C(C#N)=C1C#N,2.74405644,2.6360027600000002,0.10805367999999982
triplet,GP,1000,24,BC1=C(B)C1=C1C(O)=CC=C1O,3.56962935,2.618803324375,0.9508260256250001
triplet,GP,1000,25,OC1=CC=C(O)C1=C1C(C(F)(F)F)=C1C(F)(F)F,3.54330431,2.6193517627083334,0.9239525472916665
triplet,GP,1000,26,N#CC1=C(C#N)C1=C1C(O)=C(O)C(O)=C1O,2.6929324,2.637067844166667,0.055864555833333274
triplet,GP,1000,27,N#CC1=C(C#N)C1=C1C(O)=CC=C1O,3.13125312,2.6279361624999997,0.5033169575
triplet,GP,1000,28,N#CC1=C(C#N)C1=C1C=C(O)C(O)=C1,1.56080286,2.66065387625,1.0998510162500001
triplet,GP,1000,29,OC1=C(O)C(=C2C=C2)C(O)=C1O,2.32308982,2.644772897916667,0.32168307791666706
triplet,GP,1000,30,OC1=CC=C(O)C1=C1C=C1,2.10627268,2.6492899216666665,0.5430172416666665
triplet,GP,1000,31,OC1=CC(=C2C=C2)C=C1O,3.11569027,2.628260388541667,0.4874298814583331
triplet,GP,1000,32,COC1=CC=C(OC)C1=C1C(C#N)=C1C#N,2.81900375,2.6344413577083334,0.18456239229166638
triplet,GP,1000,33,COC1=CC(=C2C(C#N)=C2C#N)C=C1OC,1.53361236,2.661220345,1.1276079849999998
triplet,GP,1000,34,N#CC1=C(C#N)C1=C1C(S)=CC=C1S,2.75938489,2.6356834172916668,0.12370147270833343
triplet,GP,1000,35,ClC1=C(Cl)C(=C2C(c3ccccc3)=C2c2ccccc2)C(Cl)=C1Cl,1.13302599,2.669565894375,1.5365399043749999
triplet,GP,1000,36,C1=CC(=C2C=C2)C=C1,3.26484228,2.625116508568434,0.6397257714315661
triplet,GP,1000,37,N#CC1=C(C#N)C1=C1C(O)=C(C(F)(F)F)C(C(F)(F)F)=C1O,2.44803367,2.6421699010416666,0.19413623104166655
triplet,GP,1000,38,N#CC1=C(C#N)C1=C1C(O)=C(F)C(F)=C1O,3.02943179,2.630057440208333,0.39937434979166664
triplet,GP,1000,39,CC1=C(O)C(=C2C(C#N)=C2C#N)C(O)=C1C,3.04229776,2.6297893991666665,0.4125083608333333
triplet,GP,1000,40,NC1=CC=C(N)C1=C1C=CC=CC=C1,2.74696822,2.635942097916667,0.11102612208333307
triplet,GP,1000,41,[PH3]=NC1=CC=C(N=[PH3])C1=C1C=CC=CC=C1,2.63167866,2.63834396375,0.006665303750000184
triplet,GP,1000,42,OC1=CC=C(O)C1=C1C=CC=CC=C1,2.91248285,2.632493876458333,0.27998897354166674
triplet,GP,1000,43,N#CC1=CC=CC=C(C#N)C1=C1C(O)=CC=C1O,2.72787277,2.636339919791667,0.09153285020833302
triplet,GP,1000,44,OC1=CC=C(O)C1=C1C(F)=CC=CC=C1F,2.63564524,2.6382613266666666,0.0026160866666664617
triplet,GP,1000,45,N#[N+]C1=CC=CC=C(N=[N-])C1=C1C=CC=C1,1.67729253,2.658227008125,0.980934478125
triplet,GP,1000,46,N#CC1=CC=CC=C(C#N)C1=C1C=CC=C1,2.68134119,2.6373093277083335,0.044031862291666446
triplet,GP,1000,47,C1=CC=CC(=C2C=CC=C2)C=C1,1.11261958,2.6700522700384566,1.5574326900384565
triplet,GP,1000,48,N#CC1=C(C#N)C1=C1C(O)=C(S)C(S)=C1O,2.85983448,2.6335907175,0.22624376249999978
triplet,KNN,1000,0,NC1=C(N)C1=C1C=CC=C1,1.25521867,2.750598082921348,1.495379412921348
triplet,KNN,1000,1,OC1=C(O)C1=C1C=CC=C1,2.71605898,2.379858394019925,0.33620058598007496
triplet,KNN,1000,2,BC1=C(B)C(=C2C=C2)C(B)=C1B,3.40518544,2.737987947950503,0.667197492049497
triplet,KNN,1000,3,BC1=CC=C(B)C1=C1C=C1,2.48114461,2.957077485027517,0.47593287502751735
triplet,KNN,1000,4,BC1=CC(=C2C=C2)C=C1B,3.43119687,3.034042518740995,0.397154351259005
triplet,KNN,1000,5,N#CC1=C(C#N)C(=C2C=C2)C(C#N)=C1C#N,4.27279505,2.0495781914999993,2.2232168585000007
triplet,KNN,1000,6,N#CC1=CC=C(C#N)C1=C1C=C1,4.05784259,3.0947100979414452,0.9631324920585547
triplet,KNN,1000,7,N#CC1=CC(=C2C=C2)C=C1C#N,3.35453075,3.5380067230079204,0.1834759730079205
triplet,KNN,1000,8,CC1=CC=C(C)C1=C1C(C(F)(F)F)=C1C(F)(F)F,2.86847676,2.5473231357152515,0.3211536242847486
triplet,KNN,1000,9,CC1=C(C)C(=C2C(C#N)=C2C#N)C(C)=C1C,2.18937966,2.4278005993832044,0.2384209393832042
triplet,KNN,1000,10,CC1=CC=C(C)C1=C1C(C#N)=C1C#N,2.14065288,2.5430688577232927,0.4024159777232925
triplet,KNN,1000,11,CC1=CC(=C2C(C#N)=C2C#N)C=C1C,1.49512656,2.176189856263911,0.6810632962639107
triplet,KNN,1000,12,[H]/N=C1\C=C/C(=N\[H])C1=C1C(=N\O)/C1=N/O,1.04662872,2.535620746178944,1.4889920261789442
triplet,KNN,1000,13,N#CC1=C(C#N)C1=C1C(N)=C(N)C(N)=C1N,2.62711275,2.3164877016883816,0.31062504831161863
triplet,KNN,1000,14,N#CC1=C(C#N)C1=C1C(N)=CC=C1N,3.02222278,2.4464782098949214,0.5757445701050785
triplet,KNN,1000,15,N#CC1=C(C#N)C1=C1C=C(N)C(N)=C1,1.63013681,2.336162239823131,0.706025429823131
triplet,KNN,1000,16,NC1=C(N)C(=C2C=C2)C(N)=C1N,3.39792325,2.3250277365041256,1.0728955134958742
triplet,KNN,1000,17,NC1=CC(=C2C=C2)C=C1N,2.99018038,2.968120855976355,0.022059524023644972
triplet,KNN,1000,18,CN(C)C1=CC=C(N(C)C)C1=C1C=C1,3.00781906,2.7661161621027803,0.24170289789721977
triplet,KNN,1000,19,CN(C)C1=CC=C(N(C)C)C1=C1C(C#N)=C1C#N,3.00799857,2.810567436226161,0.19743113377383903
triplet,KNN,1000,20,CN(C)C1=CC=C(N(C)C)C1=C1C(N=[N-])=C1[N+]#N,3.16354889,2.6693882813260563,0.4941606086739436
triplet,KNN,1000,21,N#CC1=C(C#N)C1=C1C(N=[PH3])=CC=C1N=[PH3],1.88805018,2.770251714256186,0.8822015342561862
triplet,KNN,1000,22,CP(C)(C)=NC1=CC=C(N=P(C)(C)C)C1=C1C=C1,3.02055945,2.6081534325067497,0.41240601749325023
triplet,KNN,1000,23,CP(C)(C)=NC1=CC=C(N=P(C)(C)C)C1=C1C(C#N)=C1C#N,2.74405644,2.5518741203253072,0.1921823196746928
triplet,KNN,1000,24,BC1=C(B)C1=C1C(O)=CC=C1O,3.56962935,2.8595405616402045,0.7100887883597955
triplet,KNN,1000,25,OC1=CC=C(O)C1=C1C(C(F)(F)F)=C1C(F)(F)F,3.54330431,2.866841894875522,0.6764624151244778
triplet,KNN,1000,26,N#CC1=C(C#N)C1=C1C(O)=C(O)C(O)=C1O,2.6929324,2.9087301295588235,0.21579772955882337
triplet,KNN,1000,27,N#CC1=C(C#N)C1=C1C(O)=CC=C1O,3.13125312,2.545020595177066,0.5862325248229339
triplet,KNN,1000,28,N#CC1=C(C#N)C1=C1C=C(O)C(O)=C1,1.56080286,2.3724221982526337,0.8116193382526338
triplet,KNN,1000,29,OC1=C(O)C(=C2C=C2)C(O)=C1O,2.32308982,2.7972141899666068,0.4741243699666069
triplet,KNN,1000,30,OC1=CC=C(O)C1=C1C=C1,2.10627268,2.9119540154644383,0.8056813354644383
triplet,KNN,1000,31,OC1=CC(=C2C=C2)C=C1O,3.11569027,2.6998521682072583,0.4158381017927417
triplet,KNN,1000,32,COC1=CC=C(OC)C1=C1C(C#N)=C1C#N,2.81900375,2.213815737888964,0.6051880121110358
triplet,KNN,1000,33,COC1=CC(=C2C(C#N)=C2C#N)C=C1OC,1.53361236,2.3100416260691885,0.7764292660691885
triplet,KNN,1000,34,N#CC1=C(C#N)C1=C1C(S)=CC=C1S,2.75938489,2.6212308899683543,0.1381540000316459
triplet,KNN,1000,35,ClC1=C(Cl)C(=C2C(c3ccccc3)=C2c2ccccc2)C(Cl)=C1Cl,1.13302599,2.9198415036756247,1.7868155136756247
triplet,KNN,1000,36,C1=CC(=C2C=C2)C=C1,3.26484228,1.8974122999554563,1.3674299800445435
triplet,KNN,1000,37,N#CC1=C(C#N)C1=C1C(O)=C(C(F)(F)F)C(C(F)(F)F)=C1O,2.44803367,2.9399139357304405,0.4918802657304404
triplet,KNN,1000,38,N#CC1=C(C#N)C1=C1C(O)=C(F)C(F)=C1O,3.02943179,2.817293319155288,0.21213847084471205
triplet,KNN,1000,39,CC1=C(O)C(=C2C(C#N)=C2C#N)C(O)=C1C,3.04229776,2.649805775240011,0.3924919847599888
triplet,KNN,1000,40,NC1=CC=C(N)C1=C1C=CC=CC=C1,2.74696822,2.0930700515071465,0.6538981684928533
triplet,KNN,1000,41,[PH3]=NC1=CC=C(N=[PH3])C1=C1C=CC=CC=C1,2.63167866,2.34834114965228,0.28333751034772003
triplet,KNN,1000,42,OC1=CC=C(O)C1=C1C=CC=CC=C1,2.91248285,2.25188373601226,0.6605991139877401
triplet,KNN,1000,43,N#CC1=CC=CC=C(C#N)C1=C1C(O)=CC=C1O,2.72787277,3.1830935967353953,0.45522082673539543
triplet,KNN,1000,44,OC1=CC=C(O)C1=C1C(F)=CC=CC=C1F,2.63564524,3.03214281723765,0.3964975772376498
triplet,KNN,1000,45,N#[N+]C1=CC=CC=C(N=[N-])C1=C1C=CC=C1,1.67729253,2.4566250278215525,0.7793324978215526
triplet,KNN,1000,46,N#CC1=CC=CC=C(C#N)C1=C1C=CC=C1,2.68134119,3.514233978521333,0.8328927885213329
triplet,KNN,1000,47,C1=CC=CC(=C2C=CC=C2)C=C1,1.11261958,2.762898717005444,1.6502791370054442
triplet,KNN,1000,48,N#CC1=C(C#N)C1=C1C(O)=C(S)C(S)=C1O,2.85983448,2.800155520860496,0.05967895913950416
triplet,XGB,1000,0,NC1=C(N)C1=C1C=CC=C1,1.25521867,2.4328606128692627,1.1776419428692626
triplet,XGB,1000,1,OC1=C(O)C1=C1C=CC=C1,2.71605898,1.4008865356445312,1.3151724443554689
triplet,XGB,1000,2,BC1=C(B)C(=C2C=C2)C(B)=C1B,3.40518544,3.14677095413208,0.2584144858679198
triplet,XGB,1000,3,BC1=CC=C(B)C1=C1C=C1,2.48114461,3.510251522064209,1.0291069120642091
triplet,XGB,1000,4,BC1=CC(=C2C=C2)C=C1B,3.43119687,3.120281934738159,0.3109149352618408
triplet,XGB,1000,5,N#CC1=C(C#N)C(=C2C=C2)C(C#N)=C1C#N,4.27279505,2.761845111846924,1.5109499381530762
triplet,XGB,1000,6,N#CC1=CC=C(C#N)C1=C1C=C1,4.05784259,2.9140281677246094,1.1438144222753905
triplet,XGB,1000,7,N#CC1=CC(=C2C=C2)C=C1C#N,3.35453075,3.534787654876709,0.1802569048767091
triplet,XGB,1000,8,CC1=CC=C(C)C1=C1C(C(F)(F)F)=C1C(F)(F)F,2.86847676,2.358849287033081,0.509627472966919
triplet,XGB,1000,9,CC1=C(C)C(=C2C(C#N)=C2C#N)C(C)=C1C,2.18937966,2.5211684703826904,0.33178881038269026
triplet,XGB,1000,10,CC1=CC=C(C)C1=C1C(C#N)=C1C#N,2.14065288,2.9004392623901367,0.7597863823901365
triplet,XGB,1000,11,CC1=CC(=C2C(C#N)=C2C#N)C=C1C,1.49512656,1.5631924867630005,0.06806592676300038
triplet,XGB,1000,12,[H]/N=C1\C=C/C(=N\[H])C1=C1C(=N\O)/C1=N/O,1.04662872,2.3856234550476074,1.3389947350476075
triplet,XGB,1000,13,N#CC1=C(C#N)C1=C1C(N)=C(N)C(N)=C1N,2.62711275,1.8023322820663452,0.824780467933655
triplet,XGB,1000,14,N#CC1=C(C#N)C1=C1C(N)=CC=C1N,3.02222278,2.8163232803344727,0.20589949966552723
triplet,XGB,1000,15,N#CC1=C(C#N)C1=C1C=C(N)C(N)=C1,1.63013681,1.6938542127609253,0.0637174027609253
triplet,XGB,1000,16,NC1=C(N)C(=C2C=C2)C(N)=C1N,3.39792325,2.7429449558258057,0.6549782941741942
triplet,XGB,1000,17,NC1=CC(=C2C=C2)C=C1N,2.99018038,3.3052964210510254,0.3151160410510254
triplet,XGB,1000,18,CN(C)C1=CC=C(N(C)C)C1=C1C=C1,3.00781906,3.3549864292144775,0.34716736921447744
triplet,XGB,1000,19,CN(C)C1=CC=C(N(C)C)C1=C1C(C#N)=C1C#N,3.00799857,2.826137065887451,0.18186150411254864
triplet,XGB,1000,20,CN(C)C1=CC=C(N(C)C)C1=C1C(N=[N-])=C1[N+]#N,3.16354889,2.0705721378326416,1.0929767521673583
triplet,XGB,1000,21,N#CC1=C(C#N)C1=C1C(N=[PH3])=CC=C1N=[PH3],1.88805018,2.811668872833252,0.9236186928332519
triplet,XGB,1000,22,CP(C)(C)=NC1=CC=C(N=P(C)(C)C)C1=C1C=C1,3.02055945,3.126535654067993,0.10597620406799324
triplet,XGB,1000,23,CP(C)(C)=NC1=CC=C(N=P(C)(C)C)C1=C1C(C#N)=C1C#N,2.74405644,2.1925508975982666,0.5515055424017334
triplet,XGB,1000,24,BC1=C(B)C1=C1C(O)=CC=C1O,3.56962935,2.952371835708618,0.6172575142913819
triplet,XGB,1000,25,OC1=CC=C(O)C1=C1C(C(F)(F)F)=C1C(F)(F)F,3.54330431,3.112840414047241,0.4304638959527587
triplet,XGB,1000,26,N#CC1=C(C#N)C1=C1C(O)=C(O)C(O)=C1O,2.6929324,2.8529274463653564,0.15999504636535633
triplet,XGB,1000,27,N#CC1=C(C#N)C1=C1C(O)=CC=C1O,3.13125312,3.0033273696899414,0.12792575031005837
triplet,XGB,1000,28,N#CC1=C(C#N)C1=C1C=C(O)C(O)=C1,1.56080286,2.196077823638916,0.6352749636389161
triplet,XGB,1000,29,OC1=C(O)C(=C2C=C2)C(O)=C1O,2.32308982,3.274942636489868,0.9518528164898683
triplet,XGB,1000,30,OC1=CC=C(O)C1=C1C=C1,2.10627268,3.211782693862915,1.105510013862915
triplet,XGB,1000,31,OC1=CC(=C2C=C2)C=C1O,3.11569027,2.4170923233032227,0.6985979466967773
triplet,XGB,1000,32,COC1=CC=C(OC)C1=C1C(C#N)=C1C#N,2.81900375,2.7007596492767334,0.11824410072326641
triplet,XGB,1000,33,COC1=CC(=C2C(C#N)=C2C#N)C=C1OC,1.53361236,1.540583848953247,0.0069714889532470625
triplet,XGB,1000,34,N#CC1=C(C#N)C1=C1C(S)=CC=C1S,2.75938489,2.7564733028411865,0.0029115871588136777
triplet,XGB,1000,35,ClC1=C(Cl)C(=C2C(c3ccccc3)=C2c2ccccc2)C(Cl)=C1Cl,1.13302599,2.189663887023926,1.0566378970239259
triplet,XGB,1000,36,C1=CC(=C2C=C2)C=C1,3.26484228,2.466442584991455,0.7983996950085448
triplet,XGB,1000,37,N#CC1=C(C#N)C1=C1C(O)=C(C(F)(F)F)C(C(F)(F)F)=C1O,2.44803367,3.2670817375183105,0.8190480675183105
triplet,XGB,1000,38,N#CC1=C(C#N)C1=C1C(O)=C(F)C(F)=C1O,3.02943179,2.5391042232513428,0.4903275667486571
triplet,XGB,1000,39,CC1=C(O)C(=C2C(C#N)=C2C#N)C(O)=C1C,3.04229776,2.774559259414673,0.267738500585327
triplet,XGB,1000,40,NC1=CC=C(N)C1=C1C=CC=CC=C1,2.74696822,2.5444254875183105,0.2025427324816893
triplet,XGB,1000,41,[PH3]=NC1=CC=C(N=[PH3])C1=C1C=CC=CC=C1,2.63167866,1.7146705389022827,0.9170081210977172
triplet,XGB,1000,42,OC1=CC=C(O)C1=C1C=CC=CC=C1,2.91248285,2.3499855995178223,0.5624972504821777
triplet,XGB,1000,43,N#CC1=CC=CC=C(C#N)C1=C1C(O)=CC=C1O,2.72787277,3.144899368286133,0.417026598286133
triplet,XGB,1000,44,OC1=CC=C(O)C1=C1C(F)=CC=CC=C1F,2.63564524,3.183622121810913,0.547976881810913
triplet,XGB,1000,45,N#[N+]C1=CC=CC=C(N=[N-])C1=C1C=CC=C1,1.67729253,2.7785348892211914,1.1012423592211915
triplet,XGB,1000,46,N#CC1=CC=CC=C(C#N)C1=C1C=CC=C1,2.68134119,2.5395803451538086,0.14176084484619134
triplet,XGB,1000,47,C1=CC=CC(=C2C=CC=C2)C=C1,1.11261958,2.324613332748413,1.211993752748413
triplet,XGB,1000,48,N#CC1=C(C#N)C1=C1C(O)=C(S)C(S)=C1O,2.85983448,2.801927328109741,0.057907151890258746
