smiles,reorg,reorg_eV
c1cc2[nH]c3c4ncc5ccCc5c4Cc3c2o1,0.0090741283999,0.24691973754103885
c1cc2ccc3c(sc4ccCc43)c2cn1,0.0095909531999,0.26098326390375887
c1cnc2c(c1)Cc1c2ccc2c3[nH]ccc3[nH]c21,0.00842508339997,0.22925831442994365
c1cc2ncc3c4cc5Cccc5cc4Cc3c2o1,0.00974122499997,0.2650723699641837
c1cc2[nH]c3c4cnc5ccCc5c4ncc3c2[nH]1,0.00868530579999,0.2363393302458479
c1cc2nnc3c4sccc4Cc3c2nn1,0.0103069257998,0.28046588070867773
c1cc2ncc3c4cc5occc5cc4[nH]c3c2[nH]1,0.0103016813,0.28032317052682004
c1cc2sc3c(oc4ccsc43)c2nn1,0.0103071583001,0.2804722073673412
c1ccc2c(c1)[nH]c1c2ccc2c3[nH]ccc3oc21,0.00935314139997,0.25451207189114367
c1cc2[nH]c3c([nH]c4c5occc5Cc34)c2nn1,0.00956978149998,0.26040715230855577
c1ccc2c(c1)Cc1c2cnc2c1oc1ccCc12,0.00988317800011,0.26893510983219326
c1cc2ccc3c([nH]c4c5[nH]ccc5Cc34)c2nn1,0.0094034745,0.2558817060093
c1cc2sc3ccCc3c2o1,0.0123117937,0.33502114308818004
c1cc2ccc3c4[nH]c5ccCc5c4oc3c2nn1,0.00869784320003,0.23668049045329634
c1ccc2cc3c(cc2c1)[nH]c1c3[nH]c2ccoc21,0.00751010470003,0.20436046303439637
c1cnc2c(c1)sc1c3cnccc3Cc21,0.00975362919996,0.26540990561179156
c1cc2[nH]c3c(cnc4c5Cccc5Cc43)c2o1,0.0101924617002,0.2773511523088223
c1cc2[nH]c3c(nnc4c5[nH]ccc5oc43)c2[nH]1,0.0101110214,0.27513504772396
c1cc2ncc3ccsc3c2[nH]1,0.0112348897001,0.30571707758530114
c1cc2oc3c(ccc4ccsc43)c2s1,0.0102996153,0.28026695177442
c1cnc2c(c1)Cc1c2ccc2c3Cccc3Cc21,0.00986696580003,0.2684939531709364
c1cc2Cc3c([nH]c4c5occc5Cc43)c2nn1,0.00972412009992,0.2646069216869631
c1cc2oc3c4cc5occc5cc4Cc3c2[nH]1,0.0102051268001,0.27769578740824113
c1cc2ncc3c(ccc4c5[nH]ccc5[nH]c34)c2[nH]1,0.00857240800008,0.23326722305337694
c1cc2cc3nnc4cc[nH]c4c3cc2nn1,0.00592988690005,0.1613605243920206
c1cc2cnc3c([nH]c4c5[nH]ccc5[nH]c34)c2cn1,0.00876786109995,0.23858577553517943
c1cc2[nH]c3cc4c(cc3c2cn1)Cc1cc[nH]c14,0.00899480120006,0.2447611333753127
c1cnc2c(c1)ccc1c2[nH]c2c3occc3oc12,0.00895559209994,0.24369419886830734
c1ccc2c(c1)ccc1cccnc12,0.00766434460002,0.20855754664898424
c1cc2[nH]c3c([nH]c4ccCc43)c2nn1,0.00956647830003,0.2603172676134364
c1cc2ccc3c(ccc4c5[nH]ccc5Cc34)c2[nH]1,0.00847070069995,0.23049962502661944
c1cc2ccc3c(ccc4ccsc43)c2s1,0.0097200580999,0.26449638897961886
c1cc2oc3cc4c(cc3c2cn1)Cc1cc[nH]c14,0.0090057031,0.24505778933534
c1cc2cnc3c4[nH]c5cc[nH]c5c4oc3c2[nH]1,0.00990038350005,0.2694032955732606
c1ccc2c(c1)Cc1c2nnc2c3occc3oc21,0.0107543555,0.2926410692527
c1cnc2c(c1)ccc1c2[nH]c2c3[nH]ccc3Cc12,0.00930415969992,0.2531792112584031
c1cc2cnc3c(nnc4c3[nH]c3ccCc34)c2C1,0.00937422829998,0.25508587596207577
c1cc2ncc3c([nH]c4ccCc43)c2[nH]1,0.0114048355999,0.3103415434431189
c1cc2ccc3c4[nH]c5ccCc5c4Cc3c2nn1,0.00857809979993,0.2334221048958152
c1cc2[nH]c3c4sc5cc[nH]c5c4Cc3c2[nH]1,0.0114660963002,0.3120085328632623
c1cc2ncc3c(Cc4c5[nH]ccc5Cc34)c2[nH]1,0.0116883319,0.31805587466366
c1cnc2c(c1)[nH]c1c3oc4ccoc4c3Cc21,0.00994793889993,0.2706973445815552
c1cc2oc3c(ncc4c3[nH]c3ccCc34)c2[nH]1,0.0102833331,0.27982389031734
c1cc2cc3[nH]c4c([nH]c5ccCc54)c3cc2nn1,0.00767996490003,0.20898259688067636
c1cnc2c(c1)sc1c3nnccc3[nH]c21,0.0118005550999,0.3211096250454189
c1cnc2c(c1)Cc1c3nnc4ccCc4c3oc21,0.0109682421,0.29846122307994
c1cc2Cc3c4[nH]c5ccCc5c4sc3c2[nH]1,0.0112720037,0.30672700148218
c1cc2Cc3c(cnc4ccoc43)c2[nH]1,0.0107759551,0.29322882460814
c1cc2cc3cc4nnccc4cc3cc2cn1,0.00522107819995,0.14207284733011943
c1cc2[nH]c3ccoc3c2cn1,0.0105422573,0.28686958029322
c1cc2ncc3c(ccc4ccCc43)c2s1,0.00852916400004,0.23209049327068845
c1ccc2c(c1)ncc1c2oc2c3[nH]ccc3oc12,0.00994384559999,0.27058596015956793
c1cnc2c(c1)cnc1c2oc2c3[nH]ccc3Cc12,0.00891168510009,0.24249942793258902
c1cc2Cc3c4[nH]c5ccoc5c4Cc3c2[nH]1,0.0116447185,0.3168690929909
c1cc2ccc3c(oc4c3oc3ccCc34)c2[nH]1,0.0106290006,0.28922998692684004
c1cc2sc3cc4ccsc4cc3c2[nH]1,0.00766416359988,0.20855262138177463
c1cc2cnc3c([nH]c4c3oc3ccCc34)c2C1,0.00924536369996,0.25157928978509153
c1cc2cnc3c(Cc4c5occc5Cc34)c2nn1,0.0091899427,0.25007120678678
c1cc2Cc3c4cnc5ccoc5c4[nH]c3c2[nH]1,0.0101738116999,0.2768436596906589
c1cc2Cc3cc4c(cc3c2nn1)Cc1ccCc14,0.0100771856,0.27421432823584
c1cnc2c(c1)[nH]c1c3cc4occc4cc3oc21,0.0101536019,0.27629372274166003
c1cc2Cc3c4occc4Cc3c2o1,0.0118575020001,0.32265922992552115
c1cc2sc3c(ccc4ccoc43)c2cn1,0.00922688619994,0.25107649114104735
c1cc2cc3oc4c5[nH]ccc5Cc4c3cc2cn1,0.00934190079988,0.2542061994258546
c1cc2[nH]c3c4[nH]c5ccncc5c4Cc3c2cn1,0.00915646889996,0.24916033782437155
c1cc2oc3c(oc4c3oc3ccsc34)c2o1,0.010978668,0.2987449264152
c1cc2[nH]c3ccsc3c2s1,0.0117971295001,0.3210164096790211
c1cc2[nH]c3cc4ccCc4cc3c2[nH]1,0.00952213200003,0.25911054270561634
c1cc2cc3cc4sccc4cc3cc2nn1,0.00432864039999,0.1177883653802879
c1cnc2c(c1)oc1c2cnc2c1oc1ccCc12,0.00936479819995,0.2548292697381194
c1cc2sc3c4[nH]c5ccCc5c4[nH]c3c2o1,0.00986178949984,0.2683530987959462
c1ccc2c(c1)oc1ccncc12,0.0102338181,0.27847651784634003
c1cc2oc3c(cnc4c3oc3ccCc34)c2[nH]1,0.0103724863,0.28224987370382004
c1ccc2cc3c(cc2c1)oc1c2[nH]ccc2Cc31,0.0091429252999,0.24879179750569888
c1ccc2c(c1)Cc1c2ncc2c1[nH]c1ccoc12,0.00926932350001,0.2522312694881721
c1cnc2cc3c(cnc4ccncc43)cc2c1,0.00679997570001,0.18503685876325213
c1cc2nnc3c(ccc4c3[nH]c3ccCc34)c2C1,0.00862487879999,0.2346950269780479
c1cc2oc3c(ccc4c5[nH]ccc5Cc43)c2nn1,0.0091662218,0.24942572788852002
c1cc2ccc3c(nnc4c3oc3ccCc34)c2[nH]1,0.00937822909998,0.2551947433311958
c1cc2cc3Cc4c([nH]c5ccCc54)c3cc2cn1,0.00838033009995,0.22804051448177942
c1cnc2c(c1)ncc1c2sc2ccCc21,0.0104190063,0.28351574803182
c1cc2ccc3c4[nH]c5cc[nH]c5c4Cc3c2[nH]1,0.0101770138,0.27693079331732
c1ccc2c(c1)oc1c2nnc2c1oc1ccCc12,0.0108961883,0.29650053830662
c1cc2Cc3c(ncc4ccCc43)c2C1,0.010744972,0.2923857310808
c1ccc2c(c1)[nH]c1c3oc4ccCc4c3Cc21,0.00983467289996,0.2676152181499715
c1cc2ncc3c4[nH]c5ccCc5c4oc3c2cn1,0.00938568110007,0.25539752268644483
c1ccc2c(c1)ccc1cc3ccsc3cc12,0.00473225799999,0.1287713653409279
c1cc2oc3c4sccc4sc3c2nn1,0.0118608724001,0.3227509432280811
c1cc2nnc3c(ccc4c3oc3ccCc34)c2[nH]1,0.00960312940003,0.26131459535597634
c1cc2Cc3c(nnc4c5Cccc5Cc43)c2o1,0.012106152,0.32942534453280004
c1cc2ncc3c4ncc5ccCc5c4oc3c2o1,0.0100474787001,0.2734059618999012
c1cc2Cc3c(Cc4c5[nH]ccc5Cc43)c2cn1,0.0108159624,0.29431747925136004
c1cc2[nH]c3c(ncc4c3[nH]c3ccCc34)c2nn1,0.00993192709996,0.27026164108785156
c1cc2nnc3cc4c(cc3c2o1)[nH]c1ccCc14,0.00839135569993,0.22834053649307523
c1cc2Cc3c4cnc5ccCc5c4Cc3c2[nH]1,0.010754604,0.2926478312856
c1cc2nnc3c([nH]c4c3oc3ccCc34)c2C1,0.00996216529995,0.2710844648430595
c1cc2nnc3c(nnc4c3oc3ccCc34)c2C1,0.00945913869998,0.2573964068206358
c1cc2oc3c(cnc4c3[nH]c3ccCc34)c2cn1,0.00943422289981,0.2567184130158898
c1ccc2c(c1)ncc1cc3ccncc3cc12,0.00617546780006,0.1680431244945527
c1cc2Cc3c4cnc5ccCc5c4oc3c2o1,0.0105087242999,0.28595710041429884
c1cc2[nH]c3c4oc5cc[nH]c5c4sc3c2[nH]1,0.0110943083,0.30189166087462
c1ccc2c(c1)ccc1c3ccccc3ccc21,0.00610961079997,0.16625106332230366
c1cc2nnc3c(oc4c5occc5Cc34)c2[nH]1,0.0112373045,0.3057827876713
c1cnc2c(c1)oc1c3cnc4ccoc4c3Cc21,0.0102622611,0.27925049169654
c1cc2ccc3c(ccc4c5occc5oc34)c2[nH]1,0.00842839509994,0.22934843042250735
c1cc2Cc3c4[nH]c5ccCc5c4oc3c2o1,0.0106249318,0.28911926918252
c1cc2Cc3c4cc5occc5cc4ccc3c2[nH]1,0.00768324839999,0.2090719455114879
c1cc2nnc3c4oc5ccCc5c4oc3c2C1,0.0106862227,0.29078708037878
c1cc2oc3c([nH]c4c3oc3ccCc34)c2s1,0.0103103189999,0.2805582144338789
c1cc2sc3c(nnc4ccsc43)c2[nH]1,0.0100097821,0.27238018463594
c1cc2ncc3c4[nH]c5ccCc5c4oc3c2[nH]1,0.0104624395001,0.28469762621302114
c1ccc2cc3c(cc2c1)[nH]c1c2[nH]ccc2Cc31,0.00864490470008,0.2352399597557569
c1ccc2c(c1)cnc1c2ccc2ccsc21,0.00619475009989,0.16856782286814675
c1cc2Cc3c(nnc4c5[nH]ccc5oc43)c2cn1,0.0105515897,0.28712352796258006
c1cc2ncc3c([nH]c4c3[nH]c3ccCc34)c2nn1,0.00953674030006,0.2595080550010527
c1cc2Cc3cc4ccsc4cc3c2cn1,0.0101442537001,0.27603934513490114
c1cc2Cc3c([nH]c4c5occc5oc43)c2cn1,0.00955358250008,0.25996635484267694
c1cc2cc3occc3cc2cn1,0.00751864109998,0.2045927504279958
c1cc2[nH]c3c(sc4c5Cccc5Cc34)c2o1,0.0113936357,0.31003677848698
c1ccc2c(c1)[nH]c1cc3c(cc12)oc1cc[nH]c13,0.00919668819995,0.25025476128411944
c1cc2sc3c(ccc4ccoc43)c2nn1,0.00931772590025,0.25354836656206287
c1cc2cc3sc4ccsc4c3cc2o1,0.00932135530002,0.25364712761096425
c1cc2ccc3c(oc4c5Cccc5Cc34)c2[nH]1,0.0112156667,0.30519399284038
c1cc2nnc3c(nnc4c3[nH]c3ccCc34)c2C1,0.00955208489995,0.2599256030464995
c1cc2Cc3c4cnccc4sc3c2cn1,0.00977539860014,0.2660022814678496
c1cc2[nH]c3c(nnc4c3[nH]c3ccCc34)c2cn1,0.010529616,0.28652559282240003
c1cc2cc3[nH]c4ccCc4c3cc2[nH]1,0.0096199346001,0.26177188837716114
c1cc2cc3Cc4c(ccc5ccoc54)c3cc2[nH]1,0.00984337720013,0.26785207434361746
c1cc2nnc3cc4c(cc3c2[nH]1)[nH]c1ccoc14,0.00778912659996,0.21195303956215153
c1cc2cc3Cc4c(oc5ccCc54)c3cc2cn1,0.00921941219985,0.25087311313499827
c1ccc2c(c1)[nH]c1c2[nH]c2c3occc3oc12,0.0092634399,0.25207116849486
c1cc2[nH]c3c4cc5Cccc5cc4oc3c2cn1,0.00977810130007,0.2660758257167248
c1cnc2c(c1)ncc1ccsc12,0.0105116207,0.28603591551598
c1cc2oc3c(oc4c5occc5Cc43)c2cn1,0.0101357709,0.27580851626826003
c1ccc2c(c1)Cc1c3sccc3sc21,0.0109263557997,0.2973214382079566
c1cc2cnc3ccCc3c2cn1,0.00836442709999,0.22760777158866788
c1cc2nnc3c(ncc4cc[nH]c43)c2cn1,0.0103569575001,0.28182731331822114
c1ccc2c(c1)oc1ccoc12,0.0104673085001,0.28483011851962114
c1cc2ncc3c(cnc4c3[nH]c3ccoc34)c2[nH]1,0.00825510250013,0.2246328961720375
c1cc2Cc3c(ccc4c3oc3ccCc34)c2o1,0.0101398052,0.27591829521927996
c1cc2sc3c([nH]c4c5Cccc5Cc43)c2C1,0.0103795370001,0.28244173312452114
c1cc2nnc3c4[nH]c5ccCc5c4[nH]c3c2C1,0.00920661570012,0.25052490246224535
c1cnc2c(c1)Cc1c3cc4[nH]ccc4cc3Cc21,0.00999492239998,0.2719758313948158
c1cc2[nH]c3c4ccc5ccoc5c4Cc3c2[nH]1,0.00972999470002,0.26476677778012425
c1cc2nnc3c(cnc4c5[nH]ccc5Cc34)c2[nH]1,0.00832967919996,0.22666223258179155
c1cc2ncc3c4[nH]c5ccCc5c4oc3c2C1,0.00948764580005,0.2581721249234806
c1cc2Cc3c4ccc5ccCc5c4ncc3c2C1,0.00942741329993,0.2565331142697152
c1cc2cc3[nH]c4c(oc5ccCc54)c3cc2nn1,0.00806711610005,0.2195175230449006
c1cc2cc3oc4c([nH]c5ccCc54)c3cc2C1,0.00906404569992,0.2466453731588031
c1cc2Cc3c(nnc4c5occc5Cc43)c2o1,0.0117160054,0.31880890934156003
c1cnc2c(c1)oc1c3cc4Cccc4cc3oc21,0.00962266630006,0.2618462217574527
c1cc2Cc3c(cnc4ccsc43)c2cn1,0.0107054603999,0.29131056512583886
c1cnc2c(c1)Cc1c2Cc2c3Cccc3Cc21,0.0108549372999,0.29537804084249886
c1cc2oc3c4cnc5ccoc5c4ccc3c2[nH]1,0.00838213140003,0.22808953037877636
c1cc2ccc3c4[nH]c5ccCc5c4[nH]c3c2o1,0.00888176720002,0.2416853199866242
c1cc2ncc3c(nnc4c5occc5Cc34)c2[nH]1,0.00886181059991,0.24114227295839097
c1ccc2c(c1)ncc1c2Cc2c3[nH]ccc3Cc12,0.0100730095999,0.2741006934267189
c1ccc2c(c1)Cc1c2[nH]c2c3[nH]ccc3oc21,0.00960709290007,0.26142244774096485
c1cnc2c(c1)ccc1c3ccccc3ncc12,0.00829265369998,0.22565471689163577
c1ccc2c(c1)sc1cc3ccCc3cc12,0.00950361169998,0.25860657941283577
c1cc2oc3c(oc4c5[nH]ccc5Cc43)c2[nH]1,0.0118593705,0.32271007442370003
c1cnc2c(c1)cnc1c3ncccc3sc21,0.00783309149983,0.21314938603847408
c1cc2[nH]c3c4cnc5ccoc5c4[nH]c3c2cn1,0.0103906611,0.28274443545654004
c1cnc2cc3c(cc2c1)Cc1c2[nH]ccc2Cc31,0.00930654899992,0.2532442274564231
c1ccc2c(c1)sc1c3ncccc3sc21,0.00851512429995,0.23170845337565943
c1cc2Cc3c(Cc4c5occc5Cc43)c2[nH]1,0.0122986572001,0.33466368053480117
c1cc2Cc3c(ccc4cc[nH]c43)c2[nH]1,0.0106047609,0.28857039075426
c1cc2Cc3c4ncc5cc[nH]c5c4Cc3c2cn1,0.00986786069996,0.26851830465089155
c1cc2sc3c(ncc4ccsc43)c2[nH]1,0.00958717980006,0.2608805844113527
c1cc2Cc3c4cc5Cccc5cc4oc3c2[nH]1,0.0101139282,0.27521414582148
c1cc2nnc3cc4cc[nH]c4cc3c2nn1,0.0084406366999,0.2296815414956589
c1ccc2cc3c(cc2c1)sc1ccoc13,0.0056754031001,0.15443566391806116
c1ccc2c(c1)Cc1c2Cc2c3cnccc3Cc21,0.0102283861,0.27832870552154004
c1ccc2c(c1)[nH]c1c2ncc2c3[nH]ccc3Cc21,0.0101869869001,0.27720217533338115
c1cc2ncc3c4[nH]c5cc[nH]c5c4oc3c2[nH]1,0.0109268941001,0.2973360861154612
c1cc2sc3c4[nH]c5ccoc5c4oc3c2[nH]1,0.011048419,0.3006429487766
c1cnc2c(c1)ccc1ccsc12,0.00881811919999,0.23995336879860787
c1cc2[nH]c3c([nH]c4c5[nH]ccc5Cc43)c2cn1,0.00961119219994,0.26153399542944733
c1ccc2cc3c(ccc4cccnc43)cc2c1,0.00518857099996,0.14118828090831156
c1cc2[nH]c3c4ncc5ccoc5c4oc3c2[nH]1,0.00956834240014,0.2603679923871696
c1cc2Cc3c4[nH]c5ccCc5c4oc3c2[nH]1,0.0111727372,0.30402582104408
c1cc2Cc3c4sc5ccCc5c4Cc3c2o1,0.0115829312001,0.31518777405840115
c1cc2ccc3c4oc5ccCc5c4oc3c2C1,0.00971457560001,0.26434720248211213
c1cnc2c(c1)[nH]c1c3cnc4cc[nH]c4c3[nH]c21,0.010393117,0.2828112639338
c1cnc2c(c1)sc1c3[nH]ccc3sc21,0.0105853185,0.2880413358309
c1cc2cnc3c(ccc4c3[nH]c3ccCc34)c2C1,0.00854392250005,0.2324920927178606
c1ccc2c(c1)oc1c2Cc2c3cnccc3Cc12,0.00996721640001,0.27122191234723214
c1cc2Cc3c(ccc4c5[nH]ccc5oc43)c2nn1,0.00913860949993,0.24867435854639525
c1cc2oc3c4cnc5ccCc5c4ccc3c2o1,0.00798351080005,0.21724250578448057
c1ccc2c(c1)[nH]c1c2cnc2c3Cccc3Cc21,0.00952863100008,0.2592873895955769
c1cc2[nH]c3c4cc5Cccc5cc4[nH]c3c2o1,0.00901987420002,0.24544340480642424
c1cc2Cc3c(ccc4c3ncc3ccCc34)c2o1,0.00827157419997,0.22508111418506366
c1cc2cc3Cc4c5[nH]ccc5Cc4c3cc2cn1,0.00942041989993,0.2563428140649552
c1cc2cnc3c4sccc4sc3c2nn1,0.00995158499995,0.27079656006763947
c1cc2ccc3c(nnc4c5occc5Cc34)c2o1,0.00867588489996,0.23608297436677156
c1cc2[nH]c3c4sc5ccoc5c4Cc3c2[nH]1,0.0107929516003,0.2936913231764034
c1cnc2c(c1)sc1c3cnccc3[nH]c21,0.0106337137,0.28935823697618
c1ccc2c(c1)Cc1c3[nH]ccc3Cc21,0.0105414279,0.28684701115806005
c1cc2[nH]c3c4ccc5ccCc5c4oc3c2nn1,0.00980391600001,0.2667782798426721
c1ccc2c(c1)sc1cccnc12,0.00479019990007,0.1303480455607648
c1cc2Cc3ccCc3c2[nH]1,0.0123105211001,0.33498651386326117
c1cnc2c(c1)[nH]c1c2oc2c3ccccc3Cc12,0.00883416249997,0.2403899294516837
c1cc2sc3c(ncc4ccsc43)c2o1,0.00992176769978,0.2699851895857935
c1cc2[nH]c3c(cnc4c5[nH]ccc5Cc43)c2cn1,0.00923551950007,0.2513114153242048
c1cc2Cc3c4cnc5ccoc5c4nnc3c2[nH]1,0.00901721410003,0.24537101976155637
c1cnc2cc3cccnc3cc2c1,0.0067622286,0.18400970732604
c1cc2[nH]c3c4[nH]c5ccCc5c4Cc3c2[nH]1,0.0107147214002,0.29156256990940227
c1cnc2c(c1)[nH]c1ccCc12,0.0107319194,0.29203055156116
c1cc2[nH]c3c4Cccc4Cc3c2o1,0.0111735764,0.30404865685096
c1cc2oc3ccoc3c2o1,0.0114159835001,0.31064489341462115
c1cc2Cc3cc4ccCc4cc3c2o1,0.00999833110006,0.2720685868961727
c1cnc2c(c1)cnc1c2[nH]c2ccsc21,0.0094461246,0.25704227494044
c1cc2nnc3c4sccc4Cc3c2cn1,0.0103110113999,0.2805770556072389
c1ccc2c(c1)sc1c2ncc2cc[nH]c21,0.00876292719988,0.23845151720681465
c1cc2Cc3c(ccc4c3oc3ccCc34)c2nn1,0.0100427965999,0.27327855539851886
c1cc2ncc3c(cnc4ccsc43)c2[nH]1,0.00891969560007,0.24271740485174484
c1cc2[nH]c3c4cc5occc5cc4Cc3c2nn1,0.00951290829994,0.25885955291298735
c1cc2ncc3c(ccc4c5Cccc5Cc34)c2[nH]1,0.00920329180008,0.2504344544886969
c1cnc2c(c1)oc1c2Cc2c3[nH]ccc3Cc12,0.0103046109001,0.2804028890469812
c1ccc2c(c1)sc1c3nnccc3[nH]c21,0.0106043712,0.28855978647168
c1cc2[nH]c3c(ccc4ccsc43)c2s1,0.0102036680003,0.27765609142336345
c1cc2oc3c(ncc4ccsc43)c2cn1,0.00913942550005,0.24869656305206056
c1cc2Cc3c4ccc5ccCc5c4nnc3c2o1,0.00842760739999,0.22932699600408787
c1cc2Cc3c4cc5Cccc5cc4nnc3c2[nH]1,0.0086900117999,0.23646738709179885
c1cc2ccc3c(ncc4c3[nH]c3ccCc34)c2[nH]1,0.0100450415,0.27333964227310004
c1ccc2c(c1)Cc1c3oc4ccoc4c3Cc21,0.0105395591,0.28679615849374
c1cc2Cc3ccCc3c2cn1,0.0117304017,0.31920065281938004
c1cc2Cc3c4cc5Cccc5cc4[nH]c3c2[nH]1,0.00980647520009,0.26684791925972906
c1cnc2c(c1)Cc1ccCc12,0.0110947178,0.30190280394292
c1cc2Cc3cc4c(ccc5ccCc54)cc3c2o1,0.00823599120008,0.2241128509418569
c1cnc2c(c1)oc1ccsc12,0.011029982,0.30014125219480003
c1cnc2c(c1)[nH]c1c2oc2c3[nH]ccc3oc12,0.00989962150004,0.26938256048618847
c1cc2cnc3c(Cc4c5Cccc5Cc34)c2nn1,0.00975639379999,0.2654851342490479
c1cnc2ccoc2c1,0.0125240254,0.34079626476956
c1cc2ncc3c(ncc4c5Cccc5Cc34)c2o1,0.0101343377,0.27576951688977996
c1ccc2c(c1)ncc1c3[nH]c4cc[nH]c4c3Cc21,0.00958371620004,0.2607863350057684
c1cc2ccc3c4ncc5ccCc5c4oc3c2o1,0.0094838245999,0.2580681447177189
c1cc2nnc3c(ncc4ccCc43)c2s1,0.0105617444001,0.28739985156888115
c1cc2Cc3c(ccc4c3ncc3ccoc34)c2[nH]1,0.00844874960001,0.22990230486571214
c1cc2nnc3c(Cc4c5Cccc5Cc34)c2o1,0.0114697904,0.31210905449056003
c1cnc2c(c1)Cc1c2[nH]c2c3cnccc3[nH]c21,0.00816230389989,0.22210771634146675
c1cc2Cc3c4oc5ccnnc5c4Cc3c2cn1,0.0104358369999,0.28397373493907885
c1ccc2c(c1)[nH]c1ccoc12,0.010296209,0.2801742615826
c1cc2sc3c([nH]c4ccsc43)c2nn1,0.0103377948001,0.28130586942344116
c1ccc2c(c1)Cc1c3ccc4ccCc4c3oc21,0.00959579290009,0.26111495892150904
c1cc2cc3oc4c(oc5ccCc54)c3cc2o1,0.00994405789993,0.2705917371381552
c1cc2sc3c4nnccc4sc3c2cn1,0.00900049370011,0.24491603427117326
c1cnc2c(c1)oc1c3cnccc3sc21,0.00981151080009,0.266984944985569
c1cc2[nH]c3c4oc5ccCc5c4Cc3c2C1,0.010604321,0.2885584204594
c1cc2[nH]c3c(Cc4c5occc5Cc34)c2nn1,0.0103849405,0.2825887699217
c1cc2cnc3c4ccc5ccoc5c4Cc3c2[nH]1,0.00936317330002,0.25478505393616424
c1cc2ccc3c4sccc4sc3c2nn1,0.00973303190017,0.26484942424828595
c1cc2[nH]c3c4ccc5ccCc5c4nnc3c2[nH]1,0.00838500400005,0.22816769784696056
c1cnc2c(c1)[nH]c1c2cnc2c3Cccc3Cc21,0.00938814789993,0.25546464776415523
c1cc2ccc3cc4c(cc3c2C1)oc1ccCc14,0.00804497110005,0.21891492659190057
c1cc2cc3nnc4ccsc4c3cc2[nH]1,0.00744381760001,0.20255669824091213
c1cc2Cc3c(ncc4ccsc43)c2s1,0.00998482040018,0.2717009418374581
c1cc2cc3Cc4c5Cccc5Cc4c3cc2nn1,0.00978676200009,0.26631149548924904
c1cnc2c(c1)ncc1cc3ccsc3cc12,0.00558419389972,0.1519537338828408
c1cc2oc3c4ccc5cc[nH]c5c4Cc3c2nn1,0.00972554599991,0.264645722421951
c1cc2nnc3cc4c(cc3c2[nH]1)Cc1cc[nH]c14,0.00932986060002,0.2538785687313842
c1cc2Cc3c(oc4c5[nH]ccc5oc43)c2cn1,0.0102307699,0.27839357205686005
c1cc2nnc3c([nH]c4c5occc5oc34)c2o1,0.0102851610001,0.27987363003812116
c1cc2cnc3c(ccc4c5[nH]ccc5Cc43)c2[nH]1,0.00890302940002,0.24226389421570424
c1ccc2c(c1)Cc1ccccc12,0.00964142459998,0.2623566613598958
c1cc2cc3Cc4c(oc5ccCc54)c3cc2C1,0.00997368880007,0.2713980354142248
c1cc2Cc3c(oc4ccCc43)c2C1,0.0116615597001,0.31732736562330116
c1ccc2c(c1)Cc1c2[nH]c2c3nnccc3Cc21,0.0087316513999,0.2376004589032389
c1cc2ncc3c(cnc4ccsc43)c2o1,0.00855172899992,0.2327045185084231
c1cc2ccc3c4ccc5ccCc5c4[nH]c3c2o1,0.00888376399996,0.24173965570851155
c1cnc2c(c1)Cc1c2ncc2c3[nH]ccc3oc21,0.0093255795,0.2537620740063
c1cc2cnc3c([nH]c4ccsc43)c2nn1,0.00963797719987,0.26226285277654254
c1cnc2c(c1)ccc1c3cnccc3sc12,0.00741878029999,0.2018753982551479
c1cc2ncc3c(ccc4c3[nH]c3ccCc34)c2[nH]1,0.00908429589992,0.24719640945108312
c1ccc2c(c1)[nH]c1c2ccc2c3Cccc3Cc21,0.0101989489,0.27752767809746
c1cnc2c(c1)Cc1c2oc2c3cnccc3Cc21,0.00930945859989,0.25332340174504675
c1cc2Cc3ccsc3c2cn1,0.0116138724001,0.31602972742808116
c1ccc2c(c1)sc1c2cnc2ccCc21,0.00885145490008,0.24086047986803694
c1cc2oc3c4oc5ccCc5c4Cc3c2s1,0.0111129124,0.30239790448136
c1cc2[nH]c3c(oc4c5Cccc5Cc34)c2nn1,0.0104664560001,0.2848069208011212
c1ccc2c(c1)[nH]c1c3ncccc3sc21,0.0102483659999,0.2788723865696789
c1cc2oc3c(ccc4c3oc3ccCc34)c2[nH]1,0.0101165895001,0.27528656352302117
c1ccc2c(c1)[nH]c1c2ccc2c3[nH]ccc3Cc21,0.00929835500006,0.25302125724863267
c1cc2[nH]c3cc4c(cc3c2C1)Cc1ccCc14,0.0104394595999,0.28407231095671887
c1cc2oc3c([nH]c4c5sccc5Cc43)c2[nH]1,0.0105152874,0.28613569155636004
c1cc2Cc3c4occc4oc3c2[nH]1,0.0116671629,0.31747983653706
c1ccc2c(c1)oc1cc3c(cc12)[nH]c1cc[nH]c13,0.00858157380003,0.23351663730213634
c1cc2occc2cn1,0.0133489803999,0.36324444525383887
c1cc2cc3cnc4c5Cccc5Cc4c3cc2[nH]1,0.00764288459993,0.2079735900025352
c1ccc2c(c1)Cc1c2cnc2c3occc3Cc21,0.00945796019994,0.2573643381846473
c1cc2sc3c(oc4c5Cccc5Cc43)c2o1,0.0113642521997,0.3092372123069166
c1cc2oc3cc4c(cc3c2nn1)[nH]c1ccCc14,0.00958594270003,0.26084692118759634
c1cc2nnc3cc4ccsc4cc3c2o1,0.00584191229996,0.15896661235913154
c1cnc2c(c1)oc1cc[nH]c12,0.00990981699988,0.26965999431053467
c1cc2ccc3c([nH]c4c5Cccc5Cc34)c2nn1,0.00997724810009,0.27149488895078905
c1cc2Cc3c(oc4c3oc3ccsc34)c2o1,0.0110460528001,0.30057856116464116
c1cc2ccc3ccsc3c2o1,0.010593405,0.28826138081700003
c1cc2[nH]c3c4cnc5cc[nH]c5c4Cc3c2cn1,0.0104025159001,0.2830670211639812
c1ccc2c(c1)[nH]c1ccncc12,0.00931966420001,0.2536011104121521
c1cc2[nH]c3cc4c(cc3c2C1)oc1ccCc14,0.0104012876,0.28303359739864
c1cc2oc3c(cnc4c3ncc3ccCc34)c2C1,0.00960435169986,0.2613478558455704
c1ccc2c(c1)Cc1c3Cccc3Cc21,0.011213323,0.30513021748220004
c1cc2Cc3c4[nH]c5cc[nH]c5c4Cc3c2cn1,0.00982217399996,0.26727510558251155
c1cc2[nH]c3c([nH]c4c5[nH]ccc5oc43)c2cn1,0.00955155989993,0.2599113170609552
c1ccc2c(c1)ccc1c2ncc2ccsc21,0.0051751271003,0.14082245357710343
c1cc2ccc3c(oc4ccCc43)c2o1,0.0107715861999,0.2931099407199589
c1cc2ccc3c(ncc4c5occc5Cc34)c2[nH]1,0.00930932839992,0.2533198588215831
c1cc2cc3nnc4c([nH]c5ccCc54)c3cc2[nH]1,0.00783929229999,0.21331811849194787
c1cc2sc3c(cnc4cc[nH]c43)c2nn1,0.0114353039,0.31117062854446004
c1cc2ncc3c4[nH]c5ccoc5c4Cc3c2cn1,0.00925380199999,0.2518089077425279
c1cc2[nH]c3c(cnc4c3oc3ccCc34)c2C1,0.0105290875,0.2865112115975
c1ccc2c(c1)Cc1c2ccc2c3[nH]ccc3oc21,0.00900074079993,0.24492275820321524
c1cc2[nH]c3c(cnc4c5[nH]ccc5Cc43)c2nn1,0.00909425199995,0.24746732887143946
c1cc2cnc3cc[nH]c3c2cn1,0.00810075569984,0.22043290365062618
c1cc2cnc3c(oc4c5Cccc5Cc34)c2o1,0.0103698256,0.28217747233184004
c1cc2oc3ccCc3c2s1,0.0123121777999,0.3350315949841989
c1ccc2cc3c(cnc4ccnnc43)cc2c1,0.00662359600005,0.18023732019576058
c1cc2ccc3c4[nH]c5cc[nH]c5c4oc3c2cn1,0.00906012190001,0.2465386010699321
c1cc2sc3cc[nH]c3c2cn1,0.00901633630008,0.24534713359599694
c1ccc2cc3c(cc2c1)oc1c2[nH]ccc2[nH]c31,0.00918329680007,0.24989036254542482
c1cc2sc3c(cnc4ccCc43)c2cn1,0.0100199269,0.27265623884666
c1cc2oc3c4ccc5ccCc5c4[nH]c3c2o1,0.00943635509998,0.2567764331675958
c1cnc2c(c1)Cc1c3[nH]ccc3Cc21,0.0102089561,0.27779998801954
c1cc2ccc3c([nH]c4ccsc43)c2cn1,0.00866880520005,0.2358903258206406
c1cc2[nH]c3c4cnc5ccCc5c4ncc3c2C1,0.00923571100009,0.251316626307849
c1cnc2c(c1)oc1c2nnc2c3Cccc3Cc21,0.0108881018,0.29628049332052
c1cc2Cc3c([nH]c4c5[nH]ccc5oc43)c2cn1,0.00968823170001,0.26363034808165214
c1cnc2c(c1)Cc1c3cnc4cc[nH]c4c3Cc21,0.0106766161,0.29052567134354
c1cc2[nH]c3c4nnc5ccCc5c4[nH]c3c2o1,0.00971280739998,0.26429908728381574
c1cc2ncc3c(nnc4c5Cccc5Cc34)c2[nH]1,0.00969315919997,0.2637644322540637
c1ccc2c(c1)Cc1c2Cc2c3ncccc3Cc21,0.00993625659999,0.2703794528449679
c1cc2oc3cc4c(cnc5ccoc54)cc3c2[nH]1,0.00804460739994,0.21890502980272733
c1cnc2c(c1)ccc1c2oc2c3[nH]ccc3oc12,0.0092632848,0.25206694800672
c1cnc2c(c1)Cc1c2[nH]c2c3nnccc3Cc21,0.0086728476,0.23600032518264003
c1cnc2c(c1)sc1cc[nH]c12,0.00909774630009,0.24756241367026904
c1cc2oc3cc4c(cc3c2[nH]1)ncc1ccCc14,0.00796822640007,0.2168265958628648
c1cnc2c(c1)ncc1c3oc4cc[nH]c4c3Cc12,0.00995248499999,0.2708210503287279
c1cc2cc3Cc4ccoc4c3cc2o1,0.0103039487,0.28038486965518
c1cc2cnc3c([nH]c4c5Cccc5Cc34)c2C1,0.0096230767,0.26185738931438
c1cc2cnc3ccoc3c2o1,0.0117252388,0.31906016308232
c1cc2cnc3c4cc5Cccc5cc4Cc3c2o1,0.00893370289998,0.2430985630925158
c1cc2oc3c([nH]c4c5[nH]ccc5Cc43)c2nn1,0.00983489279997,0.26762120193710365
c1ccc2c(c1)ncc1c2cnc2ccsc21,0.00915884269989,0.24922493224378678
c1cnc2c(c1)Cc1c3ncc4ccoc4c3[nH]c21,0.00918873459989,0.25003833269144676
c1cc2Cc3c4[nH]c5ccsc5c4Cc3c2[nH]1,0.0114294017001,0.31101002142210116
c1cnc2c(c1)[nH]c1c3ccccc3sc21,0.0104676113,0.28483835812882
c1cc2cnc3c4[nH]c5ccCc5c4[nH]c3c2C1,0.00854008670001,0.23238771522865212
c1cc2sc3ccCc3c2s1,0.0126915164001,0.3453539293696812
c1cc2[nH]c3c(ccc4c5Cccc5Cc43)c2C1,0.0104470191001,0.2842780155404611
c1cc2Cc3c4occc4Cc3c2[nH]1,0.0121368982001,0.3302619916822011
c1cc2oc3c(ccc4c3ncc3ccCc34)c2[nH]1,0.00825203910006,0.2245495367673727
c1cc2sc3c(sc4ccCc43)c2nn1,0.0107304294997,0.29199000928813656
c1cc2ccc3c4oc5cc[nH]c5c4Cc3c2nn1,0.00940065700001,0.25580503789007214
c1cc2Cc3c(ncc4ccoc43)c2[nH]1,0.0096818426,0.26345649172564
c1cc2oc3c([nH]c4c5occc5Cc43)c2o1,0.0102511146,0.27894717982644
c1cc2sc3cc4ccCc4cc3c2cn1,0.00941983049995,0.25632677566633943
c1ccc2c(c1)Cc1c2cnc2c1[nH]c1ccCc12,0.00948378390001,0.25806703721673213
c1cc2ncc3c4ncc5cc[nH]c5c4oc3c2[nH]1,0.0101668746001,0.27665489149316114
c1cc2cc3ccc4ccsc4c3cc2o1,0.00619849179986,0.1686696397627104
c1cc2Cc3c(oc4c5cnccc5Cc43)c2cn1,0.00968570080011,0.2635614787521132
c1cc2cc3Cc4c(cnc5ccoc54)c3cc2o1,0.0101357625,0.2758082876925
c1ccc2c(c1)[nH]c1c3sccc3sc21,0.0102784358999,0.2796906306465389
c1ccc2c(c1)[nH]c1c3ccc4ccCc4c3Cc21,0.00895159379991,0.243585399526871
c1cc2Cc3c(oc4ccCc43)c2o1,0.0113637747999,0.3092242215899989
c1cc2Cc3c4ncc5ccoc5c4[nH]c3c2[nH]1,0.00964514099996,0.26245778980631157
c1cnc2c(c1)[nH]c1c2oc2c3ccccc3oc12,0.00881096499995,0.23975869299963945
c1cc2cnc3c4cc5occc5cc4oc3c2[nH]1,0.0093389617,0.25412622240338
c1cc2ncc3ccoc3c2[nH]1,0.0122656494,0.33376549208316003
c1cc2cnc3c([nH]c4ccCc43)c2o1,0.0102707497,0.27948147838658
c1cc2ncc3cc4ccsc4cc3c2o1,0.00613147700028,0.1668460732454192
c1cc2Cc3c4oc5ccCc5c4Cc3c2cn1,0.0104484836999,0.28431786935145886
c1cc2sc3ccsc3c2[nH]1,0.0123417072,0.33583513130208
c1cc2oc3c4[nH]c5ccCc5c4sc3c2[nH]1,0.0110015186001,0.29936672323476116
c1cnc2c(c1)ccc1ccoc12,0.00715757889998,0.19476774247891576
c1cc2oc3c(cnc4ccsc43)c2s1,0.0113677644001,0.30933278419688115
c1cnc2c(c1)oc1c2ccc2c3[nH]ccc3oc21,0.00883325799998,0.24036531674065578
c1cc2ccc3c(cnc4c5[nH]ccc5[nH]c34)c2[nH]1,0.00807924449998,0.21984755378675577
c1cc2Cc3c4ccc5ccCc5c4[nH]c3c2[nH]1,0.00971889710002,0.2644647965474842
c1cc2Cc3c4[nH]ccc4[nH]c3c2cn1,0.0103777544,0.28239322608016
c1cnc2c(c1)ccc1c3sccc3Cc12,0.00920943799997,0.2506017011923837
c1cc2Cc3c([nH]c4c3sc3ccCc34)c2o1,0.0103772621001,0.28237982991066113
c1cc2cnc3c(Cc4c5[nH]ccc5Cc34)c2[nH]1,0.0104998842,0.28571654891988
c1cnc2c(c1)[nH]c1c3cnc4ccCc4c3[nH]c21,0.0104806992999,0.2851945009292989
c1cnc2cc3cc4ccnnc4cc3cc2c1,0.00523152150004,0.14235702414618848
c1cc2[nH]c3c4ncc5ccCc5c4[nH]c3c2cn1,0.0102140168999,0.27793769946993885
c1ccc2c(c1)oc1c2Cc2c3[nH]ccc3Cc12,0.0105815266999,0.28793815564165887
c1cc2nnc3c(oc4ccsc43)c2cn1,0.0100638447002,0.27385130367502225
c1cnc2c(c1)oc1c2[nH]c2c3Cccc3Cc21,0.0100198077998,0.2726529979634777
c1cc2ccc3c(nnc4c3[nH]c3ccCc34)c2o1,0.00944164249995,0.2569203107231394
c1cc2cc3cnc4ccsc4c3cc2o1,0.00776355690027,0.21125725223600708
c1cc2Cc3c(ncc4c5occc5Cc43)c2[nH]1,0.0101642717001,0.2765840629401011
c1ccc2c(c1)oc1c2ncc2c3[nH]ccc3oc21,0.00947789570012,0.2579068110542454
c1cc2ccc3c(Cc4c5occc5Cc34)c2[nH]1,0.0110482780001,0.30063911197192117
c1cc2ncc3c(oc4c5[nH]ccc5Cc34)c2cn1,0.00986400310001,0.2684133339556121
c1ccc2cc3cc4sccc4cc3cc2c1,0.00401267940003,0.10919062422597636
c1cc2oc3c(nnc4ccsc43)c2s1,0.0113959299999,0.3100992095992789
c1cc2nnc3c(ccc4c3[nH]c3ccCc34)c2o1,0.00914679519985,0.24889710290119832
c1cc2ncc3cc4c(cc3c2[nH]1)oc1ccoc14,0.00803895919989,0.21875133437188676
c1ccc2c(c1)oc1c3cnccc3sc21,0.00989094850024,0.26914655601943077
c1cc2nnc3c(oc4c3oc3ccCc34)c2[nH]1,0.0110672269001,0.30115473806938114
c1cc2oc3c4[nH]c5ccCc5c4Cc3c2[nH]1,0.0110936473,0.30187367413922
c1cc2nnc3c(nnc4c5Cccc5Cc34)c2o1,0.0101358284001,0.2758100809264811
c1cc2[nH]c3c4[nH]ccc4Cc3c2nn1,0.0102944079001,0.28012525113278114
c1cc2[nH]c3c4ccc5ccCc5c4oc3c2o1,0.00930811900002,0.25328694935714424
c1cc2cnc3cc4ccsc4cc3c2nn1,0.00575701750017,0.15665650600412595
c1cc2[nH]c3c(ccc4ccCc43)c2[nH]1,0.00930373400001,0.25316762736787213
c1ccc2c(c1)ccc1c3ncccc3sc21,0.00749482159995,0.20394458848487942
c1cnc2c(c1)oc1c3ncc4ccCc4c3oc21,0.00989385769992,0.2692257194156031
c1cc2ccc3c(ncc4c3oc3ccCc34)c2o1,0.00971754929992,0.2644281210198431
c1cc2cc3Cc4cc5ccCc5cc4c3cc2C1,0.00884433030001,0.24066660952569213
c1cc2Cc3c(oc4c5occc5Cc43)c2[nH]1,0.0114452623001,0.3114416105529412
c1cc2oc3c(nnc4c5Cccc5Cc43)c2o1,0.0118347080999,0.3220389759896189
c1ccc2c(c1)oc1c3oc4ccoc4c3Cc21,0.0101645638999,0.27659201410573886
c1cc2[nH]c3c4sc5ccoc5c4Cc3c2o1,0.0106478563,0.28974307692182
c1cc2[nH]c3cc4c(cc3c2o1)oc1ccCc14,0.0100995066999,0.2748217166136589
c1cc2sc3c(oc4c5occc5Cc43)c2o1,0.0109936665001,0.29915305660082114
c1ccc2c(c1)oc1c3cnc4ccCc4c3[nH]c21,0.0101877785,0.2772237158749
c1cc2cnc3c(nnc4c3[nH]c3ccCc34)c2[nH]1,0.0101779221002,0.2769555094373823
c1cc2Cc3c(ccc4ccsc43)c2cn1,0.00924718179999,0.2516287628322479
c1cc2[nH]c3c4cnc5ccoc5c4oc3c2[nH]1,0.0104184044002,0.28349936949560234
c1cc2[nH]c3c(Cc4c5sccc5Cc34)c2o1,0.0110417382998,0.30046115757117775
c1cnc2c(c1)[nH]c1c2[nH]c2c3[nH]ccc3Cc21,0.00960632149997,0.2614014568642837
c1cc2ccc3c4cnccc4ncc3c2cn1,0.00594486499995,0.16176809945963944
c1cc2ccc3c4[nH]c5ccCc5c4Cc3c2o1,0.00935903870004,0.2546725456822685
c1cc2[nH]c3c4ccc5ccCc5c4ccc3c2o1,0.00763308039996,0.20770680399547153
c1cc2oc3c4[nH]c5ccCc5c4Cc3c2cn1,0.00921601150003,0.25078057533191633
c1cc2cc3Cc4c(ncc5ccCc54)c3cc2o1,0.0095484812,0.25982754132568003
c1cnc2cc3c(cc2c1)Cc1c2[nH]ccc2oc31,0.00921764259999,0.2508249598453679
c1cc2Cc3c([nH]c4ccCc43)c2nn1,0.00996510869993,0.2711645588772752
c1cc2[nH]c3c(nnc4c5Cccc5Cc43)c2nn1,0.0116785863,0.31779068324382004
c1cc2cnc3c(ncc4ccsc43)c2[nH]1,0.0102096269001,0.2778182414293811
c1cc2Cc3c(ccc4c5occc5Cc43)c2o1,0.00976455629996,0.2657072473007316
c1ccc2c(c1)Cc1c2[nH]c2c3cnccc3Cc21,0.00853287970006,0.2321916026702127
c1cc2cnc3c4Cccc4Cc3c2o1,0.0107516542,0.29256756309788
c1cc2cc3cnc4ccsc4c3cc2nn1,0.00647865149995,0.17629317742573944
c1cc2[nH]c3c(sc4c5occc5Cc34)c2o1,0.0108977694001,0.2965435622538811
c1cc2cnc3c(ncc4ccsc43)c2nn1,0.00770530749992,0.2096722045033231
c1cnc2c(c1)[nH]c1c2[nH]c2c3Cccc3Cc12,0.00983833310011,0.26771481732033325
c1cc2Cc3cc4c(cc3c2cn1)Cc1ccCc14,0.00989808710005,0.26934080731430055
c1cc2cc3oc4c(ccc5cc[nH]c54)c3cc2[nH]1,0.00901383989992,0.2452792030526831
c1cc2Cc3c(oc4c5occc5sc43)c2[nH]1,0.0111488634002,0.3033761815282023
c1cc2[nH]c3c4cc5Cccc5cc4ccc3c2[nH]1,0.00798335510001,0.2172382689684121
c1cnc2c(c1)Cc1cc3c(cc12)Cc1cc[nH]c13,0.00883876340004,0.24051512638384848
c1cc2ncc3c4sccc4sc3c2o1,0.0103874731001,0.2826576855160612
c1cc2ncc3c4oc5ccCc5c4Cc3c2[nH]1,0.0115631670999,0.3146499652222189
c1cc2Cc3c(Cc4c5[nH]ccc5Cc43)c2nn1,0.0105344892,0.28665819941688003
c1cc2cnc3c([nH]c4c5occc5Cc34)c2o1,0.00958693020004,0.26087379244536846
c1cc2Cc3c(oc4c3oc3ccCc34)c2nn1,0.0102297860999,0.27836680147881887
c1cnc2c(c1)oc1c2oc2c3ccccc3Cc21,0.00906069839994,0.24655428844012733
c1cc2oc3c([nH]c4c5occc5oc43)c2nn1,0.00983877409988,0.26772681754147465
c1cc2ncc3c(ccc4c3oc3ccCc34)c2o1,0.00875311769994,0.2381845869801473
c1cc2cnc3c4sccc4sc3c2o1,0.0110569680999,0.3008755817536189
c1cnc2c(c1)Cc1c2[nH]c2c3cnccc3oc21,0.00853558630001,0.23226525304409215
c1cc2nnc3c(oc4c5Cccc5Cc34)c2nn1,0.0101921733,0.27734330453562
c1cc2cc3[nH]c4c5occc5Cc4c3cc2cn1,0.00864004059997,0.2351076007820237
c1cc2ncc3c(oc4c5[nH]ccc5Cc34)c2nn1,0.00950370210012,0.25860903932720536
c1cc2oc3c4[nH]c5ccoc5c4Cc3c2[nH]1,0.011213451,0.3051337005414
c1cnc2c(c1)cnc1c3cnccc3sc21,0.0073469463,0.19992069454782
c1cc2[nH]c3c4ncc5ccCc5c4nnc3c2o1,0.00895929440003,0.24379494363697635
c1ccc2c(c1)[nH]c1cc3c(cc12)[nH]c1ccCc13,0.00826899660001,0.22501097408151213
c1ccc2c(c1)Cc1c3[nH]c4cc[nH]c4c3oc21,0.0096434001,0.26241041748114
c1cnc2c(c1)cnc1c2[nH]c2c3[nH]ccc3[nH]c12,0.00904892059998,0.2462337980142958
c1cnc2c(c1)cnc1c3oc4ccCc4c3Cc21,0.00908434009989,0.24719761219414677
c1cc2cc3[nH]c4c([nH]c5ccoc54)c3cc2cn1,0.00828563840003,0.22546382075857635
c1ccc2cc3c(cnc4ccncc43)cc2c1,0.00626547020011,0.17049221580327326
c1ccc2cc3c(cc2c1)Cc1ccsc13,0.00887110029998,0.2413950587028758
c1cc2Cc3c(oc4c5occc5Cc43)c2o1,0.0110661872,0.30112644637408004
c1ccc2c(c1)[nH]c1c2cnc2c1[nH]c1ccCc12,0.00941043160003,0.25607101844105634
c1cc2Cc3c4cnc5ccCc5c4[nH]c3c2o1,0.0099445674,0.27060560134836
c1ccc2c(c1)sc1c3cnccc3sc21,0.00849450059991,0.231147253624391
c1cc2Cc3c(ncc4ccoc43)c2o1,0.010100999,0.2748623241886
c1cc2oc3c4ccc5ccoc5c4cnc3c2[nH]1,0.00795665290002,0.21651166472360422
c1ccc2c(c1)Cc1c2[nH]c2c3ccccc3Cc21,0.0083723079,0.22782221919006002
c1cc2Cc3c4cc5Cccc5cc4[nH]c3c2o1,0.00965220779995,0.26265008732755946
c1ccc2cc3c(cc2c1)oc1ccsc13,0.00699201550003,0.19026253057751635
c1cc2[nH]c3c(Cc4c5Cccc5Cc34)c2nn1,0.0105988108,0.28840848020312004
c1ccc2c(c1)sc1ccncc12,0.00753168059987,0.2049475734753025
c1cnc2c(c1)[nH]c1c2[nH]c2c3ccccc3Cc21,0.00814580839995,0.22165885069439942
c1cc2nnc3c([nH]c4c3oc3ccCc34)c2[nH]1,0.0106742171998,0.2904603939106377
c1cc2sc3c([nH]c4c5occc5oc43)c2[nH]1,0.0109799765,0.2987805325321
c1cc2cnc3c(Cc4c5Cccc5Cc34)c2cn1,0.00984918460006,0.2680101018260727
c1ccc2c(c1)ncc1c3oc4ccCc4c3Cc21,0.0100357453,0.27308667965642
c1cc2[nH]c3c4[nH]c5ccCc5c4Cc3c2nn1,0.00925558509994,0.25185742838850733
c1cc2cnc3c4sccc4sc3c2[nH]1,0.0114130571001,0.31056526197366113
c1ccc2c(c1)ncc1c2nnc2ccsc21,0.00866265870013,0.23572307095271747
c1cc2[nH]c3c4cc5Cccc5cc4oc3c2[nH]1,0.00974749960005,0.2652431106168006
c1cc2Cc3c(ccc4c3oc3ccCc34)c2cn1,0.00983251590003,0.26755652316207634
c1cc2Cc3c4oc5ccCc5c4Cc3c2s1,0.0115484278001,0.31424888823964114
c1cc2ncc3c4[nH]c5ccoc5c4Cc3c2o1,0.0100344118999,0.2730503959729389
c1cnc2c(c1)[nH]c1c3[nH]c4cc[nH]c4c3Cc21,0.00978124779999,0.2661614463846479
c1cc2cc3Cc4c5[nH]ccc5oc4c3cc2[nH]1,0.0107738923999,0.29317269565063886
c1cc2Cc3c(cnc4c3[nH]c3ccoc34)c2cn1,0.00929574019995,0.25295010487691943
c1cnc2c(c1)sc1c3cnccc3ncc21,0.00589813329998,0.16049646447907578
c1cc2cc3sc4ccCc4c3cc2s1,0.00875058220004,0.23811559247816846
c1cc2nnc3c(Cc4c5Cccc5Cc34)c2C1,0.0115564129001,0.31446617398978116
c1cc2ncc3cc4c(cc3c2[nH]1)Cc1ccCc14,0.00957486979996,0.26054561207463156
c1cc2oc3c(ncc4ccsc43)c2s1,0.0101525177001,0.27626422014450114
c1cc2cc3Cc4cc5cc[nH]c5cc4c3cc2[nH]1,0.0101572206,0.27639219263484005
c1cc2cnc3c(nnc4ccsc43)c2s1,0.0104670884,0.28482412928776
c1cc2ccc3c(oc4c3oc3ccCc34)c2nn1,0.00930474020004,0.25319500747936846
c1cc2oc3c4oc5ccCc5c4Cc3c2C1,0.0111528641,0.30348504617074
c1cc2cc3oc4c5Cccc5Cc4c3cc2cn1,0.00932420840002,0.25372476445630426
c1ccc2c(c1)[nH]c1c3Cccc3Cc21,0.0101604718999,0.2764806650569389
c1ccc2c(c1)ncc1ccsc12,0.0100064515,0.2722895543471
c1cnc2c(c1)cnc1ccccc12,0.00941745429998,0.25626211593847575
c1cc2ccc3c(ccc4c5Cccc5Cc34)c2C1,0.00847327350004,0.2305696345189885
c1cc2[nH]c3c(cnc4c5Cccc5Cc43)c2nn1,0.0102355424999,0.27852344118177885
c1ccc2c(c1)oc1c2[nH]c2c3[nH]ccc3oc21,0.00962668760008,0.2619556469608169
c1cnc2c(c1)Cc1cc[nH]c12,0.00987427589996,0.26869287122417157
c1cc2Cc3c4cc5Cccc5cc4cnc3c2o1,0.00798693819991,0.21733577013303101
c1cc2ncc3c([nH]c4ccsc43)c2cn1,0.00986872009992,0.2685416901269631
c1cc2cc3cnc4ccncc4c3cc2cn1,0.00720147080006,0.19596210252875268
c1cc2ncc3c(cnc4c5[nH]ccc5[nH]c34)c2[nH]1,0.00835895659998,0.22745891162469578
c1cc2Cc3c([nH]c4c3[nH]c3ccCc34)c2nn1,0.00966245969994,0.2629290558789473
c1cc2[nH]c3cc4c(cc3c2[nH]1)oc1ccCc14,0.00977957909993,0.2661160387198352
c1cc2[nH]c3c(ccc4c3nnc3ccoc34)c2[nH]1,0.00853375010001,0.23221528747141212
c1cc2nnc3c(sc4ccCc43)c2cn1,0.0103150402999,0.28068668761669885
c1cc2ncc3c(nnc4c5Cccc5Cc34)c2C1,0.00946817670001,0.2576423434546521
c1cc2cc3oc4c5[nH]ccc5Cc4c3cc2nn1,0.00923802140005,0.25137949552532063
c1cc2ncc3c(cnc4c5Cccc5Cc34)c2C1,0.00869729890007,0.23666567928936483
c1cc2Cc3c4ccc5ccCc5c4Cc3c2o1,0.0103345277,0.28121696705578003
c1ccc2c(c1)sc1c2nnc2cc[nH]c21,0.0107061248001,0.29132864438544115
c1cc2ncc3c(sc4ccCc43)c2s1,0.0110402315001,0.30042015544182116
c1cc2Cc3c4ccc5ccoc5c4Cc3c2nn1,0.00992686150005,0.2701237990224606
c1cc2Cc3c4cc5[nH]ccc5cc4Cc3c2nn1,0.0103467214001,0.28154877470668116
c1cc2Cc3c4ccc5ccCc5c4oc3c2o1,0.010005054,0.2722515264156
c1cc2cc3Cccc3cc2o1,0.0113334578999,0.3083992562973389
c1cc2ccc3c(oc4ccCc43)c2[nH]1,0.0113138162999,0.3078647808630989
c1ccc2c(c1)oc1c2ncc2c3Cccc3Cc21,0.0109055984,0.29675660030176004
c1cc2Cc3c4ccc5ccCc5c4ccc3c2o1,0.0078961979001,0.21486659953878115
c1cc2[nH]c3c4cc5Cccc5cc4ncc3c2o1,0.0089449093,0.24340350492602
c1ccc2c(c1)nnc1c2[nH]c2c1[nH]c1ccCc12,0.00909672159992,0.24753453014406307
c1ccc2occc2c1,0.0127371192,0.34659484539888
c1ccc2cc3occc3cc2c1,0.00578579350008,0.1574395412480769
c1cc2Cccc2cn1,0.0122304111999,0.33280661132495887
c1cnc2c(c1)nnc1c3sccc3sc21,0.0104636124001,0.28472954246408116
c1cc2nnc3c(cnc4ccCc43)c2s1,0.00876505409997,0.23850939313592368
c1cc2Cc3c4oc5ccCc5c4sc3c2o1,0.0112210549999,0.30534061602427887
c1cc2Cc3c(ccc4c3[nH]c3ccoc34)c2cn1,0.00904700609999,0.2461817017892679
c1cc2cc3ncc4c(oc5ccCc54)c3cc2[nH]1,0.00775281099993,0.2109648412434952
c1ccc2c(c1)oc1cc[nH]c12,0.0100905088001,0.27457687116304114
c1cnc2cc3c(cc2c1)sc1ccccc13,0.00431498250009,0.11741671480294903
c1ccc2c(c1)ncc1c3cnccc3ccc21,0.0049807449999,0.13553304449027886
c1cc2nnc3c4sccc4sc3c2[nH]1,0.0123566988,0.33624307372632
c1ccc2c(c1)Cc1c3cc4occc4cc3Cc21,0.00968571449994,0.26356185154366735
c1cc2Cc3c([nH]c4c5nnccc5oc43)c2cn1,0.0090111065,0.2452048234141
c1cnc2c(c1)[nH]c1c2ccc2c1oc1ccCc12,0.00992009000004,0.2699395370270885
c1cc2cc3oc4c(nnc5cc[nH]c54)c3cc2[nH]1,0.00971342420007,0.26431587127778483
c1cnc2c(c1)oc1c2ncc2ccsc21,0.00913887759998,0.24868165392409577
c1cc2Cc3c4oc5ccCc5c4Cc3c2[nH]1,0.0119800138,0.32599294751732
c1cnc2cc3c(cc2c1)Cc1c2[nH]ccc2[nH]c31,0.00883846349996,0.24050696568281155
c1cnc2c(c1)Cc1c3Cccc3Cc21,0.0109446493,0.29781922996202
c1cc2cc3sc4ccsc4c3cc2nn1,0.00640741790016,0.17435481144841383
c1cc2[nH]c3c4ccc5cc[nH]c5c4Cc3c2nn1,0.00954082170006,0.2596191156090127
c1cc2[nH]c3c4ncc5cc[nH]c5c4oc3c2cn1,0.00967829400008,0.26335992935377694
c1cc2cc3ncc4c([nH]c5ccCc54)c3cc2[nH]1,0.00813820259998,0.22145188622909578
c1cc2cc3sc4cc[nH]c4c3cc2nn1,0.00662051599988,0.18015350907913466
c1cc2cc3cnc4c([nH]c5ccoc54)c3cc2o1,0.00730506659988,0.19878108927597463
c1cc2cc3Cc4c(nnc5ccCc54)c3cc2C1,0.0102573391999,0.2791165599041589
c1cnc2c(c1)ccc1cc[nH]c12,0.00946477910009,0.25754989000418904
c1cc2sc3ccoc3c2[nH]1,0.0122356659,0.33294959907126
c1cc2[nH]c3c4cc5Cccc5cc4Cc3c2nn1,0.00912653160003,0.24834570198105635
c1cc2ccc3c4nnc5ccCc5c4Cc3c2[nH]1,0.0104884903001,0.28540650495214115
c1ccc2c(c1)oc1c2oc2c3cnccc3Cc21,0.00932507609991,0.253748375785091
c1ccc2c(c1)[nH]c1c2cnc2c3[nH]ccc3oc21,0.00894926169997,0.24352193982256368
c1cc2Cc3c(ncc4ccCc43)c2o1,0.0102565901,0.27909617584714
c1cc2ncc3c([nH]c4ccsc43)c2nn1,0.0103881267999,0.2826754736027989
c1cc2Cc3c4cc5Cccc5cc4oc3c2cn1,0.00986870220004,0.26854120304616846
c1ccc2c(c1)[nH]c1ccsc12,0.0104463213,0.28425902742282
c1ccc2c(c1)sc1c2ccc2cc[nH]c21,0.00869005020002,0.23646843201282425
c1cc2ccc3c4cc5occc5cc4Cc3c2[nH]1,0.00954995769996,0.25986771895669153
c1ccc2c(c1)oc1c3nnc4cc[nH]c4c3Cc21,0.0105464459999,0.28698356068167885
c1cc2ccc3c([nH]c4c3[nH]c3ccCc34)c2cn1,0.00865334389994,0.23546960219882732
c1cnc2c(c1)ccc1c3ncccc3sc12,0.00780558999986,0.2124010317221904
c1cc2ncc3c(Cc4c5Cccc5Cc34)c2nn1,0.0104977182001,0.28565760903020115
c1ccc2c(c1)[nH]c1c3cc4Cccc4cc3Cc21,0.00889048010004,0.24192241019422847
c1cnc2c(c1)Cc1c3cc4occc4cc3[nH]c21,0.00932232169998,0.2536734247068358
c1ccc2c(c1)sc1ccCc12,0.0102594322,0.27917351336708
c1cc2Cc3c4cnc5ccoc5c4ncc3c2[nH]1,0.0092433428,0.25152429826792
c1cc2[nH]c3c(nnc4c5Cccc5Cc43)c2cn1,0.0118940207,0.32365295487598
c1ccc2cc3[nH]ccc3cc2c1,0.00497054720006,0.1352555480797127
c1cc2nnc3c(cnc4ccoc43)c2cn1,0.00869400889997,0.23657615378064364
c1ccc2c(c1)oc1c3ccc4ccoc4c3Cc21,0.00957062430007,0.2604300860789248
c1ccc2c(c1)[nH]c1c3cnccc3sc21,0.00997957290008,0.2715581500132369
c1cnc2c(c1)oc1c2ccc2c3[nH]ccc3[nH]c21,0.00841251819998,0.22891639774693578
c1cc2ccc3cc4c(cc3c2[nH]1)Cc1ccCc14,0.00956734150009,0.26034075649554905
c1cc2[nH]c3c4ncc5ccoc5c4cnc3c2[nH]1,0.00819710399992,0.22305467578342308
c1cc2cc3Cc4c(nnc5ccCc54)c3cc2o1,0.0109491431,0.29794151255134
c1cc2oc3c(oc4c3sc3ccCc34)c2o1,0.0110167363998,0.29978082086951774
c1cc2cc3ccc4c([nH]c5ccoc54)c3cc2o1,0.00692531300001,0.1884474621684721
c1cc2[nH]c3c(cnc4c5occc5oc43)c2[nH]1,0.00955422779987,0.25998391435338253
c1cc2[nH]c3c4cnc5ccCc5c4oc3c2[nH]1,0.0103013675001,0.28031463159222114
c1ccc2c(c1)ncc1c2[nH]c2c3[nH]ccc3Cc12,0.00976380429995,0.2656867843276594
c1ccc2c(c1)nnc1c2[nH]c2c3Cccc3Cc12,0.0102058261,0.27771481633754
c1cc2nnc3c(ccc4ccsc43)c2o1,0.0101224488001,0.2754460032790411
c1cc2ccc3c4ccc5ccCc5c4Cc3c2C1,0.00896500470003,0.24395032889439633
c1cnc2c(c1)Cc1c2[nH]c2c3cnccc3Cc21,0.00852584869995,0.23200027931381945
c1ccc2c(c1)oc1ccsc12,0.0109101909001,0.29688156865898113
c1cc2[nH]c3cc4c(cc3c2cn1)[nH]c1ccCc14,0.0096535166,0.26268570160924004
c1cc2[nH]c3c4ncc5ccCc5c4Cc3c2nn1,0.00939498620005,0.2556507274840406
c1cc2Cc3c([nH]c4ccCc43)c2C1,0.0108272228,0.29462389049992
c1ccc2c(c1)[nH]c1c3nnc4cc[nH]c4c3Cc21,0.00998401599998,0.2716790529818558
c1cc2cc3Cc4ccCc4c3cc2C1,0.0105710457001,0.28765295296370114
c1cc2[nH]c3c(Cc4c5[nH]ccc5Cc34)c2cn1,0.0104945433001,0.2855712155563412
c1cc2[nH]c3c([nH]c4c3oc3ccCc34)c2nn1,0.0100108582001,0.27240946682620115
c1cc2oc3c(oc4c5Cccc5Cc34)c2cn1,0.010636437,0.2894323417818
c1cc2ccc3c(ccc4c5occc5Cc34)c2[nH]1,0.00827360950007,0.22513649755020482
c1cc2nnc3c(sc4ccCc43)c2nn1,0.010543715,0.286909246351
c1cc2ncc3c4ccc5ccCc5c4[nH]c3c2[nH]1,0.0101604332999,0.2764796146968989
c1cc2[nH]c3c(oc4c5Cccc5Cc34)c2cn1,0.0103790254999,0.2824278144879789
c1cc2ncc3c4[nH]c5ccCc5c4Cc3c2[nH]1,0.0105594328999,0.28733695241233886
c1ccc2c(c1)Cc1c2ccc2c1[nH]c1ccoc12,0.0089309417001,0.24302342697810114
c1cc2sc3ccCc3c2nn1,0.010728947,0.29194966839580005
c1cc2cnc3c(Cc4c5occc5Cc34)c2o1,0.0101671501,0.27666238823114
c1cnc2c(c1)Cc1c3cnc4ccoc4c3[nH]c21,0.00962370590003,0.2618745107280763
c1ccc2c(c1)ccc1c2cnc2cccnc21,0.00693833859998,0.18880190697949578
c1cc2Cc3c([nH]c4c3oc3ccCc34)c2nn1,0.0100934958,0.27465815161212
c1cc2sc3c(ncc4ccCc43)c2cn1,0.0100997556,0.27482848953384
c1ccc2c(c1)ccc1ccoc12,0.00657222569998,0.17883946241243578
c1cnc2c(c1)Cc1c2[nH]c2ccCc21,0.00946827389998,0.25764498840191574
c1ccc2c(c1)ncc1c2[nH]c2c3[nH]ccc3oc12,0.00980070000003,0.2666907679808163
c1cc2[nH]c3c4oc5ccoc5c4Cc3c2[nH]1,0.0109681877,0.29845974277978
c1ccc2c(c1)Cc1c2ccc2c3occc3oc21,0.00917753419992,0.2497335541277031
c1cnc2c(c1)oc1c2oc2c3Cccc3Cc12,0.0103495807999,0.2816265829783989
c1ccc2c(c1)Cc1c3cnc4ccoc4c3Cc21,0.0104093353,0.28325258658242
c1cnc2c(c1)Cc1c3cnc4ccCc4c3[nH]c21,0.00966295730007,0.2629425962751248
c1cc2sc3cc[nH]c3c2[nH]1,0.0125598185,0.34177024513090004
c1cc2ncc3c4[nH]c5ccCc5c4Cc3c2nn1,0.00900256960006,0.2449725224150727
c1cc2cc3oc4cc[nH]c4c3cc2[nH]1,0.0103743012,0.28229925967368
c1cc2Cc3c(nnc4cc[nH]c43)c2[nH]1,0.0111177127999,0.3025285300831989
c1cc2oc3cc4c(cc3c2o1)nnc1ccCc14,0.0080548195001,0.21918291534502118
c1cnc2c(c1)Cc1c3occc3Cc21,0.0104123384,0.28333430513776003
c1cnc2c(c1)ccc1c3[nH]c4ccoc4c3oc12,0.00853379230011,0.23221643579521326
c1cc2ccc3c4oc5ccCc5c4Cc3c2nn1,0.00935431030007,0.2545438792993248
c1cc2ccc3c(oc4c5[nH]ccc5Cc34)c2cn1,0.00928509899995,0.25266054292723944
c1cc2sc3c4[nH]c5ccoc5c4Cc3c2[nH]1,0.0113248237001,0.30816430763290115
c1cc2oc3ccoc3c2cn1,0.0108906693999,0.2963503613084389
c1cnc2c(c1)oc1c2[nH]c2c3occc3Cc21,0.00939520500003,0.2556566813378164
c1cc2Cc3cc4c(cc3c2[nH]1)Cc1ccCc14,0.0101167445,0.2752907812873
c1cc2Cc3c(ccc4ccoc43)c2o1,0.0103217873999,0.28087028565363886
c1cc2cnc3c([nH]c4c5Cccc5Cc34)c2nn1,0.00985896989994,0.2682763735352273
c1cc2Cc3ccsc3c2s1,0.0126051325001,0.34300330251322114
c1cnc2c(c1)nnc1c3[nH]ccc3sc21,0.00917120319991,0.24956127875403097
c1ccc2c(c1)cnc1c3ncccc3sc21,0.00751671460011,0.20454032766943325
c1cc2ncc3c4nnc5ccCc5c4oc3c2C1,0.0110050672,0.29946328560608
c1cnc2c(c1)[nH]c1c2[nH]c2c3[nH]ccc3oc21,0.00955276499997,0.25994410952018365
c1cnc2c(c1)[nH]c1c2ccc2ccsc21,0.00849197740001,0.23107859382263213
c1cc2sc3c(ccc4ccCc43)c2cn1,0.00998236859994,0.27163422492040734
c1cc2oc3c(ccc4c5Cccc5Cc43)c2nn1,0.0103508468999,0.28166103533193887
c1cc2sc3c(sc4ccCc43)c2cn1,0.0103921749003,0.28278562808202345
c1cc2cnc3c(cnc4c3oc3ccCc34)c2[nH]1,0.0092159740999,0.25077955762201887
c1ccc2c(c1)[nH]c1c2[nH]c2c3[nH]ccc3Cc21,0.00948862719997,0.25819883018926365
c1cc2oc3c(oc4c3oc3ccCc34)c2[nH]1,0.0114185768,0.31071546073552003
c1cc2oc3c4cnc5ccoc5c4Cc3c2cn1,0.0106593211999,0.2900550528989589
c1cc2cnc3c4[nH]c5ccoc5c4[nH]c3c2o1,0.00892838180005,0.24295376851388056
c1cnc2c(c1)[nH]c1c2ccc2c3occc3oc21,0.00943833080009,0.256830194733569
c1ccc2c(c1)[nH]c1cc3c(cc12)Cc1ccCc13,0.00977128650004,0.26589038546718846
c1cc2Cc3c(nnc4c5Cccc5Cc43)c2cn1,0.0119154763,0.32423679178982
c1cc2Cc3c4nnc5ccCc5c4[nH]c3c2o1,0.0102510730999,0.27894605055061883
c1cc2cnc3c(oc4c5occc5Cc34)c2cn1,0.00900033599987,0.2449117430268625
c1cc2cc3cnccc3cc2cn1,0.00672824800006,0.18308504762883268
c1cc2oc3c(ccc4ccsc43)c2cn1,0.00875248820012,0.23816745740874537
c1ccc2c(c1)cnc1c2[nH]c2c3occc3oc12,0.00829327550002,0.22567163694124426
c1cnc2c(c1)oc1c2ncc2c1oc1ccCc12,0.0102010484001,0.2775848084344812
c1cc2cc3oc4c(nnc5ccCc54)c3cc2[nH]1,0.0107920493999,0.29366677304043887
c1cc2[nH]c3c(ncc4ccsc43)c2cn1,0.00852311339997,0.23192584797194368
c1cc2Cc3c4cnc5ccCc5c4ncc3c2C1,0.00954402409991,0.259706257392291
c1cc2oc3c4[nH]c5ccsc5c4Cc3c2[nH]1,0.0110949765999,0.30190984625051887
c1ccc2c(c1)Cc1c3cnc4cc[nH]c4c3oc21,0.0105820693,0.28795292055002003
c1ccc2c(c1)oc1c2ncc2c1[nH]c1ccCc12,0.00966645630001,0.2630378089620921
c1cc2cnc3c(oc4ccCc43)c2[nH]1,0.0111030788,0.30213031845832
c1cc2[nH]c3c([nH]c4ccCc43)c2cn1,0.00918529349997,0.24994469554508367
c1cc2ccc3c(oc4c5[nH]ccc5Cc34)c2nn1,0.00910527089991,0.24776716856581096
c1cnc2c(c1)oc1c3cc4Cccc4cc3[nH]c21,0.00993662360008,0.2703894394312169
c1cc2oc3c(nnc4c5Cccc5Cc43)c2C1,0.0122144572,0.33237248065208
c1cc2Cc3c([nH]c4c3oc3ccCc34)c2s1,0.0103425005998,0.28143392082139773
c1cc2Cc3c(Cc4c5Cccc5Cc43)c2cn1,0.0111316064,0.30290659439296
c1cc2oc3c4[nH]c5ccCc5c4Cc3c2o1,0.0105492842999,0.2870607947982989
c1cc2[nH]c3c4ncc5ccCc5c4cnc3c2[nH]1,0.00790791819998,0.21518552530693577
c1ccc2c(c1)[nH]c1c2Cc2c3occc3Cc12,0.0101539913999,0.27630432157923884
c1cnc2cc3c(cc2c1)oc1c3[nH]c2ccCc21,0.00814955279998,0.22176074106137578
c1cc2nnc3c4occc4sc3c2cn1,0.00938771599976,0.2554528951558693
c1cc2cnc3c(ncc4c3oc3ccCc34)c2[nH]1,0.0103762970999,0.28235357090421886
c1cc2nnc3c4sccc4sc3c2o1,0.0114745235001,0.31223784877062116
c1cc2nnc3c(cnc4c3oc3ccCc34)c2C1,0.0084462968,0.22983556074352
c1cc2oc3c([nH]c4c5[nH]ccc5oc43)c2[nH]1,0.0118339892999,0.32201941643529886
c1cc2Cc3c4ccc5ccoc5c4[nH]c3c2[nH]1,0.00982204629997,0.26727163068700366
c1cc2[nH]c3c4cnc5ccCc5c4[nH]c3c2cn1,0.0102794212,0.27971744204168
c1cc2oc3c4ncc5ccoc5c4[nH]c3c2[nH]1,0.00968487919999,0.2635391218626079
c1cc2[nH]c3c(ncc4c5Cccc5Cc43)c2cn1,0.0113590309001,0.3090951334349812
c1cnc2c(c1)oc1c3[nH]c4ccoc4c3Cc21,0.00929782620005,0.25300686786004056
c1cc2ncc3c(oc4c5Cccc5Cc34)c2nn1,0.0103653267,0.28205505096438
c1ccc2cc3c(ccc4ccsc43)cc2c1,0.00506735039994,0.13788969867292733
c1cc2nnc3c(ncc4c3oc3ccCc34)c2[nH]1,0.0105695452002,0.2876121222607223
c1cc2cc3cc4Cc5ccCc5c4cc3cc2[nH]1,0.00766233789989,0.20850294152906676
c1ccc2c(c1)ccc1c3oc4ccoc4c3Cc21,0.00880408679996,0.23957152754843156
c1cc2ccc3c([nH]c4c5occc5oc34)c2cn1,0.00872205999997,0.23733946348318366
c1cc2ncc3c4oc5ccoc5c4Cc3c2cn1,0.00989322259989,0.2692084374546468
c1ccc2c(c1)oc1c2ncc2ccsc21,0.00889343290032,0.24200276002376767
c1cc2oc3c([nH]c4c5[nH]ccc5oc43)c2cn1,0.00972867780013,0.2647309430904575
c1cc2[nH]c3c4oc5ccoc5c4sc3c2o1,0.0106138813001,0.28881856960954116
c1cc2[nH]c3c(Cc4c5occc5Cc34)c2o1,0.0111458431001,0.3032939949340612
c1cc2cc3Cccc3cc2s1,0.010854336,0.29536167863039997
c1cc2[nH]c3c4cc5Cccc5cc4oc3c2o1,0.00930946720007,0.25332363576798483
c1cc2nnc3c(ncc4c5Cccc5Cc43)c2o1,0.0104677265999,0.28484149560051886
c1cc2oc3c(ncc4c5Cccc5Cc43)c2[nH]1,0.0110242779,0.29998603564806003
c1ccc2c(c1)oc1c3cnc4cc[nH]c4c3Cc21,0.0106504043001,0.28981241157174115
c1cc2Cc3c4[nH]ccc4Cc3c2cn1,0.0106053692,0.28858694344888003
c1cc2cnc3c(ccc4ccsc43)c2cn1,0.00706018870005,0.19211761879254058
c1cnc2c(c1)oc1c3ccc4ccoc4c3[nH]c21,0.00975344060009,0.2654047735452891
c1cc2ccc3c(cnc4c5occc5Cc34)c2o1,0.00787649380004,0.21433042339040845
c1cc2cc3Cc4c(cnc5ccCc54)c3cc2[nH]1,0.0103000085999,0.2802776540153189
c1ccc2c(c1)[nH]c1c2cnc2c3occc3Cc21,0.00882917399997,0.24025418538278367
c1cc2cnc3c(ccc4ccsc43)c2[nH]1,0.0106138756998,0.2888184172175377
c1cc2oc3c(oc4c5Cccc5Cc34)c2nn1,0.0105012304,0.28575318090656004
c1ccc2c(c1)oc1c2oc2c3occc3Cc21,0.00999729759997,0.2720404639118237
c1cc2[nH]c3c4oc5ccsc5c4Cc3c2o1,0.0105907617001,0.28818945292610115
c1cc2cnc3c(nnc4c5[nH]ccc5Cc34)c2[nH]1,0.00941714689998,0.25625375115411575
c1cc2ccc3c4[nH]c5ccCc5c4oc3c2C1,0.0089968993999,0.24481822833043884
c1cc2[nH]c3c(oc4c3sc3ccCc34)c2C1,0.0102703399002,0.2794703271603023
c1cc2Cc3c4cnc5ccoc5c4Cc3c2[nH]1,0.0108779400001,0.2960039765187212
c1cc2Cc3c(nnc4ccsc43)c2cn1,0.0104547137,0.28448739637618004
c1cc2Cc3c(nnc4c5Cccc5Cc43)c2C1,0.0124412123,0.33854280438022005
c1cc2oc3cc[nH]c3c2[nH]1,0.0120023676,0.32660122571064
c1cc2ncc3c4Cccc4Cc3c2[nH]1,0.0126135559,0.34323251501726004
c1cc2nnc3c4ncc5ccCc5c4oc3c2[nH]1,0.0105303846999,0.2865465102228589
c1cc2cc3Cc4c(cnc5ccCc54)c3cc2o1,0.00984702510004,0.26795133880722843
c1cnc2c(c1)oc1c3Cccc3Cc21,0.0106940040999,0.29099882316401887
c1cc2ccc3c4[nH]ccc4sc3c2cn1,0.00912422549993,0.2482829497687952
c1cc2ccc3c([nH]c4c5Cccc5Cc34)c2o1,0.00996387379985,0.2711309555172383
c1cc2ncc3c(ccc4c3oc3ccCc34)c2C1,0.00839785239998,0.22851732079681578
c1cc2[nH]c3c(nnc4c5[nH]ccc5Cc43)c2cn1,0.0105299797999,0.2865354923269989
c1cnc2cc3c(cc2c1)sc1ccCc13,0.00736589080009,0.20043620091756903
c1cc2oc3c(cnc4c5[nH]ccc5oc43)c2[nH]1,0.0099996033,0.27210320523762
c1cc2ccc3c4occc4Cc3c2[nH]1,0.01072144,0.291745392416
c1cnc2c(c1)sc1ccncc12,0.00776617230008,0.21132842092639692
c1cc2cnc3c(ncc4c5Cccc5Cc43)c2[nH]1,0.0107770436,0.29325844421704
c1cc2Cc3c4cc5Cccc5cc4oc3c2o1,0.0100644747999,0.2738684495699989
c1cc2nnc3c(cnc4cc[nH]c43)c2cn1,0.00979346809993,0.2664939778544352
c1cc2ncc3ccsc3c2o1,0.0103819453001,0.28250726633914114
c1ccc2cc3c(cc2c1)sc1cccnc13,0.00405953650011,0.11046567151909327
c1cc2nnc3cc4c(cc3c2[nH]1)Cc1ccoc14,0.00959659889998,0.26113689130691575
c1cc2oc3c(cnc4c5occc5oc43)c2[nH]1,0.0100519806,0.27352846489884
c1cnc2c(c1)[nH]c1c3[nH]c4ccCc4c3Cc21,0.00922802140008,0.25110738152613693
c1cc2cc3[nH]c4c(ncc5ccoc54)c3cc2[nH]1,0.00564134839999,0.1535089878514879
c1cc2cnc3c4[nH]c5cc[nH]c5c4oc3c2cn1,0.00878330600005,0.23900605288976057
c1cnc2c(c1)oc1c2ccc2c3occc3Cc21,0.00915379930007,0.24908769427392483
c1cc2Cc3c4[nH]c5ccsc5c4oc3c2o1,0.0107371635002,0.2921732508693423
c1cnc2c(c1)Cc1cc3c(cc12)[nH]c1ccCc13,0.00933803930002,0.2541011226085642
c1cc2ccc3c([nH]c4c5occc5Cc34)c2[nH]1,0.0102881663,0.27995540845582
c1cnc2c(c1)ccc1c2[nH]c2c3occc3Cc12,0.00917062270003,0.24954548253959638
c1cc2ncc3c4[nH]c5ccCc5c4oc3c2nn1,0.00926195459988,0.25203075139917464
c1cc2nnc3c4ncc5ccCc5c4[nH]c3c2[nH]1,0.0106954708,0.29103873412712
c1cc2Cc3c([nH]c4c5[nH]ccc5Cc43)c2cn1,0.00970099979997,0.2639777859569037
c1cc2cc3sc4ccCc4c3cc2nn1,0.00762852570006,0.2075828642346127
c1cc2cnc3c([nH]c4c3oc3ccCc34)c2o1,0.00947923889998,0.2579433614029158
c1cc2Cc3c4cnc5ccCc5c4Cc3c2cn1,0.0104467903999,0.28427179228783883
c1cc2[nH]c3ccncc3c2cn1,0.0116387028,0.31670539737192
c1cc2nnc3c4[nH]c5ccoc5c4oc3c2o1,0.0101109913001,0.27513422866354115
c1cc2cnc3cc4c(cc3c2o1)oc1ccCc14,0.00898489680014,0.2444916207873296
c1ccc2c(c1)Cc1c3[nH]c4ccCc4c3Cc21,0.00954376460004,0.25969919603752845
c1cc2[nH]c3c(ccc4c5occc5Cc43)c2[nH]1,0.00934315849997,0.2542404232060837
c1cc2oc3c4[nH]c5ccCc5c4oc3c2[nH]1,0.0110636471001,0.3010573266996612
c1ccc2c(c1)Cc1c3nnccc3sc21,0.00943265839999,0.2566758407854879
c1cc2[nH]c3c4cnc5ccoc5c4ncc3c2[nH]1,0.00907800940001,0.24702534498743214
c1ccc2c(c1)ccc1c2[nH]c2c1[nH]c1ccCc12,0.00843430890006,0.2295093532030927
c1cc2nnc3c4oc5ccCc5c4Cc3c2C1,0.0109396987,0.29768451720518
c1cc2cc3oc4c(ccc5ccCc54)c3cc2[nH]1,0.00948372589994,0.2580654589536273
c1cnc2c(c1)[nH]c1c3nnc4cc[nH]c4c3Cc21,0.00999613229999,0.27200875446794787
c1cc2cc3Cc4c5[nH]ccc5oc4c3cc2nn1,0.00914185350007,0.2487626323318048
c1ccc2cc3cc4nnccc4cc3cc2c1,0.00461330610005,0.12553451761090056
c1ccc2c(c1)sc1cc3ccoc3cc12,0.00656655609998,0.1786851846589958
c1cc2oc3c(Cc4c5occc5Cc34)c2o1,0.0116251641,0.31633699039074004
c1ccc2c(c1)[nH]c1c2cnc2c3[nH]ccc3Cc21,0.00865186639999,0.23542939735668791
c1cc2ncc3c4[nH]c5ccoc5c4Cc3c2nn1,0.00919530910005,0.2502172340451006
c1cc2cc3sc4ccsc4c3cc2[nH]1,0.00831885989987,0.2263678242793225
c1cc2Cc3c(oc4c5Cccc5Cc43)c2cn1,0.0107390239999,0.2922238776708789
c1ccc2cc3ncccc3cc2c1,0.00583186560004,0.15869322758892845
c1cnc2c(c1)oc1c3sccc3sc21,0.0109541181,0.29807688926634
c1cc2cc3ncc4c([nH]c5ccoc54)c3cc2o1,0.0082935081,0.22567796631234
c1cc2[nH]c3c(nnc4c5occc5Cc43)c2o1,0.0106720754999,0.2904021152579789
c1cc2Cc3c4cnc5ccCc5c4ncc3c2[nH]1,0.00892829719987,0.24295146642454254
c1cc2cc3[nH]c4c(ccc5ccCc54)c3cc2C1,0.00889593479997,0.24207084021590367
c1cc2ccc3c4ncc5ccCc5c4Cc3c2[nH]1,0.00942177370007,0.2563796528620848
c1ccc2c(c1)ncc1c2oc2c3Cccc3Cc12,0.0105127616999,0.2860669637206589
c1cc2[nH]c3c(nnc4c5Cccc5Cc43)c2[nH]1,0.010753894,0.2926285111916
c1cnc2c(c1)nnc1cc3ccsc3cc12,0.00567023519989,0.15429503811828676
c1cc2cc3Cc4ccsc4c3cc2s1,0.0107808388,0.29336171692232
c1cnc2c(c1)ccc1c2oc2c3occc3Cc12,0.00922042280001,0.2509006129801921
c1cnc2c(c1)ccc1c2Cc2c3Cccc3Cc12,0.0102073788,0.27775706747832
c1cc2Cc3c(ccc4c5occc5Cc43)c2cn1,0.00942303360011,0.2564139365060333
c1cc2oc3c(sc4c5Cccc5Cc34)c2C1,0.0115237914001,0.3135784973046812
c1cc2[nH]c3c4oc5ccCc5c4Cc3c2o1,0.0108107663,0.29417608609582
c1cc2ncc3c4oc5ccoc5c4Cc3c2[nH]1,0.0114475812001,0.3115047110684011
c1ccc2c(c1)Cc1cc3ccsc3cc12,0.00971510239992,0.2643615374451831
c1cc2Cc3c(cnc4c3ncc3ccoc34)c2[nH]1,0.00926097670003,0.25200414137519633
c1cc2ncc3cc4c(cc3c2C1)[nH]c1ccCc14,0.00793844880002,0.21601630567686425
c1cc2oc3c4sccc4sc3c2cn1,0.0112397328999,0.3058488678323389
c1cc2cc3oc4cc5ccCc5cc4c3cc2C1,0.00899238169995,0.24469529539001944
c1ccc2c(c1)cnc1ccsc12,0.00792577679999,0.2156714828152479
c1cc2Cc3c([nH]c4c3oc3ccCc34)c2[nH]1,0.0107344619,0.29209973654566
c1cc2cc3nnc4ccoc4c3cc2nn1,0.00555221779996,0.15108361944183155
c1cc2cc3ncc4ccncc4c3cc2cn1,0.00668102639997,0.18180008178014367
c1cnc2c(c1)ccc1ccncc12,0.00739015650004,0.20109650458518846
c1cc2[nH]c3c4occc4Cc3c2[nH]1,0.0111691699999,0.30392875253527885
c1cc2ccc3ccCc3c2C1,0.0105819138,0.28794868917732
c1cc2Cc3c(cnc4c5[nH]ccc5[nH]c43)c2nn1,0.00855839569999,0.2328859287507079
c1ccc2c(c1)oc1c3[nH]c4cc[nH]c4c3oc21,0.00976839840007,0.26581179622366485
c1cnc2c(c1)Cc1cc3c(cc12)oc1ccoc13,0.00915165649997,0.24902938568328367
c1cc2Cc3c4cc5Cccc5cc4ncc3c2o1,0.00898848079999,0.2445891464408479
c1cnc2c(c1)Cc1c3ccc4cc[nH]c4c3oc21,0.00980465910004,0.26679850063482846
c1cc2oc3c4cc5Cccc5cc4[nH]c3c2o1,0.00954376189998,0.2596991225651158
c1cnc2c(c1)oc1c3[nH]c4ccCc4c3Cc21,0.00904968710006,0.24625465555457268
c1cc2ncc3c4sccc4sc3c2nn1,0.0104544309002,0.2844797009977023
c1cc2[nH]c3c(ccc4c5[nH]ccc5oc43)c2nn1,0.00959284280009,0.26103468257036905
c1cc2oc3c([nH]c4ccCc43)c2o1,0.0106311283,0.28928788462262
c1cc2Cc3c4ccc5cc[nH]c5c4oc3c2cn1,0.0101272911,0.27557776903854
c1cc2sc3c(oc4c3oc3ccCc34)c2[nH]1,0.0115543769,0.31441077157666003
c1cc2oc3c4[nH]c5ccoc5c4oc3c2cn1,0.00951593570005,0.2589419327083406
c1cnc2c(c1)[nH]c1c2[nH]c2c3cnccc3Cc21,0.0082476450001,0.22442996715572114
c1ccc2c(c1)Cc1c2oc2c1oc1ccCc12,0.0102442595,0.2787606429583
c1cc2ccc3c(cnc4c5Cccc5Cc34)c2[nH]1,0.00867810320005,0.2361433374178406
c1ccc2c(c1)oc1c3cc4Cccc4cc3[nH]c21,0.00993747540008,0.27041261810173695
c1cc2cc3nnc4c5Cccc5Cc4c3cc2C1,0.00954939150006,0.2598523118647327
c1cc2[nH]c3c4nnc5ccCc5c4Cc3c2[nH]1,0.0103269337001,0.28101032368690115
c1cc2ccc3ccCc3c2o1,0.0111197658,0.30258439509012003
c1ccc2c(c1)sc1c2oc2ccsc21,0.00995538200004,0.27089988175588847
c1cnc2c(c1)Cc1c3nnccc3sc21,0.00932081680003,0.2536324742723364
c1cc2sc3c(ccc4ccsc43)c2[nH]1,0.00991763700017,0.26987278746642596
c1cc2ccc3c4oc5cc[nH]c5c4Cc3c2[nH]1,0.0107914091,0.29364934958374
c1cc2oc3cc4c(cc3c2[nH]1)[nH]c1ccCc14,0.0100801743999,0.27429565766543884
c1cc2Cc3cc4c(cc3c2o1)Cc1ccoc14,0.00969659150007,0.26385782994500484
c1cc2ccc3c([nH]c4ccCc43)c2o1,0.0103076393,0.28048529604801997
c1cc2oc3c(oc4c5[nH]ccc5oc43)c2[nH]1,0.0117444261001,0.31958227638026115
c1ccc2c(c1)oc1ccccc12,0.00989421570011,0.2692354611019733
c1cnc2c(c1)cnc1c2[nH]c2c1[nH]c1ccCc12,0.00879552690003,0.23933860068747634
c1ccc2c(c1)nnc1c2[nH]c2c3[nH]ccc3Cc12,0.00965409349999,0.2627013998656279
c1cnc2ccCc2c1,0.0113285588999,0.3082659476487389
c1cc2cnc3cc4c(cc3c2C1)[nH]c1ccCc14,0.00781251700005,0.21258952509516058
c1cc2[nH]c3c4sccc4sc3c2nn1,0.0112591755999,0.30637793091911886
c1ccc2c(c1)Cc1c3cc4Cccc4cc3oc21,0.00962273959999,0.2618482163511679
c1cc2Cc3c4cnc5ccCc5c4ccc3c2o1,0.00813523739998,0.2213711989858158
c1cc2nnc3c(ccc4ccsc43)c2[nH]1,0.0110897341,0.30176719048874
c1cc2Cc3c4oc5ccCc5c4oc3c2s1,0.0112032134,0.30485512111276003
c1cnc2c(c1)oc1c2cnc2ccsc21,0.0102990706,0.28025212972484
c1cc2[nH]c3c(Cc4c5Cccc5Cc34)c2o1,0.0115796891001,0.3150995519784612
c1cc2cc3ncc4c([nH]c5ccCc54)c3cc2o1,0.0089625352,0.24388313034128
c1cc2[nH]c3c([nH]c4c5occc5Cc34)c2cn1,0.00928139029998,0.25255962400887577
c1cnc2cc3c(cc2c1)sc1ccoc13,0.00619357560004,0.16853586308292848
c1cc2Cc3c4cnc5ccCc5c4cnc3c2[nH]1,0.00811205779985,0.22074044961483827
c1cc2cc3nnc4ccsc4c3cc2s1,0.0064288246997,0.1749373204334166
c1cc2Cc3c(cnc4c3[nH]c3ccoc34)c2nn1,0.00915610809989,0.24915051994934675
c1cc2cc3nnc4c5[nH]ccc5oc4c3cc2[nH]1,0.00725671020007,0.19746524393818482
c1ccc2c(c1)oc1ccCc12,0.0112343194,0.30570155892116
c1cnc2c(c1)nnc1c2Cc2c3Cccc3Cc12,0.010493911,0.2855540097854
c1ccc2c(c1)Cc1c3oc4ccCc4c3Cc21,0.0104519624001,0.28441252965408115
c1cc2[nH]c3c4ncc5ccCc5c4oc3c2nn1,0.0101010838998,0.2748646344310177
c1cc2sc3c4nnccc4Cc3c2cn1,0.00997179339993,0.2713464589228552
c1cc2Cc3c4cc5[nH]ccc5cc4oc3c2cn1,0.0101831264,0.27709712572096
c1cc2oc3ccsc3c2o1,0.011940253,0.3249110004842
c1cnc2c(c1)Cc1ccncc12,0.0102092763,0.27780870110982003
c1cc2ccc3c(ccc4c3oc3ccCc34)c2[nH]1,0.00897126280017,0.24412062056054595
c1cc2ccc3c(oc4c5[nH]ccc5oc34)c2cn1,0.00924665230002,0.2516143543967642
c1cc2[nH]c3c(oc4c5occc5oc34)c2[nH]1,0.0108886100002,0.2962943221594423
c1cnc2cc3c(cc2c1)sc1ccsc13,0.00596314330005,0.16226547759498058
c1cc2ccc3c4nnc5ccCc5c4[nH]c3c2C1,0.0104639415001,0.28473849773582116
c1ccc2c(c1)[nH]c1c3cnc4cc[nH]c4c3Cc21,0.0102061556,0.27772378249384005
c1cc2cnc3c([nH]c4c5occc5oc34)c2o1,0.00943962700001,0.2568654661480721
c1cc2ccc3c4cc5Cccc5cc4oc3c2[nH]1,0.00933755279993,0.2540878842600152
c1cc2cnc3c4[nH]ccc4sc3c2nn1,0.00937085070018,0.2549939667428781
c1cc2cnc3ccCc3c2[nH]1,0.0113421427,0.30863558186678003
c1cnc2c(c1)Cc1c3cc4[nH]ccc4cc3oc21,0.00982683780001,0.26740201411119213
c1ccc2cc3c(cc2c1)sc1cc[nH]c13,0.00583812859998,0.15886365258549578
c1cc2cnc3c4ncc5ccCc5c4oc3c2C1,0.00958174929997,0.2607328129012037
c1cnc2c(c1)cnc1c2[nH]c2c3occc3Cc12,0.00907366860008,0.24690722574421692
c1ccc2c(c1)Cc1ccsc12,0.0110447080999,0.30054196998961885
c1ccc2c(c1)oc1c3nnc4ccCc4c3[nH]c21,0.0108277543,0.29463835335902006
c1cnc2c(c1)ccc1c2cnc2ccsc21,0.0133810365,0.3641167366161
c1cc2ncc3c(Cc4c5[nH]ccc5Cc34)c2cn1,0.00997647319991,0.271473802832031
c1cc2Cc3c([nH]c4ccCc43)c2[nH]1,0.0110283309999,0.3000963261706789
c1cc2[nH]c3c(nnc4c3oc3ccCc34)c2C1,0.0113146127001,0.30788645202750115
c1ccc2c(c1)[nH]c1c2ncc2ccsc21,0.00779164899984,0.21202167759424617
c1cc2cc3cnc4c5[nH]ccc5Cc4c3cc2[nH]1,0.00731594189995,0.19907702141629943
c1ccc2cc3c(cc2c1)Cc1c3oc2ccCc21,0.0091394161999,0.24869630998195888
c1cnc2c(c1)oc1ccCc12,0.0110808578,0.30152565393892
c1cc2[nH]c3c4nnc5ccCc5c4cnc3c2o1,0.00787526120007,0.21429688261958482
c1cc2cnc3c(nnc4ccCc43)c2s1,0.0109050728,0.29674229798992
c1cc2ccc3c(Cc4c5occc5Cc34)c2nn1,0.00954528660009,0.25974061178968905
c1cc2occc2o1,0.0121520045,0.33067305525130003
c1cc2ncc3ccCc3c2o1,0.0121316167,0.33011827467038
c1cnc2c(c1)oc1c2[nH]c2c3ncccc3Cc21,0.00826902339998,0.2250117033462158
c1cc2ccc3cc4c(cc3c2C1)[nH]c1ccCc14,0.00724530690002,0.19715494417920423
c1cc2oc3c(cnc4ccsc43)c2cn1,0.0104829758,0.28525644768412
c1cc2cc3Cc4c(ncc5ccoc54)c3cc2[nH]1,0.00973838599998,0.26499511679985577
c1cc2oc3c4oc5ccsc5c4Cc3c2o1,0.0111886013999,0.30445750813323885
c1cc2cc3cc4oc5ccoc5c4cc3cc2[nH]1,0.00537623460002,0.14629487019498424
c1cc2[nH]c3c(ncc4c5occc5oc43)c2[nH]1,0.00954309660005,0.2596810188226006
c1ccc2c(c1)[nH]c1c2oc2c3ccccc3Cc12,0.00870749199998,0.23694304780825576
c1ccc2c(c1)ncc1c2[nH]c2c1[nH]c1ccCc12,0.00911816979988,0.24811816569245462
c1cc2oc3c(ncc4c5Cccc5Cc43)c2o1,0.0112133737001,0.3051315971029011
c1cc2ccc3c4[nH]c5ccoc5c4Cc3c2cn1,0.00859620269989,0.23391471014778678
c1cnc2c(c1)ncc1c2Cc2c3[nH]ccc3Cc12,0.00985232259995,0.26809549119627946
c1cc2Cc3c(cnc4c5Cccc5Cc43)c2[nH]1,0.0107168942999,0.2916216975522989
c1cc2nnc3c4[nH]ccc4sc3c2cn1,0.00937480049993,0.25510144632379517
c1cc2Cc3c4[nH]c5ccoc5c4oc3c2[nH]1,0.0111815708,0.30426619566712004
c1cc2oc3c(cnc4c5[nH]ccc5[nH]c43)c2[nH]1,0.0097569740999,0.2655009250220189
c1ccc2c(c1)[nH]c1c3nnc4ccCc4c3[nH]c21,0.011109413,0.3023026809082
c1cc2[nH]c3c([nH]c4c5Cccc5Cc34)c2cn1,0.00978424840002,0.26624309691230424
c1ccc2c(c1)Cc1c3cnccc3sc21,0.00938606130001,0.25540786845909214
c1cc2oc3cc4cc5ccCc5cc4cc3c2[nH]1,0.00772568619993,0.21022673746077522
c1cc2[nH]c3c4ccc5ccoc5c4oc3c2[nH]1,0.00986937990001,0.2685596442111321
c1cc2nnc3c(ccc4c3[nH]c3ccCc34)c2[nH]1,0.00956929999995,0.2603940500186394
c1cc2ccc3cc[nH]c3c2nn1,0.00735614019993,0.2001708734363752
c1cc2ccc3c(cnc4c3oc3ccCc34)c2C1,0.0082086246,0.22336816744044002
c1ccc2c(c1)ccc1c2ccc2ccnnc21,0.00644574149987,0.17539765024956253
c1ccc2cc3c(cc2c1)nnc1cccnc13,0.00569654529988,0.15501097277315465
c1cc2ncc3c4cc5Cccc5cc4[nH]c3c2[nH]1,0.0100045540001,0.27223792071832115
c1ccc2c(c1)Cc1c2Cc2c3occc3Cc21,0.0108968337,0.29651810054418004
c1cc2[nH]c3c(ncc4c5Cccc5Cc43)c2o1,0.0111590162001,0.30365245342740116
c1cc2Cc3c(nnc4ccCc43)c2[nH]1,0.0113729882,0.30947493110548
c1cc2cnc3c4oc5ccCc5c4oc3c2C1,0.00968619390017,0.26357489669508594
c1cnc2c(c1)Cc1c3ncc4cc[nH]c4c3oc21,0.00967878469999,0.2633732819853079
c1cc2oc3c(ccc4c3oc3ccCc34)c2o1,0.0101419437001,0.27597648680090114
c1ccc2c(c1)[nH]c1c3[nH]ccc3Cc21,0.0101813617999,0.27704910848179887
c1cc2sc3cc4ccCc4cc3c2nn1,0.0101149833,0.27524285656962
c1cnc2cc3ccCc3cc2c1,0.00826528230004,0.22490990277930847
c1cc2ncc3c(ncc4c3[nH]c3ccCc34)c2[nH]1,0.00994969239991,0.270745059770911
c1ccc2c(c1)ncc1c2[nH]c2c1[nH]c1ccoc12,0.00902383110008,0.2455510775967169
c1cc2Cc3c(sc4c5Cccc5Cc43)c2C1,0.0115328923,0.31382614553222
c1cc2sc3c([nH]c4c3[nH]c3ccoc34)c2[nH]1,0.0105555357002,0.2872309041524223
c1cc2[nH]c3ccsc3c2[nH]1,0.0113784877,0.30962458019978
c1cc2[nH]c3c(ccc4c3ncc3ccCc34)c2o1,0.0080655278,0.21947430317692
c1cnc2c(c1)oc1c3oc4ccCc4c3Cc21,0.00990707779999,0.2695854568466479
c1ccc2c(c1)Cc1c3ncc4ccCc4c3oc21,0.00975565939996,0.2654651501960716
c1cc2cnc3c(ccc4c3oc3ccCc34)c2[nH]1,0.00967500349998,0.2632703902393558
c1ccc2c(c1)ncc1c3oc4cc[nH]c4c3Cc21,0.00998223980002,0.27163072009426426
c1cc2cc3Cc4c(oc5ccCc54)c3cc2[nH]1,0.0106601225999,0.2900768601149189
c1cc2oc3cc4c(cc3c2nn1)oc1ccCc14,0.0101327126998,0.27572529835933773
c1cc2oc3c([nH]c4c5occc5oc43)c2cn1,0.00960951799993,0.2614884381032952
c1cc2cnc3c(ccc4c3oc3ccCc34)c2C1,0.00867246939993,0.23599003382925518
c1cc2Cc3c(cnc4c3ncc3ccCc34)c2o1,0.00919820019999,0.25029590492200793
c1cc2ccc3c4cnc5ccCc5c4oc3c2o1,0.00936410810004,0.25481049115342846
c1ccc2c(c1)[nH]c1c3ccc4cc[nH]c4c3oc21,0.00980468250009,0.266799137382949
c1cnc2c(c1)oc1c2oc2c3[nH]ccc3Cc21,0.00982943380006,0.26747265490695266
c1cc2Cc3c4ccc5ccCc5c4Cc3c2[nH]1,0.0102591649999,0.27916624247827887
c1ccc2c(c1)ncc1c3ccccc3sc21,0.00621241889985,0.1690486156513783
c1cc2oc3c(Cc4c5cnccc5Cc34)c2cn1,0.0102326537,0.27844483289218
c1cnc2c(c1)nnc1c2[nH]c2ccsc21,0.0102376317002,0.27858029124682226
c1ccc2c(c1)ncc1c3cnccc3sc21,0.00645764909973,0.17572167271239292
c1cc2ncc3c4oc5ccCc5c4Cc3c2nn1,0.00990952870006,0.2696521492688127
c1cc2Cc3c([nH]c4ccoc43)c2cn1,0.00988158840005,0.26889185458912057
c1cc2oc3c(oc4c5occc5Cc43)c2[nH]1,0.0113713408999,0.3094301057635389
c1cc2cnc3c(cnc4c5[nH]ccc5Cc34)c2[nH]1,0.0084366379001,0.22957272855478114
c1cc2ccc3cc4ccsc4cc3c2[nH]1,0.00523255169992,0.14238505732720308
c1cnc2c(c1)Cc1c2cnc2c1[nH]c1ccCc12,0.0092317694,0.25120936985116
c1cc2cnc3c(oc4c3oc3ccCc34)c2[nH]1,0.0102755177001,0.27961122234450114
c1cc2ncc3cc4c(cc3c2[nH]1)oc1ccCc14,0.00873622480003,0.23772490752353634
c1cc2sc3c4sccc4Cc3c2cn1,0.0104680828999,0.28485119102233886
c1cc2cnc3c(cnc4c3[nH]c3ccCc34)c2o1,0.00860031570005,0.23402663064034057
c1cc2Cc3c4nnc5ccCc5c4oc3c2[nH]1,0.0105875341001,0.28810162541146117
c1cc2oc3c(ccc4c3[nH]c3ccCc34)c2[nH]1,0.0100972009,0.27475897257026005
c1cnc2c(c1)Cc1c3ncc4ccoc4c3oc21,0.00941378020002,0.2561621385348243
c1cnc2c(c1)Cc1c3cnc4cc[nH]c4c3[nH]c21,0.0100726302999,0.2740903721426989
c1cc2oc3c4ccc5ccoc5c4Cc3c2[nH]1,0.0103106309,0.28056670167226
c1cc2ccc3ccncc3c2cn1,0.00901599809993,0.24533793069643522
c1cc2cnc3c(oc4c3oc3ccCc34)c2cn1,0.00899709149996,0.24482345564201152
c1cc2oc3c(nnc4c5[nH]ccc5Cc43)c2[nH]1,0.0109706015999,0.2985254283755189
c1ccc2c(c1)oc1c2cnc2c3[nH]ccc3Cc21,0.0087500817001,0.23810197317410117
c1ccc2c(c1)cnc1c2oc2c3[nH]ccc3oc12,0.00876504979999,0.2385092761274479
c1cnc2c(c1)oc1c2cnc2c3occc3Cc21,0.00880062530007,0.2394773352903248
c1cc2oc3c(ccc4c3[nH]c3ccoc34)c2[nH]1,0.00976501449998,0.2657197155647558
c1cc2Cc3c4ncc5ccCc5c4Cc3c2cn1,0.00990993070002,0.2696630882505242
c1cc2oc3c(sc4c5[nH]ccc5Cc34)c2[nH]1,0.0116216076999,0.3162402157650589
c1ccc2c(c1)Cc1c3cnc4ccoc4c3[nH]c21,0.00961464940008,0.26162807068533694
c1cc2Cc3c(ccc4c5Cccc5Cc43)c2[nH]1,0.0101950498,0.27742157812772
c1cc2Cc3c4[nH]ccc4Cc3c2nn1,0.0104130254,0.28335299936956
c1cc2nnc3c(oc4c5[nH]ccc5Cc34)c2cn1,0.00967793199993,0.26335007882289524
c1cc2ccc3c(nnc4c5[nH]ccc5Cc34)c2[nH]1,0.00863436299994,0.23495310533656732
c1ccc2c(c1)ncc1c2oc2ccsc21,0.00947476339979,0.25782157677704565
c1cc2ccc3c(nnc4c5occc5Cc34)c2[nH]1,0.00854918570008,0.23263531175915692
c1cc2cc3Cc4c5Cccc5Cc4c3cc2[nH]1,0.0114416859001,0.31134429170198114
c1cnc2c(c1)sc1c2cnc2ccCc21,0.00838347520005,0.2281260970586406
c1cc2cc3Cc4c5[nH]ccc5[nH]c4c3cc2[nH]1,0.0100736329001,0.2741176542977812
c1cc2cc3ccc4ccsc4c3cc2[nH]1,0.00534730350012,0.14550761446316537
c1cnc2c(c1)oc1ccoc12,0.0102360825999,0.27853813805891886
c1cnc2c(c1)[nH]c1c3[nH]ccc3Cc21,0.0100822122,0.27435110905908
c1ccc2c(c1)[nH]c1c2oc2c3Cccc3Cc12,0.0101851272999,0.27715157300849885
c1cc2nnc3c4oc5cc[nH]c5c4Cc3c2[nH]1,0.010976643,0.2986898233302
c1cc2sc3c(sc4ccCc43)c2s1,0.0118573366001,0.3226547291599612
c1cc2cnc3c(ncc4c5occc5Cc43)c2[nH]1,0.0100175576,0.27259176687664
c1cnc2c(c1)[nH]c1c2Cc2c3Cccc3Cc12,0.0106181151999,0.28893377995055886
c1cc2Cc3c([nH]c4c3[nH]c3ccCc34)c2cn1,0.00941674080002,0.25624270060566423
c1cc2cc3oc4ccsc4c3cc2cn1,0.00822686410015,0.2238644897748217
c1cc2Cc3c4cc5occc5cc4[nH]c3c2[nH]1,0.00981498709996,0.2670795399718515
c1cnc2c(c1)cnc1c2oc2c1oc1ccCc12,0.00899898009993,0.24487484709123522
c1cc2sc3c4sccc4Cc3c2nn1,0.0105533901001,0.28717251936986116
c1cc2Cc3c(ccc4c3nnc3ccCc34)c2[nH]1,0.0082620769,0.22482267935666
c1cc2nnc3c([nH]c4ccCc43)c2[nH]1,0.0118465123001,0.32236018480294115
c1cnc2c(c1)Cc1c3[nH]c4cc[nH]c4c3oc21,0.00937984899997,0.25523882307778367
c1cc2[nH]c3c(ccc4c5occc5Cc43)c2o1,0.00967930540003,0.26338745096237637
c1cc2[nH]c3c4ccc5cc[nH]c5c4oc3c2nn1,0.00999635949995,0.27201493689693945
c1ccc2c(c1)oc1c2cnc2ccsc21,0.0102456008999,0.2787971443275389
c1cc2Cc3c4[nH]c5ccCc5c4oc3c2cn1,0.00955456049996,0.25999296758861157
c1cnc2c(c1)oc1c3cnc4ccCc4c3oc21,0.0100512674001,0.27350905773108114
c1cc2ccc3c(oc4c5occc5Cc34)c2cn1,0.00923514739998,0.25130128995981577
c1cc2[nH]c3c(oc4c5occc5sc34)c2o1,0.0103942784001,0.28284286725648117
c1cc2Cc3c4oc5ccoc5c4Cc3c2[nH]1,0.0119407001,0.32492316670114
c1ccc2c(c1)oc1c3oc4ccccc4c3Cc21,0.00950693280004,0.25869695119500846
c1cc2[nH]c3c4oc5ccCc5c4sc3c2o1,0.0107915766998,0.2936539102089377
c1cc2nnc3c(cnc4c5Cccc5Cc34)c2o1,0.0089442479001,0.24338550730878117
c1ccc2c(c1)oc1c3ncc4ccCc4c3[nH]c21,0.00997461990005,0.2714233719482206
c1cc2Cc3c4[nH]ccc4[nH]c3c2nn1,0.0106753040001,0.29048996726832116
c1cc2cnc3cc4ccsc4cc3c2cn1,0.00631971839994,0.17196838526812733
c1cc2cnc3c4[nH]c5cc[nH]c5c4Cc3c2nn1,0.00910996999994,0.2478950376563673
c1cc2oc3c([nH]c4c5[nH]ccc5Cc43)c2[nH]1,0.0111388303999,0.30310316954383887
c1cc2cnc3c(cnc4ccCc43)c2s1,0.00885984879994,0.24108888963468733
c1cc2oc3c(ncc4c5occc5Cc43)c2[nH]1,0.0103376888,0.28130298501232
c1cnc2c(c1)ccc1c2Cc2c3occc3Cc12,0.00964380970004,0.26242156327166843
c1cc2Cc3c4oc5ccsc5c4Cc3c2[nH]1,0.0116895848003,0.3180899678348834
c1cc2Cc3c(ncc4c5Cccc5Cc43)c2[nH]1,0.0107460795999,0.2924158704247189
c1cc2oc3c(cnc4c5[nH]ccc5Cc43)c2cn1,0.00899643529999,0.24480559952214792
c1cc2cc3ccc4c(oc5ccCc54)c3cc2o1,0.00768039330001,0.20899425424389212
c1ccc2c(c1)ccc1c3nnccc3cnc21,0.00618126540007,0.1682008853074648
c1cc2ccc3c4oc5ccCc5c4Cc3c2[nH]1,0.010739835,0.292245946119
c1cnc2c(c1)Cc1c2cnc2ccsc21,0.0101374339,0.27585376882646
c1cc2cnc3cc4ccsc4cc3c2o1,0.00555179139997,0.15107201650114366
c1cc2Cc3c4ncc5ccCc5c4[nH]c3c2o1,0.00955783860002,0.26008216928058425
c1ccc2c(c1)[nH]c1c3[nH]c4ccoc4c3Cc21,0.00947580589991,0.257849944664811
c1cc2[nH]c3c4[nH]c5ccnnc5c4Cc3c2cn1,0.00945752159998,0.25735240326569575
c1cnc2cc3c(cc2c1)Cc1ccsc13,0.00939076989994,0.2555359960552273
c1ccc2c(c1)oc1c2[nH]c2c1[nH]c1ccCc12,0.00946118189995,0.25745200515229943
c1cnc2c(c1)Cc1c2ncc2c3Cccc3Cc21,0.0106270477,0.28917684578378
c1cc2Cc3cc4cc5ccoc5cc4cc3c2[nH]1,0.0081188094,0.22092417010716
c1cc2nnc3c4ncc5ccoc5c4Cc3c2[nH]1,0.0103384507,0.28132371737798
c1cc2ccc3c4sccc4Cc3c2nn1,0.00928240519988,0.25258724085601464
c1cc2Cc3c(ncc4c5occc5oc43)c2[nH]1,0.00969933229999,0.2639324109479479
c1cc2oc3c4ncc5ccoc5c4Cc3c2[nH]1,0.00986881259996,0.26854420718255156
c1ccc2c(c1)ccc1c2ccc2cccnc21,0.00727077910005,0.1978480784031006
c1cc2oc3c(ncc4c3[nH]c3ccoc34)c2[nH]1,0.00980689850007,0.2668594378448048
c1ccc2c(c1)sc1c3sccc3Cc21,0.0103679477998,0.2821263747594777
c1cc2[nH]c3c(cnc4c5occc5oc43)c2o1,0.00983943350002,0.26774476074244424
c1cc2nnc3c(Cc4c5[nH]ccc5Cc34)c2[nH]1,0.0110916313,0.30181881595682003
c1cc2Cc3c([nH]c4ccCc43)c2o1,0.0105434695,0.2869025659523
c1cc2Cc3c(ccc4c5occc5oc43)c2[nH]1,0.00974928670007,0.2652917401102848
c1cc2sc3c4nnccc4[nH]c3c2nn1,0.0118971232002,0.32373737824992227
c1cnc2c(c1)Cc1c3cnc4ccCc4c3Cc21,0.0100383522999,0.27315761977349884
c1ccc2cc3c(cc2c1)sc1ccncc13,0.00453990379992,0.12353713826114308
c1cc2nnc3c(oc4c5Cccc5Cc34)c2C1,0.0110709153,0.30125510459442
c1cnc2c(c1)Cc1c3[nH]c4cc[nH]c4c3Cc21,0.00972029820002,0.2645029224400242
c1cc2ccc3c(ccc4ccCc43)c2s1,0.00808421519991,0.219982813490831
c1cc2cc3nnc4ccCc4c3cc2s1,0.00597486909999,0.16258455302746788
c1cc2ccc3c4[nH]c5ccoc5c4oc3c2[nH]1,0.0100218766,0.27270929291324003
c1cc2Cc3c(oc4c5occc5Cc43)c2nn1,0.0101056228999,0.27498814697833884
c1cnc2c(c1)oc1c2ccc2c1oc1ccCc12,0.00960877490002,0.2614682173144042
c1ccc2c(c1)[nH]c1c2Cc2c3Cccc3Cc12,0.0104395658,0.28407520081012
c1cc2ccc3c(oc4c5[nH]ccc5Cc34)c2[nH]1,0.0108500452,0.29524491995528
c1cc2cc3[nH]ccc3cc2nn1,0.00682514840003,0.18572184317257634
c1cc2nnc3cc4c(cc3c2[nH]1)[nH]c1cc[nH]c14,0.00779398750001,0.21208531145777212
c1cc2Cc3c([nH]c4c5Cccc5Cc43)c2nn1,0.0103523104,0.28170085921856003
c1cc2Cc3c4cnc5ccCc5c4ccc3c2[nH]1,0.00830069380004,0.22587349927040845
c1cc2[nH]c3c(cnc4c3nnc3ccCc34)c2[nH]1,0.00908609270004,0.24724530289786847
c1cc2nnc3c(oc4c5occc5oc34)c2[nH]1,0.011066451,0.3011336247414
c1cc2cnc3cc4c(cc3c2o1)Cc1ccoc14,0.0088320527999,0.24033252155919888
c1cc2nnc3c(sc4ccCc43)c2s1,0.0112025454998,0.3048369466132577
c1cc2ccc3c(Cc4c5Cccc5Cc34)c2[nH]1,0.0116555906001,0.3171649380555611
c1ccc2cc3c(ccc4ccnnc43)cc2c1,0.00538662209999,0.1465775286116679
c1cc2oc3cc4c(cc3c2[nH]1)oc1cc[nH]c14,0.00991517470004,0.2698057848326685
c1cc2oc3c(Cc4c5Cccc5Cc34)c2nn1,0.0105941877,0.28828267917978
c1cc2cc3ccc4c([nH]c5ccCc54)c3cc2o1,0.00760186460002,0.20685737837698423
c1cnc2c(c1)[nH]c1c3nnc4ccCc4c3[nH]c21,0.0114583827001,0.31179863500550115
c1cc2Cc3c(ncc4c5Cccc5Cc43)c2o1,0.0109279728,0.29736543904992
c1cc2ncc3c(oc4c3oc3ccCc34)c2o1,0.0105699301,0.28762259592314
c1cc2oc3c(oc4c5Cccc5Cc34)c2o1,0.0113685895,0.3093552363203
c1cc2oc3c4occc4Cc3c2[nH]1,0.0117544633999,0.31985540536003887
c1cc2oc3c([nH]c4c5[nH]ccc5oc43)c2nn1,0.00984301799997,0.2678423000043837
c1cc2ncc3c4cnc5cc[nH]c5c4oc3c2[nH]1,0.0111260888,0.30275645277232
c1cc2Cc3c(ncc4c3oc3ccCc34)c2[nH]1,0.010244084,0.27875586735760005
c1cc2cc3Cc4c(ccc5ccCc54)c3cc2C1,0.00891016240007,0.24245799313326483
c1cc2nnc3c4oc5ccoc5c4Cc3c2[nH]1,0.0110020509001,0.29938120786298117
c1ccc2c(c1)oc1c2[nH]c2c3occc3oc21,0.00941219589993,0.25611902751135524
c1cc2[nH]c3c(nnc4c3[nH]c3ccCc34)c2C1,0.0111265322,0.30276851830708
c1ccc2c(c1)nnc1c2cnc2ccsc21,0.00928526040002,0.25266493484910424
c1cc2[nH]c3c(nnc4c3oc3ccCc34)c2o1,0.0110719909001,0.30128437317898116
c1cc2oc3c(Cc4c5Cccc5Cc34)c2s1,0.0117955086002,0.3209723027234823
c1cc2cc3Cc4cc5ccCc5cc4c3cc2[nH]1,0.00954636350002,0.25976991574444425
c1cnc2c(c1)sc1cccnc12,0.00556815659991,0.15151733650279098
c1cc2ccc3c4cnc5ccCc5c4[nH]c3c2C1,0.0093526259999,0.25449804713367885
c1cc2ccc3c4nnc5cc[nH]c5c4oc3c2[nH]1,0.0103860647001,0.2826193609803011
c1cc2Cc3c(cnc4c3nnc3ccCc34)c2o1,0.00928317349997,0.25260814737708365
c1cnc2c(c1)ccc1c3oc4ccoc4c3Cc12,0.00920996729997,0.2506161041864037
c1cc2ccc3c4ccc5ccoc5c4[nH]c3c2o1,0.00926344710001,0.2520713644172121
c1cc2nnc3c([nH]c4c5[nH]ccc5Cc34)c2cn1,0.0098297612999,0.26748156663609884
c1cc2[nH]c3c(oc4c5Cccc5Cc34)c2o1,0.0110712233,0.30126348570562
c1cc2Cc3c(ncc4ccCc43)c2[nH]1,0.00986262260005,0.2683757686190006
c1cc2ncc3c4occc4Cc3c2[nH]1,0.0118000854001,0.3210968438562812
c1cc2nnc3c(Cc4c5occc5Cc34)c2o1,0.0110288356999,0.30011005976425886
c1ccc2c(c1)Cc1c2ccc2ccsc21,0.00900074790002,0.24492295140660422
c1cc2Cc3c(ccc4ccCc43)c2o1,0.0100344128,0.27305042046592
c1cc2[nH]c3c4cc5occc5cc4cnc3c2[nH]1,0.00767358680002,0.20880903985006424
c1cc2ccc3ccsc3c2cn1,0.00558923479991,0.15209090383427099
c1cc2ncc3c4cnc5ccCc5c4Cc3c2C1,0.0102142270001,0.27794341659052113
c1cc2cc3cc4Cc5ccCc5c4cc3cc2o1,0.00847813359997,0.23070188464222366
c1cc2[nH]c3c(cnc4c3ncc3ccCc34)c2[nH]1,0.0087730189,0.23872612649546002
c1cc2Cc3c4[nH]c5ccnnc5c4oc3c2cn1,0.00936157370006,0.25474152658181265
c1cc2cc3cnc4c5occc5oc4c3cc2[nH]1,0.0071822243001,0.19543837831974115
c1ccc2c(c1)oc1c2oc2c3ncccc3Cc21,0.00898283340018,0.24443547278565805
c1cc2Cc3c([nH]c4c5occc5Cc43)c2[nH]1,0.0106147614,0.28884251835996
c1cc2oc3c([nH]c4c3sc3ccCc34)c2[nH]1,0.0106855382001,0.2907684541782012
c1cc2[nH]c3c4oc5ccncc5c4Cc3c2cn1,0.00940956110003,0.2560473309173564
c1cc2[nH]c3c(oc4ccCc43)c2[nH]1,0.0110142570001,0.29971335293252116
c1cnc2c(c1)ccc1c2oc2c1oc1ccCc12,0.00927509009989,0.25238818674414676
c1ccc2cc3c(cc2c1)Cc1c3[nH]c2ccCc21,0.00836674260006,0.2276707795872727
c1cc2cc3[nH]c4c5[nH]ccc5Cc4c3cc2cn1,0.00911011419998,0.24789896154133578
c1cc2ccc3c(cnc4ccsc43)c2s1,0.00933954770016,0.2541421682881338
c1cc2ccc3c([nH]c4c3[nH]c3ccoc34)c2cn1,0.00839927890001,0.22855613785973214
c1cc2Cc3c(ccc4c5[nH]ccc5Cc43)c2[nH]1,0.00998095840009,0.271595851408209
c1cnc2c(c1)oc1c2oc2c1oc1ccCc12,0.0098854908,0.26899804435512004
c1cc2sc3c(cnc4ccCc43)c2s1,0.00981296059967,0.26702439606186024
c1cc2ccc3c4sccc4sc3c2[nH]1,0.0113497885,0.3088436347889
c1cc2oc3c(oc4ccCc43)c2[nH]1,0.011655455,0.31716124818700003
c1cc2Cc3c4cc5occc5cc4[nH]c3c2cn1,0.00959213030001,0.26101529444569216
c1cc2sc3c(oc4c5occc5Cc43)c2[nH]1,0.0115395411999,0.3140070714069589
c1cnc2c(c1)oc1c2Cc2c3ccccc3Cc12,0.00972932180002,0.26474846722906425
c1cc2Cc3c([nH]c4c3oc3ccCc34)c2cn1,0.0098056966001,0.26682673246396116
c1cc2Cc3c4cnc5ccoc5c4Cc3c2nn1,0.0109371542001,0.29761527780060115
c1cnc2c(c1)oc1c3cc4[nH]ccc4cc3Cc21,0.0098452604999,0.2679033215669789
c1ccc2c(c1)oc1c3cc4[nH]ccc4cc3Cc21,0.00992767640003,0.2701459735917764
c1cc2cc3ncc4c5Cccc5Cc4c3cc2[nH]1,0.00804168770003,0.21882558068059635
c1cc2oc3c4nnc5ccCc5c4[nH]c3c2o1,0.0103137125999,0.2806505590409189
c1ccc2c(c1)ccc1c3cnccc3ccc21,0.00567146110006,0.1543283965781727
c1ccc2c(c1)ncc1c3oc4ccoc4c3Cc21,0.00975320680004,0.2653984115186085
c1cc2cc3oc4ccCc4c3cc2[nH]1,0.0110741258,0.30134246679411997
c1cc2ccc3c4[nH]c5ccoc5c4Cc3c2[nH]1,0.0099623097999,0.2710883968889989
c1cc2ncc3c4sccc4Cc3c2nn1,0.0104750088,0.28503965446032
c1cc2oc3c4[nH]c5ccoc5c4oc3c2[nH]1,0.0110450280999,0.3005506776376189
c1ccc2cc3c(cc2c1)oc1c2occc2Cc31,0.00869410320001,0.23657871981675213
c1cc2[nH]c3c4ccc5ccCc5c4Cc3c2o1,0.00923530390003,0.25130554854527637
c1cc2[nH]c3c4cc5occc5cc4Cc3c2cn1,0.00935776789993,0.2546379654321552
c1cc2Cc3c([nH]c4c5Cccc5Cc43)c2cn1,0.0100307421999,0.27295053829835886
c1cc2[nH]c3c([nH]c4c5occc5oc34)c2cn1,0.0093329888,0.25396369143232
c1ccc2cc3c(cc2c1)ncc1cccnc13,0.00607125199997,0.16520726667198365
c1ccc2cc3nnccc3cc2c1,0.0058384644999,0.15887279289257886
c1cc2cc3cnc4ccnnc4c3cc2cn1,0.00722783269998,0.19667944673223578
c1ccc2c(c1)Cc1c2oc2c3ccccc3Cc21,0.00928246499996,0.25258886809991155
c1cnc2c(c1)sc1c3nnccc3sc21,0.00942405569981,0.25644174926980984
c1cc2Cc3c4[nH]c5ccoc5c4sc3c2[nH]1,0.0112440998,0.30596769729772005
c1cnc2cc3ccoc3cc2c1,0.00664013389996,0.18068733960537156
c1cnc2c(c1)ncc1c3occc3sc12,0.00954119040011,0.2596291484535533
c1cc2Cc3c([nH]c4c3[nH]c3ccCc34)c2[nH]1,0.0106274295,0.2891872350963
c1cc2ccc3c(Cc4c5Cccc5Cc34)c2C1,0.0107747855999,0.29319700087311884
c1cnc2c(c1)Cc1c2ncc2c1[nH]c1ccCc12,0.00960961059991,0.261490957878391
c1cc2ncc3c4sccc4sc3c2cn1,0.0101291976998,0.27562965028833775
c1cc2Cc3ccCc3c2nn1,0.0122315835,0.3328385112519
c1cnc2cc3c(cc2c1)oc1c2[nH]ccc2oc31,0.0095042076,0.25862279468664
c1cc2ccc3c4sccc4sc3c2o1,0.0105476357,0.28701593408698
c1cc2Cc3c4nnc5ccCc5c4[nH]c3c2[nH]1,0.0102317675999,0.27842072086791886
c1cc2ccc3c(nnc4ccsc43)c2[nH]1,0.0100967226001,0.27474595736036117
c1cc2Cc3c(ccc4ccCc43)c2C1,0.0106284503,0.28921501249342
c1cnc2c(c1)ncc1c3[nH]c4ccCc4c3Cc12,0.0090909109,0.24737641286426001
c1cnc2cc3c(cc2c1)ncc1ccsc13,0.00584400079993,0.15902344336721522
c1cnc2c(c1)ccc1cccnc12,0.0102417137,0.27869136817618
c1cc2sc3cc4cc[nH]c4cc3c2nn1,0.00595920800015,0.16215839257528172
c1cc2Cc3c4cnc5ccCc5c4ncc3c2o1,0.00874944860004,0.23808474563512846
c1cnc2c(c1)sc1cc3ccsc3cc12,0.00404114019989,0.10996508243528674
c1cnc2c(c1)ncc1ccCc12,0.0105512602,0.28711456180628003
c1cc2Cc3c4cc5occc5cc4oc3c2nn1,0.0103562826999,0.2818089510600589
c1cc2cnc3c(oc4c5occc5Cc34)c2o1,0.00990570190004,0.26954801668274847
c1cc2ccc3c(ccc4c3oc3ccCc34)c2C1,0.00823209090004,0.22400671831734847
c1cc2ccc3c(oc4c5occc5Cc34)c2nn1,0.00922362759991,0.250987820072191
c1ccc2c(c1)[nH]c1c2nnc2c3Cccc3Cc21,0.0106742512,0.29046131910368
c1ccc2c(c1)[nH]c1c3occc3Cc21,0.0100046722999,0.2722411398214989
c1ccc2c(c1)[nH]c1cc3c(cc12)Cc1ccoc13,0.00913176020003,0.24848797950709636
c1cc2cnc3c4oc5ccCc5c4Cc3c2cn1,0.00903634439999,0.24589158200588787
c1ccc2c(c1)[nH]c1c3ncc4ccCc4c3[nH]c21,0.0103514634,0.28167781116276003
c1cc2ccc3c4cc5Cccc5cc4[nH]c3c2o1,0.00919041340001,0.25008401519303214
c1ccc2c(c1)[nH]c1c2ncc2c3[nH]ccc3oc21,0.00953206949987,0.25938095598876254
c1ccc2c(c1)[nH]c1cccnc12,0.00502747899998,0.13680474206005577
c1cnc2c(c1)ccc1c2ncc2ccsc21,0.00602091080009,0.16383741214556904
c1cc2cnc3cc4c(cc3c2[nH]1)Cc1cc[nH]c14,0.00916991459997,0.24952621414562368
c1cnc2c(c1)oc1c2oc2c3occc3Cc21,0.00980243339995,0.26673793621939945
c1cnc2c(c1)Cc1c3ccc4ccoc4c3[nH]c21,0.00929417140003,0.25290741563477637
c1ccc2cc3c(cc2c1)[nH]c1ccsc13,0.00539955060003,0.14692933119765636
c1ccc2cc3c(cc2c1)oc1c2Cccc2Cc31,0.0089800717999,0.24436032577579886
c1cc2ncc3c(ccc4c5Cccc5Cc34)c2o1,0.00906604559998,0.24669979323929578
c1cnc2c(c1)cnc1c2[nH]c2c1oc1ccCc12,0.00915925530001,0.2492361596706921
c1cc2sc3c(Cc4c5occc5Cc34)c2o1,0.0117126591001,0.3187178518364611
c1cc2Cc3c4Cccc4Cc3c2o1,0.0121775435,0.33136800719590004
c1cnc2c(c1)sc1c3cnccc3cnc21,0.0076120980998,0.20713584623289774
c1cc2Cc3c4ncc5ccCc5c4oc3c2nn1,0.0105026205,0.2857910074737
c1cc2sc3c(cnc4ccsc43)c2cn1,0.0103259962002,0.2809848130021223
c1cc2nnc3c4sccc4sc3c2cn1,0.0102245628998,0.27822467089161773
c1cc2cnc3cc4c(cc3c2C1)Cc1ccCc14,0.00909641329997,0.24752614087080366
c1cc2[nH]c3c4nnc5ccCc5c4oc3c2cn1,0.0110444013,0.30053362153482
c1cc2[nH]c3c4nnccc4sc3c2cn1,0.0107523596,0.29258675801944
c1ccc2Cccc2c1,0.0113589744,0.30909359598816
c1cc2[nH]c3c(ncc4ccsc43)c2s1,0.0099714526998,0.27133718799533774
c1cc2oc3ccCc3c2cn1,0.0116494861001,0.31699882606426116
c1cnc2c(c1)sc1c3sccc3Cc21,0.0104420826001,0.2841436864643611
c1cc2oc3c4ncc5ccCc5c4Cc3c2nn1,0.00996507150001,0.2711635466153721
c1cc2oc3c(ccc4ccsc43)c2nn1,0.00904845980017,0.24622125900634595
c1cc2ccc3c(cnc4c3[nH]c3ccCc34)c2[nH]1,0.00858327080005,0.2335628150484806
c1cc2oc3c4sc5ccoc5c4Cc3c2o1,0.0113019575001,0.3075420863182211
c1cc2nnc3c4cc5Cccc5cc4Cc3c2[nH]1,0.0100092772001,0.27236644560280115
c1cc2[nH]c3cc4c(cc3c2C1)[nH]c1ccCc14,0.00992216760005,0.2699960714320006
c1ccc2c(c1)Cc1c3oc4ccncc4c3Cc21,0.00996362160004,0.27112409280732847
c1ccc2c(c1)cnc1c3[nH]c4cc[nH]c4c3Cc21,0.00873580600012,0.23771351139166538
c1cc2Cc3c4nnc5ccCc5c4Cc3c2[nH]1,0.0107250545001,0.2918437480240212
c1cc2oc3c4ccc5ccCc5c4Cc3c2nn1,0.00942076650006,0.2563522455397327
c1cnc2c(c1)Cc1c2ncc2c3[nH]ccc3Cc21,0.00959113620002,0.26098824359322426
c1cc2ncc3cc4c(cc3c2C1)Cc1ccCc14,0.00892882509993,0.24296583132423522
c1cc2ccc3c(cnc4c5Cccc5Cc34)c2o1,0.00858453960006,0.2335973408730727
c1ccc2c(c1)sc1ccoc12,0.00913201009996,0.24849477963405156
c1cc2sc3c(nnc4cc[nH]c43)c2cn1,0.0108282444,0.29465168966616
c1ccc2c(c1)[nH]c1c2[nH]c2c3ccccc3Cc21,0.00796031720006,0.21661137545771267
c1cnc2c(c1)cnc1ccncc12,0.0137457810999,0.3740419478218189
c1cc2nnc3c4[nH]c5cc[nH]c5c4Cc3c2[nH]1,0.0104826704001,0.28524813732528115
c1ccc2c(c1)[nH]c1c2ccc2ccsc21,0.00719249119993,0.19571775503777522
c1cc2oc3cc4c(ccc5ccCc54)cc3c2[nH]1,0.0075191825,0.2046074826805
c1cc2nnc3c([nH]c4c5Cccc5Cc34)c2cn1,0.0104626550001,0.28470349026972114
c1cc2cnc3c4oc5ccCc5c4Cc3c2o1,0.00985062160009,0.26804920460868903
c1cc2oc3c(ccc4c3[nH]c3ccCc34)c2nn1,0.00950145759998,0.25854796333609575
c1ccc2c(c1)ccc1c3cnccc3cnc21,0.00550823750007,0.14988685390940482
c1cc2nnc3c4[nH]c5ccCc5c4Cc3c2o1,0.00985915650006,0.26828145118573266
c1cc2ncc3c4[nH]c5ccCc5c4Cc3c2cn1,0.00918125700002,0.24983485673034422
c1cc2sc3cc4cc[nH]c4cc3c2cn1,0.00714117580003,0.19432139116493635
c1cc2oc3c4cnc5ccCc5c4Cc3c2o1,0.0106053356001,0.28858602914856113
c1ccc2c(c1)[nH]c1c2[nH]c2ccCc21,0.00895504710002,0.24367936865748424
c1cc2Cc3c(oc4c3sc3ccCc34)c2o1,0.0110752788,0.30137384153832
c1cnc2c(c1)ccc1ccCc12,0.0081767252999,0.22250014282569885
c1cc2cnc3c4ccc5ccCc5c4Cc3c2[nH]1,0.00921237370005,0.2506815857015406
c1cc2ccc3cc4c(cc3c2o1)oc1ccoc14,0.00740339209995,0.20145666378857943
c1cnc2c(c1)Cc1c3oc4ccoc4c3Cc21,0.0102285322,0.27833268110708
c1cc2oc3ccsc3c2[nH]1,0.0118174666001,0.32156981064196116
c1cc2ncc3c(nnc4c3[nH]c3ccCc34)c2C1,0.00916372890003,0.24935789259027635
c1cc2cc3ncc4c([nH]c5ccoc54)c3cc2[nH]1,0.00737473009997,0.20067673064232366
c1cc2[nH]c3c4ccc5ccCc5c4[nH]c3c2nn1,0.0102068522999,0.27774274067349886
c1ccc2c(c1)[nH]c1c3cnc4ccCc4c3[nH]c21,0.0103246908001,0.2809492912378411
c1cc2cc3oc4c(oc5ccCc54)c3cc2cn1,0.00874023260008,0.23783396537381693
c1ccc2c(c1)Cc1c3ccc4ccoc4c3oc21,0.00957402100005,0.26052251504076057
c1cc2oc3c(Cc4c5sccc5Cc34)c2[nH]1,0.0118511175999,0.3224855014579189
c1cc2cc3[nH]c4c([nH]c5ccCc54)c3cc2C1,0.00863266349984,0.23490685955954618
c1cnc2c(c1)cnc1cc3ccncc3cc12,0.00671028530007,0.1825962574143248
c1cc2oc3c4oc5ccCc5c4Cc3c2cn1,0.0101290146,0.27562466788644
c1ccc2c(c1)oc1c3nnc4ccoc4c3Cc21,0.0106550677,0.28993930921178
c1cc2cnc3c(ccc4c5Cccc5Cc43)c2o1,0.00931735879988,0.25353837724705464
c1cc2sc3c(ccc4ccsc43)c2o1,0.010199805,0.277550973777
c1cc2[nH]c3cc4c(cc3c2nn1)Cc1ccCc14,0.0101666991999,0.2766501186081589
c1cc2oc3c4ccc5ccCc5c4oc3c2[nH]1,0.0101193233,0.27536095404562
c1cc2nnc3c(ccc4c5Cccc5Cc43)c2C1,0.00897609790013,0.2442521903995975
c1ccc2c(c1)[nH]c1c3ccc4ccoc4c3[nH]c21,0.010313958,0.2806572367212
c1cnc2c(c1)oc1c3[nH]c4ccCc4c3oc21,0.00928058160002,0.25253761815078424
c1cnc2c(c1)oc1c2[nH]c2ccCc21,0.0094405497,0.25689057410658
c1cc2Cc3c4cc5occc5cc4[nH]c3c2nn1,0.00957265429997,0.26048532521820367
c1cnc2c(c1)[nH]c1ccncc12,0.00968036020004,0.26341615354736847
c1cc2oc3c(ccc4c3[nH]c3ccCc34)c2cn1,0.00933251039999,0.25395067349828787
c1cc2ncc3c(Cc4c5occc5Cc34)c2nn1,0.0100058833,0.27227409282962
c1cc2Cc3c([nH]c4c5nnccc5[nH]c43)c2cn1,0.00858471449999,0.23360210014502789
c1cc2cnc3c(ccc4c5[nH]ccc5oc43)c2[nH]1,0.00908238789998,0.24714449010151576
c1ccc2c(c1)cnc1c3ccccc3ncc21,0.00515399009998,0.14024728620659577
c1cc2[nH]c3cc4c(cc3c2[nH]1)Cc1cc[nH]c14,0.00983750429998,0.2676922645084758
c1cc2oc3c4[nH]c5ccCc5c4oc3c2o1,0.0104774952999,0.2851073156036989
c1cc2ccc3c4sccc4Cc3c2cn1,0.00902013600012,0.24545052875366535
c1cc2Cc3c4[nH]ccc4oc3c2[nH]1,0.0121745024001,0.3312852546100812
c1cc2Cc3c(oc4c5[nH]ccc5Cc43)c2nn1,0.00996925490006,0.2712773827874927
c1cnc2c(c1)Cc1c3cnccc3sc21,0.00922880080009,0.251128590091569
c1cc2oc3c4cnc5ccCc5c4ncc3c2o1,0.00859910689996,0.23399373749757155
c1cnc2c(c1)cnc1c3[nH]c4ccCc4c3Cc21,0.00852872299993,0.23207849304029524
c1cnc2c(c1)oc1c3cnccc3cnc21,0.00808566730007,0.2200223271691248
c1cc2Cccc2C1,0.0130299613,0.35456348891882
c1cc2oc3c(Cc4c5[nH]ccc5Cc34)c2cn1,0.0105337143,0.28663711330302
c1cc2cc3oc4c5Cccc5Cc4c3cc2[nH]1,0.0106962972,0.29106122162808
c1cnc2c(c1)Cc1c3cc4Cccc4cc3oc21,0.00954501470005,0.2597332130089406
c1cc2Cc3c(nnc4ccCc43)c2o1,0.0121174121,0.32973174761794005
c1ccc2c(c1)cnc1c3[nH]c4ccoc4c3oc21,0.00803299120003,0.21858893674049634
c1cc2ccc3c(nnc4c3[nH]c3ccCc34)c2[nH]1,0.00961015460007,0.2615057608843448
c1cc2Cc3c4oc5cc[nH]c5c4Cc3c2nn1,0.010417282,0.2834688274148
c1cc2[nH]c3c(cnc4ccCc43)c2[nH]1,0.0096168046,0.26168671669244004
c1cnc2c(c1)sc1c2ncc2ccCc21,0.0104782538,0.28512795545332004
c1cnc2c(c1)Cc1c3ncc4cc[nH]c4c3Cc21,0.00952420780004,0.25916702813000847
c1cc2oc3c4cc5occc5cc4cnc3c2[nH]1,0.00767530979999,0.2088559250914479
c1cnc2cc3c(cc2c1)ncc1ccncc13,0.00655396399998,0.17834253598905578
c1cnc2c(c1)[nH]c1cc3c(cc12)oc1ccoc13,0.00884392710009,0.24065563789138905
c1ccc2c(c1)Cc1c3[nH]c4ccoc4c3Cc21,0.00981754560007,0.2671491603417448
c1cc2ncc3c(nnc4ccsc43)c2o1,0.00905415680018,0.24637628235241804
c1cnc2c(c1)[nH]c1c2oc2c3ncccc3Cc12,0.00861766980006,0.2344988599973527
c1cc2ncc3c(ncc4c5Cccc5Cc34)c2[nH]1,0.0101291327001,0.27562788155550116
c1cnc2c(c1)[nH]c1c2[nH]c2ccCc21,0.00919385630004,0.25017770132290845
c1cc2Cc3c4[nH]c5ccoc5c4Cc3c2cn1,0.00975063810006,0.26532851359597265
c1cc2cc3cnc4ccCc4c3cc2s1,0.00642716789991,0.174892236591611
c1cc2[nH]c3c4nnc5ccoc5c4oc3c2[nH]1,0.0105805104,0.28791050069856
c1cc2cnc3ccCc3c2C1,0.0113349281,0.30843926250034004
c1cc2ncc3c(nnc4c3oc3ccCc34)c2C1,0.00911995399997,0.24816671627478365
c1cc2Cc3c4sccc4sc3c2s1,0.0119977982999,0.32647688865789887
c1cc2cnc3c(nnc4c3oc3ccCc34)c2C1,0.00948464779992,0.2580905451427431
c1cnc2c(c1)Cc1c3[nH]c4ccCc4c3Cc21,0.00924955399989,0.2516933137126067
c1cc2oc3cc4c(cc3c2o1)[nH]c1ccCc14,0.0100217168,0.27270494453152
c1cc2oc3cc4c(cc3c2nn1)Cc1ccoc14,0.0094713136001,0.25772770289776115
c1ccc2c(c1)Cc1c2Cc2c3ccccc3Cc21,0.010064872,0.27387925794080004
c1cnc2c(c1)cnc1c2oc2c3occc3Cc12,0.00895516419996,0.24368255511079154
c1cc2Cc3c(cnc4ccoc43)c2o1,0.0112219050001,0.3053637457197212
c1ccc2c(c1)ncc1c3occc3sc21,0.00943250570003,0.25667168560579634
c1cc2nnc3c(cnc4c5occc5Cc34)c2[nH]1,0.00852559320003,0.23199332680329632
c1cc2oc3c([nH]c4c5occc5Cc43)c2cn1,0.0095845548999,0.26080915720313885
c1ccc2c(c1)Cc1c3[nH]c4ccCc4c3oc21,0.00959142880004,0.26099620564940845
c1cc2[nH]c3c(ccc4c3oc3ccCc34)c2o1,0.0100598641999,0.27374298868915886
c1cc2cc3Cc4ccCc4c3cc2o1,0.0109491464999,0.2979416050673789
c1ccc2c(c1)oc1c3ncc4cc[nH]c4c3Cc21,0.00949441540001,0.2583563352158321
c1cc2ncc3c(ccc4ccsc43)c2cn1,0.00908961889991,0.24734125573301097
c1cnc2c(c1)oc1c3oc4ccncc4c3Cc21,0.00973143699991,0.264806024779351
c1cc2ccc3c(oc4c3oc3ccCc34)c2cn1,0.00923953879999,0.2514207861020479
c1cc2oc3c([nH]c4c5occc5sc43)c2o1,0.0103120345,0.2806048955933
c1cc2ccc3c4ncc5ccCc5c4oc3c2[nH]1,0.00942406149989,0.25644190709810677
c1cc2oc3c(nnc4c3oc3ccCc34)c2C1,0.0117724896999,0.32034592621985886
c1cc2[nH]c3c4oc5ccCc5c4oc3c2s1,0.0106823211001,0.29068091238326116
c1cc2oc3cc4cc5ccCc5cc4cc3c2o1,0.00764586630009,0.20805472623826904
c1cc2cc3cnc4ccsc4c3cc2s1,0.00655343729977,0.17832820373896138
c1cc2oc3cc4ccCc4cc3c2[nH]1,0.00994685689989,0.27066790184566675
c1cnc2c(c1)Cc1cc3c(cc12)oc1ccCc13,0.00959183829991,0.261007348714171
c1cc2Cc3c4sc5ccoc5c4Cc3c2[nH]1,0.0117765988,0.32045774058632
c1cc2oc3c(cnc4c5Cccc5Cc43)c2nn1,0.0100384602,0.27316055588628
c1ccc2c(c1)cnc1c3ccccc3cnc21,0.00566489100004,0.15414961495848847
c1cc2cnc3c(ncc4c3oc3ccCc34)c2o1,0.00999600600005,0.2720053176697606
c1ccc2c(c1)sc1c3nnccc3Cc21,0.00955043220006,0.25988063076871265
c1cc2ncc3c(ccc4ccsc43)c2o1,0.00835077080001,0.22723616454739212
c1cc2Cc3c4ncc5ccCc5c4oc3c2[nH]1,0.00983082209996,0.26751043249085155
c1cc2Cc3c(cnc4c5occc5oc43)c2[nH]1,0.0104360695999,0.28398006431071887
c1cc2[nH]c3c4cc5[nH]ccc5cc4[nH]c3c2nn1,0.0083450285,0.22707990852490004
c1cnc2c(c1)sc1cc3ccCc3cc12,0.00954499099998,0.2597325680968558
c1cc2oc3c4cc5occc5cc4Cc3c2cn1,0.00979292230011,0.2664791258772133
c1cnc2c(c1)Cc1c2cnc2c3Cccc3Cc21,0.00975213540005,0.2653692572249206
c1cnc2c(c1)ccc1c3oc4cc[nH]c4c3Cc12,0.00947957410006,0.25795248266637266
c1cc2ccc3c(cnc4c5Cccc5Cc34)c2C1,0.00842117000002,0.22915182533854425
c1cc2[nH]c3c4cc5occc5cc4ccc3c2[nH]1,0.00740879600005,0.2016037114757606
c1cc2ccc3c(nnc4ccCc43)c2s1,0.00920924929994,0.2505965664003873
c1cc2sc3c4sccc4sc3c2o1,0.0117605087,0.32001990643918
c1ccc2c(c1)oc1c3[nH]ccc3Cc21,0.0104014351999,0.28303761379855885
c1cc2cc3sc4ccnnc4c3cc2cn1,0.00550938369997,0.14991804361336367
c1cc2sc3ccoc3c2cn1,0.00938782249989,0.25545579317350675
c1cc2oc3c(nnc4c3[nH]c3ccCc34)c2o1,0.0108625773,0.29558593594122
c1cnc2c(c1)[nH]c1c2Cc2c3[nH]ccc3Cc12,0.0104289986999,0.28378765522245886
c1ccc2c(c1)Cc1c3[nH]ccc3[nH]c21,0.0101176086999,0.27531429737645885
c1cc2ncc3c4[nH]c5cc[nH]c5c4Cc3c2[nH]1,0.0108416831,0.29501737550734003
c1cc2[nH]c3c(oc4c3sc3ccCc34)c2o1,0.010507017,0.28591064239380004
c1cc2oc3c(oc4c5occc5oc43)c2o1,0.0108971663999,0.2965271537742389
c1cnc2c(c1)Cc1c3ncc4ccCc4c3Cc21,0.00953212090008,0.2593823546604369
c1cc2Cc3c(cnc4c5[nH]ccc5Cc43)c2[nH]1,0.010449047,0.2843331975358
c1cc2cc3oc4c([nH]c5ccCc54)c3cc2cn1,0.00815899309998,0.22201762484079576
c1cnc2c(c1)ccc1cc3ccsc3cc12,0.0044080399,0.11994893693486
c1cc2cnc3c(ncc4c3[nH]c3ccoc34)c2[nH]1,0.00973450079994,0.2648893950674873
c1cc2cnc3c4ccc5ccCc5c4oc3c2o1,0.00898336520004,0.24444994380436846
c1ccc2c(c1)Cc1c2Cc2c3[nH]ccc3Cc21,0.0109290437999,0.2973945824565989
c1cc2cc3oc4c5[nH]ccc5Cc4c3cc2[nH]1,0.0107230359999,0.2917888218076789
c1cnc2c(c1)oc1c2[nH]c2c3ccccc3Cc21,0.00836536189991,0.227633208803211
c1ccc2c(c1)cnc1c3cnccc3cnc21,0.00590210299993,0.1606044855722952
c1cc2cnc3c([nH]c4c5[nH]ccc5Cc34)c2cn1,0.009080842,0.24710242399880003
c1cc2Cc3c4ccc5ccCc5c4ncc3c2[nH]1,0.008801307,0.2394958852998
c1cc2Cc3c(nnc4c3[nH]c3ccCc34)c2cn1,0.0105909826,0.28819546392164
c1cnc2c(c1)[nH]c1c3ncc4cc[nH]c4c3[nH]c21,0.0097835032999,0.26622282169489886
c1cc2ncc3c4sccc4sc3c2[nH]1,0.0112487569002,0.30609442351410227
c1ccc2cc3c(cnc4cccnc43)cc2c1,0.00553465389999,0.15060568113418787
c1cc2[nH]c3c(cnc4c5[nH]ccc5Cc43)c2[nH]1,0.00954947989999,0.2598547173505879
c1cc2oc3c4oc5ccCc5c4Cc3c2o1,0.0111969288999,0.30468411106673887
c1cc2cc3oc4c(cnc5cc[nH]c54)c3cc2[nH]1,0.0105007569999,0.28574029902707887
c1cc2oc3c(cnc4c5Cccc5Cc43)c2[nH]1,0.0104070972001,0.28319168475080114
c1cc2ncc3c4nnc5ccCc5c4[nH]c3c2o1,0.0116852363,0.31797163905382003
c1cc2cc3ccc4c5Cccc5Cc4c3cc2C1,0.00867608749991,0.23608848739505098
c1cc2oc3c(oc4ccCc43)c2o1,0.0112776425,0.3068804411245
c1cc2ncc3c(oc4c5occc5Cc34)c2o1,0.0106555519,0.28995248497166004
c1ccc2c(c1)oc1cc3ccsc3cc12,0.00782297700005,0.21287415633916057
c1ccc2c(c1)sc1cc3ccsc3cc12,0.00404385440015,0.11003893962424173
c1cc2[nH]c3c(oc4c5[nH]ccc5oc34)c2cn1,0.0100232213001,0.2727458840855411
c1cc2Cc3c4occc4Cc3c2cn1,0.0108913394,0.29636859294916
c1cc2oc3c(Cc4c5Cccc5Cc34)c2o1,0.0119277824,0.32457165799936
c1cc2Cc3c(ncc4c3[nH]c3ccCc34)c2o1,0.0102154423,0.27797648660222
c1ccc2c(c1)Cc1c2cnc2c3[nH]ccc3Cc21,0.00911980000001,0.24816252572027211
c1cc2ccc3c4nnc5ccCc5c4Cc3c2C1,0.0103735751001,0.28227950147886116
c1cc2oc3c4ccc5ccoc5c4oc3c2[nH]1,0.0102016604,0.27760146180856
c1cc2Cc3c(oc4c3oc3ccCc34)c2[nH]1,0.0115299537,0.31374618211218
c1cnc2c(c1)[nH]c1c3ncc4ccCc4c3Cc21,0.00897900380005,0.24433126400468055
c1cc2ccc3c(Cc4c5[nH]ccc5Cc34)c2cn1,0.00950557489989,0.25866000083086677
c1cc2Cc3c(ncc4c5[nH]ccc5Cc43)c2cn1,0.00997553080015,0.27144815881520173
c1cnc2c(c1)Cc1c2oc2c3[nH]ccc3Cc21,0.00993965909993,0.2704720396318352
c1cc2cc3Cc4c5Cccc5Cc4c3cc2cn1,0.00993550689998,0.2703590524581158
c1cc2nnc3c(oc4c5Cccc5Cc34)c2o1,0.0110613547,0.30099494728358
c1cc2ccc3c4nnc5ccoc5c4[nH]c3c2[nH]1,0.00932593149992,0.2537716524169231
c1cc2sc3c(ccc4ccnnc43)c2cn1,0.00695826039987,0.18934400704502252
c1cc2ccc3c(ccc4ccsc43)c2cn1,0.0057951642998,0.15769453382757773
c1cc2[nH]c3c4cc5Cccc5cc4ccc3c2o1,0.00789711660002,0.21489159864978424
c1cc2nnc3c4nnc5ccCc5c4Cc3c2o1,0.0124214749,0.33800572209386004
c1cc2ccc3c4cc5occc5cc4oc3c2[nH]1,0.0092361295001,0.2513280142790212
c1cc2nnc3c(ccc4c5[nH]ccc5[nH]c43)c2[nH]1,0.00884519660008,0.2406901827634169
c1cc2Cc3c(cnc4ccCc43)c2[nH]1,0.0105467551999,0.2869919744465589
c1ccc2c(c1)oc1c3cc4[nH]ccc4cc3oc21,0.0101524326,0.27626190445164
c1cc2Cc3c(oc4c5[nH]ccc5Cc43)c2[nH]1,0.0119956206,0.32641763039484
c1cc2[nH]c3c(ccc4c3[nH]c3ccCc34)c2C1,0.0102703484001,0.27947055845448115
c1cc2[nH]c3c4ccc5ccCc5c4Cc3c2cn1,0.00906206950003,0.24659159799311636
c1cc2[nH]c3c(cnc4c3[nH]c3ccCc34)c2cn1,0.00974539039987,0.26518571632702254
c1cnc2c(c1)Cc1c2oc2c3[nH]ccc3oc21,0.00988893360011,0.2690917277660333
c1cc2cc3[nH]c4c(ncc5ccoc54)c3cc2o1,0.00771258930001,0.20987035247829214
c1cc2Cc3c4cnc5cc[nH]c5c4oc3c2cn1,0.0107954578,0.29375952037892
c1cc2ccc3c4sccc4sc3c2cn1,0.00902038980007,0.2454574350056248
c1cnc2c(c1)[nH]c1c3nnccc3cnc21,0.00945338439999,0.2572398242618879
c1cc2[nH]c3cc4c(cc3c2[nH]1)ncc1ccoc14,0.00743432829995,0.20229848110125945
c1cnc2ccsc2c1,0.0111609832999,0.3037059809668989
c1cnc2c(c1)Cc1c2oc2ccCc21,0.0101635719,0.27656502039966
c1cnc2c(c1)Cc1c3cc4occc4cc3oc21,0.00984723320005,0.2679570014998406
c1cc2sc3c([nH]c4c3oc3ccCc34)c2o1,0.0103411503997,0.2813971799863966
c1cc2cc3oc4c5[nH]ccc5[nH]c4c3cc2cn1,0.00952599230004,0.2592155868733085
c1cc2ccc3c(cnc4c3[nH]c3ccCc34)c2o1,0.00827858620005,0.22527192052404058
c1cc2oc3c4nnc5ccCc5c4oc3c2[nH]1,0.0109781122,0.29872980231908
c1ccc2c(c1)[nH]c1c3nnccc3sc21,0.0101563743,0.27636916362702
c1cc2cnc3c(sc4ccCc43)c2s1,0.0103978755001,0.2829407493834212
c1cc2Cc3c4cc5occc5cc4Cc3c2nn1,0.0100125427999,0.2724553071451989
c1cnc2c(c1)nnc1cc3ccncc3cc12,0.0063704726,0.17334947810764
c1ccc2c(c1)Cc1c2Cc2c3Cccc3Cc21,0.0111758298999,0.30410997773813886
c1cnc2c(c1)oc1c2cnc2c3Cccc3Cc21,0.00950553760003,0.25865898584945635
c1ccc2c(c1)oc1c3ccc4ccCc4c3[nH]c21,0.00982053199994,0.2672304244631673
c1cc2oc3cc4c(cc3c2[nH]1)[nH]c1ccoc14,0.00970551900002,0.26410075971714425
c1ccc2c(c1)ccc1cc3ccncc3cc12,0.00571431280002,0.15549445132646422
c1cc2oc3cc4ccCc4cc3c2o1,0.0101829903,0.27709342224942
c1ccc2c(c1)ccc1c3[nH]c4cc[nH]c4c3Cc21,0.00891109379995,0.24248333782795944
c1cc2cnc3c(cnc4ccsc43)c2nn1,0.0107548799999,0.29265534162927886
c1ccc2c(c1)Cc1c3ccc4cc[nH]c4c3[nH]c21,0.00970306270005,0.2640339203561406
c1cc2[nH]c3c4ccc5ccCc5c4ncc3c2C1,0.00913866439998,0.2486758524536158
c1cc2ncc3c4[nH]ccc4sc3c2cn1,0.00956727510004,0.2603389496572285
c1ccc2c(c1)Cc1c2oc2c3occc3Cc21,0.0101726478999,0.27681199106333887
c1cc2cc3nnc4ccsc4c3cc2o1,0.00836729949992,0.22768593361212308
c1ccc2cc3c(cc2c1)Cc1c2occc2oc31,0.0089543647,0.24366079959758002
c1cc2cnc3c4nnccc4sc3c2cn1,0.00777379470014,0.2115358371033896
c1cc2cc3cnc4c(oc5ccCc54)c3cc2[nH]1,0.00745309649994,0.20280919009846732
c1cc2[nH]c3c(ncc4c3oc3ccCc34)c2cn1,0.0102255245,0.2782508373793
c1ccc2cc3sccc3cc2c1,0.00476908810003,0.12977356392515635
c1cnc2c(c1)cnc1ccCc12,0.00824612799988,0.22438868745593465
c1cnc2c(c1)ccc1c3[nH]c4ccCc4c3oc12,0.00866303560008,0.23573332692801693
c1cc2[nH]c3c4sc5ccCc5c4Cc3c2C1,0.0103960375998,0.2828907375431977
c1cc2[nH]c3c4cc5Cccc5cc4nnc3c2[nH]1,0.00859438889995,0.23386535411209944
c1cnc2cc3c(cc2c1)oc1c3[nH]c2ccoc21,0.00871613560003,0.23717825226665634
c1cc2cc3[nH]c4c(ccc5ccoc54)c3cc2o1,0.00783509370001,0.2132038687084521
c1cc2Cc3c([nH]c4c5occc5sc43)c2[nH]1,0.0105599164999,0.2873501118453789
c1cc2nnc3c4nnccc4nnc3c2nn1,0.013321816,0.3625052639024
c1cnc2c(c1)ncc1c2oc2ccsc21,0.0101907884,0.27730561946776
c1cc2Cc3c([nH]c4c5[nH]ccc5Cc43)c2[nH]1,0.0111290372,0.30283668286408005
c1cc2Cc3c4cnc5ccoc5c4[nH]c3c2cn1,0.00991710869982,0.26985841167428193
c1cc2Cc3c(cnc4c3[nH]c3ccCc34)c2nn1,0.00948854749993,0.25819666143959524
c1cc2ncc3c(cnc4ccsc43)c2s1,0.00929773470011,0.2530043780185733
c1cc2nnc3c([nH]c4c5occc5Cc34)c2[nH]1,0.0108328103,0.29477593419742004
c1cnc2cc3c(cc2c1)sc1cccnc13,0.0041904177001,0.11402713220450114
c1cc2ccc3c4[nH]c5ccoc5c4oc3c2cn1,0.00851205809988,0.23162501777907463
c1ccc2c(c1)[nH]c1c3[nH]c4cccnc4c3Cc21,0.00906190609999,0.24658715164926792
c1cc2oc3c4oc5ccoc5c4Cc3c2o1,0.0111970012001,0.30468607845640117
c1cc2ccc3c(oc4c5occc5oc34)c2o1,0.00996413920006,0.2711381774285127
c1cc2[nH]c3c4ccc5ccCc5c4Cc3c2nn1,0.0091768594001,0.24971519187988117
c1cc2Cc3cc4c(cc3c2o1)nnc1ccCc14,0.00879159880003,0.23923171158713635
c1cc2ncc3c(Cc4c5Cccc5Cc34)c2[nH]1,0.012489179,0.3398480454406
c1cc2cnc3c4oc5ccoc5c4Cc3c2o1,0.00977812190001,0.26607638626993213
c1cc2cc3[nH]c4c(ncc5ccCc54)c3cc2C1,0.00930862890004,0.25330082445054847
c1cc2Cc3c(Cc4c5sccc5Cc43)c2[nH]1,0.0121375760002,0.3302804355718423
c1ccc2c(c1)sc1cc3cc[nH]c3cc12,0.00493310390004,0.13423666346554847
c1ccc2c(c1)[nH]c1cc3c(cc12)oc1ccCc13,0.0098064389,0.26684693148346
c1cc2cc3Cc4ccCc4c3cc2[nH]1,0.0114908067001,0.31268093743910114
c1cc2cnc3c(Cc4c5occc5Cc34)c2cn1,0.00925107930004,0.2517348192651085
c1cc2sc3c(ncc4ccCc43)c2nn1,0.0110356788999,0.3002962728167389
c1ccc2c(c1)oc1c3cnc4cc[nH]c4c3[nH]c21,0.0103819847,0.28250833846558
c1cc2cc3[nH]c4cc5cc[nH]c5cc4c3cc2[nH]1,0.00434031539999,0.11810605847528789
c1ccc2cc3c(cc2c1)nnc1ccsc13,0.00566184000013,0.15406659297953748
c1cc2cnc3cc4c(cc3c2[nH]1)[nH]c1ccCc14,0.00862646860003,0.23473828766285634
c1cnc2c(c1)[nH]c1c2[nH]c2c3ncccc3Cc21,0.00802954200014,0.2184950791826096
c1cc2sc3cc4ccsc4cc3c2o1,0.00768436160001,0.20910223724251212
c1cc2cnc3c4[nH]c5ccoc5c4oc3c2o1,0.00913469779994,0.24856791571328735
c1cc2[nH]c3c([nH]c4ccCc43)c2C1,0.0105084902,0.28595073022828
c1cnc2cc3c(cc2c1)nnc1ccoc13,0.0054083788001,0.14716955888104116
c1cc2oc3c(cnc4ccCc43)c2C1,0.0111551003999,0.30354589902183887
c1cc2oc3c4oc5ccCc5c4Cc3c2nn1,0.0100016457,0.27215878180098
c1cc2cc3ncc4ccsc4c3cc2o1,0.00844936860017,0.22991914872666594
c1cc2nnc3cc4c(cc3c2o1)Cc1ccCc14,0.00962149199995,0.26181426740743946
c1cc2sc3c(ncc4ccsc43)c2cn1,0.0078283831001,0.21302126389006118
c1cnc2c(c1)oc1c2Cc2c3nnccc3Cc12,0.0101282636,0.27560423212504
c1cc2cnc3c(ccc4c5Cccc5Cc43)c2C1,0.008883696,0.2417378053344
c1cc2nnc3c([nH]c4c5[nH]ccc5Cc34)c2[nH]1,0.0107774473,0.29326942945922
c1cc2[nH]c3c4nnc5ccoc5c4Cc3c2cn1,0.0104498388,0.28435474352232
c1cc2ccc3c(cnc4c5[nH]ccc5Cc34)c2[nH]1,0.00805816100001,0.21927384223567212
c1cc2oc3c4oc5ccCc5c4oc3c2s1,0.0110077735001,0.29953692782062113
c1cc2[nH]c3c4nnccc4cnc3c2nn1,0.00977025880002,0.26586242031086427
c1cc2[nH]ccc2[nH]1,0.0139248923,0.37891581433222
c1cc2cc3ncc4c5occc5Cc4c3cc2[nH]1,0.00725842010002,0.19751177270968423
c1cc2ncc3c(ccc4c3oc3ccCc34)c2[nH]1,0.00897012530004,0.24408966758950848
c1cc2ccc3c([nH]c4c3oc3ccCc34)c2cn1,0.00909632670005,0.2475237843657406
c1cc2oc3c4ncc5ccCc5c4[nH]c3c2cn1,0.0102192807001,0.27808093484270113
c1cc2sc3c(ccc4ccsc43)c2cn1,0.0073808919999,0.20084440456607888
c1cnc2c(c1)cnc1c3[nH]c4cc[nH]c4c3Cc21,0.00911578629996,0.24805330732273156
c1ccc2c(c1)Cc1cc3c(cc12)oc1ccoc13,0.00924281330003,0.25150988983243633
c1cc2ccc3c4oc5cc[nH]c5c4Cc3c2cn1,0.00938195740002,0.25529619559490424
c1cc2[nH]c3c4ccc5ccCc5c4Cc3c2[nH]1,0.00944642900004,0.2570505580916885
c1ccc2c(c1)Cc1c3ncc4ccoc4c3Cc21,0.0094466818,0.25705743713252005
c1cc2cc3Cc4c5[nH]ccc5Cc4c3cc2nn1,0.00919500100008,0.2502088502135769
c1cc2[nH]c3c(oc4c5occc5oc34)c2nn1,0.00987790349996,0.2687915832988116
c1ccc2c(c1)cnc1c2[nH]c2c3[nH]ccc3[nH]c12,0.00850431010008,0.2314141838573169
c1ccc2c(c1)Cc1c3nnc4ccCc4c3oc21,0.0108576734001,0.29545249395948114
c1cc2nnc3c4ccc5ccCc5c4Cc3c2o1,0.00998685820002,0.27175639322402423
c1cc2oc3c4oc5ccCc5c4oc3c2C1,0.0109284389999,0.2973781250018789
c1cc2ncc3c(ccc4c5Cccc5Cc34)c2C1,0.00871434519991,0.237129532972831
c1cc2oc3c4ccc5ccCc5c4cnc3c2[nH]1,0.00793793070011,0.21600220745297327
c1cc2sc3c4nnccc4[nH]c3c2cn1,0.0110306346996,0.30015901306469545
c1cc2Cc3c4ccc5ccCc5c4ncc3c2o1,0.00868103599987,0.2362231430068625
c1cc2cc3Cc4c5occc5oc4c3cc2cn1,0.00905738739993,0.24646419149445523
c1ccc2c(c1)sc1cc[nH]c12,0.00882946909985,0.24026221546365828
c1ccc2c(c1)[nH]c1c3ccccc3sc21,0.00982961749992,0.2674776536373231
c1cc2oc3cc4c(cc3c2cn1)Cc1ccCc14,0.00997378440002,0.2714006368227042
c1cc2Cccc2o1,0.01232909,0.335491799626
c1cc2ccc3c4[nH]c5ccCc5c4oc3c2o1,0.00929662869999,0.2529742822069079
c1cc2cnc3c4cnc5ccCc5c4[nH]c3c2o1,0.00867691309998,0.23611095312879576
c1ccc2c(c1)cnc1c2Cc2c3Cccc3Cc12,0.00975879240002,0.26555040351390424
c1ccc2c(c1)ccc1c2oc2c3occc3oc12,0.00857189519991,0.23325326904283097
c1cc2[nH]c3c4ncc5ccCc5c4oc3c2[nH]1,0.00957526799994,0.26055644765356734
c1cc2nnc3c(ccc4ccCc43)c2s1,0.00904286280002,0.24606895679646426
c1cc2oc3c4ncc5ccCc5c4Cc3c2o1,0.00979958970015,0.2666605551666617
c1cc2oc3c4cc5Cccc5cc4oc3c2[nH]1,0.0101616585,0.2765129541069
c1cc2oc3c4oc5ccoc5c4sc3c2o1,0.0108609697998,0.2955421936102777
c1ccc2c(c1)Cc1c3cc4occc4cc3oc21,0.00989785240006,0.26933442079899267
c1cnc2c(c1)oc1c2Cc2c3occc3Cc12,0.0103245342001,0.2809450299326012
c1cc2[nH]c3ccsc3c2o1,0.0114131448,0.31056764841072004
c1ccc2c(c1)[nH]c1c2nnc2c1oc1ccCc12,0.0109077062,0.29681395649068004
c1cc2[nH]c3c(oc4c5occc5sc34)c2[nH]1,0.0106304584997,0.2892696584187366
c1cc2cc3oc4c5occc5Cc4c3cc2cn1,0.00914487930004,0.24884496858510846
c1cnc2c(c1)[nH]c1c3ccc4cc[nH]c4c3Cc21,0.00929368039999,0.2528940548362879
c1cc2oc3c4Cccc4Cc3c2nn1,0.011003573,0.2994226263322
c1ccc2c(c1)[nH]c1c3cnc4ccCc4c3oc21,0.0101820166001,0.27706692651196113
c1cc2[nH]c3c(cnc4c5Cccc5Cc43)c2C1,0.0105958839999,0.2883288378748789
c1cc2oc3cc4c(cc3c2[nH]1)Cc1ccoc14,0.00984248710006,0.2678278534745727
c1ccc2c(c1)oc1c3oc4ccnnc4c3Cc21,0.00986770400004,0.2685140406266885
c1cc2Cc3c([nH]c4ccoc43)c2[nH]1,0.0112177796999,0.30525149052585887
c1ccc2cc3cnccc3cc2c1,0.00591713209997,0.16101344842512366
c1ccc2c(c1)nnc1c2ccc2ccsc21,0.00830370960011,0.22595556341243325
c1cnc2c(c1)[nH]c1c2[nH]c2c3ccccc3oc21,0.00827778389998,0.2252500888159158
c1cc2cnc3cc4ccCc4cc3c2s1,0.0094442779,0.25699202364806
c1cnc2c(c1)oc1c3[nH]ccc3Cc21,0.0100295367,0.27291773495838
c1cc2ncc3c4[nH]c5cc[nH]c5c4Cc3c2cn1,0.00963617169998,0.2622137225968358
c1cnc2c(c1)cnc1cc[nH]c12,0.00832115669994,0.2264303234247473
c1cc2cc3[nH]c4c(oc5ccCc54)c3cc2o1,0.00924674160001,0.2516167843745121
c1cc2Cc3c4ncc5ccCc5c4nnc3c2[nH]1,0.00872204540008,0.2373390661997369
c1cc2ncc3c([nH]c4c3oc3ccCc34)c2cn1,0.00987030750002,0.2685848855060442
c1cc2cnc3c(ccc4c3[nH]c3ccoc34)c2[nH]1,0.00918500749992,0.24993691308332308
c1cc2sc3cc[nH]c3c2nn1,0.00904409689997,0.24610253838384366
c1cc2[nH]c3c4ncc5ccCc5c4Cc3c2[nH]1,0.0093157755,0.2534952934407
c1cc2oc3c4cnc5ccCc5c4oc3c2cn1,0.0104431742,0.28417339042588
c1cc2cnc3c4ncc5ccCc5c4Cc3c2[nH]1,0.00941152409996,0.25610074689365153
c1cc2ncc3c4oc5cc[nH]c5c4Cc3c2[nH]1,0.0115027838999,0.3130068538137389
c1ccc2c(c1)[nH]c1c2ncc2c1oc1ccCc12,0.0100688173,0.27398661507722
c1cc2Cc3c4[nH]c5ccCc5c4oc3c2nn1,0.00949291770007,0.2583155807036848
c1cnc2c(c1)oc1c3cnccc3ncc21,0.0080322271001,0.21856814451166118
c1cc2ccc3c4ccc5cc[nH]c5c4oc3c2[nH]1,0.00982669079997,0.2673980140343037
c1cc2ncc3c(cnc4c5Cccc5Cc34)c2[nH]1,0.00897037920004,0.2440965765639685
c1cc2oc3c4ccc5ccCc5c4Cc3c2cn1,0.00940948929986,0.2560453771342104
c1ccc2c(c1)nnc1c2[nH]c2c1oc1ccCc12,0.00957952319993,0.2606722376025752
c1ccc2c(c1)ncc1c2[nH]c2c3occc3oc12,0.00945838520011,0.25737590303427327
c1cc2Cc3c(oc4ccCc43)c2nn1,0.0106689416,0.29031683745424003
c1cc2[nH]c3c4cnc5ccoc5c4Cc3c2cn1,0.0102172521,0.27802573379393997
c1ccc2c(c1)Cc1c3[nH]c4ccncc4c3oc21,0.00894311599995,0.24335470672103943
c1cnc2c(c1)[nH]c1c3ccc4ccoc4c3oc21,0.00956499090012,0.26027679337952536
c1cc2[nH]c3c(oc4c5Cccc5Cc34)c2C1,0.0108517292,0.29529074395288
c1cc2Cc3cc4c(cc3c2cn1)[nH]c1ccoc14,0.00923967610004,0.25142452222862843
c1cnc2c(c1)[nH]c1c3cc4[nH]ccc4cc3oc21,0.00979900530001,0.26664465282069216
c1cc2Cc3c(sc4c5occc5Cc43)c2[nH]1,0.0113832927998,0.30975533369247776
c1cc2cc3[nH]c4c5[nH]ccc5Cc4c3cc2[nH]1,0.0100355724001,0.27308197480808116
c1cc2oc3c4cc5[nH]ccc5cc4Cc3c2nn1,0.0101916591001,0.27732931243646114
c1cc2nnc3c(cnc4c3[nH]c3ccCc34)c2C1,0.00835220339991,0.22727514759631098
c1ccc2c(c1)Cc1c3oc4cc[nH]c4c3Cc21,0.0106695508,0.29033341463912
c1cnc2c(c1)oc1c2oc2c3occc3oc21,0.00968763030005,0.2636139831467806
c1cc2cnc3c(nnc4c5Cccc5Cc34)c2o1,0.010219981,0.2780999909834
c1cnc2c(c1)Cc1c2[nH]c2c3Cccc3Cc21,0.00999593770007,0.27200345913168483
c1cc2sc3c(ncc4ccoc43)c2cn1,0.00883292120011,0.24035615194467327
c1cc2ccc3c(cnc4ccsc43)c2o1,0.00838427350004,0.22814781991898847
c1cc2[nH]c3c4nnc5ccCc5c4Cc3c2o1,0.0101768665,0.2769267850781
c1cc2cc3Cc4ccsc4c3cc2cn1,0.00929972569998,0.25305855591243576
c1cc2ncc3c(ncc4c5occc5Cc34)c2[nH]1,0.00926763129996,0.25218522235573154
c1cc2oc3c([nH]c4c3oc3ccCc34)c2o1,0.0103348375,0.2812253971475
c1cc2oc3cc4c(cc3c2[nH]1)oc1ccCc14,0.0102678503998,0.27940258436911775
c1cc2oc3cc4c(cc3c2cn1)oc1cc[nH]c14,0.00919579799995,0.2502305376958394
c1cnc2c(c1)cnc1c3oc4ccoc4c3Cc21,0.00884178289994,0.24059729120342735
c1cc2sc3ccsc3c2s1,0.0129303169001,0.3518520252953812
c1ccc2c(c1)sc1c3cnccc3oc21,0.00986395239988,0.26841195433409465
c1cnc2c(c1)Cc1c2ccc2c3occc3Cc21,0.00915427550001,0.24910065234097215
c1cnc2c(c1)[nH]c1c3oc4ccCc4c3Cc21,0.00992207779996,0.2699936278458316
c1cc2oc3c([nH]c4c3oc3ccsc34)c2o1,0.0102325790001,0.2784428002033212
c1ccc2c(c1)Cc1c2oc2c3[nH]ccc3Cc21,0.0102911951999,0.28003782906255886
c1cc2[nH]c3c(oc4c5occc5Cc34)c2cn1,0.00984776220002,0.26797139632962425
c1cc2Cc3c(ccc4c3nnc3ccCc34)c2o1,0.00834015949999,0.22694741621802791
c1ccc2c(c1)oc1c3nnc4ccCc4c3Cc21,0.0109075795,0.2968105088063
c1cc2ncc3cc4ccsc4cc3c2cn1,0.00752977490015,0.2048957167179417
c1cc2cnc3c4occc4Cc3c2[nH]1,0.0104469019001,0.2842748263643811
c1cc2[nH]c3c4oc5cc[nH]c5c4Cc3c2[nH]1,0.0115034892999,0.3130260487352989
c1cc2cc3ccc4ccsc4c3cc2nn1,0.00566704330026,0.15420818206069498
c1cc2oc3c4sc5ccCc5c4Cc3c2C1,0.0111929898001,0.30457692264644115
c1cc2oc3c4[nH]c5ccoc5c4Cc3c2cn1,0.00952555339995,0.2592036437873994
c1cc2oc3c4ccc5ccCc5c4ncc3c2[nH]1,0.0086941628,0.23658034161592
c1ccc2c(c1)ncc1c2[nH]c2c3occc3Cc12,0.00963603059995,0.26220988306747944
c1cc2oc3c4nnccc4sc3c2cn1,0.0104925052999,0.28551575871769885
c1cnc2c(c1)ccc1c3oc4ccCc4c3Cc12,0.00942578519994,0.2564888113896473
c1cc2Cc3c4ncc5ccoc5c4Cc3c2[nH]1,0.0099921323,0.27189990886822
c1ccc2c(c1)[nH]c1c2[nH]c2c3Cccc3Cc12,0.00954318459992,0.2596834134222631
c1cnc2c(c1)Cc1c3ccc4cc[nH]c4c3Cc21,0.00967865759992,0.2633698234144631
c1cc2oc3c(cnc4c3nnc3ccCc34)c2C1,0.00982932060003,0.26746957457565634
c1cc2ncc3c([nH]c4c5occc5Cc34)c2o1,0.0100736798,0.27411893050972
c1cc2ncc3c4ncc5ccCc5c4oc3c2[nH]1,0.0102376161,0.27857986674354
c1cc2cnc3c4ncc5ccoc5c4Cc3c2o1,0.00926106270003,0.25200648155559635
c1cc2ncc3c4cnc5ccCc5c4[nH]c3c2C1,0.0103449818,0.28150143775252
c1cc2[nH]c3c(Cc4c5occc5Cc34)c2cn1,0.0102982107001,0.2802287306447011
c1cc2ncc3c(oc4c5Cccc5Cc34)c2[nH]1,0.0117663983,0.32018017070062
c1cc2[nH]c3c4ccc5cc[nH]c5c4[nH]c3c2nn1,0.0103815379,0.28249618041206
c1cnc2c(c1)oc1c2ccc2ccsc21,0.00884303529983,0.2406313707577941
c1cc2oc3c(nnc4c3oc3ccCc34)c2[nH]1,0.0111876033999,0.30443035115603884
c1cc2nnc3cc4ccsc4cc3c2cn1,0.00724506129995,0.19714826105745945
c1cc2ncc3c4nnccc4[nH]c3c2cn1,0.00821040549999,0.2234166282224279
c1cnc2c(c1)nnc1ccoc12,0.0105750391001,0.2877616189684612
c1cc2nnc3c4[nH]c5ccCc5c4Cc3c2[nH]1,0.0101487566,0.27616187534524
c1cnc2c(c1)[nH]c1c2oc2c3cnccc3Cc12,0.00897594310004,0.24424797807242848
c1cc2Cc3c(cnc4c5occc5Cc43)c2o1,0.0103336223999,0.28119233257263887
c1ccc2c(c1)Cc1c3[nH]c4cc[nH]c4c3Cc21,0.00991693729998,0.2698537476446758
c1cc2Cc3c4[nH]ccc4oc3c2cn1,0.0106509779999,0.2898280227464789
c1cnc2c(c1)Cc1c2[nH]c2c1[nH]c1ccCc12,0.00943664519991,0.256784327192831
c1cc2cc3[nH]c4ccsc4c3cc2cn1,0.00701712439991,0.19094577889571096
c1cc2Cc3c4cnc5ccoc5c4oc3c2[nH]1,0.0105257376,0.28642005612864
c1cc2oc3c(ccc4c5occc5Cc43)c2nn1,0.00962802399999,0.2619920122733279
c1cc2Cc3c(oc4c3sc3ccCc34)c2[nH]1,0.0112816531998,0.30698957788103776
c1cc2nnc3c4[nH]ccc4sc3c2nn1,0.00950171049976,0.2585548450931693
c1cc2Cc3c4ccc5ccoc5c4ncc3c2o1,0.00915082949996,0.24900688185521155
c1cc2Cc3c(cnc4c3[nH]c3ccCc34)c2[nH]1,0.010704365,0.29128075776100004
c1cc2[nH]c3c([nH]c4c5occc5oc34)c2nn1,0.00966369050002,0.26296254767224425
c1cc2cc3oc4c([nH]c5ccoc54)c3cc2[nH]1,0.00988581009995,0.2690067329537794
c1cc2Cc3c4ccc5cc[nH]c5c4Cc3c2cn1,0.0099798463001,0.2715655896105411
c1cnc2c(c1)Cc1c3nnc4ccCc4c3[nH]c21,0.0102849746999,0.27986856054885884
c1cc2oc3c4nnc5ccoc5c4oc3c2[nH]1,0.0106750107001,0.2904819861647011
c1ccc2c(c1)Cc1c2nnc2c3Cccc3Cc21,0.0116769506001,0.31774617355956114
c1ccc2c(c1)Cc1c2[nH]c2c3Cccc3Cc21,0.00992365859997,0.2700366436272236
c1cc2nnc3c(ncc4c3[nH]c3ccCc34)c2o1,0.0101546673,0.27632271376722
c1cc2nnc3c([nH]c4c5Cccc5Cc34)c2nn1,0.0104789816,0.28514775991024
c1ccc2c(c1)cnc1c3cnccc3ncc21,0.00604569789982,0.16451190383116196
c1cnc2c(c1)ccc1c2Cc2c3[nH]ccc3Cc12,0.00955285719999,0.2599466184118079
c1cc2ncc3c4ncc5ccoc5c4[nH]c3c2[nH]1,0.00970334809995,0.26404168648697945
c1cc2cc3ccc4c5occc5Cc4c3cc2[nH]1,0.00665039550006,0.1809665721103327
c1cc2oc3c4nnc5ccCc5c4[nH]c3c2[nH]1,0.0105637509,0.28745445124026003
c1cnc2c(c1)nnc1c3[nH]c4cc[nH]c4c3Cc21,0.00975083130004,0.26533377083790843
c1cc2[nH]c3cc4c(cnc5ccoc54)cc3c2[nH]1,0.00733885689999,0.1997005706483879
c1cc2Cc3c4nnc5ccCc5c4oc3c2o1,0.0109273807001,0.29734932718270113
c1ccc2c(c1)oc1c3ccccc3sc21,0.00966689150005,0.26304965136446057
c1cc2[nH]c3c(cnc4c3oc3ccCc34)c2nn1,0.0103504225001,0.28164948681922114
c1cnc2c(c1)[nH]c1c2Cc2c3ccccc3Cc12,0.00942454640006,0.2564551019105927
c1ccc2c(c1)sc1c2nnc2ccCc21,0.0100460167999,0.2733661815487989
c1cc2cnc3c4nnc5ccCc5c4Cc3c2C1,0.0109023717999,0.29666879999579887
c1cc2cc3cc4Cc5ccCc5c4cc3cc2C1,0.00902715209997,0.24564144665312365
c1cc2Cc3c4ccc5ccCc5c4oc3c2[nH]1,0.0100706225001,0.27403573709922113
c1cc2Cc3c(oc4c5Cccc5Cc43)c2o1,0.0113368557001,0.3084917151977012
c1ccc2c(c1)ccc1c2oc2ccsc21,0.00805723729991,0.21924870706277097
c1cc2[nH]c3c(oc4c3oc3ccCc34)c2nn1,0.0101058295999,0.2749937715747189
c1cc2cnc3c(cnc4ccsc43)c2cn1,0.00925874500012,0.2519434136962654
c1cc2Cc3c4cnc5cc[nH]c5c4Cc3c2cn1,0.0110687182,0.30119531842748
c1cc2cc3oc4c(oc5ccCc54)c3cc2C1,0.00980821710004,0.26689531879602846
c1cc2cc3Cc4c(ncc5ccCc54)c3cc2C1,0.00907677880002,0.24699185863886425
c1cc2ccc3c4ncc5ccCc5c4[nH]c3c2C1,0.00925601050005,0.25186900412106056
c1ccc2c(c1)ccc1c2ccc2ccsc21,0.00540142679995,0.14698038522415943
c1cc2ncc3c(nnc4c5Cccc5Cc34)c2o1,0.00993059209998,0.2702253138693958
c1cc2sc3c4oc5ccoc5c4Cc3c2[nH]1,0.0118607072002,0.3227464479075223
c1cc2ncc3ccsc3c2cn1,0.0104466859001,0.28426894870198116
c1cc2Cc3c4[nH]c5ccCc5c4Cc3c2nn1,0.00922406500001,0.25099972234127216
c1cc2Cc3c(ncc4c5Cccc5Cc43)c2nn1,0.0110137344,0.29969913225216005
c1cnc2c(c1)Cc1c2[nH]c2c3occc3Cc21,0.00939695940008,0.25570442101933694
c1cc2oc3c([nH]c4c5[nH]ccc5Cc43)c2cn1,0.00974643770007,0.26521421483168484
c1cc2ccc3c(nnc4c5[nH]ccc5oc34)c2[nH]1,0.00866446309999,0.23577217119906788
c1cnc2cc3c(cc2c1)oc1c3oc2ccCc21,0.00870072539988,0.23675891914629466
c1cc2oc3c4cc5occc5cc4ccc3c2[nH]1,0.00752451080007,0.2047524731850248
c1cc2Cc3c4Cccc4Cc3c2nn1,0.0112929969,0.30729825584466
c1cc2cc3ccc4ccsc4c3cc2cn1,0.00571442220007,0.1554974282549848
c1cc2Cc3cc4c(ccc5ccoc54)cc3c2[nH]1,0.00856840910001,0.2331584073840121
c1cc2cnc3c([nH]c4c5[nH]ccc5Cc34)c2nn1,0.00920318479996,0.2504315428656316
c1cc2nnc3c(ccc4c5occc5Cc43)c2[nH]1,0.00903302870006,0.24580135716881268
c1cnc2c(c1)Cc1c3[nH]c4ccoc4c3oc21,0.00924817489999,0.25165578647358794
c1cc2cc3[nH]c4c5occc5oc4c3cc2cn1,0.00835224729997,0.22727634217840367
c1cc2[nH]c3c4ccc5ccoc5c4[nH]c3c2nn1,0.0106174241999,0.28891497687315887
c1ccc2c(c1)oc1c3cc4occc4cc3[nH]c21,0.0100371304,0.27312437016656
c1cc2Cc3c4ccc5ccCc5c4oc3c2cn1,0.00982595170001,0.2673779020896521
c1cnc2c(c1)Cc1c3nnc4cc[nH]c4c3[nH]c21,0.0105135126,0.28608739676364003
c1cc2sc3c(cnc4ccsc43)c2[nH]1,0.0100511009998,0.27350452974595774
c1cc2[nH]c3c4oc5cc[nH]c5c4Cc3c2cn1,0.0102607918999,0.27921051270493885
c1cc2[nH]c3c4ccc5ccCc5c4ccc3c2[nH]1,0.00783048200003,0.21307837789561634
c1cc2[nH]c3c(ccc4c3[nH]c3ccCc34)c2nn1,0.00955269150006,0.25994210948473273
c1cc2Cc3c4nnc5ccoc5c4[nH]c3c2cn1,0.0104565661001,0.2845378027762612
c1cnc2c(c1)Cc1c3ccc4ccoc4c3oc21,0.00947524849983,0.25783477702827406
c1cc2cnc3c(ccc4ccsc43)c2s1,0.00955236659979,0.2599332684935256
c1cc2cc3cc4Cccc4cc3cc2s1,0.00547431689995,0.14896382689129944
c1cc2sccc2cn1,0.0104988232,0.28568767762448
c1ccc2c(c1)Cc1c3cnc4cc[nH]c4c3[nH]c21,0.0100970183001,0.2747540037713411
c1cc2cnc3c(oc4c5[nH]ccc5oc34)c2[nH]1,0.0103586457001,0.28187325160370114
c1cc2Cc3c4cc5occc5cc4ncc3c2[nH]1,0.00849215539995,0.23108343745019944
c1cc2sc3c([nH]c4c5occc5Cc43)c2o1,0.0102789174,0.27970373293836004
c1ccc2c(c1)oc1c2Cc2c3occc3Cc12,0.0105067961,0.28590463139554
c1cc2ccc3c(cnc4c3[nH]c3ccCc34)c2C1,0.00799928060007,0.2176716241207448
c1ccc2c(c1)oc1c3ccc4cc[nH]c4c3Cc21,0.00967478989992,0.2632645778826831
c1cc2oc3c4nnc5ccoc5c4Cc3c2[nH]1,0.0106326951001,0.28933051944686117
c1cc2Cc3c(oc4c3oc3ccCc34)c2o1,0.0110983182,0.30200077586748003
c1ccc2c(c1)[nH]c1c2nnc2ccsc21,0.00881508739997,0.23987086927554369
c1cc2cc3Cc4ccoc4c3cc2[nH]1,0.01094134,0.297729179276
c1cnc2c(c1)oc1c2cnc2c1[nH]c1ccCc12,0.00904522659994,0.24613327910160734
c1cnc2c(c1)ccc1cc3ccncc3cc12,0.00581312459985,0.1581832587363583
c1cc2ccc3c4cnc5ccCc5c4Cc3c2C1,0.00959381310008,0.26106108579151693
c1cc2[nH]c3c(ccc4c5occc5oc43)c2[nH]1,0.00935365949999,0.25452617011802786
c1cc2Cc3c4[nH]c5ccCc5c4Cc3c2s1,0.0107196284002,0.2916960962492023
c1cc2oc3c(nnc4c5occc5Cc43)c2o1,0.0112452362,0.30599862033268
c1cc2oc3c(ccc4ccCc43)c2o1,0.0101141838001,0.27522110105804115
c1cc2cc3Cc4c5[nH]ccc5Cc4c3cc2[nH]1,0.0109623227,0.29830014791878
c1cc2ncc3c(ccc4c3[nH]c3ccCc34)c2C1,0.00831932780011,0.2263805564999133
c1cc2cc3cc4nnccc4cc3cc2nn1,0.00516614539993,0.1405780489356552
c1cc2[nH]c3c4ncc5ccoc5c4[nH]c3c2cn1,0.0102743657,0.27957987480898
c1ccc2c(c1)Cc1c3cnc4ccCc4c3[nH]c21,0.00968478280004,0.2635364986850085
c1cc2ncc3c(sc4ccCc43)c2nn1,0.0108996031,0.29659345979534
c1ccc2c(c1)ncc1cc[nH]c12,0.0104512667999,0.2843936013987989
c1cnc2c(c1)cnc1c3occc3sc21,0.0088634427002,0.2411866846922223
c1cc2cc3[nH]c4cc5ccoc5cc4c3cc2[nH]1,0.00388705449996,0.10577219482021155
c1cc2cc3cnc4c([nH]c5ccCc54)c3cc2o1,0.00768677539997,0.20916792011874366
c1cc2Cc3c(Cc4c5Cccc5Cc43)c2nn1,0.0108525742,0.29531373758588
c1cc2Cc3c([nH]c4ccoc43)c2o1,0.0107614152,0.29283317357328004
c1cc2ccc3c([nH]c4c5Cccc5Cc34)c2cn1,0.00967967590009,0.263397532787709
c1cc2cnc3c4sccc4sc3c2cn1,0.00940480069994,0.2559177937663473
c1cc2Cc3c4ncc5cc[nH]c5c4[nH]c3c2nn1,0.0101715185,0.2767812585109
c1cc2Cc3c(ncc4c3[nH]c3ccoc34)c2nn1,0.00959098049998,0.26098400677715583
c1ccc2c(c1)Cc1cccnc12,0.00965641519997,0.26276457657246366
c1cc2Cc3c([nH]c4c3oc3ccsc34)c2[nH]1,0.0105150646,0.28612962885644
c1cc2sc3c4sccc4sc3c2[nH]1,0.0119164793998,0.3242640875397177
c1cnc2c(c1)[nH]c1c2Cc2c3cnccc3Cc12,0.00954560649996,0.25974931671301155
c1cc2Cc3cc4c(cc3c2C1)Cc1ccCc14,0.0103334642999,0.28118803045029883
c1cc2cc3[nH]c4cc5ccCc5cc4c3cc2C1,0.00899439020009,0.24474994949072904
c1cnc2cc3c(cc2c1)sc1ccncc13,0.00462329940001,0.12580644929343213
c1cc2sc3c4[nH]ccc4sc3c2cn1,0.0105493933997,0.2870637635565966
c1cc2ccc3c4oc5ccCc5c4Cc3c2C1,0.00998938160012,0.27182505847350535
c1cc2ncc3c([nH]c4c5Cccc5Cc34)c2C1,0.00997974079996,0.27156271880403154
c1cnc2cc3c(cc2c1)sc1ccnnc13,0.00482440489986,0.1312788114920504
c1cc2oc3c4oc5cc[nH]c5c4Cc3c2cn1,0.0103351347,0.28123348437558
c1cc2ccc3c4cnc5ccoc5c4[nH]c3c2o1,0.00934774440009,0.254365211968609
c1cc2oc3c(oc4c5occc5Cc43)c2o1,0.0110118698999,0.2996483965941389
c1cc2Cc3c4ccc5ccoc5c4ncc3c2[nH]1,0.0091513369,0.24902068892065998
c1cc2[nH]c3c4cc5[nH]ccc5cc4Cc3c2cn1,0.00966536189992,0.2630080288034831
c1cc2Cc3c(cnc4c3[nH]c3ccCc34)c2o1,0.0105207326001,0.28628386307436116
c1cc2ccc3c4Cccc4Cc3c2[nH]1,0.0113901643,0.30994231683302004
c1cc2[nH]c3c4ccc5ccCc5c4nnc3c2o1,0.00842438159998,0.22923921746969578
c1cc2Cc3c(nnc4ccsc43)c2s1,0.0113208362,0.30805580217268
c1cnc2c(c1)Cc1c3oc4ccncc4c3Cc21,0.0099241524,0.27005008061736
c1cc2ccc3c4[nH]c5ccoc5c4oc3c2o1,0.00944837079999,0.25710339718684794
c1cc2Cc3c(ncc4c5[nH]ccc5Cc43)c2nn1,0.00977615739998,0.2660229294738158
c1cnc2c(c1)nnc1c3[nH]c4ccCc4c3Cc21,0.00912853559998,0.24840023362529579
c1cnc2c(c1)Cc1c3cnc4ccoc4c3Cc21,0.0103270224,0.28101273733536003
c1cc2ccc3c(ccc4c3[nH]c3ccoc34)c2[nH]1,0.00862303719998,0.23464491446353578
c1ccc2c(c1)sc1c3ncccc3Cc21,0.00901809280003,0.24539493041873636
c1ccc2c(c1)[nH]c1c3ccc4ccoc4c3Cc21,0.00924682120001,0.25161895040195215
c1ccc2c(c1)oc1c2cnc2c3Cccc3Cc21,0.00974238570006,0.2651039542386127
c1cc2ncc3c([nH]c4ccCc43)c2o1,0.0107183036,0.29166004658104
c1ccc2c(c1)oc1c2[nH]c2c3nnccc3Cc21,0.00870692870012,0.23692771963044537
c1cc2sc3c(ncc4cc[nH]c43)c2cn1,0.00925995599994,0.2519763666967674
c1ccc2c(c1)oc1c3[nH]c4ccnnc4c3Cc21,0.00956159579994,0.26018440795048736
c1ccc2c(c1)Cc1c2[nH]c2c3ncccc3Cc21,0.00836562799998,0.2276404497586558
c1cc2cc3cnc4c([nH]c5ccCc54)c3cc2[nH]1,0.0073339841,0.19956797493873998
c1ccc2cc3c(cc2c1)sc1ccnnc13,0.00473494130006,0.1288443816924527
c1ccc2cc3c(cc2c1)oc1c2occc2oc31,0.00832825630005,0.22662351348318058
c1cc2Cc3c4[nH]ccc4Cc3c2[nH]1,0.0125401303,0.34123450164542
c1cc2[nH]c3c(oc4c5[nH]ccc5Cc34)c2cn1,0.0100823476999,0.27435479620105885
c1cc2Cc3c4ncc5ccoc5c4Cc3c2nn1,0.0100452562,0.27334548456068003
c1cc2[nH]c3c4oc5ccnnc5c4Cc3c2cn1,0.00959951489995,0.26121623974849945
c1cc2oc3c([nH]c4c3oc3ccCc34)c2nn1,0.0101475865,0.27613003528610003
c1cc2Cc3c(cnc4c3[nH]c3ccCc34)c2C1,0.0112311397,0.30561503483258
c1cc2[nH]c3c4cc5Cccc5cc4cnc3c2o1,0.0077827783,0.21178029343262
c1cc2Cc3c4[nH]c5ccoc5c4oc3c2nn1,0.009398584,0.2557486286576
c1cc2occc2[nH]1,0.0126824217,0.34510644984738004
c1cc2Cc3c(cnc4c5[nH]ccc5Cc43)c2nn1,0.00896265739993,0.2438864555724552
c1cc2nnc3cc4c(cc3c2C1)oc1ccCc14,0.00869818499996,0.23668979130791154
c1cc2sc3c4cnccc4sc3c2cn1,0.00880753600018,0.23966538511529806
c1cnc2c(c1)nnc1c3oc4ccCc4c3Cc21,0.00979149569991,0.266440306088531
c1cc2[nH]c3c4cc5occc5cc4nnc3c2[nH]1,0.00800896939995,0.21793526992979942
c1ccc2c(c1)nnc1c3[nH]c4cc[nH]c4c3Cc21,0.00951553160007,0.2589309365821448
c1cc2oc3c4oc5ccCc5c4sc3c2o1,0.0110419572002,0.3004671141575223
c1cc2cc3Cc4c([nH]c5ccoc54)c3cc2cn1,0.00847626949997,0.23065115987148366
c1cc2cc3Cc4c([nH]c5ccCc54)c3cc2[nH]1,0.00972037639997,0.26450505037014366
c1cc2ncc3c(ccc4c3[nH]c3ccCc34)c2o1,0.00876508550004,0.23851024757578845
c1cc2ccc3c([nH]c4c5occc5Cc34)c2cn1,0.00908917289996,0.24732911944997155
c1cc2oc3c4cnc5ccCc5c4ncc3c2[nH]1,0.00877124739998,0.2386779214998158
c1cnc2c(c1)oc1c2ncc2c3Cccc3Cc21,0.0107567588,0.29270646641032
c1cc2cc3oc4ccsc4c3cc2nn1,0.00840576829978,0.22873272351263352
c1ccc2c(c1)oc1cc3c(cc12)oc1ccCc13,0.00982655289999,0.2673942615827879
c1cc2cnc3c(cnc4ccsc43)c2[nH]1,0.0108915276001,0.2963737141373612
c1cc2cnc3c4cnc5ccCc5c4Cc3c2[nH]1,0.00984343229993,0.26785357368631524
c1cc2cc3Cc4c(nnc5ccCc54)c3cc2[nH]1,0.0110086019,0.29955946974166
c1cc2[nH]c3c(nnc4c5occc5oc43)c2o1,0.0105304088,0.28654716602032
c1cc2oc3c4ccc5cc[nH]c5c4ncc3c2[nH]1,0.00946150690004,0.25746084885974846
c1ccc2c(c1)[nH]c1cc3ccsc3cc12,0.00330045669989,0.08981004744338675
c1cc2oc3c4ccc5ccCc5c4ncc3c2C1,0.00910216980003,0.24768278329653637
c1cc2nnc3c4cc5Cccc5cc4Cc3c2o1,0.00999150589985,0.27188286364317826
c1cc2cc3oc4cc5ccCc5cc4c3cc2[nH]1,0.00916196129992,0.2493097937166431
c1cnc2c(c1)Cc1c2nnc2c3occc3Cc21,0.0107091212,0.29141018062168
c1cc2cnc3c4ncc5ccCc5c4[nH]c3c2o1,0.00953938140003,0.25957992302877636
c1cc2ncc3c4nnc5ccCc5c4Cc3c2C1,0.0110471423,0.30060820798222
c1cnc2c(c1)[nH]c1c2nnc2c3Cccc3Cc21,0.0104831038,0.28525993074332
c1cnc2c(c1)Cc1ccsc12,0.0110900331999,0.30177532941575885
c1cc2oc3c4cc5occc5cc4[nH]c3c2cn1,0.01003112,0.272960818768
c1cc2[nH]c3c4cc5Cccc5cc4Cc3c2[nH]1,0.00945557050011,0.2572993111066933
c1cc2ccc3c(oc4c5occc5Cc34)c2[nH]1,0.0107628668,0.29287267364152
c1ccc2c(c1)ncc1ccCc12,0.00873305210007,0.23763857391584484
c1cc2ccc3cc4c(cc3c2[nH]1)[nH]c1ccCc14,0.00732508929991,0.199325934975571
c1cc2[nH]c3c4[nH]c5ccCc5c4Cc3c2o1,0.0103726906001,0.28225543299556116
c1cc2Cc3c(cnc4ccCc43)c2o1,0.0108446356001,0.29509771716856115
c1cc2cnc3c(Cc4c5occc5Cc34)c2[nH]1,0.0105662981,0.28752376411834
c1ccc2c(c1)sc1c2[nH]c2ccsc21,0.0095776843998,0.2606222012767177
c1cnc2c(c1)oc1c3cnc4ccCc4c3[nH]c21,0.0100843098,0.27440818769172
c1cc2Cc3cc4c(cc3c2[nH]1)ncc1ccCc14,0.00843576399996,0.22954894850851157
c1cc2Cc3c(sc4c5occc5Cc43)c2o1,0.0111563886001,0.30358095275276115
c1cc2[nH]c3c(ncc4c3oc3ccCc34)c2[nH]1,0.0100961991001,0.2747317121924611
c1cnc2c(c1)Cc1c2oc2c1oc1ccCc12,0.00998239659998,0.2716349868406958
c1cc2[nH]c3c4ncc5cc[nH]c5c4Cc3c2cn1,0.00918193509995,0.24985330877877945
c1cc2oc3ccCc3c2[nH]1,0.0122013937,0.33201700452818
c1cc2ccc3cc4c(cc3c2[nH]1)oc1cc[nH]c14,0.00782960050003,0.21305439104651638
c1ccc2c(c1)[nH]c1c2nnc2c3occc3Cc21,0.00972372479998,0.2645961650221758
c1ccc2c(c1)oc1c3ncc4ccoc4c3[nH]c21,0.00966770369996,0.26307175246109155
c1cnc2c(c1)[nH]c1c3cnc4ccCc4c3Cc21,0.0096127278,0.26157578125692
c1cc2sc3c4[nH]c5ccCc5c4oc3c2[nH]1,0.0109934359002,0.2991467816547023
c1cc2oc3c4Cccc4Cc3c2o1,0.0118268817,0.32182600869138
c1cc2[nH]c3c(cnc4c3nnc3ccCc34)c2C1,0.00978600269991,0.26629083386833097
c1ccc2c(c1)[nH]c1c2oc2c3cnccc3Cc12,0.00876222609998,0.23843243929699579
c1cnc2c(c1)oc1c3oc4cc[nH]c4c3Cc21,0.0101749144,0.27687366570416
c1cc2ncc3c4cnc5ccCc5c4[nH]c3c2[nH]1,0.0103645128,0.28203290360592
c1cc2[nH]c3cc4c(cc3c2[nH]1)nnc1ccCc14,0.00711798719999,0.1936903968938079
c1cc2[nH]c3c(oc4ccCc43)c2cn1,0.00989581060003,0.26927886056165634
c1cnc2c(c1)Cc1c2Cc2c3nnccc3Cc21,0.0102250655,0.2782383473467
c1cnc2c(c1)[nH]c1c2oc2ccCc21,0.00977169290013,0.2659014441825975
c1cc2Cc3c(ncc4ccsc43)c2nn1,0.00977689829995,0.26604309039925944
c1cc2cc3ncc4c5occc5Cc4c3cc2o1,0.00833918149988,0.22692080346583463
c1cnc2c(c1)ncc1cc[nH]c12,0.0122226229,0.33259468078106
c1cc2Cc3ccoc3c2[nH]1,0.01165125,0.31704682425
c1cc2cnc3c4[nH]c5ccCc5c4[nH]c3c2o1,0.00886926390012,0.24134508769172539
c1cc2[nH]c3c([nH]c4c3[nH]c3ccCc34)c2cn1,0.00947783410004,0.25790513482982846
c1ccc2c(c1)Cc1c3ccc4ccoc4c3[nH]c21,0.00922740189992,0.25109052405948307
c1cc2cc3Cc4cc[nH]c4c3cc2[nH]1,0.0106611881,0.29010585386434
c1cc2oc3c4cc5Cccc5cc4ncc3c2[nH]1,0.00895508299993,0.2436803455442952
c1cc2cc3[nH]c4c5occc5Cc4c3cc2o1,0.00960680990011,0.26141474691585326
c1cnc2c(c1)Cc1c3ncc4ccoc4c3Cc21,0.0093972090001,0.2557112129853211
c1cc2Cc3c4[nH]c5cc[nH]c5c4oc3c2cn1,0.00955761310001,0.26007603310961214
c1cc2ccc3cc[nH]c3c2cn1,0.00736921229998,0.2005265835796758
c1ccc2c(c1)oc1c2ccc2c1oc1ccCc12,0.00965806119996,0.2628093665365916
c1cc2[nH]c3c(cnc4c5[nH]ccc5oc43)c2[nH]1,0.00965414069992,0.2627026842418031
c1cc2cc3ccc4ccnnc4c3cc2cn1,0.00633794469991,0.17246434840713096
c1cnc2c(c1)Cc1c2cnc2c3[nH]ccc3Cc21,0.00882822230005,0.2402282882955806
c1cc2[nH]c3c4Cccc4Cc3c2[nH]1,0.0113987792,0.31017674032288
c1ccc2ncccc2c1,0.00805008780003,0.21905415916173634
c1ccc2c(c1)ncc1c3[nH]c4ccCc4c3oc21,0.00926803720006,0.25219626746571266
c1ccc2c(c1)[nH]c1c2oc2c3cnccc3oc12,0.0087172678999,0.2372090637313389
c1cnc2c(c1)ccc1c3[nH]c4ccoc4c3Cc12,0.00871323039996,0.23709919770547155
c1cc2ccc3c4[nH]c5ccCc5c4Cc3c2C1,0.00910554669997,0.24777467347156365
c1cc2cc3oc4c5occc5oc4c3cc2o1,0.0100920199,0.27461799030686
c1cc2cnc3c(ncc4c3[nH]c3ccCc34)c2o1,0.00974647639998,0.2652152679104158
c1cc2nnc3ccsc3c2[nH]1,0.0136205596999,0.3706344982178589
c1ccc2c(c1)[nH]c1c3oc4cccnc4c3Cc21,0.00906306699994,0.24661874136216733
c1ccc2c(c1)[nH]c1c3ncc4cc[nH]c4c3Cc21,0.00900381070005,0.24500629448334058
c1cc2[nH]c3c(nnc4ccCc43)c2C1,0.01129356,0.307313578584
c1cc2ccc3c4[nH]c5cc[nH]c5c4Cc3c2nn1,0.00921313180015,0.2507022146666017
c1ccc2c(c1)cnc1ccncc12,0.00874413500003,0.23794015513981637
c1cc2ncc3c4occc4sc3c2nn1,0.0101046703999,0.2749622281198389
c1cnc2c(c1)[nH]c1c3cc4occc4cc3[nH]c21,0.0104713903,0.28494119000942
c1cc2oc3c(oc4c5occc5sc43)c2o1,0.0108998210001,0.29659938916212114
c1cc2cc3cc4sccc4cc3cc2[nH]1,0.00375305099999,0.10212577198112789
c1cc2nnc3ccsc3c2s1,0.0128428273001,0.34947131079394117
c1cc2cnc3c(nnc4c5Cccc5Cc34)c2C1,0.00971961350001,0.2644842907941721
c1cc2ncc3c(ncc4c3oc3ccCc34)c2[nH]1,0.00982027700002,0.26722348555834424
c1cc2nnc3c4[nH]c5ccoc5c4Cc3c2[nH]1,0.010193781,0.27738705230340005
c1cc2cnc3c(oc4c5Cccc5Cc34)c2nn1,0.00960606860008,0.26139457510421693
c1ccc2c(c1)cnc1ccccc12,0.00906099019994,0.24656222872664732
c1cnc2c(c1)sc1c2ncc2cc[nH]c21,0.00990019609992,0.2693981961533631
c1cc2cc3sc4ccoc4c3cc2cn1,0.00665985869978,0.18122407902319349
c1ccc2c(c1)Cc1c2Cc2c3nnccc3Cc21,0.0102352196,0.27851465462344
c1cnc2c(c1)ncc1c2oc2c1oc1ccCc12,0.00992052089998,0.2699512624177158
c1cc2Cc3c(oc4ccCc43)c2[nH]1,0.0117338020001,0.3192931797455211
c1ccc2c(c1)cnc1c2ccc2cccnc21,0.00753845240001,0.20513184363763212
c1cc2Cc3c(cnc4c5Cccc5Cc43)c2C1,0.0110604091999,0.3009692189021589
c1cc2ccc3c4nnc5ccCc5c4oc3c2[nH]1,0.0100069758,0.27230382128412
c1ccc2c(c1)Cc1c2cnc2c3[nH]ccc3oc21,0.00924221960008,0.25149373442561695
c1cc2oc3c(Cc4c5Cccc5Cc34)c2[nH]1,0.0123303486999,0.3355260506124589
c1ccc2c(c1)Cc1c2oc2c3[nH]ccc3oc21,0.0102177837999,0.2780402020925989
c1ccc2c(c1)Cc1c2[nH]c2c3occc3Cc21,0.00938820079989,0.2554660872461268
c1cc2ccc3c(sc4ccCc43)c2nn1,0.0102141458,0.27794120702212
c1cc2ccc3c4ncc5ccoc5c4[nH]c3c2o1,0.00920992250008,0.2506148851186769
c1cc2ncc3c4cc5occc5cc4Cc3c2[nH]1,0.0104164052,0.28344496845927997
c1ccc2c(c1)sc1c2ncc2ccoc21,0.00811270250006,0.2207579928101327
c1cc2[nH]c3cc4c(cc3c2o1)oc1ccoc14,0.00964676820001,0.2625020681977521
c1cc2nnc3c(cnc4ccsc43)c2s1,0.0101703586001,0.27674969601076116
c1cnc2c(c1)oc1c3ncc4ccoc4c3Cc21,0.00934425080004,0.25427014622020844
c1cnc2c(c1)sc1c3cnccc3sc21,0.00899257190008,0.24470047100183692
c1cc2ncc3c(nnc4c3oc3ccCc34)c2[nH]1,0.00943311850006,0.25668836075253265
c1cc2cc3ccc4ccncc4c3cc2cn1,0.00607112310001,0.16520375912361213
c1cc2[nH]c3c(cnc4c3ncc3ccCc34)c2o1,0.00909583080011,0.24751029023411328
c1cnc2c(c1)ncc1c3oc4ccoc4c3Cc12,0.00986988390002,0.2685733587570043
c1cc2nnc3c4oc5ccCc5c4Cc3c2[nH]1,0.0110882173,0.30172591623722
c1cc2[nH]c3c4[nH]c5ccoc5c4Cc3c2[nH]1,0.0108474630999,0.29517465739661886
c1cc2[nH]c3c4ncc5ccoc5c4Cc3c2[nH]1,0.00947429659993,0.2578088744993352
c1cc2Cc3c4occc4oc3c2cn1,0.0105667975,0.28753735349150006
c1cnc2c(c1)ccc1c2oc2c3Cccc3Cc12,0.00985208370003,0.26808899039499634
c1cc2[nH]c3c4ccc5ccoc5c4ncc3c2[nH]1,0.00902605440001,0.2456115767004321
c1cnc2c(c1)oc1c2[nH]c2c1[nH]c1ccCc12,0.00946802459998,0.2576382045998958
c1cc2Cc3c(ccc4c5[nH]ccc5[nH]c43)c2nn1,0.0086522647,0.23544023565758002
c1cc2oc3c(cnc4c3ncc3ccCc34)c2[nH]1,0.00902029549991,0.245454868966251
c1cc2oc3c([nH]c4ccCc43)c2cn1,0.0096969471,0.26386750631694
c1cc2Cc3ccoc3c2o1,0.0115114394,0.31324238208916
c1cc2Cc3c4occc4Cc3c2nn1,0.0108645828999,0.29564051112233886
c1cnc2c(c1)Cc1c2ncc2ccsc21,0.00882885110002,0.24024539882308424
c1cc2nnc3c4ncc5ccCc5c4Cc3c2o1,0.0107018199999,0.29121150474527885
c1cc2[nH]c3c4cc5[nH]ccc5cc4Cc3c2nn1,0.0098544018,0.26815206914052003
c1cc2Cc3c4nnc5ccCc5c4Cc3c2o1,0.011265127,0.3065398768478
c1ccc2c(c1)[nH]c1c3[nH]c4ccCc4c3Cc21,0.00923719750006,0.2513570760531327
c1cc2oc3c4ccc5ccoc5c4[nH]c3c2cn1,0.00998055929983,0.2715849913313941
c1cc2cnc3cc[nH]c3c2nn1,0.00818217530002,0.22264844495896424
c1ccc2c(c1)cnc1c3cnccc3ccc21,0.00571802069987,0.15559534847244252
c1cc2cnc3c4ncc5ccCc5c4oc3c2o1,0.00954483609996,0.25972835305045155
c1cc2cnc3c4nnc5ccoc5c4Cc3c2[nH]1,0.01053137,0.28657332161800003
c1cnc2c(c1)cnc1c3ccccc3ncc21,0.00729161660001,0.19841509594951212
c1cc2ccc3c(cnc4ccsc43)c2[nH]1,0.00904374150002,0.24609286745364425
c1cc2ccc3c(nnc4c3[nH]c3ccoc34)c2[nH]1,0.00904430590003,0.24610822556807632
c1cnc2c(c1)oc1c3ccccc3sc21,0.0095453719,0.25974293291966
c1cc2oc3c(nnc4c5occc5Cc43)c2[nH]1,0.0110248462,0.30000149988668
c1cc2Cc3c(ncc4cc[nH]c43)c2[nH]1,0.0101529383001,0.27627566525934116
c1cc2oc3c4nnc5ccoc5c4[nH]c3c2[nH]1,0.0104921772,0.28550683066008
c1cc2sc3c(oc4c5occc5oc43)c2[nH]1,0.0114145483001,0.31060583961334115
c1cc2ncc3c(oc4c5Cccc5Cc34)c2C1,0.0107166173999,0.2916141627156389
c1cc2nnc3c([nH]c4c5Cccc5Cc34)c2[nH]1,0.0110960612,0.30193935973768
c1ccc2c(c1)sc1c2ccc2ccnnc21,0.00565099200003,0.15377140370961634
c1cc2Cc3c(ncc4c3oc3ccCc34)c2o1,0.0104852684001,0.2853188325424812
c1cc2nnc3c4ccc5ccoc5c4Cc3c2[nH]1,0.0102560345998,0.27908105990899773
c1ccc2c(c1)oc1c2[nH]c2ccCc21,0.00943770629999,0.2568132012115479
c1cnc2c(c1)Cc1c2[nH]c2c3[nH]ccc3Cc21,0.0096246805,0.2619010309577
c1cc2oc3c(oc4c5Cccc5Cc34)c2[nH]1,0.0117951110001,0.32096148346812114
c1cc2oc3c(ccc4c5Cccc5Cc43)c2o1,0.0103585290999,0.28187007874901887
c1cc2ncc3c(Cc4c5occc5Cc34)c2o1,0.0111757097,0.30410670693058
c1cc2Cc3c4cnc5cc[nH]c5c4oc3c2nn1,0.0107713938,0.29310470524932
c1cc2Cc3c4ncc5ccoc5c4oc3c2[nH]1,0.00977269970008,0.26592884061875693
c1ccc2cc3c(cc2c1)sc1ccsc13,0.00541971430016,0.14747801370737385
c1ccc2c(c1)oc1c2Cc2c3nnccc3Cc12,0.0100718341999,0.27406870914715886
c1cc2cnc3c(Cc4c5Cccc5Cc34)c2C1,0.0105307905,0.2865575526117
c1cc2[nH]c3c4cnc5cc[nH]c5c4ncc3c2[nH]1,0.00939671810011,0.2556978549093333
c1cc2cc3[nH]c4c5occc5Cc4c3cc2[nH]1,0.00959878649985,0.2611964189620183
c1cc2cnc3c(sc4ccCc43)c2cn1,0.00938890279997,0.2554851896511037
c1cc2cc3oc4c5[nH]ccc5oc4c3cc2[nH]1,0.0107972617,0.29380860702338
c1cc2Cc3c4ccc5ccCc5c4[nH]c3c2cn1,0.00955292160006,0.2599483708278727
c1cc2cnc3c4cnccc4nnc3c2cn1,0.00660503749998,0.17973231742695578
c1cnc2cc3c(cc2c1)oc1ccsc13,0.008049605,0.219041021497
c1cc2cnc3cc4c(cc3c2[nH]1)Cc1ccoc14,0.00943613009997,0.2567703106023237
c1cc2nnc3c(cnc4c3[nH]c3ccCc34)c2o1,0.00874478790001,0.2379579214623321
c1cc2nnc3c([nH]c4c3[nH]c3ccCc34)c2cn1,0.0094132500999,0.2561477137684189
c1cc2Cc3cc4c(cc3c2cn1)[nH]c1cc[nH]c14,0.00876169200001,0.23841790568907215
c1cc2cnc3c4sccc4Cc3c2nn1,0.00916368740002,0.24935676331690423
c1ccc2c(c1)oc1c3ccc4ccoc4c3[nH]c21,0.00982113709995,0.2672468900815794
c1cnc2c(c1)[nH]c1c2ccc2c3Cccc3Cc21,0.0100457437999,0.2733587528365989
c1cc2cc3[nH]c4c5Cccc5Cc4c3cc2o1,0.00963220419999,0.2621057613676079
c1cc2oc3c(oc4c5occc5Cc43)c2nn1,0.0100033215001,0.27220438266782115
c1cnc2c(c1)nnc1c2cnc2cc[nH]c21,0.00891666929999,0.2426350549897479
c1cc2oc3c(ncc4ccCc43)c2C1,0.0108675770999,0.29572198749621886
c1cc2[nH]c3cc4ccsc4cc3c2cn1,0.00478056020006,0.1300857358279127
c1cc2Cc3c4ccc5ccCc5c4[nH]c3c2o1,0.00953457829996,0.2594492239515315
c1cc2Cc3c4oc5ccoc5c4Cc3c2nn1,0.0103887806,0.28269326441884
c1ccc2c(c1)oc1c2ccc2ccsc21,0.00870365339995,0.23683859412739947
c1cc2Cc3c([nH]c4c5occc5oc43)c2[nH]1,0.0106883110001,0.29084390594812115
c1cnc2cc3ccsc3cc2c1,0.00506398809989,0.13779820578134674
c1cnc2c(c1)Cc1c2oc2c3occc3oc21,0.00974500780001,0.2651753052491921
c1ccc2c(c1)ccc1c3occc3sc21,0.00837912639997,0.22800776012014368
c1cc2Cc3c(cnc4ccsc43)c2s1,0.0114754514,0.31226309822596
c1cc2Cc3c(ncc4c3[nH]c3ccCc34)c2cn1,0.00993597929994,0.2703719071223873
c1ccc2cc3c(cc2c1)nnc1ccccc13,0.00556627489993,0.1514661328119552
c1cc2cc3Cc4c5occc5Cc4c3cc2o1,0.0104973760998,0.28564830000209773
c1cc2cc3Cc4c(cnc5ccCc54)c3cc2C1,0.00949770680018,0.2584458988224181
c1cc2Cc3c(ccc4c3[nH]c3ccoc34)c2nn1,0.0091109686,0.24792221096204
c1cc2sc3c4[nH]c5ccCc5c4oc3c2o1,0.0103070248999,0.28046857736113884
c1cnc2c(c1)ncc1c3cnccc3sc12,0.00744362039995,0.20255133215119944
c1cc2oc3c(cnc4c3[nH]c3ccoc34)c2[nH]1,0.0100290676002,0.2729049700960823
c1cc2Cc3cc4c(cc3c2[nH]1)nnc1ccCc14,0.00866870990001,0.23588773257313214
c1cnc2c(c1)oc1c3[nH]c4ccoc4c3oc21,0.00916419609996,0.24937060575445155
c1cc2cnc3c([nH]c4c3[nH]c3ccCc34)c2nn1,0.00891749919992,0.24265763772870308
c1cc2nnc3c4[nH]c5ccCc5c4[nH]c3c2o1,0.00949666160011,0.25841745746523326
c1cc2Cc3c(nnc4ccCc43)c2C1,0.0126354912001,0.34382940524240113
c1cc2oc3c4cc5Cccc5cc4[nH]c3c2cn1,0.0100712057,0.27405160678498003
c1cc2ncc3c(oc4c3oc3ccCc34)c2[nH]1,0.0112453895,0.3060027918403
c1cc2[nH]c3c4cnc5ccCc5c4[nH]c3c2nn1,0.0104719545001,0.28495654268402115
c1cc2sc3c4[nH]c5ccCc5c4Cc3c2o1,0.0104357105999,0.28397029541811886
c1cc2cc3cc4sccc4cc3cc2cn1,0.00454446720005,0.12366131476744058
c1cnc2cc3c(cc2c1)Cc1c2occc2Cc31,0.00949035630003,0.2582458814226363
c1cc2[nH]c3c4cc5Cccc5cc4Cc3c2cn1,0.00903801970003,0.24593716926539635
c1cc2[nH]c3c4[nH]c5cc[nH]c5c4Cc3c2cn1,0.00973657179998,0.2649457498779758
c1cnc2cc3c(cc2c1)oc1c2[nH]ccc2[nH]c31,0.00965687840005,0.2627771808951206
c1cnc2c(c1)[nH]c1c2oc2c1oc1ccCc12,0.0098668096,0.26848970274944
c1cc2cc3Cc4c5occc5oc4c3cc2nn1,0.00900999470002,0.24517456978012425
c1cc2[nH]c3c4ccc5ccoc5c4nnc3c2[nH]1,0.00866034079991,0.23565999764267098
c1cc2Cc3c4oc5ccCc5c4Cc3c2o1,0.0115486686001,0.3142554407447612
c1ccc2c(c1)oc1c2[nH]c2c3[nH]ccc3Cc21,0.00964275189995,0.26239277905029945
c1cc2oc3c4cnc5ccCc5c4oc3c2o1,0.0103609274,0.28193533985236
c1cc2Cc3c4nnc5ccoc5c4cnc3c2[nH]1,0.00801395509995,0.2180709378067794
c1ccc2cc3c(cc2c1)oc1c3[nH]c2ccoc21,0.00815392499999,0.2218797147447279
c1ccc2c(c1)oc1c2oc2c3Cccc3Cc12,0.0105127590999,0.28606689297101884
c1ccc2sccc2c1,0.00851197780003,0.23162283270773634
c1cc2ncc3c(ccc4c3[nH]c3ccoc34)c2o1,0.0081253141999,0.2211011748191589
c1ccc2c(c1)nnc1c3[nH]ccc3sc21,0.00903587239998,0.24587873822481582
c1ccc2c(c1)Cc1c3[nH]c4ccnnc4c3Cc21,0.00973995640004,0.26503784958404847
c1cc2ncc3c4[nH]c5ccoc5c4[nH]c3c2o1,0.00949963399989,0.25849834062460675
c1cc2Cc3c4cc5occc5cc4cnc3c2[nH]1,0.00759344520009,0.20662827471772904
c1cc2oc3c4oc5ccsc5c4Cc3c2[nH]1,0.0113853827002,0.3098122028082223
c1cc2oc3c4cc5Cccc5cc4Cc3c2o1,0.00990375649997,0.2694950796232837
c1cc2cc3ncc4c5Cccc5Cc4c3cc2C1,0.00978514659994,0.26626753818960736
c1cc2ccc3c4cc5Cccc5cc4[nH]c3c2[nH]1,0.0090689763,0.24677954168982
c1ccc2c(c1)oc1c3cnc4ccCc4c3Cc21,0.0100512721,0.27350918562194
c1ccc2c(c1)sc1c3nnccc3cnc21,0.00566473039999,0.15414524480628788
c1cnc2c(c1)cnc1c3[nH]ccc3sc21,0.00920779270007,0.2505569302786848
c1cc2Cc3c(ccc4c3[nH]c3ccCc34)c2nn1,0.00950768819996,0.2587175066843916
c1ccc2c(c1)[nH]c1c2[nH]c2c1oc1ccCc12,0.00936650619997,0.2548757468098637
c1cc2sc3c([nH]c4ccsc43)c2cn1,0.00984611160015,0.26792648119632173
c1ccc2c(c1)oc1c2oc2ccCc21,0.0102790074,0.27970618196436003
c1cc2ccc3c(oc4c5Cccc5Cc34)c2o1,0.0105581175999,0.2873011612579189
c1cc2[nH]c3c([nH]c4c5Cccc5Cc34)c2nn1,0.0101835291,0.27710808375174
c1cc2ccc3c4nnccc4sc3c2cn1,0.00758356639994,0.20635945873532732
c1cc2ccc3c4oc5ccoc5c4Cc3c2o1,0.010184862,0.27714435382679997
c1ccc2c(c1)oc1c2Cc2c3Cccc3Cc12,0.0107393540001,0.2922328574383211
c1ccc2cc3c(cc2c1)ncc1ccncc13,0.00586639300002,0.15963276648074423
c1cnc2c(c1)[nH]c1c3oc4ccccc4c3Cc21,0.00925908689999,0.2519527172703879
c1cc2sc3c4[nH]ccc4sc3c2nn1,0.0108569470999,0.2954327303142189
c1cc2cc3oc4c(cnc5ccoc54)c3cc2[nH]1,0.0104966442,0.28562838398388
c1cnc2c(c1)oc1c2ccc2c3Cccc3Cc21,0.0099190410001,0.26991099227012116
c1ccc2c(c1)nnc1c3occc3sc21,0.00899215950017,0.24468924902292596
c1ccc2c(c1)cnc1cc[nH]c12,0.00737034780002,0.20055748212546423
c1cnc2c(c1)cnc1c2oc2ccsc21,0.0089702066,0.24409187987524003
c1cc2oc3c([nH]c4c5Cccc5Cc43)c2C1,0.0103559459,0.28179978626326
c1cc2cc3ccc4c5[nH]ccc5oc4c3cc2[nH]1,0.00686404629994,0.18678030948618735
c1cc2Cc3c(ccc4c5Cccc5Cc43)c2C1,0.0104356180999,0.28396777836361886
c1cc2cnc3ccncc3c2cn1,0.00886479459996,0.24122347177735157
c1cc2cc3oc4c(ccc5ccCc54)c3cc2C1,0.00898780019998,0.2445706263617358
c1cc2[nH]c3c4nnc5ccCc5c4Cc3c2nn1,0.0110216264999,0.29991388733937885
c1cc2Cc3c(nnc4c5[nH]ccc5Cc43)c2nn1,0.0101699730001,0.2767392032949212
c1cc2Cc3c(ncc4c5[nH]ccc5oc43)c2nn1,0.00975551390002,0.2654611909390042
c1cc2oc3c(oc4c5[nH]ccc5sc43)c2[nH]1,0.0117724910999,0.32034596431581885
c1cc2ccc3c(nnc4c3[nH]c3ccCc34)c2C1,0.00901161870001,0.24521876109345214
c1cc2oc3c(ncc4c5occc5oc43)c2[nH]1,0.00989073599999,0.2691407735901279
c1cnc2cc3c(cnc4ccsc43)cc2c1,0.00635222860024,0.17285303333257074
c1cc2[nH]c3c4nnc5cc[nH]c5c4Cc3c2cn1,0.0101888188999,0.2772520266127389
c1cc2ccc3cc[nH]c3c2[nH]1,0.0123372857,0.33571481609698
c1cnc2c(c1)cnc1c3sccc3Cc21,0.00909285919988,0.24742942883161465
c1cc2Cc3c4cnc5ccCc5c4cnc3c2o1,0.00811696060009,0.22087386167328904
c1cc2[nH]c3c4cc5Cccc5cc4ncc3c2[nH]1,0.00875939449998,0.23835538749675578
c1cc2[nH]c3c(oc4c5[nH]ccc5sc34)c2[nH]1,0.0114093437001,0.3104642151609011
c1cc2ncc3c4cc5Cccc5cc4Cc3c2[nH]1,0.0101301699,0.27565610521686
c1cc2cnc3c(oc4c3oc3ccCc34)c2o1,0.00978372170005,0.26622876466874057
c1cc2cc3[nH]c4cc5ccCc5cc4c3cc2[nH]1,0.00653555370002,0.17784156595272424
c1cc2cc3[nH]c4ccCc4c3cc2C1,0.0102944537999,0.28012650013059887
c1cnc2c(c1)[nH]c1c3cnccc3sc21,0.010727406,0.2919077356284
c1cc2[nH]c3cc4c(cc3c2o1)Cc1ccCc14,0.0102744395,0.2795818830103
c1cc2[nH]c3c4nnc5ccCc5c4oc3c2[nH]1,0.0107378835,0.2921928430719
c1cc2cnc3c([nH]c4c3[nH]c3ccCc34)c2cn1,0.00858240140008,0.23353915745813694
c1cc2ccc3cc4c(cc3c2o1)Cc1ccCc14,0.00917257709989,0.24959866449594675
c1ccc2[nH]ccc2c1,0.0116283606,0.31642397163084
c1cc2[nH]c3c4cc5occc5cc4ncc3c2[nH]1,0.00831379289991,0.22622994411661096
c1cc2Cc3c4sccc4sc3c2nn1,0.0118306167001,0.32192764327310114
c1cc2cc3ccc4c5[nH]ccc5[nH]c4c3cc2[nH]1,0.00670796760005,0.18253318955200057
c1ccc2c(c1)sc1c3cnccc3ncc21,0.00749709920001,0.20400656517115212
c1cnc2c(c1)[nH]c1c2Cc2c3nnccc3Cc12,0.00958504649998,0.26082253432955577
c1cc2Cc3c4cc5[nH]ccc5cc4[nH]c3c2nn1,0.00824030700005,0.2242302899011606
c1cc2cnc3c(nnc4c3[nH]c3ccCc34)c2o1,0.00982554680002,0.26736688419406424
c1ccc2c(c1)oc1c3cc4Cccc4cc3Cc21,0.00923352070004,0.2512570251770685
c1ccc2c(c1)oc1c2cnc2c3[nH]ccc3[nH]c21,0.0084411580001,0.22969572680392117
c1ccc2c(c1)oc1c2nnc2c3[nH]ccc3Cc21,0.0100266151001,0.27283823413486114
c1cc2[nH]c3c(ccc4c5occc5Cc43)c2cn1,0.00990125809994,0.26942709466070736
c1cnc2c(c1)Cc1c3ccc4ccCc4c3Cc21,0.0092709792001,0.25227632340560113
c1cc2cc3oc4c(nnc5ccCc54)c3cc2C1,0.0102134126,0.27792125562364
c1cc2Cc3c4oc5ccoc5c4sc3c2[nH]1,0.0112541170001,0.30624027933652115
c1cc2Cc3c4ncc5ccoc5c4[nH]c3c2cn1,0.00948995579995,0.25823498325475946
c1cc2Cc3c(nnc4c5Cccc5Cc43)c2nn1,0.0113815081,0.30970676951234
c1cc2sc3cc4ccsc4cc3c2nn1,0.00423115889998,0.11513575729091577
c1cnc2c(c1)nnc1c2oc2c3Cccc3Cc12,0.0102540720001,0.27902765482352115
c1cc2ccc3c4cnc5ccoc5c4Cc3c2o1,0.00996040960001,0.2710366897897121
c1cc2[nH]c3cc4c(cc3c2[nH]1)nnc1ccoc14,0.00768006680005,0.2089853697228806
c1cnc2c(c1)[nH]c1cc[nH]c12,0.00954645960002,0.25977253075998424
c1cnc2c(c1)Cc1c2nnc2c1oc1ccCc12,0.0108956283,0.29648529992262
c1cnc2c(c1)Cc1ccoc12,0.0101821101,0.27706947077514005
c1cc2cc3ccc4c5occc5Cc4c3cc2o1,0.00740293759998,0.20144429620809579
c1cc2Cccc2[nH]1,0.0122068033,0.33216420731762
c1cc2ccc3c(ccc4c5[nH]ccc5[nH]c34)c2[nH]1,0.00853940729996,0.23236922780213157
c1ccc2c(c1)sc1c3[nH]ccc3sc21,0.0104516787999,0.28440481249559885
c1cnc2c(c1)Cc1c2cnc2c1oc1ccCc12,0.0096201655,0.2617781714867
c1cc2[nH]c3cc4c(cc3c2[nH]1)Cc1ccCc14,0.0101282858,0.27560483621812
c1cnc2c(c1)oc1c2[nH]c2c1oc1ccCc12,0.00972965820006,0.2647576211451127
c1cc2ncc3c(cnc4c3oc3ccCc34)c2C1,0.00846589779997,0.23036893139410367
c1cnc2c(c1)Cc1c2cnc2c3[nH]ccc3[nH]c21,0.00842832440003,0.22934650657897634
c1cc2nnc3c(ccc4c5[nH]ccc5Cc43)c2[nH]1,0.00885234050008,0.24088457828387694
c1cc2ncc3c(nnc4ccCc43)c2s1,0.00945420220012,0.2572620777483454
c1cc2oc3c(cnc4c5[nH]ccc5Cc43)c2[nH]1,0.00990426429985,0.2695088975689383
c1cc2cc3sc4ccoc4c3cc2nn1,0.0064762075001,0.17622667276822115
c1ccc2c(c1)oc1cc3c(cc12)Cc1ccoc13,0.0091895792001,0.2500613154456012
c1cc2Cc3cc4c(cc3c2nn1)Cc1cc[nH]c14,0.00901749360003,0.24537862534785634
c1cnc2c(c1)[nH]c1c3ncc4cc[nH]c4c3Cc21,0.00907560170003,0.24695982810019634
c1cc2ccc3c4cnc5ccCc5c4oc3c2[nH]1,0.0094369574,0.25679282259436
c1cc2ccc3c(Cc4c5occc5Cc34)c2cn1,0.00952965680005,0.25931530304888056
c1cnc2cc[nH]c2c1,0.0139634307,0.37996449814998
c1cc2cc3[nH]c4c([nH]c5ccCc54)c3cc2cn1,0.00753726560004,0.20509954914892847
c1cc2oc3c([nH]c4c3[nH]c3ccCc34)c2nn1,0.00981365710004,0.26704334881202846
c1cnc2c(c1)[nH]c1c3[nH]c4cccnc4c3Cc21,0.00905620100002,0.24643190789194422
c1ccc2c(c1)ccc1c2[nH]c2ccsc21,0.0079958744999,0.21757893936657888
c1cc2nnc3c(ccc4c5Cccc5Cc43)c2o1,0.00935330820005,0.2545166107548406
c1cc2oc3c(Cc4c5occc5Cc34)c2nn1,0.0104061641,0.28316629379074004
c1ccc2c(c1)[nH]c1c2[nH]c2c3ncccc3oc21,0.00810247840013,0.2204797807372975
c1cnc2c(c1)sc1ccCc12,0.0106024081,0.28850636777234
c1cnc2c(c1)Cc1c2oc2c3nnccc3Cc21,0.00939812500008,0.2557361386271769
c1ccc2c(c1)ccc1c3cnccc3ncc21,0.00507110470005,0.13799185843494058
c1cnc2c(c1)ccc1c2cnc2cccnc21,0.0124592010001,0.33903230209412116
c1cc2ncc3c4ncc5ccCc5c4Cc3c2[nH]1,0.0103312428,0.28112758032792
c1cc2sc3c(ccc4ccCc43)c2nn1,0.0103425096,0.28143416572944
c1cnc2c(c1)ncc1cc3ccncc3cc12,0.00625648059997,0.17024759619802365
c1cc2cc3oc4c(ncc5ccCc54)c3cc2[nH]1,0.00915534009994,0.24912962159550733
c1ccc2c(c1)cnc1ccCc12,0.00772884919991,0.21031280711843098
c1ccc2c(c1)ccc1c2[nH]c2c3Cccc3Cc12,0.00948313000004,0.25804924368308846
c1cc2sc3c4cnccc4oc3c2cn1,0.0101494799001,0.27618155735358113
c1cnc2c(c1)Cc1c2oc2c3occc3Cc21,0.0098734866001,0.26867139326996115
c1cnc2c(c1)[nH]c1c2Cc2c3ncccc3Cc12,0.00930914050002,0.2533147458022442
c1ccc2c(c1)Cc1c2ncc2c3[nH]ccc3Cc21,0.00990466889994,0.2695199073038273
c1cc2Cc3cc4c(cc3c2[nH]1)oc1ccCc14,0.0101151482999,0.2752473464478989
c1cc2ccc3cc4c(cc3c2o1)oc1ccCc14,0.00822462830001,0.22380365052289214
c1ccc2c(c1)[nH]c1c3oc4ccccc4c3Cc21,0.00903212050002,0.24577664377424424
c1ccc2c(c1)[nH]c1c3[nH]c4ccncc4c3Cc21,0.00901530969998,0.2453191983700358
c1cc2Cc3c(ccc4ccoc43)c2[nH]1,0.0100431122,0.27328714331908005
c1ccc2c(c1)[nH]c1c2oc2c3nnccc3Cc12,0.00881516289996,0.23987292373597155
c1cc2cc3Cc4c(nnc5ccoc54)c3cc2[nH]1,0.0107625885,0.2928651007089
c1cc2ccc3c(nnc4c5[nH]ccc5[nH]c34)c2[nH]1,0.00883891420006,0.24051922986351268
c1ccc2c(c1)oc1c3nnc4ccCc4c3oc21,0.0111172179001,0.3025150631667812
c1cc2[nH]c3c(oc4c5occc5oc34)c2cn1,0.00977068590009,0.265874042301709
c1cc2cnc3cc4c(cc3c2C1)oc1ccCc14,0.00863374640005,0.23493632679032056
c1ccc2c(c1)[nH]c1c3cc4[nH]ccc4cc3Cc21,0.00950506020001,0.2586459951265521
c1ccc2c(c1)nnc1cc3ccsc3cc12,0.00622226190012,0.16931645746892537
c1cc2[nH]c3c4[nH]c5ccCc5c4sc3c2C1,0.0105307351,0.28655604510014004
c1ccc2c(c1)[nH]c1c2oc2c3ncccc3Cc12,0.00852287329997,0.2319193145148037
c1cnc2c(c1)[nH]c1c3occc3Cc21,0.00997746299993,0.2715007366762952
c1cc2Cc3cc4c(cc3c2nn1)[nH]c1cc[nH]c14,0.00879246889997,0.23925538822464368
c1cnc2c(c1)nnc1ccCc12,0.0100513413,0.27351106865082003
c1cc2[nH]c3c4nnc5ccCc5c4Cc3c2cn1,0.01054321,0.28689550459400004
c1cc2[nH]c3c(ncc4ccCc43)c2o1,0.0101833151,0.27710226051214
c1cc2cnc3cc4c(cc3c2[nH]1)oc1cc[nH]c14,0.00890875990001,0.2424198291431321
c1cc2cc3oc4c(ccc5ccoc54)c3cc2[nH]1,0.0091233096,0.24825802684944004
c1cnc2c(c1)ccc1c2sc2ccCc21,0.0100184668,0.27261650748152
c1cc2[nH]c3c4[nH]c5ccCc5c4oc3c2nn1,0.00952955039998,0.25931240775401576
c1cc2cnc3c(oc4c5[nH]ccc5Cc34)c2[nH]1,0.0103958789,0.28288641909946005
c1cnc2cc3c(cc2c1)Cc1c3[nH]c2ccoc21,0.0084310909001,0.22942178691898116
c1cc2cnc3c4[nH]c5ccCc5c4Cc3c2C1,0.00894680100009,0.24345498073384902
c1cc2[nH]c3c4cc5Cccc5cc4[nH]c3c2cn1,0.0101756484,0.27689363887176005
c1cc2cc3Cc4c([nH]c5ccoc54)c3cc2o1,0.00934911989998,0.2544026412463158
c1cc2nnc3c(ncc4ccsc43)c2[nH]1,0.0114523127002,0.3116334618102223
c1cc2ncc3c(oc4c5[nH]ccc5Cc34)c2[nH]1,0.0113196515001,0.30802356482982113
c1cc2ncc3cc[nH]c3c2cn1,0.0107833754,0.29343074135956
c1cnc2c(c1)Cc1c3ncc4ccCc4c3oc21,0.00980054820002,0.26668663729002423
c1cc2Cc3c4[nH]c5ccoc5c4Cc3c2nn1,0.0095321924,0.25938430027336
c1cnc2c(c1)Cc1cc3ccsc3cc12,0.00938261409999,0.2553140653204679
c1cc2oc3c4oc5ccncc5c4Cc3c2cn1,0.00992164999991,0.269981986807551
c1cc2ccc3c4cnc5ccCc5c4[nH]c3c2o1,0.00876537930003,0.23851824228483634
c1cc2ncc3c([nH]c4c5Cccc5Cc34)c2nn1,0.0104847270001,0.28530410029052117
c1cc2nnc3cc[nH]c3c2[nH]1,0.0139584443,0.37982881122502
c1ccc2c(c1)oc1c2ccc2c3occc3Cc21,0.00929967080003,0.2530570620079364
c1cc2[nH]c3c4[nH]c5cc[nH]c5c4Cc3c2[nH]1,0.0111869354999,0.3044121766619789
c1cc2cnc3c(cnc4c5occc5Cc34)c2[nH]1,0.00864774460013,0.2353172374119775
c1cc2oc3c4sc5cc[nH]c5c4Cc3c2[nH]1,0.0121484030001,0.33057505339692117
c1cc2ncc3c4cnc5ccoc5c4[nH]c3c2[nH]1,0.0107837188001,0.2934400857570411
c1ccc2c(c1)[nH]c1c2oc2c3ncccc3oc12,0.00854597810007,0.23254802847224482
c1cc2cc3[nH]c4c5[nH]ccc5Cc4c3cc2nn1,0.00909641419992,0.2475261653597031
c1cc2ccc3c4nnc5ccCc5c4[nH]c3c2[nH]1,0.00875708550006,0.2382925563763327
c1cc2Cc3c4[nH]c5ccCc5c4sc3c2o1,0.0108832618998,0.2961487928602177
c1ccc2c(c1)[nH]c1c3ncc4ccoc4c3Cc21,0.00905686499993,0.2464499762590952
c1ccc2c(c1)ncc1ccncc12,0.00791553750014,0.21539285713130962
c1cnc2cc3c(cnc4cccnc43)cc2c1,0.00610448489999,0.16611158040758792
c1cnc2c(c1)ccc1c2[nH]c2c1[nH]c1ccCc12,0.00882819230003,0.24022747195303634
c1cc2nnc3c(cnc4ccsc43)c2o1,0.00962986279978,0.2620420485899335
c1cnc2c(c1)[nH]c1c3ccc4cc[nH]c4c3oc21,0.00964714129998,0.2625122207702758
c1cc2sc3c(oc4c5Cccc5Cc43)c2[nH]1,0.0119858871999,0.32615277095135886
c1cc2[nH]c3c(ccc4c5[nH]ccc5Cc43)c2[nH]1,0.0096294036,0.26202955312104
c1cc2ccc3c(oc4ccsc43)c2cn1,0.00871754140007,0.23721650605386482
c1cc2ccc3c(ccc4ccsc43)c2[nH]1,0.00934426269998,0.2542704700342358
c1cc2ncc3c([nH]c4c3oc3ccCc34)c2C1,0.00954354700002,0.25969327483634425
c1cc2oc3c4cnc5ccCc5c4ccc3c2[nH]1,0.00821722700005,0.2236022507891606
c1cc2ncc3c(ncc4c3[nH]c3ccCc34)c2o1,0.00976103089999,0.26561131623198786
c1cc2oc3c(cnc4c5occc5oc43)c2o1,0.0100841341,0.27440340664874
c1cc2cnc3c(oc4c5[nH]ccc5Cc34)c2cn1,0.00899016779999,0.24463505207264788
c1cc2[nH]c3c(oc4c5occc5Cc34)c2o1,0.0106809325,0.2906431266305
c1ccc2c(c1)Cc1c2[nH]c2c3occc3oc21,0.00939300499999,0.2555968162567279
c1cnc2c(c1)ncc1c2oc2c3occc3Cc12,0.0098049188,0.26680556743432
c1ccc2c(c1)ccc1cc3ccnnc3cc12,0.00615424709997,0.16746567953612365
c1cc2ccc3c4nnc5ccoc5c4Cc3c2[nH]1,0.0102501649,0.27892133715986
c1ccc2c(c1)Cc1c2cnc2c1[nH]c1ccoc12,0.00928042100008,0.25253324800157695
c1ccc2c(c1)Cc1c2[nH]c2c1oc1ccCc12,0.00966210910008,0.2629195155659169
c1cc2[nH]c3c(cnc4c5occc5Cc43)c2nn1,0.00955245840009,0.25993576650820904
c1cc2ccc3c4ncc5ccoc5c4oc3c2[nH]1,0.00943558259985,0.2567554123575583
c1cc2cnc3c(ccc4ccsc43)c2o1,0.0103858902,0.28261461258827997
c1cc2cnc3cc[nH]c3c2[nH]1,0.0122139241001,0.33235797425746116
c1ccc2c(c1)nnc1c2oc2c1oc1ccCc12,0.00961531750011,0.26164625062249325
c1cnc2c(c1)oc1c3oc4cccnc4c3Cc21,0.00946891319995,0.25766238464911945
c1cnc2c(c1)sc1c2ncc2ccsc21,0.00837857459987,0.22799274486690255
c1cc2oc3c(oc4c5[nH]ccc5Cc43)c2cn1,0.0101186607,0.27534292377198
c1cc2[nH]c3c(Cc4c5nnccc5Cc34)c2nn1,0.0101892980999,0.27726506631561887
c1cc2oc3c4cc5Cccc5cc4nnc3c2o1,0.008734624,0.2376813475136
c1cc2Cc3c(ncc4c3[nH]c3ccoc34)c2cn1,0.00950628660007,0.2586793671891448
c1cnc2c(c1)[nH]c1c3oc4cc[nH]c4c3Cc21,0.0101934682,0.27737854057748
c1cnc2c(c1)oc1c2ccc2c1[nH]c1ccoc12,0.00878446679997,0.23903763988070365
c1cc2sc3ccCc3c2[nH]1,0.0127753684,0.34763565967976
c1cnc2c(c1)Cc1c3ccc4ccCc4c3oc21,0.00949758089996,0.2584424729011715
c1ccc2c(c1)cnc1c3oc4cc[nH]c4c3Cc21,0.008901939,0.2422342229046
c1ccc2c(c1)Cc1c3nnc4cc[nH]c4c3Cc21,0.0106301121001,0.2892602324006612
c1cc2oc3c(nnc4c5Cccc5Cc43)c2cn1,0.0116929296,0.31818098451744004
c1cc2[nH]c3c4Cccc4Cc3c2nn1,0.0105970102999,0.28835948607469886
c1cc2ncc3c4nnc5ccCc5c4Cc3c2o1,0.0116513145,0.3170485793853
c1cc2cnc3c4cnc5ccCc5c4oc3c2o1,0.00918313759996,0.24988603048755154
c1cc2nnc3c4oc5ccCc5c4Cc3c2cn1,0.00991775130001,0.26987589772509213
c1cc2Cc3c4oc5ccCc5c4Cc3c2nn1,0.0102550292,0.27905370157288
c1ccc2c(c1)cnc1c2[nH]c2c1[nH]c1ccCc12,0.00836080519991,0.227509214616831
c1cc2ncc3c(Cc4c5occc5Cc34)c2[nH]1,0.0118818426,0.32332157172564
c1cc2cnc3c4nnc5ccCc5c4oc3c2[nH]1,0.0103986108001,0.28296075792584113
c1cc2ncc3c([nH]c4c5[nH]ccc5Cc34)c2nn1,0.00979622249997,0.2665689289356837
c1cc2ccc3c(ncc4ccsc43)c2[nH]1,0.0103678698,0.28212425227572
c1cc2Cc3c(oc4c3oc3ccCc34)c2cn1,0.0103178364,0.28076277341496003
c1cc2Cc3c(ccc4ccCc43)c2[nH]1,0.00982642899987,0.2673908900870625
c1cnc2c(c1)oc1cc3ccsc3cc12,0.00693922220012,0.18882595097634536
c1cc2oc3c(oc4c5[nH]ccc5Cc43)c2nn1,0.00985368800002,0.2681326456437443
c1cc2cnc3c(ccc4c3oc3ccCc34)c2o1,0.00911323930006,0.2479839998896527
c1cc2Cc3c(ccc4c5Cccc5Cc43)c2cn1,0.0100591946001,0.27372476794116113
c1cc2ccc3c(ccc4c5[nH]ccc5oc34)c2[nH]1,0.00853494259991,0.232247737063191
c1cc2ncc3c4oc5ccCc5c4Cc3c2C1,0.0106520092,0.28985608314488
c1cc2Cc3c([nH]c4c3oc3ccsc34)c2o1,0.0102160622,0.27799335494908
c1cc2nnc3c4cnc5ccCc5c4Cc3c2o1,0.0106288809001,0.28922672972498115
c1cc2nnc3c([nH]c4ccsc43)c2nn1,0.0102382851001,0.2785980711728611
c1cc2cc3Cc4c(ncc5ccCc54)c3cc2[nH]1,0.00979002079998,0.2664001719965758
c1cc2cc3ncc4c5occc5oc4c3cc2[nH]1,0.00716424910001,0.19494924796001215
c1ccc2c(c1)nnc1c2[nH]c2c3[nH]ccc3[nH]c12,0.00959564159996,0.2611108418331516
c1cc2Cc3c(ncc4c3[nH]c3ccCc34)c2[nH]1,0.0101535315999,0.2762918097775189
c1ccc2c(c1)Cc1cc3c(cc12)Cc1ccCc13,0.00972700859995,0.2646855218166794
c1ccc2c(c1)Cc1c2ncc2c3[nH]ccc3oc21,0.00958284490002,0.2607626257124042
c1ccc2cc3c(cc2c1)Cc1c3[nH]c2ccoc21,0.00842893879997,0.22936322526150368
c1cc2[nH]c3c4ccc5ccCc5c4cnc3c2o1,0.00766785430005,0.20865305050038058
c1cc2oc3c(oc4c5[nH]ccc5oc43)c2nn1,0.00995229370005,0.27081584478954057
c1ccc2c(c1)nnc1c3oc4ccCc4c3Cc21,0.00965702099995,0.26278106123803946
c1cc2ncc3c(Cc4c5Cccc5Cc34)c2C1,0.0114104293999,0.3104937585724389
c1cc2cc3oc4c([nH]c5ccCc54)c3cc2[nH]1,0.0095451162,0.25973597496468004
c1cc2nnc3c(Cc4c5[nH]ccc5Cc34)c2nn1,0.00935080229988,0.2544484217029546
c1cc2cnc3c(ncc4ccCc43)c2s1,0.0103662205,0.2820793725137
c1cc2oc3c(ncc4c3oc3ccCc34)c2[nH]1,0.0104297765999,0.28380882297051885
c1cc2Cc3c4ccc5ccCc5c4cnc3c2[nH]1,0.00786227879985,0.2139436133342383
c1cnc2c(c1)ccc1c3[nH]ccc3sc12,0.00929472789994,0.25292255877642733
c1ccc2c(c1)sc1c2cnc2ccoc21,0.00976037839996,0.26559356079267155
c1cc2nnc3c(cnc4c3oc3ccCc34)c2[nH]1,0.00907935249995,0.24706189261713946
c1cc2[nH]c3c(cnc4c3ncc3ccoc34)c2[nH]1,0.00898696859997,0.24454799736122368
c1ccc2c(c1)oc1c3ccc4cc[nH]c4c3oc21,0.00999436450002,0.27196065015584425
c1cnc2c(c1)[nH]c1c3ccc4ccCc4c3Cc21,0.00894049399994,0.24328335842996732
c1cc2ncc3c4nnc5ccCc5c4oc3c2[nH]1,0.0114054964999,0.3103595274573788
c1cnc2c(c1)Cc1c2nnc2c3[nH]ccc3[nH]c21,0.0091359825999,0.24860287691891889
c1cnc2c(c1)cnc1c2ncc2ccsc21,0.00745279869989,0.20280108654218676
c1cc2oc3c4cc5Cccc5cc4Cc3c2nn1,0.00937958700013,0.2552316936953375
c1cc2Cc3cc4c(cc3c2o1)[nH]c1ccCc14,0.0100492168999,0.27345326074993886
c1cc2Cc3c4cc5occc5cc4Cc3c2[nH]1,0.0103601595001,0.2819144442210212
c1cc2ccc3c(ccc4ccsc43)c2o1,0.00827950529992,0.2252969305182431
c1cc2Cc3c4ncc5ccCc5c4[nH]c3c2cn1,0.00985592929987,0.2681936345504825
c1cc2oc3c4ccc5ccoc5c4Cc3c2cn1,0.00975670579999,0.26549362420584793
c1cc2ncc3c(oc4c5Cccc5Cc34)c2cn1,0.0105861369,0.28806360564065997
c1cnc2c(c1)ncc1ccoc12,0.0111602456,0.30368590711984
c1cc2oc3c4ncc5ccCc5c4oc3c2o1,0.00983072600002,0.26750781747694424
c1cc2oc3c([nH]c4c5occc5Cc43)c2nn1,0.00973696040001,0.26495632422883214
c1ccc2c(c1)[nH]c1cc3c(cc12)Cc1cc[nH]c13,0.00900911170004,0.24515054211446846
c1cc2Cc3c(cnc4c5[nH]ccc5Cc43)c2cn1,0.00911544229996,0.24804394660113152
c1cc2sc3c(oc4c5Cccc5Cc43)c2C1,0.0112402295001,0.3058623810190212
c1cc2cc3Cc4c(oc5ccCc54)c3cc2o1,0.0101519766001,0.2762494960559611
c1cc2cc3Cc4c(ccc5ccCc54)c3cc2[nH]1,0.00964687960004,0.26250509954852846
c1cc2oc3c([nH]c4c3oc3ccCc34)c2cn1,0.00991732699993,0.26986435192589525
c1cc2ncc3c(oc4c5occc5Cc34)c2[nH]1,0.0113209943,0.30806010429502
c1cc2cnc3c([nH]c4c5[nH]ccc5oc34)c2cn1,0.00891261770005,0.24252480528314058
c1cc2Cc3c(ccc4c3nnc3ccoc34)c2[nH]1,0.00845518659992,0.23007746464506312
c1cnc2c(c1)ncc1c3ncccc3sc12,0.00715211900001,0.19461917095687212
c1ccc2c(c1)oc1c3Cccc3Cc21,0.0107770814,0.29325947280796
c1cc2Cc3cc4c(cc3c2cn1)oc1ccCc14,0.00988406950012,0.26895936879556537
c1cnc2c(c1)oc1c2oc2c3[nH]ccc3oc21,0.0098207571001,0.2672365497536612
c1cc2[nH]c3c4cnc5ccCc5c4nnc3c2[nH]1,0.00857786899985,0.2334158245025183
c1cc2[nH]c3cc4c(cc3c2cn1)[nH]c1ccoc14,0.00900406569997,0.2450132333881637
c1cc2[nH]c3c4cnc5ccoc5c4ccc3c2[nH]1,0.00831700449999,0.2263173362510279
c1cc2[nH]c3c(Cc4c5nnccc5Cc34)c2cn1,0.00980833679989,0.2668985759965268
c1cc2[nH]c3c(ccc4c3nnc3ccCc34)c2[nH]1,0.00823057359992,0.22396543045686312
c1cc2cc3[nH]c4c(cnc5ccoc54)c3cc2o1,0.0103500311001,0.28163883627726116
c1ccc2c(c1)[nH]c1c3cnc4ccCc4c3Cc21,0.00962572619994,0.26192948591704734
c1cc2Cc3c([nH]c4c5sccc5Cc43)c2[nH]1,0.0104707188998,0.28492292027001775
c1ccc2c(c1)nnc1c2nnc2cc[nH]c21,0.0103656114999,0.28206280076837886
c1cc2ccc3cc4c(cc3c2[nH]1)Cc1cc[nH]c14,0.00912138460001,0.2482056449047121
c1cc2[nH]c3c(ccc4ccCc43)c2o1,0.00974956489995,0.26529931031849946
c1cc2cc3ncc4c(oc5ccCc54)c3cc2o1,0.00886527240004,0.24123647338644846
c1cnc2c(c1)Cc1c2[nH]c2c3[nH]ccc3oc21,0.0096187286,0.26173907142603997
c1cc2[nH]c3c([nH]c4c5cnccc5oc43)c2cn1,0.00831252429998,0.2261954237364758
c1cnc2c(c1)Cc1c2ccc2c3occc3oc21,0.00906628589996,0.24670633213817153
c1cc2oc3c4sc5ccoc5c4Cc3c2[nH]1,0.0115062824,0.31310205289936
c1cc2cc3cc4oc5ccCc5c4cc3cc2[nH]1,0.00602979679991,0.16407921264107098
c1cc2oc3c4ccc5ccCc5c4[nH]c3c2cn1,0.00991655539997,0.2698433556107437
c1cc2[nH]c3c(cnc4c3oc3ccCc34)c2[nH]1,0.00988812930007,0.26906984163592484
c1cc2oc3c(ccc4c5occc5oc43)c2[nH]1,0.00969901039991,0.263923651596111
c1ccc2c(c1)nnc1c2[nH]c2ccsc21,0.00948081399997,0.2579862220787837
c1ccc2c(c1)Cc1c3nnc4ccCc4c3[nH]c21,0.0101835661,0.27710909057354
c1cc2ncc3c4[nH]c5ccoc5c4oc3c2[nH]1,0.0105994115,0.2884248260911
c1ccc2c(c1)[nH]c1c2[nH]c2c3occc3Cc12,0.00906585840005,0.24669469926712057
c1cc2[nH]c3c(Cc4c5[nH]ccc5Cc34)c2[nH]1,0.0118740571,0.32310971737094
c1cc2ccc3c(Cc4c5Cccc5Cc34)c2cn1,0.0101396455,0.2759139495587
c1cnc2c(c1)ncc1c3cnccc3ncc12,0.0103487590001,0.28160422065532115
c1ccc2c(c1)ccc1c3ncccc3cnc21,0.00686375689997,0.18677243450784367
c1cnc2c(c1)oc1c3ncc4ccCc4c3Cc21,0.0094310746,0.25663274337044
c1cc2[nH]c3c(Cc4c5Cccc5Cc34)c2s1,0.0114593289998,0.3118243851451577
c1cc2cnc3c(ccc4ccsc43)c2nn1,0.00635081320002,0.17281451831102423
c1ccc2c(c1)Cc1c3occc3oc21,0.0103349538,0.28122856183332
c1cc2oc3c(nnc4c3[nH]c3ccoc34)c2[nH]1,0.0104453766002,0.2842333208186823
c1cc2[nH]c3c4ncc5ccCc5c4nnc3c2[nH]1,0.00865976169996,0.23564423952229155
c1cc2cc3Cc4c(ncc5ccoc54)c3cc2o1,0.00939279419993,0.25559108009197523
c1cnc2c(c1)nnc1c2[nH]c2c1[nH]c1ccCc12,0.00935160659992,0.25447030783306307
c1cc2[nH]c3c4Cccc4Cc3c2cn1,0.0103546889001,0.28176558153618114
c1cc2Cc3c4oc5cc[nH]c5c4Cc3c2cn1,0.0106060229999,0.28860473425947886
c1cc2[nH]c3c(cnc4c5occc5Cc43)c2o1,0.00974818040004,0.26526163613764847
c1cc2ccc3c4cnc5cc[nH]c5c4Cc3c2[nH]1,0.0104304373001,0.28382680154794115
c1cc2cc3ccc4c([nH]c5ccoc54)c3cc2[nH]1,0.00616620159997,0.16779097821742367
c1cc2[nH]c3c4cc5Cccc5cc4nnc3c2o1,0.00876293099998,0.2384516206128558
c1cc2[nH]c3c(oc4ccCc43)c2o1,0.0107838877001,0.29344468176250116
c1cc2[nH]c3c(ccc4c5occc5Cc43)c2nn1,0.0101289347,0.27562249369558
c1cnc2c(c1)[nH]c1cc3c(cc12)Cc1ccoc13,0.00933018160003,0.2538873035910563
c1cc2Cc3c(nnc4c5[nH]ccc5[nH]c43)c2cn1,0.00956085769985,0.2601643232136983
c1cc2Cc3c(cnc4c3nnc3ccoc34)c2[nH]1,0.00926464149995,0.2521038657117394
c1cc2cc3oc4c([nH]c5ccoc54)c3cc2cn1,0.00862942129993,0.2348186347609152
c1ccc2c(c1)oc1c2nnc2ccsc21,0.00991732210014,0.2698642185957496
c1ccc2c(c1)sc1c3nnccc3oc21,0.0101252212,0.27552144416168
c1cnc2cc3cc4ccncc4cc3cc2c1,0.0052084015,0.14172789657710003
c1cc2cc3ccc4c5Cccc5Cc4c3cc2o1,0.00805179699989,0.21910066888280677
c1cc2oc3c4ncc5ccCc5c4oc3c2[nH]1,0.0099519785,0.2708072677549
c1cnc2c(c1)[nH]c1c2ncc2ccsc21,0.00889912440005,0.24215763369952056
c1ccc2c(c1)ccc1c3[nH]c4ccoc4c3oc21,0.0082655548,0.22491731788472
c1cnc2c(c1)cnc1c2ccc2ccsc21,0.00604293200013,0.1644366398283375
c1cc2oc3c([nH]c4c5occc5sc43)c2[nH]1,0.0105829617999,0.2879772067217989
c1ccc2c(c1)ccc1c3oc4cc[nH]c4c3Cc21,0.00923401290004,0.2512704186281485
c1cc2cc3[nH]ccc3cc2[nH]1,0.00743812909997,0.20240190619092366
c1cc2[nH]c3c4cnc5ccoc5c4Cc3c2[nH]1,0.0102415847999,0.27868786062399886
c1cnc2c(c1)[nH]c1c3ncccc3sc21,0.0115055391,0.31308182666574
c1cnc2c(c1)Cc1cc3c(cc12)oc1cc[nH]c13,0.00888805060004,0.24185630009792847
c1cc2Cc3c4ncc5ccCc5c4cnc3c2o1,0.00797744219994,0.21707737067944732
c1cc2[nH]c3c4cc5Cccc5cc4cnc3c2[nH]1,0.00791635719997,0.21541516231126365
c1cnc2c(c1)cnc1c2cnc2cccnc21,0.00757763319996,0.20619800805739155
c1cc2oc3c4ncc5ccCc5c4Cc3c2[nH]1,0.00983187470001,0.26753907521185216
c1cc2Cc3c4cc5[nH]ccc5cc4oc3c2nn1,0.00996836900003,0.27125327620741635
c1cc2ccc3c([nH]c4c5occc5oc34)c2o1,0.00960146859995,0.26126940266067944
c1cc2cc3cc4Cc5cc[nH]c5c4cc3cc2[nH]1,0.00773009910006,0.2103468186513727
c1cc2Cc3c([nH]c4c5Cccc5Cc43)c2s1,0.0104092932997,0.2832514436954566
c1ccc2cc3cc4cnccc4cc3cc2c1,0.00463435550012,0.12610730125596536
c1ccc2c(c1)ncc1c3ccccc3ncc21,0.00559832689999,0.1523383126063879
c1cc2Cc3c4ccc5ccoc5c4ccc3c2[nH]1,0.00822151770001,0.22371900674205214
c1cc2[nH]c3c4nnc5ccoc5c4Cc3c2[nH]1,0.0102977488999,0.2802161644147389
c1cnc2c(c1)Cc1c2[nH]c2c3occc3oc21,0.00938823060005,0.25546689815020057
c1cc2Cc3c(cnc4c5occc5Cc43)c2[nH]1,0.0103986537,0.28296192529218
c1cc2sccc2o1,0.0136384529001,0.37112139724578114
c1cc2sc3c4cnccc4[nH]c3c2cn1,0.0102312117,0.27840559405338
c1ccc2c(c1)oc1c2nnc2c1[nH]c1ccCc12,0.0101982109999,0.2775075988026789
c1cc2Cc3c(ccc4c5occc5Cc43)c2nn1,0.00953847469998,0.2595552504510358
c1ccc2c(c1)sc1cc3ccnnc3cc12,0.0045342814999,0.12338414760637886
c1cnc2c(c1)nnc1c2Cc2c3[nH]ccc3Cc12,0.00958070460001,0.26070438515271216
c1cc2cc3Cc4c5Cccc5Cc4c3cc2o1,0.0109500369999,0.29796583681907884
c1cc2Cc3c4ncc5ccoc5c4cnc3c2[nH]1,0.00804414970003,0.21889257514739635
c1cc2Cc3c4[nH]c5ccnnc5c4Cc3c2cn1,0.00995656750001,0.27093214086977213
c1ccc2c(c1)oc1c3ccc4ccCc4c3Cc21,0.00927078239999,0.2522709681990879
c1cnc2cc3c(ccc4ccncc43)cc2c1,0.00595642580004,0.16208268501520845
c1cc2[nH]c3cc4c(cc3c2nn1)[nH]c1ccoc14,0.00839686539996,0.22849046314447158
c1cc2oc3c4ccc5ccCc5c4oc3c2o1,0.00983477,0.267617860378
c1cc2cnc3c(cnc4c3[nH]c3ccCc34)c2C1,0.00819604870003,0.22302595959599636
c1cc2Cc3c4ccc5ccCc5c4cnc3c2o1,0.00787469570002,0.21428149457152423
c1cc2Cc3c(cnc4c3ncc3ccoc34)c2o1,0.00960757109999,0.26143546023026787
c1cc2Cc3c(nnc4c5occc5Cc43)c2cn1,0.0113880859,0.30988576065926005
c1cnc2c(c1)sc1c3occc3sc21,0.0103033115001,0.2803675305538212
c1cc2Cc3c(nnc4c5[nH]ccc5Cc43)c2cn1,0.0107101438,0.29143800699932004
c1ccc2c(c1)nnc1c3sccc3sc21,0.00970231859992,0.2640136723498631
c1cnc2c(c1)nnc1c2Cc2c3occc3Cc12,0.0099308046,0.27023109629244
c1ccc2c(c1)Cc1c2oc2ccCc21,0.0104453812,0.28423344598568
c1cc2cc3oc4c(ccc5ccCc54)c3cc2o1,0.00930255540004,0.2531355560126485
c1cc2[nH]c3c4[nH]c5ccoc5c4Cc3c2o1,0.0104992159,0.28569836354126005
c1cc2ncc3c(ccc4c5occc5oc34)c2[nH]1,0.00844661229996,0.22984414593913158
c1ccc2c(c1)ccc1c2Cc2c3Cccc3Cc12,0.0100399512,0.27320112808367997
c1cc2nnc3cc4ccCc4cc3c2s1,0.00945779520009,0.257359848307729
c1cc2oc3c4nnc5ccCc5c4Cc3c2cn1,0.0113349588001,0.3084400978930411
c1cc2ccc3c4[nH]ccc4sc3c2nn1,0.00953756009994,0.25953036290350734
c1cc2[nH]c3c4ccc5ccCc5c4oc3c2cn1,0.00969393059995,0.26378542312747943
c1cc2sc3c(oc4ccsc43)c2s1,0.0117437838001,0.3195647984980412
c1cc2ncc3c4[nH]c5cc[nH]c5c4oc3c2cn1,0.00983696369997,0.26767755402536364
c1cc2ncc3c(ncc4ccsc43)c2[nH]1,0.00976412390003,0.26569548109327634
c1cc2ccc3c(nnc4ccsc43)c2o1,0.00934681069998,0.2543398046814358
c1cc2nnc3c(ccc4c3oc3ccCc34)c2C1,0.00872576360007,0.2374402436269448
c1cc2ccc3c4cnc5ccoc5c4Cc3c2[nH]1,0.0100640081999,0.2738557527307589
c1cc2cc3[nH]c4c(nnc5ccCc54)c3cc2[nH]1,0.0089291406,0.24297441652284
c1cnc2c(c1)sc1c2ccc2ccoc21,0.00972391669984,0.2646013868860262
c1cc2cc3nnc4c5Cccc5Cc4c3cc2[nH]1,0.00773839659996,0.21057260524015156
c1cc2oc3c([nH]c4c5Cccc5Cc43)c2nn1,0.0103674856,0.28211379765584
c1cc2Cc3cc4c(cc3c2cn1)oc1ccoc14,0.00944677099983,0.2570598643847741
c1cnc2c(c1)[nH]c1c3[nH]c4ccncc4c3Cc21,0.00914823800008,0.24893636351537693
c1ccc2c(c1)ccc1c3[nH]ccc3sc21,0.00876722089993,0.2385683547963552
c1cc2ccc3c4[nH]c5ccoc5c4Cc3c2o1,0.0094778304001,0.2579050341492811
c1cnc2c(c1)Cc1c3[nH]c4ccncc4c3oc21,0.00874761960006,0.2380349759850727
c1cc2[nH]c3c4ccc5ccoc5c4ccc3c2[nH]1,0.00811011580004,0.2206876050812085
c1ccc2c(c1)ccc1c2Cc2c3[nH]ccc3Cc12,0.00947004930003,0.25769329952283637
c1cnc2c(c1)Cc1c2nnc2c3[nH]ccc3Cc21,0.0101415998,0.27596712879772
c1cc2sc3c(ccc4cc[nH]c43)c2cn1,0.00902634770011,0.24561955780677328
c1cc2Cc3c4ncc5ccCc5c4Cc3c2nn1,0.0101239407001,0.27548659996670116
c1cnc2c(c1)oc1c3ncc4ccCc4c3[nH]c21,0.0100604196,0.27375810190344
c1ccc2c(c1)Cc1c3cc4[nH]ccc4cc3Cc21,0.010133611,0.2757497423654
c1cnc2c(c1)Cc1cccnc12,0.00961797629998,0.2617186002892758
c1cc2oc3c(nnc4c5occc5oc43)c2o1,0.0109366014001,0.2976002353386812
c1cc2oc3cc4c(ccc5ccCc54)cc3c2o1,0.00742801950003,0.20212680982311634
c1ccc2c(c1)oc1c3[nH]c4ccoc4c3Cc21,0.0095214413999,0.2590917505092389
c1cc2ccc3c4nnc5ccCc5c4oc3c2C1,0.0103936823001,0.28282664654094114
c1cc2cc3nnc4ccncc4c3cc2cn1,0.00683933520008,0.18610788586345692
c1cc2ncc3c4ncc5ccCc5c4Cc3c2o1,0.0101753676,0.27688599791064
c1ccc2c(c1)ccc1ccsc12,0.00702598700002,0.19118694265234423
c1cc2oc3c4ccc5ccCc5c4nnc3c2o1,0.00838012019994,0.22803480280864732
c1cc2nnc3ccoc3c2[nH]1,0.0134845652999,0.36693390020169886
c1cnc2c(c1)[nH]c1c3Cccc3Cc21,0.0103423707,0.28143038606598003
c1cnc2c(c1)oc1c2cnc2c3[nH]ccc3Cc21,0.00847481769995,0.23061165436041944
c1ccc2c(c1)cnc1c2[nH]c2c3[nH]ccc3Cc12,0.00895196269994,0.24359543781314735
c1ccc2c(c1)ccc1c2oc2c3[nH]ccc3Cc12,0.00919808399999,0.2502927429573279
c1cc2sc3c(ccc4ccsc43)c2nn1,0.00702098580018,0.19105085300301805
c1cc2cnc3c(cnc4c5Cccc5Cc34)c2o1,0.00898321980003,0.24444598726653632
c1cc2Cc3c([nH]c4c5[nH]ccc5oc43)c2nn1,0.00989715499998,0.26931544356645576
c1cc2oc3c4cnc5ccCc5c4cnc3c2o1,0.00810417860009,0.22052604555848904
c1ccc2c(c1)oc1c3cnc4ccoc4c3[nH]c21,0.0101771022,0.27693319880508
c1ccc2c(c1)Cc1c2ncc2c3Cccc3Cc21,0.0108277421999,0.2946380240983589
c1ccc2c(c1)Cc1c2[nH]c2c3nnccc3[nH]c21,0.00842384560008,0.22922463216201694
c1cc2[nH]c3c4sc5ccCc5c4Cc3c2[nH]1,0.0107458779,0.29241038188806
c1ccc2c(c1)Cc1cc[nH]c12,0.0100114729,0.27242619367106
c1ccc2c(c1)Cc1c2ncc2c3occc3Cc21,0.0100921547,0.27462165840358
c1ccc2c(c1)[nH]c1c3nnc4ccCc4c3Cc21,0.0102264232,0.27827529226448
c1ccc2c(c1)[nH]c1c3cnc4cc[nH]c4c3oc21,0.0104419551,0.28414021700814
c1cc2cc3Cc4c5occc5oc4c3cc2[nH]1,0.0106120472,0.28876866117808003
c1cc2ncc3c(ccc4c5[nH]ccc5oc34)c2[nH]1,0.00861252930008,0.2343589797961969
c1cc2nnc3c(ccc4c5Cccc5Cc43)c2[nH]1,0.00972042720002,0.26450643271062424
c1cnc2c(c1)ccc1c2[nH]c2c3[nH]ccc3oc12,0.00934966729994,0.25441753676558737
c1cnc2c(c1)Cc1c2ccc2ccsc21,0.0088434493,0.24064263628202
c1cc2oc3c4ncc5ccCc5c4cnc3c2o1,0.00807299789994,0.2196775750544273
c1ccc2cc3c(cc2c1)nnc1ccnnc13,0.0104642735998,0.2847475346335977
c1ccc2c(c1)ncc1c3sccc3sc21,0.00984005989994,0.2677618059612273
c1ccc2c(c1)Cc1c2[nH]c2c3[nH]ccc3Cc21,0.00967040519993,0.2631452640573752
c1cc2oc3c(oc4c3sc3ccCc34)c2C1,0.0109184312003,0.2971057987638434
c1cc2ncc3ccCc3c2cn1,0.00958875229992,0.26092337433404306
c1cc2ncc3c([nH]c4c5occc5Cc34)c2[nH]1,0.0106967893,0.29107461235802
c1cc2cc3sccc3cc2o1,0.00874449799983,0.23795003287257407
c1cnc2c(c1)[nH]c1c2cnc2c3[nH]ccc3Cc21,0.00848888950009,0.23099456774274904
c1cc2oc3c(ccc4c3[nH]c3ccCc34)c2o1,0.00996111360007,0.2710558466169448
c1cc2[nH]c3cc[nH]c3c2nn1,0.0110364582998,0.30031748137917774
c1cc2ncc3c([nH]c4c3[nH]c3ccCc34)c2cn1,0.00927651380005,0.2524269276186806
c1cc2cc3oc4c5occc5Cc4c3cc2nn1,0.00916481599995,0.24938747410103942
c1cc2cc3Cc4c5[nH]ccc5[nH]c4c3cc2cn1,0.00884076110003,0.24056948659735636
c1ccc2c(c1)Cc1c3cc4[nH]ccc4cc3[nH]c21,0.00894571779997,0.2434255053421037
c1ccc2c(c1)ccc1c2oc2c3occc3Cc12,0.00900704850005,0.24509439955426057
c1ccc2c(c1)[nH]c1c3[nH]c4cc[nH]c4c3Cc21,0.00974641519997,0.2652136025724637
c1cc2cnc3c4[nH]c5ccoc5c4oc3c2[nH]1,0.00960725950006,0.2614269811599327
c1cnc2c(c1)sc1ccoc12,0.00947656360006,0.2578705627466727
c1ccc2c(c1)Cc1c3ncc4cc[nH]c4c3oc21,0.00974344399992,0.2651327520594231
c1cc2oc3c4cc5Cccc5cc4ccc3c2o1,0.00808546400003,0.22001679509041638
c1ccc2c(c1)ccc1c3[nH]c4ccCc4c3Cc21,0.00847539659992,0.23062740703906312
c1cc2Cc3c4cc5Cccc5cc4[nH]c3c2nn1,0.0100064837,0.27229043055418
c1cnc2c(c1)[nH]c1c3ccc4ccoc4c3[nH]c21,0.0104453067,0.28423141873638
c1cc2Cc3c4[nH]c5ccCc5c4oc3c2s1,0.0106106830999,0.2887315421046189
c1ccc2c(c1)cnc1c2cnc2ccsc21,0.00897339569997,0.24417865975016367
c1cc2ncc3cc4c(cc3c2C1)oc1ccCc14,0.0084508612,0.22995976445768
c1cnc2c(c1)[nH]c1ccoc12,0.0099389456999,0.2704526270182589
c1cnc2c(c1)ncc1c2oc2c3[nH]ccc3Cc12,0.00958082429997,0.2607076423562037
c1cc2ncc3c(oc4c5occc5oc34)c2o1,0.0105108911999,0.2860160647969589
c1cc2cnc3c4[nH]c5ccCc5c4oc3c2cn1,0.00849184900017,0.23107509988322597
c1cc2sc3c([nH]c4c5Cccc5Cc43)c2o1,0.0105640643001,0.28746297929574116
c1cc2ccc3c(ncc4ccsc43)c2o1,0.00973260349997,0.26483776687908367
c1cc2Cc3c4cnc5ccCc5c4oc3c2[nH]1,0.0104978226999,0.2856604526160589
c1cc2ccc3c(cnc4ccCc43)c2s1,0.00815000720002,0.22177310592262423
c1cc2cnc3c(cnc4c5[nH]ccc5[nH]c34)c2[nH]1,0.00847093910011,0.23050611222873327
c1cc2oc3c4cnc5ccCc5c4Cc3c2cn1,0.0102560616999,0.27908179734065885
c1cc2cc3oc4ccsc4c3cc2s1,0.00969360620002,0.2637765957512242
c1cnc2c(c1)Cc1c2[nH]c2c3ncccc3Cc21,0.00826538979993,0.22491282800181522
c1ccc2c(c1)Cc1ccoc12,0.0103864478,0.28262978566492003
c1ccc2c(c1)[nH]c1c2oc2c1oc1ccCc12,0.0098074348,0.26687403131672005
c1ccc2c(c1)Cc1c3cnc4ccCc4c3oc21,0.010093006,0.2746448234684
c1cc2Cc3c4cnc5cc[nH]c5c4[nH]c3c2nn1,0.0104366807001,0.28399669320270116
c1cc2cnc3cc4c(cc3c2o1)Cc1ccCc14,0.00945562879997,0.2573008975275037
c1cc2[nH]c3c4cc5[nH]ccc5cc4oc3c2nn1,0.00978585730002,0.26628687733376427
c1ccc2c(c1)[nH]c1c3nnc4cc[nH]c4c3[nH]c21,0.0109472334,0.29788954694076003
c1cc2cc3oc4ccCc4c3cc2o1,0.0109743733,0.29862806161562
c1cnc2cc3c(cc2c1)oc1c2[nH]ccc2Cc31,0.0092703496,0.25225919110544
c1cc2[nH]c3c(oc4c3oc3ccsc34)c2o1,0.0105021907002,0.2857793120194223
c1cc2cc3oc4ccoc4c3cc2[nH]1,0.0105538971,0.28718631554693996
c1cc2oc3cc4c(cc3c2[nH]1)Cc1ccCc14,0.0103162938,0.28072079710931996
c1cc2sc3ccsc3c2o1,0.012347354,0.3359887886356
c1cc2cc3Cccc3cc2C1,0.0105420758,0.28686464142412
c1cc2oc3c(oc4c5cnccc5Cc43)c2cn1,0.00962142989988,0.26181257757759463
c1ccc2c(c1)[nH]c1c2[nH]c2ccoc21,0.00963863890001,0.2622808585637321
c1cc2ccc3c4occc4sc3c2cn1,0.00882119380026,0.24003703297639498
c1ccc2c(c1)oc1c2[nH]c2c3cnccc3oc21,0.00850364090002,0.23139597398680423
c1cc2cc3[nH]c4ccoc4c3cc2o1,0.00966488029997,0.26299492379460365
c1cc2oc3c4[nH]c5ccCc5c4oc3c2cn1,0.00953794320003,0.25954078759329635
c1cc2[nH]c3c4ncc5ccoc5c4Cc3c2cn1,0.00922926600003,0.25114124883321637
c1cc2oc3cc4c(cc3c2nn1)Cc1ccCc14,0.0101533994999,0.27628821515157886
c1ccc2c(c1)cnc1c2oc2c3[nH]ccc3Cc12,0.00892090589991,0.242750338804811
c1cnc2c(c1)oc1c3[nH]c4cc[nH]c4c3Cc21,0.00952867779995,0.2592886630855594
c1cc2[nH]c3c(Cc4c5occc5Cc34)c2[nH]1,0.0113271565,0.3082277863841
c1ccc2c(c1)oc1c2ccc2c1[nH]c1ccCc12,0.00923020820005,0.25116688741484056
c1cc2ncc3c(ccc4c5occc5Cc34)c2[nH]1,0.00849499150002,0.23116061170364424
c1cnc2c(c1)nnc1c2oc2ccsc21,0.0101383394001,0.27587840875188113
c1cc2Cc3c(cnc4c3ncc3ccCc34)c2C1,0.00989727259991,0.269318643625191
c1ccc2c(c1)sc1c2ccc2ccsc21,0.00684238560007,0.18619089151774482
c1cc2nnc3c4[nH]c5ccCc5c4Cc3c2C1,0.00995549089987,0.27090284507272255
c1cc2[nH]c3c4[nH]ccc4Cc3c2cn1,0.0103114046001,0.28058775513516115
c1cc2oc3c4nnc5ccCc5c4Cc3c2[nH]1,0.0108287362,0.29466507223268
c1cc2sc3c4occc4sc3c2nn1,0.0104877197998,0.2853855385602777
c1ccc2c(c1)nnc1c2nnc2cc[nH]c21,0.0103656114999,0.28206280076837886
c1cc2oc3c(ncc4c5[nH]ccc5Cc43)c2cn1,0.00991163790013,0.26970954355559745
c1ccc2c(c1)oc1c3[nH]c4ccoc4c3oc21,0.00947021830007,0.2576978982505248
c1ccc2c(c1)[nH]c1c2cnc2c1oc1ccCc12,0.00963912710006,0.2622941431705727
c1cc2cnc3c4ccc5ccoc5c4oc3c2[nH]1,0.00942761589988,0.25653862729799465
c1cc2sc3c([nH]c4c5[nH]ccc5Cc43)c2[nH]1,0.0112145096,0.30516250652944005
c1cc2ccc3c4[nH]c5cc[nH]c5c4oc3c2[nH]1,0.0103360268999,0.28125776238393885
c1ccc2c(c1)Cc1c3ccc4ccCc4c3Cc21,0.00944423380008,0.2569908236274969
c1ccc2c(c1)[nH]c1c3cnc4ccoc4c3oc21,0.0103242097,0.28093619983058
c1cnc2c(c1)oc1c3ccc4cc[nH]c4c3oc21,0.00976913730005,0.2658319027265806
c1ccc2c(c1)ccc1c3nnccc3sc21,0.00750991979999,0.2043554316454479
c1cc2oc3c4[nH]c5ccCc5c4oc3c2nn1,0.00942842100017,0.25656053520402594
c1ccc2c(c1)ncc1ccoc12,0.00834429849988,0.22706004419963466
c1cc2cnc3c4nnc5ccCc5c4[nH]c3c2o1,0.00955272499993,0.2599430210630952
c1cc2ncc3c([nH]c4c5[nH]ccc5[nH]c34)c2cn1,0.00978769789992,0.26633696263388307
c1ccc2c(c1)ncc1c3ncccc3sc21,0.00645852750017,0.17574557521812595
c1cc2Cc3c(oc4c5occc5Cc43)c2cn1,0.0102420902,0.27870161326828
c1cc2[nH]c3c4[nH]c5ccCc5c4oc3c2C1,0.0101429044,0.27600262879016
c1cc2nnc3c(Cc4c5Cccc5Cc34)c2cn1,0.0106540403001,0.28991135222214115
c1cc2Cc3c(cnc4c3ncc3cc[nH]c34)c2[nH]1,0.00974327070014,0.2651280363297896
c1cc2Cc3c4nnc5ccoc5c4Cc3c2cn1,0.0110995950999,0.3020355221014189
c1cc2cnc3c(ccc4c5occc5Cc43)c2o1,0.00859708219991,0.233938642574631
c1cc2oc3c4[nH]c5ccsc5c4oc3c2o1,0.0106206383,0.28900243703662004
c1cc2cc3Cc4c(ccc5cc[nH]c54)c3cc2[nH]1,0.00996008219988,0.2710277807738146
c1cnc2c(c1)[nH]c1c2ncc2c3[nH]ccc3Cc21,0.00996130080011,0.2710609405921133
c1cc2ccc3c([nH]c4c3oc3ccCc34)c2C1,0.00915688049997,0.2491715380368837
c1cc2Cc3c(oc4c3oc3ccsc34)c2[nH]1,0.0112389558999,0.3058277245745389
c1cc2nnc3c4ccc5ccCc5c4[nH]c3c2o1,0.0103865286002,0.2826319843514823
c1cc2nnc3c(nnc4ccsc43)c2[nH]1,0.0115777366998,0.31504642443293773
c1cc2ccc3c(cnc4ccsc43)c2cn1,0.00937859910005,0.25520481155110053
c1ccc2c(c1)Cc1c2[nH]c2ccCc21,0.00950478650009,0.258638547368549
c1cc2nnc3c4ncc5ccCc5c4[nH]c3c2o1,0.0108047901,0.29401346532714
c1ccc2c(c1)[nH]c1c3cc4Cccc4cc3oc21,0.00970185139988,0.2640009591826946
c1cnc2c(c1)ncc1c2[nH]c2c1[nH]c1ccCc12,0.00922495459997,0.2510239296016237
c1cc2oc3c4oc5ccCc5c4Cc3c2[nH]1,0.0115888923,0.31534998393222
c1cc2Cc3c4cc5[nH]ccc5cc4Cc3c2cn1,0.0103386749,0.28132981817386005
c1ccc2cc3c(cc2c1)[nH]c1c2occc2Cc31,0.00794512449988,0.21619796081603462
c1cc2oc3c(nnc4c5occc5oc43)c2[nH]1,0.0106861201999,0.2907842912075589
c1ccc2c(c1)nnc1c2oc2c3Cccc3Cc12,0.0103099278,0.28054756933692004
c1cc2cnc3c(ccc4ccCc43)c2s1,0.00915544639997,0.24913251416814364
c1cc2[nH]c3c(cnc4c5occc5Cc43)c2cn1,0.00968212860005,0.26346427418740054
c1cc2nnc3c(ccc4c3[nH]c3ccoc34)c2[nH]1,0.00902444380006,0.24556775002095269
c1cc2nnc3cc4c(cc3c2[nH]1)oc1ccCc14,0.00951309900017,0.25886474213322597
c1cc2cnc3cc4ccsc4cc3c2[nH]1,0.00630739979999,0.1716331789174479
c1cnc2c(c1)[nH]c1c3cnc4ccoc4c3Cc21,0.00993564250007,0.27036274232640484
c1cc2[nH]c3cc4c(cc3c2o1)Cc1ccoc14,0.00978257209999,0.2661974824416679
c1cc2Cc3c4[nH]c5ccsc5c4Cc3c2o1,0.0111132002,0.30240573592228
c1cc2[nH]c3c(ccc4c3ncc3ccoc34)c2[nH]1,0.00836194239992,0.2275401594211831
c1cnc2c(c1)oc1c2[nH]c2c3occc3oc21,0.00940638789996,0.25596098370097153
c1cc2cnc3c(Cc4c5Cccc5Cc34)c2o1,0.0106769091,0.29053364428374
c1ccc2c(c1)Cc1cc3c(cc12)[nH]c1cc[nH]c13,0.00876640400008,0.23854612580777693
c1cnc2c(c1)ccc1c2oc2c3[nH]ccc3Cc12,0.00918560010007,0.2499530385630448
c1ccc2c(c1)oc1c3cnc4ccoc4c3Cc21,0.0103829532001,0.2825346927092011
c1cc2nnc3ccsc3c2o1,0.0123908624,0.33717271311136
c1cc2nnc3c4cnc5ccCc5c4oc3c2[nH]1,0.0101850432001,0.27714928453520116
c1cc2sc3c(Cc4c5Cccc5Cc34)c2[nH]1,0.0127144298999,0.34597743777813883
c1cc2ccc3cc4c(cc3c2[nH]1)oc1ccoc14,0.00753744630003,0.20510446624863635
c1cnc2c(c1)Cc1c2[nH]c2c3nnccc3[nH]c21,0.00835916710014,0.22746463962874958
c1cc2cnc3c(ccc4c5Cccc5Cc43)c2[nH]1,0.0097666019999,0.26576291366007887
c1cc2Cc3cc4ccsc4cc3c2nn1,0.00975897640001,0.2655554104112321
c1cc2ccc3c([nH]c4c5[nH]ccc5oc34)c2cn1,0.00915668519997,0.24916622365046368
c1cc2nnc3c4[nH]c5cc[nH]c5c4oc3c2[nH]1,0.0107929899,0.29369236536486
c1cc2ccc3cc4ccsc4cc3c2o1,0.00509837599998,0.13873394868585578
c1cnc2c(c1)oc1cccnc12,0.0100645138,0.27386951081731997
c1cnc2c(c1)oc1c3cc4Cccc4cc3Cc21,0.00909077710003,0.24737277197975635
c1cc2ccc3c4nnc5ccCc5c4oc3c2o1,0.0104142908999,0.2833874353935389
c1cc2Cc3cc4cc5ccCc5cc4cc3c2[nH]1,0.00853078030002,0.23213447505596424
c1cnc2c(c1)oc1c3nnc4ccCc4c3Cc21,0.0110612064001,0.30099091183568116
c1cc2oc3c(ccc4ccCc43)c2[nH]1,0.0098665754,0.26848332983956
c1cc2oc3c([nH]c4c3[nH]c3ccsc34)c2[nH]1,0.0103635944001,0.28200791265888114
c1cc2oc3c4oc5ccoc5c4Cc3c2cn1,0.0102476197001,0.27885207870730117
c1cc2ncc3c(ncc4ccsc43)c2cn1,0.00833402180001,0.2267804008087921
c1cnc2c(c1)ncc1c2cnc2ccsc21,0.00846314809996,0.23029410820725157
c1cnc2c(c1)cnc1c2sc2ccCc21,0.00965098589995,0.26261683771789945
c1ccc2c(c1)[nH]c1c3ncc4ccCc4c3Cc21,0.00891608040001,0.24261903019683215
c1cc2Cc3c(cnc4c5Cccc5Cc43)c2nn1,0.0100639126001,0.2738531513263612
c1ccc2c(c1)sc1c3occc3sc21,0.0100577252999,0.2736847862256989
c1cnc2c(c1)[nH]c1c3cc4[nH]ccc4cc3Cc21,0.00952793890008,0.2592685565856369
c1cc2ncc3c4[nH]c5ccCc5c4oc3c2o1,0.00977723230005,0.2660521790095806
c1ccc2c(c1)oc1c3ncccc3sc21,0.00992742150015,0.2701390374091817
c1cc2[nH]c3c4cnc5cc[nH]c5c4Cc3c2nn1,0.0105300946999,0.28653861891685883
c1ccc2c(c1)Cc1c3occc3Cc21,0.0107089852,0.29140647987128
c1ccc2c(c1)ccc1c3cnccc3sc21,0.00671671069995,0.18277110154061943
c1cc2Cc3cc4c(cc3c2o1)ncc1ccCc14,0.00860630599993,0.2341896350864952
c1cc2oc3c([nH]c4c5Cccc5Cc43)c2cn1,0.0101337482999,0.2757534784878989
c1cc2cc3[nH]c4c(nnc5cc[nH]c54)c3cc2[nH]1,0.00722909959995,0.19671392085407946
c1cnc2c(c1)[nH]c1cc3c(cc12)[nH]c1ccCc13,0.0080083209001,0.21791762334098116
c1cc2nnc3ccCc3c2[nH]1,0.0129345185,0.35196635671090004
c1cnc2c(c1)[nH]c1c2[nH]c2c3nnccc3Cc21,0.00833261729997,0.22674218239640367
c1cnc2c(c1)[nH]c1c3sccc3sc21,0.010554896,0.2872134970144
c1cnc2c(c1)oc1c2ccc2c3[nH]ccc3Cc21,0.00886932169999,0.24134666050710787
c1ccc2c(c1)Cc1c3nnc4ccCc4c3Cc21,0.0109365790001,0.29759962580332117
c1cc2Cc3cc4c(cnc5ccCc54)cc3c2[nH]1,0.00857660249994,0.23338136126686732
c1cc2nnc3cc4c(cc3c2[nH]1)oc1cc[nH]c14,0.00877016959998,0.23864859305289576
c1cc2oc3cc4c(cc3c2cn1)oc1ccCc14,0.010089602,0.2745521958628
c1cc2oc3c4ncc5ccoc5c4Cc3c2cn1,0.00969333209991,0.263769137103491
c1ccc2c(c1)[nH]c1c3ccc4cc[nH]c4c3Cc21,0.00935581409999,0.2545847998004679
c1cnc2c(c1)Cc1c2[nH]c2c1oc1ccCc12,0.00973570539998,0.26492217392101575
c1cc2oc3c(sc4c5Cccc5Cc34)c2o1,0.0115326979003,0.3138208556442234
c1cc2Cc3c4cnc5ccoc5c4cnc3c2[nH]1,0.00815356049998,0.2218697961891558
c1cc2Cc3c(Cc4c5occc5Cc43)c2cn1,0.0108752361,0.29593039961154
c1cc2[nH]c3c(oc4c3oc3ccCc34)c2o1,0.0106273323,0.28918459014822
c1cc2nnc3c(cnc4c3[nH]c3ccCc34)c2[nH]1,0.00903927060017,0.24597120800946598
c1cc2oc3c4[nH]c5ccsc5c4Cc3c2o1,0.0107356155002,0.2921311276221423
c1cc2[nH]ccc2cn1,0.0132112246999,0.35949591979885887
c1cc2ccc3c(nnc4c5Cccc5Cc34)c2C1,0.00920015150007,0.25034900252900477
c1cc2ncc3c4oc5ccoc5c4Cc3c2o1,0.0108231242,0.29451236185588
c1cc2cnc3c4[nH]c5cc[nH]c5c4Cc3c2[nH]1,0.00970894069997,0.26419386896316366
c1cc2oc3c4[nH]ccc4oc3c2[nH]1,0.0121169354999,0.3297187786619789
c1cc2cnc3c4[nH]c5ccCc5c4oc3c2C1,0.00892736759999,0.24292617071036793
c1cc2ccc3c(ccc4c3[nH]c3ccCc34)c2C1,0.00815381090001,0.22187660992453212
c1cc2cnc3c(ncc4cc[nH]c43)c2nn1,0.00986978570006,0.2685706865986127
c1cc2[nH]c3c(Cc4c5[nH]ccc5Cc34)c2nn1,0.0104191521,0.28351971545394
c1cnc2c(c1)oc1c3[nH]c4ccncc4c3Cc21,0.00929492980003,0.2529280527605363
c1ccc2c(c1)cnc1c3ccccc3sc21,0.00658689750003,0.17923870263231634
c1cnc2c(c1)[nH]c1c3cc4Cccc4cc3Cc21,0.00886660660001,0.24127277883551215
c1cc2nnc3c(Cc4c5occc5Cc34)c2nn1,0.00974439269999,0.2651585675165079
c1cc2ccc3cc4c(cc3c2o1)[nH]c1ccoc14,0.00639250789993,0.1739490894681552
c1cc2cc3ncc4c5[nH]ccc5oc4c3cc2[nH]1,0.0074876276999,0.20374883239305888
c1cc2[nH]c3cc4c(cc3c2nn1)Cc1ccoc14,0.00948822260011,0.25818782046063327
c1cc2oc3c([nH]c4ccCc43)c2[nH]1,0.0109970655,0.2992455481467
c1cc2ccc3c4cnc5ccCc5c4[nH]c3c2[nH]1,0.00856966510003,0.23319258490295636
c1cc2cc3cc4oc5cc[nH]c5c4cc3cc2[nH]1,0.0056156065001,0.15280851471682114
c1cnc2cc3c(cc2c1)ncc1cccnc13,0.00703779090009,0.19150814329870905
c1cc2[nH]c3c4cc5Cccc5cc4oc3c2nn1,0.00994599500007,0.2706444483449048
c1cc2ncc3c4Cccc4Cc3c2o1,0.0120104663999,0.3268216053942389
c1cc2ncc3c([nH]c4c5[nH]ccc5Cc34)c2[nH]1,0.0108649701,0.29565104737914
c1cc2[nH]c3c(ncc4c5[nH]ccc5Cc43)c2cn1,0.0103183168,0.28077584577152
c1cc2Cc3c(cnc4c5occc5oc43)c2cn1,0.00972984889995,0.26476281035609944
c1cc2cc3nnc4c5occc5Cc4c3cc2o1,0.00786734730002,0.21408153431976426
c1cc2[nH]c3c(ccc4ccoc43)c2[nH]1,0.00949766390011,0.2584447314514533
c1cnc2c(c1)[nH]c1cc3c(cc12)Cc1ccCc13,0.00997039219999,0.2713083303108079
c1cnc2cc3c(cc2c1)[nH]c1c2[nH]ccc2Cc31,0.00896399440012,0.2439228372194254
c1cnc2cc3cc4cccnc4cc3cc2c1,0.00523109610003,0.14234544841635635
c1ccc2c(c1)sc1c2ccc2ccCc21,0.0094522881999,0.2572099951227589
c1cc2[nH]c3c(ccc4c3nnc3ccCc34)c2o1,0.00797428419992,0.2169914370777031
c1ccc2c(c1)ccc1cc[nH]c12,0.00721941799998,0.1964504709646558
c1ccc2c(c1)ccc1c2oc2c3[nH]ccc3oc12,0.00908205270002,0.24713536884132425
c1cc2[nH]c3ccCc3c2cn1,0.0110862207,0.30167158595598
c1cc2cc3nnc4ccsc4c3cc2nn1,0.00620757470006,0.1689167981932127
c1cc2ncc3c([nH]c4c5occc5Cc34)c2nn1,0.00992289550004,0.2700158786097885
c1ccc2c(c1)Cc1c3nnc4cc[nH]c4c3[nH]c21,0.0103917905999,0.2827751707301189
c1cnc2c(c1)nnc1c2sc2ccCc21,0.0103115559,0.28059187221726
c1cc2Cc3c4ncc5ccCc5c4oc3c2cn1,0.01015465,0.27632224301
c1cc2Cc3c(cnc4c3oc3ccCc34)c2[nH]1,0.0107584099999,0.29275139787127885
c1cc2[nH]c3c(ccc4ccCc43)c2C1,0.0101571421001,0.2763900565426612
c1ccc2c(c1)Cc1c2[nH]c2c1[nH]c1ccCc12,0.00931183760008,0.2533881376708169
c1cc2ccc3c(oc4c5occc5oc34)c2[nH]1,0.0105254841999,0.28641316075715884
c1cc2[nH]c3cc4c(cc3c2cn1)oc1ccoc14,0.0098055382,0.26682242217548
c1cc2oc3c4cc5Cccc5cc4ccc3c2[nH]1,0.00818424989995,0.2227048977274994
c1cc2oc3c(oc4c5Cccc5Cc34)c2C1,0.0112699614,0.30667142763996
c1cc2[nH]c3c4oc5cc[nH]c5c4Cc3c2nn1,0.0102771894999,0.2796567143575789
c1cc2cnc3c4nnccc4oc3c2cn1,0.00912645639994,0.2483436556813273
c1cc2nnc3cc4ccsc4cc3c2[nH]1,0.00644624089989,0.17541123962326674
c1ccc2c(c1)oc1c2ncc2c3[nH]ccc3[nH]c21,0.00888001600003,0.24163766738321635
c1cc2cc3Cc4c5Cccc5Cc4c3cc2C1,0.0107647515,0.2929239589671
c1cc2cc3[nH]c4c(ncc5ccCc54)c3cc2[nH]1,0.00655418320002,0.17834850072902422
c1cc2Cc3c(ccc4c5occc5oc43)c2nn1,0.00955603880004,0.2600331942034085
c1cc2cc3oc4c5Cccc5Cc4c3cc2C1,0.0102680318,0.27940752052252005
c1cc2Cc3c4nnc5ccCc5c4cnc3c2o1,0.00801417719993,0.21807698145817522
c1cc2Cc3c4cnc5ccCc5c4[nH]c3c2nn1,0.0100134904001,0.27248109267328113
c1cc2cnc3c4cnccc4ncc3c2cn1,0.00638318910012,0.17369551187900537
c1cnc2cc3c(cc2c1)Cc1c2Cccc2Cc31,0.00993414760001,0.27032206400291214
c1cnc2cc3c(ccc4ccsc43)cc2c1,0.0057008470003,0.15512802806396342
c1cc2[nH]c3cc4c(cc3c2nn1)oc1cc[nH]c14,0.00947883140009,0.25793227276040903
c1cc2Cc3cc4c(cc3c2o1)oc1ccCc14,0.0101499611,0.27619465147654004
c1cc2ccc3ccoc3c2o1,0.0113380614999,0.3085245266983789
c1cc2Cc3c(oc4c5nnccc5Cc43)c2cn1,0.00981750440008,0.26714803923233693
c1cc2[nH]c3c(nnc4ccsc43)c2s1,0.0112327084,0.30565772135575997
c1ccc2c(c1)Cc1c2ccc2c1oc1ccCc12,0.00962109440002,0.26180344815670425
c1ccc2c(c1)sc1c2nnc2ccsc21,0.00889456520008,0.2420335714854569
c1cc2[nH]c3c4cc5occc5cc4[nH]c3c2nn1,0.0102353918001,0.27851934042924115
c1cc2sc3c(oc4c3oc3ccCc34)c2o1,0.0109848379,0.29891281803206005
c1cc2[nH]c3c(cnc4c5Cccc5Cc43)c2cn1,0.0102873147,0.27993223522758
c1cc2ccc3c(ccc4c3[nH]c3ccCc34)c2o1,0.00865461670003,0.23550423687119634
c1ccc2cc3c(cc2c1)Cc1c2Cccc2Cc31,0.00992489689997,0.2700703395038437
c1cc2oc3cc4c(cc3c2[nH]1)nnc1ccCc14,0.00798834650004,0.21737409195118845
c1cc2ccc3c(oc4ccsc43)c2nn1,0.0089968284999,0.24481629904217886
c1cc2[nH]c3c(Cc4c5cnccc5Cc34)c2cn1,0.00964248979994,0.2623856469420873
c1cc2cnc3c4cnc5ccCc5c4[nH]c3c2C1,0.00922737400003,0.25108976486441636
c1cnc2c(c1)cnc1c3cnccc3ccc21,0.00665221730003,0.18101614583803635
c1cc2[nH]c3c(ccc4c5[nH]ccc5oc43)c2cn1,0.00935692830001,0.2546151187428921
c1cnc2c(c1)[nH]c1cc3c(cc12)oc1ccCc13,0.00950797780001,0.2587253871071921
c1cnc2c(c1)oc1c3ccc4ccCc4c3Cc21,0.00911355869994,0.24799269120754736
c1ccc2c(c1)Cc1ccCc12,0.0112432462,0.30594446964668
c1cc2nnc3c(cnc4c5Cccc5Cc34)c2[nH]1,0.0092524785,0.2517728934549
c1ccc2c(c1)cnc1c2sc2ccCc21,0.00908399440004,0.24718820521724844
c1cc2Cc3c4oc5ccoc5c4Cc3c2cn1,0.0105493300001,0.28706203836472116
c1cc2ncc3cc4c(cc3c2o1)[nH]c1ccCc14,0.00816290900002,0.22212418196314426
c1cc2ccc3c4ncc5ccCc5c4[nH]c3c2o1,0.0095032349999,0.25859632887627887
c1cc2cc3[nH]ccc3cc2cn1,0.00688274260006,0.1872890619872727
c1cc2cnc3c4occc4sc3c2cn1,0.00875235429999,0.2381638137987479
c1cnc2c(c1)Cc1c3cnc4cc[nH]c4c3oc21,0.0104095334001,0.28325797716348117
c1cc2ccc3c(Cc4c5[nH]ccc5Cc34)c2nn1,0.00938244190002,0.2553093795182042
c1cc2ncc3c4cnc5ccCc5c4Cc3c2[nH]1,0.0107947843001,0.29374119350374117
c1cnc2c(c1)oc1c2ncc2c1[nH]c1ccCc12,0.00964040099996,0.2623288077703116
c1cnc2c(c1)[nH]c1c3cc4[nH]ccc4cc3[nH]c21,0.0087460986,0.23799358744404
c1cc2cc3[nH]c4c(cnc5ccCc54)c3cc2C1,0.00886534120002,0.24123834553022422
c1cc2cnc3c(cnc4ccsc43)c2o1,0.00995559050034,0.2709055553409519
c1cc2cnc3c4ncc5ccCc5c4[nH]c3c2C1,0.0096976351,0.26388622776014
c1ccc2cc3c(cc2c1)[nH]c1c2Cccc2Cc31,0.0080972909999,0.22033862431467885
c1cnc2c(c1)Cc1c3[nH]c4ccnnc4c3Cc21,0.00966898920001,0.2631067327171521
c1ccc2c(c1)Cc1c2nnc2c1[nH]c1ccCc12,0.0104157273,0.28342652185122
c1cnc2cc3c(cc2c1)oc1ccnnc13,0.00593688679999,0.1615510014692479
c1cc2nnc3cc4c(cc3c2[nH]1)[nH]c1ccCc14,0.00865245030002,0.23544528609396423
c1cnc2c(c1)oc1c2ncc2c3[nH]ccc3Cc21,0.0095535974001,0.2599667602930812
c1ccc2c(c1)Cc1c3ccc4ccCc4c3[nH]c21,0.00934946860002,0.25441212986258427
c1cc2nnc3c(oc4c5occc5oc34)c2o1,0.0106593485,0.2900557957729
c1ccc2c(c1)Cc1ccncc12,0.0101992038,0.27753461428332005
c1cc2oc3c4ccc5ccCc5c4ccc3c2o1,0.00782669369983,0.21297529294355408
c1ccc2c(c1)oc1c3oc4cc[nH]c4c3Cc21,0.0103306699,0.28111199091686
c1cc2cnc3c4ccc5ccCc5c4[nH]c3c2o1,0.00876626739989,0.23854240872536678
c1cc2[nH]c3ccCc3c2o1,0.0111826119,0.30429452545566
c1cc2cnc3c(cnc4c3oc3ccCc34)c2C1,0.00836683490002,0.22767329119840424
c1cc2Cc3c4nnccc4sc3c2cn1,0.00996681699996,0.2712110441127116
c1cnc2c(c1)nnc1c2[nH]c2c3Cccc3Cc12,0.0103187697,0.28078816981458
c1cc2oc3c(ccc4c5occc5Cc43)c2o1,0.00981550120002,0.2670935293542242
c1ccc2c(c1)ccc1c3[nH]c4ccCc4c3oc21,0.00846908369999,0.23045562419390792
c1cc2[nH]c3c4cnc5ccCc5c4Cc3c2cn1,0.00984321500005,0.2678476606523606
c1ccc2c(c1)[nH]c1c3cc4[nH]ccc4cc3oc21,0.00999249790004,0.27190985735714845
c1cc2ccc3cc4c(cc3c2[nH]1)Cc1ccoc14,0.00896147080005,0.24385416652848058
c1cc2cc3nnc4c([nH]c5ccCc54)c3cc2C1,0.00932024420001,0.25361689302415213
c1cc2ncc3c4ccc5ccCc5c4[nH]c3c2o1,0.00990178020004,0.2694413017353685
c1cnc2c(c1)ncc1c2[nH]c2c3Cccc3Cc12,0.0102148485,0.27796032847290003
c1ccc2c(c1)Cc1c3cc4Cccc4cc3[nH]c21,0.00939724120008,0.25571208919185695
c1cc2cc3Cc4c5[nH]ccc5[nH]c4c3cc2nn1,0.00883222130005,0.24033710668418057
c1cnc2c(c1)Cc1c3cc4Cccc4cc3[nH]c21,0.00955148759999,0.2599093496783679
c1cc2[nH]c3c4ccc5ccCc5c4oc3c2[nH]1,0.00976232340008,0.26564648696893695
c1cc2cc3oc4c(ncc5ccCc54)c3cc2o1,0.00956618489988,0.26030928378459467
c1cc2cnc3c(ccc4c3[nH]c3ccCc34)c2o1,0.00904367230009,0.24609098442666905
c1cc2oc3c(nnc4c5Cccc5Cc43)c2[nH]1,0.0116414642999,0.31678054165029884
c1cc2ccc3c4ncc5ccCc5c4oc3c2C1,0.00918613099998,0.2499674850928558
c1cc2cnc3c([nH]c4c5occc5Cc34)c2nn1,0.00915974449993,0.2492494714853952
c1cc2cc3oc4c5occc5Cc4c3cc2[nH]1,0.0105555836001,0.2872322075757611
c1ccc2c(c1)ncc1c3[nH]c4ccoc4c3oc21,0.00917959610001,0.24978966131581212
c1cc2cc3[nH]c4c(oc5ccCc54)c3cc2cn1,0.0080354764001,0.21865656251368115
c1ccc2c(c1)Cc1c3ccc4cc[nH]c4c3Cc21,0.00988263190004,0.2689202496847485
c1cnc2c(c1)[nH]c1c2cnc2c1[nH]c1ccCc12,0.00927387870001,0.25235522285745215
c1cc2oc3c4ncc5ccCc5c4oc3c2cn1,0.0102063064001,0.27772788597568115
c1cc2cnc3ccCc3c2s1,0.00993884019999,0.2704497562180079
c1cc2oc3c(oc4c5Cccc5Cc34)c2s1,0.0114025993003,0.31028069060018343
c1cnc2c(c1)ncc1c3cnccc3ccc12,0.00588647260008,0.16017916050981693
c1cc2Cc3c(ncc4c3oc3ccCc34)c2cn1,0.0105262746999,0.28643467136885886
c1cc2oc3c(Cc4c5occc5Cc34)c2cn1,0.0105398433,0.28680389197362005
c1cnc2c(c1)[nH]c1c2ccc2c3[nH]ccc3Cc21,0.00912967700003,0.24843129271861633
c1cnc2c(c1)Cc1c2nnc2c3Cccc3Cc21,0.0112967774,0.30740112854236
c1ccc2c(c1)cnc1c2ncc2ccsc21,0.00663626710002,0.18058211856548423
c1cc2Cc3c(oc4c5sccc5Cc43)c2[nH]1,0.0114157967,0.31063981032238003
c1cc2cc3Cc4c([nH]c5ccCc54)c3cc2nn1,0.00828957900001,0.22557105000087213
c1ccc2c(c1)cnc1c2[nH]c2c3[nH]ccc3oc12,0.00870250259993,0.23680727924773523
c1cc2oc3ccsc3c2cn1,0.0113047502,0.30761807959228
c1cc2Cc3c4ccc5ccoc5c4[nH]c3c2nn1,0.00980845600009,0.266901819600849
c1ccc2c(c1)oc1c2oc2c3[nH]ccc3oc21,0.0100623377,0.27381029608978
c1cc2ccc3c(ncc4c5Cccc5Cc34)c2[nH]1,0.0101367791001,0.27583595080446116
c1cc2cnc3c4[nH]c5ccoc5c4Cc3c2nn1,0.00844103480006,0.22969237435835266
c1ccc2c(c1)Cc1c3[nH]c4ccncc4c3Cc21,0.00948442449999,0.2580844688390279
c1ccc2c(c1)[nH]c1c3oc4ccncc4c3Cc21,0.00913514679996,0.24858013363243153
c1cc2oc3c([nH]c4ccCc43)c2C1,0.0107577724,0.29273404788536
c1cc2sc3ccsc3c2cn1,0.00988544970005,0.26899692596794056
c1cnc2c(c1)[nH]c1c3cnc4ccCc4c3oc21,0.0100658247,0.27390518224158
c1ccc2cc3c(cc2c1)oc1c3oc2ccCc21,0.00831514089998,0.2262666250857158
c1cc2Cc3c4cnc5ccCc5c4oc3c2cn1,0.0103583036,0.28186394258104003
c1cc2oc3cc[nH]c3c2cn1,0.0104173862001,0.28347166284540115
c1cc2cc3ncc4ccCc4c3cc2s1,0.00591287810005,0.16089769113170058
c1cc2ccc3c(Cc4c5Cccc5Cc34)c2o1,0.0111087761001,0.3022853499702612
c1cc2cc3sc4cc[nH]c4c3cc2cn1,0.00665802210005,0.18117410257330058
c1cnc2c(c1)[nH]c1cc3c(cc12)Cc1cc[nH]c13,0.00902701179996,0.24563762889343158
c1cnc2c(c1)[nH]c1c3nnccc3sc21,0.0116011386999,0.31568322561845885
c1cnc2c(c1)ncc1c3[nH]c4ccCc4c3oc12,0.00921852440001,0.2508489548584321
c1cc2cnc3c(oc4c5occc5oc34)c2o1,0.00969511630001,0.2638176876860921
c1cnc2c(c1)Cc1c3[nH]ccc3oc21,0.0101999648,0.27755532215872
c1cc2sc3c(Cc4c5occc5Cc34)c2[nH]1,0.0122580944999,0.3335599126745789
c1ccc2c(c1)ncc1c2sc2ccCc21,0.0102608156999,0.27921116033625887
c1cc2ncc3c([nH]c4c5Cccc5Cc34)c2[nH]1,0.0109851925999,0.2989224699129189
c1cc2[nH]c3c4occc4Cc3c2cn1,0.0101934341001,0.27737761267146116
c1cc2[nH]c3c(ncc4c3[nH]c3ccoc34)c2cn1,0.00904664209997,0.24617179683912366
c1cc2ccc3c4nnc5ccCc5c4[nH]c3c2o1,0.00940341879982,0.25588019032942194
c1cc2Cc3c(oc4c5occc5oc43)c2[nH]1,0.0113515853001,0.30889252823514113
c1ccc2c(c1)Cc1c3[nH]c4ccoc4c3oc21,0.00953665659995,0.2595057774038795
c1ccc2c(c1)oc1c3ncc4cc[nH]c4c3oc21,0.00981101900004,0.2669715624176885
c1cnc2c(c1)ncc1c3[nH]c4ccoc4c3Cc12,0.00924344739997,0.25152714457954367
c1ccc2c(c1)nnc1c3oc4ccoc4c3Cc21,0.00933484069992,0.25401408422180305
c1cc2oc3c(oc4c5occc5oc43)c2cn1,0.0100573751999,0.27367525951455884
c1cc2oc3c4[nH]ccc4Cc3c2cn1,0.0104303136999,0.28382343821345885
c1cnc2c(c1)[nH]c1c3cc4Cccc4cc3[nH]c21,0.0104156182999,0.2834235558058989
c1cc2cnc3c4ccc5ccoc5c4[nH]c3c2[nH]1,0.00917225379999,0.2495898670530479
c1ccc2cc3ccccc3cc2c1,0.00508088859988,0.13825809204677464
c1cc2cnc3c4[nH]c5ccCc5c4Cc3c2cn1,0.00840359430015,0.22867356593910174
c1cnc2c(c1)Cc1c2Cc2c3[nH]ccc3Cc21,0.0106030198999,0.28852301570413885
c1cc2oc3ccoc3c2[nH]1,0.0117477578001,0.31967293660164114
c1ccc2c(c1)ccc1c2Cc2c3occc3Cc12,0.0093685600001,0.25493163358672116
c1cc2[nH]c3c4ncc5ccCc5c4cnc3c2o1,0.00776701749999,0.2113514199992279
c1cc2[nH]c3c(nnc4c5[nH]ccc5Cc43)c2[nH]1,0.0102294998999,0.27835901357613885
c1cc2oc3c(ccc4c5[nH]ccc5Cc43)c2cn1,0.00919774240003,0.25028344754417636
c1cc2[nH]c3c(ccc4ccoc43)c2o1,0.00988546760004,0.2689974130517285
c1cc2cnc3c(cnc4c5Cccc5Cc34)c2C1,0.00862244619998,0.23462883252613578
c1cnc2c(c1)Cc1cc3c(cc12)Cc1ccoc13,0.00903287940002,0.24579729450570426
c1cc2oc3cc4c(cc3c2cn1)[nH]c1ccCc14,0.0096912642,0.26371286665188004
c1ccc2c(c1)cnc1c3[nH]c4ccCc4c3oc21,0.00828262690004,0.22538187362774847
c1cnc2c(c1)oc1c2[nH]c2c3[nH]ccc3Cc21,0.00961581410013,0.26165976380427747
c1cc2cc3oc4c(cnc5ccCc54)c3cc2o1,0.00976846640003,0.26581364659777634
c1cc2oc3c(ncc4c5Cccc5Cc43)c2nn1,0.0110830393,0.30158501560802004
c1cc2Cc3c4nnc5ccCc5c4cnc3c2[nH]1,0.00785453260005,0.2137328283930006
c1ccc2c(c1)cnc1c2cnc2cccnc21,0.0125260279,0.34085075559806
c1cc2sc3c4nnccc4oc3c2cn1,0.0106405938,0.28954545412932003
c1cc2oc3c4[nH]c5cc[nH]c5c4Cc3c2nn1,0.00957230539996,0.26047583116047157
c1cc2oc3c(ccc4cc[nH]c43)c2[nH]1,0.0107759397999,0.2932284082709989
c1cc2ccc3c([nH]c4c5Cccc5Cc34)c2C1,0.00957266599994,0.2604856435907673
c1ccc2c(c1)[nH]c1c2cnc2ccsc21,0.0104295665001,0.2838031058608212
c1cc2sc3c(Cc4c5Cccc5Cc34)c2C1,0.0118296943001,0.32190254347774117
c1cc2ncc3c4cnc5ccCc5c4[nH]c3c2o1,0.0103566779999,0.28181970772647885
c1ccc2c(c1)Cc1c3ncc4ccoc4c3[nH]c21,0.009112845,0.247973270433
c1cc2cc3Cc4c5occc5Cc4c3cc2cn1,0.00950269900011,0.2585817435715933
c1ccc2c(c1)[nH]c1c3ncc4ccoc4c3oc21,0.00963596740007,0.2622081633102648
c1cnc2c(c1)oc1c3cc4occc4cc3[nH]c21,0.00986238509995,0.26836930590877944
c1cc2Cc3c4cc5occc5cc4oc3c2[nH]1,0.0102028558,0.27763399031612
c1cnc2c(c1)oc1c3ccc4ccoc4c3Cc21,0.00941526769998,0.2562026154912358
c1cnc2c(c1)sc1cc3ccoc3cc12,0.0063985365,0.17411313611610002
c1cc2oc3c4[nH]c5cc[nH]c5c4oc3c2cn1,0.00949843900003,0.2584658230054163
c1cnc2c(c1)oc1c2[nH]c2c3cnccc3Cc21,0.00853943660002,0.23237002509778423
c1cc2oc3c4oc5ccoc5c4sc3c2[nH]1,0.0110570113998,0.30087676000451774
c1cc2oc3c(ccc4c3ncc3ccoc34)c2[nH]1,0.00848886749998,0.2309939690889558
c1cc2nnc3c4ccc5ccCc5c4oc3c2[nH]1,0.0100363823001,0.27310401332094114
c1cnc2c(c1)sc1c3nnccc3oc21,0.0110047777002,0.2994554079112223
c1cc2cc3Cc4c([nH]c5ccoc54)c3cc2[nH]1,0.00990280709993,0.2694692451190352
c1cc2oc3cc4c(cc3c2o1)Cc1ccoc14,0.00985141789999,0.2680708730437879
c1ccc2c(c1)nnc1c2Cc2c3occc3Cc12,0.00989592190001,0.2692818891899321
c1cc2ccc3c(ccc4ccsc43)c2nn1,0.0101892321998,0.27726327308163773
c1cc2nnc3c4cnc5ccoc5c4Cc3c2[nH]1,0.0110044483999,0.2994464471890389
c1cc2oc3c4ccc5ccCc5c4ccc3c2[nH]1,0.00802320029993,0.21832251264151523
c1cc2cnc3c4sccc4Cc3c2cn1,0.00910461800004,0.24774940224628844
c1cc2ccc3ccCc3c2cn1,0.00806250549999,0.2193920621624279
c1cc2[nH]c3cc4c(cc3c2[nH]1)oc1ccoc14,0.00930350240003,0.25316132520817636
c1cc2Cc3c4ccc5ccCc5c4Cc3c2nn1,0.00958771989997,0.26089528128604367
c1ccc2c(c1)oc1cc3c(cc12)[nH]c1ccCc13,0.00936157149988,0.2547414667118346
c1cc2[nH]c3c4oc5ccoc5c4Cc3c2o1,0.0107175126001,0.2916385223663611
c1cc2Cc3c(cnc4ccCc43)c2C1,0.0115365403999,0.31392541543783886
c1cc2nnc3c(ccc4c5[nH]ccc5oc43)c2[nH]1,0.00902385830011,0.24555181774761328
c1cc2ncc3c4nnc5ccCc5c4[nH]c3c2[nH]1,0.0113536210999,0.30894792519781883
c1cc2oc3c4ccc5ccCc5c4Cc3c2[nH]1,0.0100552993,0.27361877137202
c1cc2ccc3c([nH]c4c3oc3ccCc34)c2nn1,0.00945498540011,0.25728338971655323
c1cc2ccc3c4nnc5ccoc5c4Cc3c2o1,0.0103482535,0.2815904652899
c1cnc2c(c1)[nH]c1cc3ccsc3cc12,0.00352763139995,0.09599178907659943
c1cc2Cc3cc4c(cc3c2[nH]1)Cc1ccoc14,0.00972708149993,0.2646875055271952
c1cc2cnc3c4ncc5cc[nH]c5c4oc3c2[nH]1,0.00974398599999,0.26514750064012793
c1cc2cc3ncc4c5Cccc5Cc4c3cc2o1,0.00919559969998,0.25022514167603577
c1cnc2c(c1)Cc1c2nnc2c1[nH]c1ccCc12,0.0100779266,0.27423449188324
c1cc2nnc3c4cnc5ccCc5c4[nH]c3c2o1,0.0102767188,0.27964390595432
c1cc2sc3c(cnc4ccoc43)c2cn1,0.0107509223001,0.29254764707694114
c1cc2Cc3c4oc5ccCc5c4sc3c2[nH]1,0.0114610306,0.31187068806884
c1cnc2c(c1)oc1ccncc12,0.0104426871001,0.2841601357556612
c1cc2oc3cc4c(cc3c2[nH]1)oc1ccoc14,0.00981864380003,0.26717904390013636
c1cc2cc3cc4sccc4cc3cc2o1,0.00432940899998,0.11780928006205577
c1cc2sc3c(ncc4ccCc43)c2s1,0.0108796992999,0.29605184952929886
c1ccc2c(c1)Cc1c2[nH]c2ccoc21,0.00964707779997,0.26251049284610367
c1cc2Cc3c(cnc4c3nnc3ccCc34)c2C1,0.0100260752999,0.27282354541569886
c1cc2ccc3c4oc5ccCc5c4Cc3c2o1,0.0102967163,0.28018806592582
c1cc2Cc3cc4c(ccc5ccCc54)cc3c2[nH]1,0.00842244709997,0.2291865770161237
c1cc2nnc3c4Cccc4Cc3c2o1,0.012333747,0.33561852311580004
c1cc2cnc3c([nH]c4c3[nH]c3ccoc34)c2cn1,0.00825010040001,0.22449678202483214
c1cc2ncc3c(cnc4ccsc43)c2cn1,0.00952784550009,0.25926601504114904
c1cnc2c(c1)Cc1c3cc4occc4cc3Cc21,0.00955838229993,0.2600969641163152
c1cnc2c(c1)[nH]c1c2oc2c3occc3oc12,0.00963778510004,0.26225762547122844
c1cnc2c(c1)[nH]c1c2[nH]c2c1oc1ccCc12,0.00959159469994,0.26100072001794733
c1cc2cc3cc4[nH]c5ccCc5c4cc3cc2o1,0.0061256148,0.16668655456872
c1ccc2c(c1)oc1c2oc2c1oc1ccCc12,0.0100764283,0.27419372104262
c1ccc2c(c1)nnc1c2oc2c3occc3Cc12,0.00963175480001,0.2620935325649921
c1cc2[nH]c3c4cnc5cc[nH]c5c4[nH]c3c2cn1,0.0103527188,0.28171197235432005
c1cnc2c(c1)Cc1c2ccc2c3[nH]ccc3Cc21,0.00890906059999,0.2424280116105679
c1ccc2c(c1)cnc1c3cnccc3sc21,0.0070967838999,0.19311342541373885
c1cc2cnc3c4ncc5ccoc5c4[nH]c3c2[nH]1,0.00947865159992,0.2579273801460631
c1cc2oc3c(ccc4c5Cccc5Cc43)c2cn1,0.0102650972,0.27932766594808
c1cc2cc3Cc4c5occc5Cc4c3cc2[nH]1,0.0110066449,0.29950621703186
c1cnc2cc3c(cc2c1)[nH]c1c2Cccc2Cc31,0.00854302699997,0.23246772490698367
c1ccc2c(c1)oc1c3[nH]c4cc[nH]c4c3Cc21,0.00963279609994,0.26212186779390734
c1ccc2c(c1)sc1c3ccccc3sc21,0.00829858230009,0.22581604240066905
c1cc2[nH]c3c4ncc5ccCc5c4oc3c2cn1,0.00980200949994,0.2667264013066673
c1cnc2c(c1)oc1c2ccc2c1[nH]c1ccCc12,0.00921524980004,0.25075984840880844
c1ccc2c(c1)oc1c3[nH]ccc3[nH]c21,0.0106191356999,0.28896154918425887
c1cc2oc3cc4c(cc3c2cn1)Cc1ccoc14,0.00932482489998,0.25374154028331575
c1cc2Cc3c4nnc5ccCc5c4nnc3c2o1,0.00888088440001,0.24166129776243211
c1ccc2cc3c(cc2c1)oc1c2[nH]ccc2oc31,0.00911267859999,0.2479687424557679
c1ccc2c(c1)[nH]c1c3ccc4ccCc4c3[nH]c21,0.0100713781,0.27405629803034004
c1cc2cc3cc4Cc5ccoc5c4cc3cc2[nH]1,0.00711684810005,0.1936594003897006
c1ccc2c(c1)oc1c3ncc4ccCc4c3Cc21,0.00944414710011,0.2569884643999333
c1ccc2c(c1)oc1cc3c(cc12)Cc1cc[nH]c13,0.00896161829996,0.24385818020753158
c1cc2Cc3c(ccc4c3[nH]c3ccCc34)c2o1,0.0100017359999,0.2721612389876789
c1ccc2c(c1)Cc1c2ncc2c3[nH]ccc3[nH]c21,0.00896129069997,0.24384926575316368
c1cc2ncc3c(oc4c5[nH]ccc5oc34)c2[nH]1,0.0114027315999,0.3102842906575189
c1cc2oc3c4oc5ccCc5c4sc3c2[nH]1,0.0112857062002,0.3070998656961223
c1cc2ccc3c(ccc4c5Cccc5Cc34)c2[nH]1,0.00900846610011,0.24513297443653326
c1cnc2c(c1)Cc1c2Cc2c3cnccc3Cc21,0.0101446304001,0.27604959566928117
c1cc2ccc3c4[nH]c5ccCc5c4Cc3c2cn1,0.00858784870002,0.23368738611572426
c1cc2oc3c(cnc4c5occc5Cc43)c2o1,0.00997241419986,0.2713633517580704
c1cnc2c(c1)ccc1c3nnccc3sc12,0.00845470299987,0.23006430521066254
c1cc2Cc3c4cnc5ccoc5c4ncc3c2o1,0.00923953049994,0.25142056024606735
c1cc2oc3c4cnc5ccoc5c4[nH]c3c2[nH]1,0.0103595231,0.28189712688334
c1ccc2c(c1)ncc1c2[nH]c2c3Cccc3Cc12,0.0101968585999,0.2774707981053189
c1cc2cnc3c4[nH]c5ccCc5c4Cc3c2o1,0.0090142327,0.24528989169277998
c1cc2cc3[nH]c4c5Cccc5Cc4c3cc2nn1,0.00871772440007,0.2372214857400648
c1cc2cc3cnc4c([nH]c5ccoc54)c3cc2[nH]1,0.00700786159996,0.19069372514115154
c1cc2[nH]c3cc4c(cc3c2cn1)oc1cc[nH]c14,0.00946237419998,0.2574844493053358
c1ccc2c(c1)oc1c3occc3Cc21,0.0104133962,0.28336308935668
c1cc2[nH]c3c(oc4c3oc3ccCc34)c2cn1,0.00998023500006,0.27157616668063267
c1cc2Cc3c(nnc4c5[nH]ccc5Cc43)c2[nH]1,0.011607075,0.315844760655
c1cnc2c(c1)oc1c2Cc2c3ncccc3Cc12,0.0096234598999,0.26186781672013887
c1ccc2c(c1)oc1c3cnc4ccCc4c3oc21,0.0103045888001,0.28040228767504116
c1cc2[nH]c3c(cnc4ccCc43)c2C1,0.010563503,0.2874477055342
c1ccc2c(c1)cnc1cc3ccsc3cc12,0.00516294489989,0.14049095884886675
c1cnc2c(c1)ncc1c2Cc2c3Cccc3Cc12,0.0106998757001,0.2911585976257011
c1cc2ncc3c4oc5cc[nH]c5c4Cc3c2nn1,0.009841112,0.26779043507680006
c1cc2ccc3c4ncc5ccoc5c4Cc3c2o1,0.00918800220006,0.2500184030667127
c1cc2cc3nnc4c(oc5ccCc54)c3cc2o1,0.00855426379997,0.23277349396650365
c1cc2Cc3c4[nH]c5ccsc5c4oc3c2[nH]1,0.0110682530001,0.30118265968692115
c1ccc2c(c1)nnc1c2oc2ccsc21,0.00933532370004,0.2540272273312685
c1cc2Cc3c4ccc5ccoc5c4cnc3c2[nH]1,0.00791046630002,0.21525486267636423
c1ccc2c(c1)oc1c3nnccc3sc21,0.0101308850999,0.2756755668074189
c1cc2cc3[nH]c4c(cnc5ccCc54)c3cc2o1,0.00947280150012,0.2577681907403654
c1cc2Cc3c4ncc5ccCc5c4Cc3c2[nH]1,0.00995505399999,0.2708909564153279
c1cc2Cc3cc4c(cc3c2[nH]1)ncc1ccoc14,0.00855602870001,0.23282151936745213
c1cc2Cc3cc4ccCc4cc3c2[nH]1,0.00979450960006,0.26652231853107267
c1cc2Cc3c4nnc5cc[nH]c5c4[nH]c3c2cn1,0.0108077363,0.29409363555382
c1cc2[nH]c3c4cnc5ccCc5c4oc3c2nn1,0.0103003342,0.28028651404988003
c1cc2cnc3ccCc3c2o1,0.0112741743001,0.30678606654974117
c1cnc2cc3c(cc2c1)ncc1ccccc13,0.0071134169001,0.19356603263538114
c1ccc2c(c1)sc1c3ccccc3Cc21,0.00919139090001,0.2501106143365321
c1cc2Cc3c(nnc4c3oc3ccCc34)c2o1,0.0116650832001,0.31742324499120117
c1cc2oc3c4cnc5ccoc5c4Cc3c2[nH]1,0.0108386815001,0.29493569777182116
c1ccc2c(c1)[nH]c1c2[nH]c2c3ncccc3Cc21,0.00798520410001,0.2172885828470121
c1cc2Cc3c4cnc5ccoc5c4Cc3c2cn1,0.0107841774,0.29345256490236005
c1cc2cc3oc4c(cnc5ccCc54)c3cc2C1,0.0093095213,0.25332510790282003
c1cc2[nH]c3c(cnc4c3oc3ccCc34)c2o1,0.0101499673999,0.27619482290563885
c1cc2cc3oc4c([nH]c5ccoc54)c3cc2o1,0.00949232080006,0.25829933821875267
c1cc2ccc3c4[nH]c5ccCc5c4oc3c2cn1,0.00865321579988,0.23546611641685464
c1ccc2c(c1)Cc1c2nnc2c3[nH]ccc3[nH]c21,0.00942726820006,0.25652916589911273
c1cnc2c(c1)nnc1c3sccc3Cc21,0.0102987879999,0.28024443978047886
c1cc2Cc3cc4c(cc3c2cn1)Cc1ccoc14,0.00928828819997,0.25274732552466367
c1cc2[nH]c3c(oc4c5[nH]ccc5oc34)c2nn1,0.0100234979001,0.2727534107587812
c1cc2ncc3c(ccc4ccsc43)c2[nH]1,0.00883740929999,0.24047827942574793
c1cc2[nH]c3c(sc4c5Cccc5Cc34)c2C1,0.0112495255,0.3061153381907
c1cc2Cc3c(Cc4c5occc5Cc43)c2nn1,0.0106694898,0.29033175474371997
c1ccc2cc3c(cc2c1)ncc1ccnnc13,0.00619387439997,0.16854399384734367
c1cnc2c(c1)ccc1c3nnccc3cnc12,0.0124178881,0.33790812024434
c1cc2cc3ncc4c5[nH]ccc5[nH]c4c3cc2[nH]1,0.00756294719997,0.20579838143726367
c1ccc2c(c1)ncc1c2Cc2c3occc3Cc12,0.0102519046001,0.27896867683516113
c1cc2[nH]c3c(ccc4c5Cccc5Cc43)c2cn1,0.0106260821,0.28915057045594
c1cc2[nH]c3c4nnc5ccoc5c4[nH]c3c2[nH]1,0.0104635846001,0.28472878598716117
c1cc2Cc3c4ncc5ccoc5c4nnc3c2[nH]1,0.00903240670004,0.24578443167746847
c1cc2cc3Cc4c(nnc5ccoc54)c3cc2o1,0.0106174908,0.28891678915512004
c1cnc2cc3c(ccc4ccccc43)cc2c1,0.00646450329987,0.17590818509408254
c1cc2Cc3cc[nH]c3c2cn1,0.0103420633,0.28142202128162
c1cc2Cc3c4nnc5ccCc5c4oc3c2cn1,0.0114208703001,0.31077787008414115
c1cc2Cc3c4ccc5cc[nH]c5c4[nH]c3c2nn1,0.0102010161,0.27758392950354
c1cc2ncc3c([nH]c4c5occc5oc34)c2o1,0.0100235622,0.27275516044908005
c1cc2oc3c4cnc5ccCc5c4cnc3c2[nH]1,0.00820492449986,0.2232674825354904
c1cc2Cc3c4cnc5ccoc5c4oc3c2cn1,0.0104503279999,0.28436805533647885
c1cc2sc3c(ccc4cc[nH]c43)c2nn1,0.00899022760007,0.24463667931654481
c1ccc2c(c1)oc1c2oc2c3ccccc3oc21,0.00899737250006,0.24483110204813271
c1cc2oc3c(ccc4c3nnc3ccCc34)c2[nH]1,0.00828574419995,0.22546669972251945
c1cc2cc3oc4cc5ccoc5cc4c3cc2o1,0.00961596290006,0.26166381285869267
c1cc2cc3cnc4c5[nH]ccc5[nH]c4c3cc2[nH]1,0.00732679409987,0.1993723249692025
c1ccc2c(c1)Cc1c2ccc2c3occc3Cc21,0.00922892460005,0.2511319588618006
c1ccc2c(c1)sc1c3nnccc3sc21,0.00835112189975,0.22724571846285715
c1ccc2c(c1)Cc1c3cnc4cc[nH]c4c3Cc21,0.0108359106999,0.29486030041925887
c1cnc2c(c1)Cc1cc3c(cc12)[nH]c1cc[nH]c13,0.00853140419997,0.23215145224706366
c1cc2[nH]c3c4[nH]c5ccCc5c4oc3c2s1,0.0101889357002,0.2772552049124223
c1cc2cc3occc3cc2o1,0.0115304456,0.31375956739984
c1cc2cnc3c(cnc4ccoc43)c2nn1,0.0120547552,0.32802676564928
c1ccc2c(c1)cnc1c3[nH]c4ccoc4c3Cc21,0.00817975849986,0.2225826804430904
c1cnc2c(c1)nnc1c3cnccc3oc21,0.00866959769996,0.23591189085269157
c1cc2Cc3c(ncc4c5occc5Cc43)c2nn1,0.0103544395001,0.28175879501302115
c1cc2ncc3c(ncc4ccCc43)c2s1,0.00972957350007,0.2647553163398048
c1cc2ccc3c(ccc4c3[nH]c3ccCc34)c2[nH]1,0.00917255470006,0.2495980549652127
c1cnc2c(c1)[nH]c1c2ncc2c1[nH]c1ccCc12,0.00980009290004,0.2666742479401485
c1cc2oc3c4ncc5ccCc5c4cnc3c2[nH]1,0.00794331259999,0.2161486564833679
c1cc2[nH]c3c4ncc5cc[nH]c5c4Cc3c2nn1,0.00935809139992,0.2546467683197831
c1cc2[nH]c3c(oc4c5nnccc5Cc34)c2cn1,0.00910123770007,0.2476574195516848
c1cc2Cccc2s1,0.0133722454,0.36387751847756
c1cc2cnc3ccsc3c2[nH]1,0.0125731272,0.34213239349008
c1cc2oc3c4ccc5ccoc5c4ccc3c2[nH]1,0.00815806320009,0.22199232096292904
c1cc2nnc3c(ncc4c5Cccc5Cc43)c2[nH]1,0.010766147,0.2929619324758
c1cc2ccc3c4ccc5ccCc5c4oc3c2C1,0.00903590500002,0.24587962531754423
c1cc2ccc3c4occc4sc3c2nn1,0.0093797049999,0.2552349046342789
c1cc2[nH]c3c(ccc4c3[nH]c3ccCc34)c2cn1,0.0092865483,0.25269998041062
c1cc2cc3nnc4c(oc5ccCc54)c3cc2[nH]1,0.00761795139999,0.2072951227256879
c1cc2[nH]c3c(ncc4c5occc5Cc43)c2cn1,0.0105249809001,0.2863994652649811
c1cc2[nH]c3c(cnc4ccsc43)c2s1,0.0108462033002,0.2951403764830623
c1cc2ccc3c([nH]c4c5Cccc5Cc34)c2[nH]1,0.0105833066999,0.2879865919336589
c1cc2Cc3c4cc5Cccc5cc4ccc3c2o1,0.00808678520002,0.22005274679182424
c1cnc2c(c1)[nH]c1c2Cc2c3occc3Cc12,0.0102770292999,0.2796523550912989
c1cc2cc3cc4cnccc4cc3cc2cn1,0.00521165839996,0.14181652138467155
c1cc2Cc3ccCc3c2C1,0.0125124094,0.34048017714716
c1cnc2c(c1)Cc1c2ncc2c1oc1ccCc12,0.0100969046999,0.2747509125508589
c1ccc2c(c1)cnc1c3sccc3Cc21,0.00869076250001,0.2364878146927721
c1cc2ccc3ccsc3c2[nH]1,0.0120816926001,0.32875977001836115
c1cnc2c(c1)[nH]c1c2ccc2c3occc3Cc21,0.00928074579997,0.25254208626130364
c1cc2cnc3c(oc4ccsc43)c2cn1,0.00902235019998,0.24551078023173578
c1cnc2c(c1)Cc1c2cnc2c3[nH]ccc3oc21,0.00892570880012,0.2428810324435854
c1cc2cc3ncc4c5[nH]ccc5Cc4c3cc2[nH]1,0.00774055210002,0.2106312594144842
c1cc2cc3cc4oc5ccoc5c4cc3cc2o1,0.00640856699999,0.17438608006352788
c1cc2Cc3c(nnc4c5occc5Cc43)c2[nH]1,0.0114741054,0.31222647168156004
c1cc2Cc3c(cnc4c3nnc3ccCc34)c2[nH]1,0.00906444919997,0.24665635296006366
c1ccc2c(c1)[nH]c1c3ccc4ccCc4c3oc21,0.00963965329993,0.2623084618057152
c1cnc2c(c1)ncc1c2Cc2c3occc3Cc12,0.0101879882,0.27722942210548
c1cc2ccc3c4ncc5cc[nH]c5c4Cc3c2[nH]1,0.00949226650005,0.2582978606394606
c1cc2cnc3c(ncc4ccsc43)c2o1,0.0101761239,0.27690657789246004
c1cc2ccc3c(Cc4c5Cccc5Cc34)c2nn1,0.0100687427001,0.2739845851095012
c1cnc2c(c1)sc1cc3ccncc3cc12,0.0048604622998,0.13225998382477774
c1ccc2c(c1)[nH]c1c2Cc2c3ncccc3Cc12,0.00921124669992,0.2506509184502031
c1cc2cc3nnc4c5Cccc5Cc4c3cc2o1,0.00876212629987,0.23842972359628253
c1ccc2c(c1)oc1c2oc2c3[nH]ccc3Cc21,0.0101406933001,0.2759424616663411
c1cc2cc3Cccc3cc2cn1,0.00832012729995,0.22640231200985947
c1ccc2c(c1)Cc1c2ncc2c1[nH]c1ccCc12,0.00971676379993,0.26440674646541523
c1cc2cc3nnc4c([nH]c5ccoc54)c3cc2[nH]1,0.00717639330003,0.19527970864443633
c1cc2cnc3c4cnc5ccCc5c4oc3c2[nH]1,0.00944726260002,0.25707324151418426
c1ccc2c(c1)Cc1c2oc2c3Cccc3Cc21,0.0106823966,0.29068296684124
c1cc2ncc3c4nnc5ccCc5c4[nH]c3c2C1,0.0112526171,0.30619946495494005
c1ccc2cc3c(cc2c1)nnc1ccncc13,0.00598947260005,0.16298193470900058
c1cc2Cc3c4cc5occc5cc4Cc3c2cn1,0.00994056880006,0.27049679384595265
c1ccc2c(c1)ccc1c2[nH]c2c1oc1ccCc12,0.00881693470001,0.23992113689585212
c1cc2cnc3c4ccc5ccCc5c4oc3c2[nH]1,0.00912645919993,0.2483437318729752
c1cc2Cc3cc[nH]c3c2[nH]1,0.0119392635,0.3248840748039
c1cc2cnc3c(ccc4c5occc5Cc43)c2[nH]1,0.00910223520009,0.24768456292372903
c1cc2Cc3c(cnc4c3oc3ccCc34)c2cn1,0.0100725369999,0.2740878333190789
c1cc2[nH]c3c(ccc4ccsc43)c2nn1,0.00854861740004,0.23261984751944847
c1ccc2c(c1)sc1c3sccc3sc21,0.0101632699002,0.2765568025623023
c1cc2cc3cc4oc5ccCc5c4cc3cc2o1,0.00717080529989,0.19512765133742674
c1cc2oc3c(Cc4c5Cccc5Cc34)c2cn1,0.0107514965001,0.29256327186282116
c1cc2[nH]c3cc4c(ccc5ccoc54)cc3c2[nH]1,0.0064927633,0.17667717926162002
c1cc2cnc3c4occc4sc3c2nn1,0.00901559799991,0.245327043414751
c1cc2sc3c4nnccc4cnc3c2cn1,0.00711223819985,0.1935339585513983
c1cc2cc3Cc4c5occc5oc4c3cc2o1,0.0101002351001,0.27484153740286116
c1cc2ccc3c4[nH]c5ccCc5c4oc3c2[nH]1,0.00991988959993,0.2699340838595352
c1cc2Cc3c4nnc5cc[nH]c5c4Cc3c2nn1,0.0112394993001,0.30584251125474116
c1ccc2c(c1)Cc1c2oc2c3ncccc3Cc21,0.00910506979994,0.24776169635408732
c1cnc2c(c1)Cc1c3ncc4ccCc4c3[nH]c21,0.00963615049989,0.26221314571270676
c1cc2oc3c4ccc5ccCc5c4oc3c2nn1,0.00990825899999,0.2696175989523279
c1ccc2c(c1)Cc1c2ccc2c3[nH]ccc3Cc21,0.0090938579001,0.24745660486278115
c1cc2cc3Cc4c(nnc5cc[nH]c54)c3cc2[nH]1,0.0107341506,0.29209126563684
c1cc2ncc3c4[nH]ccc4sc3c2nn1,0.00983144040015,0.2675272573046417
c1cc2ncc3c([nH]c4c5occc5Cc34)c2cn1,0.00983561859994,0.2676409519704073
c1cc2cc3ccc4c5occc5oc4c3cc2[nH]1,0.00640428570011,0.17426957989997327
c1cc2[nH]c3c4ccc5ccoc5c4[nH]c3c2cn1,0.0101553320001,0.27634080118752113
c1cc2[nH]c3c4cnc5ccCc5c4Cc3c2[nH]1,0.0100102604,0.27239319984856003
c1cc2[nH]c3c(oc4c5[nH]ccc5Cc34)c2nn1,0.00998449960002,0.27169221241598424
c1cnc2c(c1)ccc1c3cnccc3ncc12,0.00556198080005,0.1513492843424806
c1cc2Cc3ccCc3c2s1,0.0127564944,0.34712207171616
c1cc2ccc3c4ncc5ccCc5c4Cc3c2o1,0.0093789005,0.25521301306570005
c1cc2Cc3c([nH]c4c5Cccc5Cc43)c2o1,0.0103638785999,0.28201564613331886
c1cc2ccc3c([nH]c4c3oc3ccCc34)c2o1,0.00954260420008,0.25966761993005694
c1cc2Cc3ccncc3c2cn1,0.0109715360001,0.29855085471312115
c1cc2ncc3c4[nH]c5ccCc5c4[nH]c3c2o1,0.00921488350002,0.2507498808724442
c1cnc2c(c1)[nH]c1cccnc12,0.00585784700013,0.1594002178593375
c1ccc2c(c1)Cc1c3cnc4ccCc4c3Cc21,0.010197531,0.27748909505339997
c1cc2sc3ccCc3c2cn1,0.0104843749,0.28529451915386
c1cc2ncc3c4cnccc4ncc3c2cn1,0.00712045599994,0.19375757639676733
c1cnc2c(c1)Cc1c3[nH]c4ccncc4c3Cc21,0.00942832969997,0.25655805079776367
c1cnc2c(c1)[nH]c1c3ncc4ccoc4c3Cc21,0.00896104570006,0.2438425989626127
c1cc2Cc3c4oc5ccsc5c4Cc3c2o1,0.0115512284001,0.31432509648648116
c1cc2oc3cc4c(cc3c2C1)Cc1ccCc14,0.0105567126,0.28726292924364
c1cc2Cc3c([nH]c4c5nnccc5Cc43)c2nn1,0.00924464850004,0.2515598281939885
c1ccc2c(c1)oc1c3cc4occc4cc3Cc21,0.00956042040002,0.26015242367310426
c1cc2oc3c4occc4oc3c2o1,0.0111860279001,0.3043874796007811
c1cc2ncc3c4oc5ccCc5c4oc3c2C1,0.0102513761001,0.2789542956102612
c1cnc2c(c1)ncc1c3sccc3sc12,0.0102235528,0.27819718466192
c1cc2nnc3c(Cc4c5Cccc5Cc34)c2nn1,0.0102652426001,0.27933162248836113
c1cc2[nH]c3cc4c(cnc5ccCc54)cc3c2[nH]1,0.00709542660002,0.19307649138378424
c1cnc2c(c1)Cc1c3cnc4ccoc4c3oc21,0.0100057608,0.27227075943312
c1cc2[nH]c3cc[nH]c3c2cn1,0.0103097116,0.28054168623224
c1cc2[nH]c3c(ncc4c3oc3ccCc34)c2nn1,0.0107456550001,0.29240431646972115
c1cc2ccc3c4nnc5cc[nH]c5c4Cc3c2[nH]1,0.0102812041,0.27976595724674
c1cc2oc3c4Cccc4Cc3c2[nH]1,0.0121728104999,0.3312392156369789
c1cc2cnc3c([nH]c4c5Cccc5Cc34)c2[nH]1,0.0104391027,0.28406259921078
c1cc2oc3cc4c(cc3c2[nH]1)ncc1ccoc14,0.00823107240001,0.22397900350563213
c1cc2cnc3c4nnc5ccCc5c4Cc3c2[nH]1,0.0107606337,0.29281190786418
c1cc2[nH]c3c4ccc5cc[nH]c5c4ncc3c2[nH]1,0.00950222909989,0.25856895692874676
c1cc2[nH]c3cc4c(cc3c2nn1)oc1ccCc14,0.0104866555999,0.28535658019111887
c1cc2oc3ccCc3c2nn1,0.0122020141,0.33203388648074
c1cc2cc3ncc4ccsc4c3cc2s1,0.00603532469995,0.16422963454021944
c1ccc2c(c1)[nH]c1c2nnc2c1[nH]c1ccCc12,0.0103811690999,0.2824861448450189
c1cc2oc3c4sc5ccCc5c4Cc3c2[nH]1,0.0114633892001,0.31193486887960115
c1ccc2c(c1)[nH]c1c2ncc2c3occc3Cc21,0.0103816769999,0.2824999655150789
c1cc2Cc3c4nnc5ccoc5c4[nH]c3c2[nH]1,0.0102045924,0.27768124563336
c1cc2cc3sc4ccCc4c3cc2cn1,0.00765753510007,0.2083722506220448
c1cc2oc3c4ncc5ccCc5c4[nH]c3c2o1,0.00949532309994,0.25838103500170734
c1cnc2c(c1)ncc1c2[nH]c2c1oc1ccCc12,0.00980935630002,0.2669263180223642
c1cc2sc3c4[nH]c5ccCc5c4Cc3c2[nH]1,0.0111504237,0.30341863947018
c1cnc2c(c1)[nH]c1c3cnc4cc[nH]c4c3Cc21,0.0101917392,0.27733149206688
c1cnc2cc3c(cc2c1)sc1cc[nH]c13,0.00640092319986,0.1741780815606704
c1ccc2c(c1)[nH]c1c3oc4ccoc4c3Cc21,0.00982989199986,0.26748512316499046
c1ccc2c(c1)ncc1c3sccc3Cc21,0.00981801570003,0.26716195241979634
c1cc2[nH]c3ccCc3c2s1,0.0116394355,0.31672533516470003
c1cc2cnc3ccoc3c2cn1,0.00792503440005,0.21565128107352055
c1ccc2c(c1)[nH]c1c3ncc4cc[nH]c4c3oc21,0.00951983180016,0.25904795104687384
c1cc2cnc3c4oc5cc[nH]c5c4Cc3c2cn1,0.00905533699995,0.24640839724043945
c1cc2ccc3c4cnc5ccoc5c4[nH]c3c2[nH]1,0.00898752980004,0.24456326840080847
c1cc2Cc3c(nnc4c3[nH]c3ccCc34)c2o1,0.0110488407,0.30065442382398
c1ccc2c(c1)oc1c3[nH]c4ccncc4c3oc21,0.00882494040002,0.24013898320110422
c1cc2cc3ccc4c([nH]c5ccCc54)c3cc2[nH]1,0.00680673239992,0.1852207180271831
c1cc2cnc3c4[nH]c5ccCc5c4Cc3c2nn1,0.00845837830002,0.23016431527316422
c1cc2ncc3cc4c(cc3c2[nH]1)[nH]c1ccoc14,0.00733297090005,0.1995404043496206
c1cc2ccc3c([nH]c4c5[nH]ccc5oc34)c2nn1,0.00942872809992,0.2565688918181631
c1ccc2c(c1)oc1c2cnc2c1[nH]c1ccoc12,0.00889303460008,0.24199192171661693
c1cnc2c(c1)oc1cc3c(cc12)oc1cc[nH]c13,0.00879317960005,0.23927472736880057
c1cc2oc3cc4c(cc3c2o1)oc1ccCc14,0.010362739,0.2819846360246
c1ccc2c(c1)ccc1ccccc12,0.00805175669996,0.21909957226529156
c1cc2[nH]c3c([nH]c4c3[nH]c3ccCc34)c2nn1,0.00980259430003,0.26674231453583636
c1cc2nnc3c4ncc5ccCc5c4Cc3c2[nH]1,0.0104397009,0.28407887707025997
c1cc2Cc3c4Cccc4Cc3c2C1,0.0122581724,0.33356203244536
c1cc2Cc3c(ncc4c5Cccc5Cc43)c2cn1,0.0110207007999,0.29988869774639887
c1cnc2c(c1)Cc1c3ccc4ccoc4c3Cc21,0.00952423750005,0.2591678363088606
c1ccc2c(c1)Cc1c2[nH]c2c3cnccc3oc21,0.0085583752001,0.23288537092000117
c1cc2sc3c([nH]c4c5occc5Cc43)c2[nH]1,0.010846507,0.2951486405798
c1cc2oc3c4cnc5ccCc5c4[nH]c3c2[nH]1,0.0102716992,0.27950731561088
c1cc2Cc3c4cnc5ccCc5c4nnc3c2o1,0.0086405031999,0.23512018877375887
c1cc2oc3c(ncc4c3[nH]c3ccCc34)c2cn1,0.00980515809988,0.2668120791190746
c1cc2cnc3c([nH]c4ccCc43)c2[nH]1,0.0107765834,0.29324592153076
c1cc2cnc3c(nnc4ccsc43)c2o1,0.0107350535,0.2921158348099
c1cc2ccc3c4ncc5ccoc5c4Cc3c2[nH]1,0.00930308000011,0.2531498311149933
c1cc2ncc3c4cnc5ccCc5c4oc3c2[nH]1,0.0105307053,0.28655523420042
c1cc2[nH]c3c([nH]c4c5Cccc5Cc34)c2s1,0.0102880155,0.2799513049767
c1cc2nnc3c(Cc4c5Cccc5Cc34)c2[nH]1,0.0119531879001,0.32526297722478115
c1cc2Cc3c(ccc4c3[nH]c3ccCc34)c2cn1,0.00937436770016,0.2550896692361338
c1cnc2c(c1)Cc1c3sccc3sc21,0.0109696309,0.29849901427226
c1cc2ccc3c4[nH]c5cc[nH]c5c4Cc3c2cn1,0.00904506839993,0.24612897425785524
c1cc2ncc3c4[nH]c5ccoc5c4oc3c2o1,0.00996169739994,0.2710717326287273
c1cc2oc3cc4c(cc3c2o1)Cc1ccCc14,0.0103661837001,0.28207837113690115
c1cc2cnc3c([nH]c4c5occc5Cc34)c2[nH]1,0.0100777899002,0.2742307720903023
c1cnc2c(c1)oc1c3oc4ccoc4c3Cc21,0.00994730899993,0.2706802041206952
c1cc2ncc3c(Cc4c5Cccc5Cc34)c2cn1,0.0108258609001,0.29458683129698116
c1cc2ccc3ccoc3c2cn1,0.00738633640015,0.20099255431904173
c1cc2Cc3c4ccc5ccoc5c4oc3c2[nH]1,0.0101517674999,0.2762438061467789
c1ccc2c(c1)Cc1c3nnc4ccoc4c3Cc21,0.0105408772,0.28683202584008
c1cc2Cc3c4ccc5ccCc5c4Cc3c2cn1,0.00962644549998,0.26194905907815574
c1cc2cnc3c4oc5ccoc5c4Cc3c2cn1,0.00878936970003,0.23917105465539634
c1cnc2cc3c(cc2c1)Cc1c2occc2oc31,0.00905141379997,0.24630164147650366
c1cc2oc3c(ccc4c3nnc3ccCc34)c2o1,0.00824593029995,0.2243833077640594
c1cc2nnc3c4cc5Cccc5cc4oc3c2[nH]1,0.0101372852,0.27584972249128004
c1ccc2c(c1)ccc1c2[nH]c2c3[nH]ccc3Cc12,0.00914246180014,0.24877918502832963
c1cnc2c(c1)oc1c2oc2c3cnccc3Cc21,0.00930414299989,0.25317875682720675
c1cnc2c(c1)Cc1c2ncc2c3[nH]ccc3[nH]c21,0.00879472529994,0.23931678802678732
c1cnc2c(c1)cnc1c2Cc2c3occc3Cc12,0.00929534349996,0.2529393101148115
c1cc2[nH]c3c4oc5ccCc5c4oc3c2C1,0.0104825065999,0.2852436800925189
c1cc2cnc3c([nH]c4c5Cccc5Cc34)c2cn1,0.00960059549993,0.2612456443867952
c1ccc2cc3c(cc2c1)Cc1c2[nH]ccc2oc31,0.00921636319993,0.2507901455785752
c1ccc2c(c1)[nH]c1c2Cc2c3[nH]ccc3Cc12,0.0104275356999,0.28374784494425886
c1ccc2c(c1)oc1c2cnc2c1[nH]c1ccCc12,0.00925626540004,0.2518759403066485
c1cc2cc3sc4ccncc4c3cc2cn1,0.00563254940016,0.15326955474751383
c1cc2oc3c(Cc4c5nnccc5Cc34)c2cn1,0.0104179679,0.28348749171406
c1cc2ncc3c(cnc4ccCc43)c2s1,0.00857528929998,0.2333456272574758
c1ccc2c(c1)ncc1c3cnccc3cnc21,0.00543908040015,0.14800499240064172
c1cc2oc3c4cc5Cccc5cc4cnc3c2[nH]1,0.00805934359983,0.21930602243241407
c1cc2sc3cc4ccsc4cc3c2cn1,0.005736523,0.1560988219622
c1cnc2c(c1)[nH]c1c2[nH]c2c3occc3Cc12,0.00927495079986,0.2523843961953104
c1cnc2c(c1)oc1cc3c(cc12)Cc1ccCc13,0.00982147649984,0.2672561256277462
c1ccc2c(c1)[nH]c1c2Cc2c3nnccc3Cc12,0.00947083489996,0.25771467679677157
c1cnc2c(c1)Cc1c2Cc2c3occc3Cc21,0.0105889887,0.28814120711118
c1cc2Cc3c4ccc5ccoc5c4oc3c2cn1,0.00984504869996,0.26789755819409156
c1cc2oc3c4cc5Cccc5cc4Cc3c2[nH]1,0.0100735404001,0.2741151372432812
c1cc2ccc3c(cnc4c3[nH]c3ccoc34)c2[nH]1,0.00808583529999,0.2200268986821479
c1cc2ccc3c4oc5ccoc5c4Cc3c2nn1,0.00915089820001,0.2490087512797521
c1cc2ncc3c(cnc4c5[nH]ccc5oc34)c2[nH]1,0.00843865900003,0.22962772551341634
c1cc2Cc3c(nnc4c5Cccc5Cc43)c2[nH]1,0.0119574389,0.32537865288346
c1cc2cc3ncc4ccsc4c3cc2[nH]1,0.00680740120004,0.18523891701476844
c1cc2Cc3c4ncc5ccCc5c4Cc3c2o1,0.0101588156,0.27643559481783997
c1cc2cnc3c4cnc5ccoc5c4[nH]c3c2[nH]1,0.00919440749999,0.25019270024522794
c1cc2[nH]c3c(cnc4c3ncc3cc[nH]c34)c2[nH]1,0.00938324810011,0.2553313173513333
c1cc2Cc3c([nH]c4ccCc43)c2cn1,0.00970766550006,0.2641591689883327
c1cc2ncc3cc4c(cc3c2o1)oc1ccCc14,0.00868512429986,0.2363343913732104
c1cc2[nH]c3c4oc5ccoc5c4Cc3c2nn1,0.0100760406,0.27418317118284
c1cc2nnc3c4ccc5ccoc5c4[nH]c3c2[nH]1,0.0104531104,0.28444376833856
c1cnc2c(c1)[nH]c1c3ccc4ccCc4c3[nH]c21,0.0101503564999,0.27620541086137884
c1ccc2c(c1)[nH]c1c2oc2c3occc3oc12,0.0096676472001,0.2630702150208012
c1ccc2c(c1)Cc1c3[nH]ccc3oc21,0.0104993989,0.28570334322746
c1cc2Cc3c(cnc4c3ncc3ccCc34)c2[nH]1,0.00896152529992,0.2438556495462431
c1cc2cnc3c(nnc4c3oc3ccCc34)c2[nH]1,0.0103905567,0.28274159458638
c1cc2Cc3c([nH]c4c3oc3ccCc34)c2o1,0.0103126834999,0.28062255578917883
c1ccc2cc3c(cnc4ccccc43)cc2c1,0.00550179070001,0.14971142745425212
c1cc2Cc3c(ncc4c3[nH]c3ccCc34)c2nn1,0.00999067959992,0.2718603788652631
c1cc2nnc3c(ccc4ccsc43)c2cn1,0.00918799229999,0.2500181336719479
c1ccc2c(c1)ncc1c2ncc2ccsc21,0.00711633790002,0.19364551713260422
c1ccc2c(c1)oc1c2ncc2c3[nH]ccc3Cc21,0.00983865649994,0.2677236174824673
c1cnc2c(c1)Cc1c2ccc2c1[nH]c1ccCc12,0.00920515190001,0.25048507041193213
c1ccc2c(c1)ccc1c2cnc2ccsc21,0.00895458030004,0.24366666637650847
c1cc2oc3c(cnc4c3ncc3ccCc34)c2o1,0.00923850620006,0.2513926876123127
c1cc2oc3c(Cc4c5nnccc5Cc34)c2nn1,0.0108318628,0.29475015139592
c1cc2cc3nnc4c5[nH]ccc5[nH]c4c3cc2[nH]1,0.00730402090005,0.1987526343196206
c1cc2Cc3c4ccc5ccoc5c4Cc3c2cn1,0.00989866440011,0.26935651645715325
c1cc2oc3c4cnc5ccCc5c4[nH]c3c2o1,0.00983372459996,0.26758941357935156
c1ccc2c(c1)Cc1c2oc2c3occc3oc21,0.0100548467,0.27360645549238
c1cc2[nH]c3c(nnc4c5occc5oc43)c2[nH]1,0.0100153195,0.2725308650423
c1cnc2c(c1)cnc1c2[nH]c2c3Cccc3Cc12,0.00974496049992,0.2651740181475231
c1cc2Cc3c(Cc4c5nnccc5Cc43)c2nn1,0.0109342802,0.29753707223428
c1cc2ncc3c([nH]c4c5[nH]ccc5oc34)c2cn1,0.00994086280002,0.2705047939964642
c1cc2ccc3cc4ccsc4cc3c2nn1,0.00467748460005,0.1272809044458006
c1cc2[nH]c3c(sc4c5[nH]ccc5Cc34)c2[nH]1,0.0113834239999,0.30975890383087884
c1cc2oc3c4occc4oc3c2[nH]1,0.0115507837,0.31431299557417997
c1cnc2c(c1)cnc1c2[nH]c2c3[nH]ccc3Cc12,0.00917459100003,0.24965346553821635
c1cc2cc3cnc4c(oc5ccCc54)c3cc2o1,0.0078788884,0.21439558380776003
c1cc2Cc3c(cnc4c3[nH]c3ccoc34)c2o1,0.0103991646999,0.28297583031485884
c1cc2Cc3c(ccc4c3oc3ccCc34)c2[nH]1,0.0101256382001,0.27553279131820113
c1cc2ncc3c4cnc5ccCc5c4Cc3c2o1,0.0104647860001,0.28476147776312116
c1cc2cc3oc4c(ccc5ccoc54)c3cc2o1,0.00935929389993,0.2546794900285552
c1cc2Cc3c4nnc5ccCc5c4oc3c2nn1,0.011920377,0.3243701466978
c1cc2Cc3c4ccc5cc[nH]c5c4[nH]c3c2cn1,0.00993352199998,0.2703050405502558
c1cc2cc3[nH]c4cc5ccCc5cc4c3cc2o1,0.00845406560006,0.2300469606694727
c1cc2oc3c(cnc4c3oc3ccCc34)c2o1,0.0103778709999,0.2823963989266789
c1cc2nnc3c4[nH]c5ccCc5c4oc3c2[nH]1,0.0102485574999,0.27887759755277886
c1ccc2c(c1)Cc1c2cnc2c3[nH]ccc3[nH]c21,0.00871860270001,0.23724538551105212
c1cnc2cc3c(cc2c1)Cc1c3oc2ccCc21,0.00917364529994,0.2496277317147873
c1cc2Cc3c4cnc5ccCc5c4oc3c2nn1,0.0103449231,0.28149984044334003
c1cc2Cc3c(oc4c5Cccc5Cc43)c2s1,0.0115054594,0.31307965791715997
c1cc2cc3cc4[nH]c5ccCc5c4cc3cc2C1,0.00734175189996,0.19977934765057156
c1cc2Cc3c4[nH]c5cc[nH]c5c4Cc3c2nn1,0.00973705030003,0.26495877053423633
c1cc2ncc3c(cnc4c5Cccc5Cc34)c2o1,0.00887006319999,0.24136683776020787
c1cc2Cc3cc4c(cc3c2nn1)oc1ccoc14,0.00956679699982,0.26032593988090197
c1ccc2c(c1)ncc1c3[nH]c4ccCc4c3Cc21,0.00916929950006,0.24950947641593269
c1cc2oc3c(nnc4c3oc3ccCc34)c2o1,0.0113822775,0.3097277059635
c1cc2ccc3c4oc5ccoc5c4Cc3c2cn1,0.00905019560003,0.24626849255065636
c1cc2cc3cnc4c5[nH]ccc5oc4c3cc2[nH]1,0.00739093369998,0.2011176532836358
c1cc2[nH]c3c4sccc4sc3c2cn1,0.0105851568001,0.28803693575024114
c1cc2[nH]c3c(ncc4c3oc3ccCc34)c2o1,0.0104811399,0.28520649027486
c1cnc2c(c1)oc1cc3c(cc12)Cc1ccoc13,0.00912739830005,0.24836928610198059
c1ccc2c(c1)oc1c3ncc4ccoc4c3Cc21,0.00942794699995,0.25654763699443944
c1ccc2c(c1)ncc1c2ccc2ccsc21,0.0085907127002,0.2337653195702223
c1cnc2c(c1)cnc1c2Cc2c3Cccc3Cc12,0.00991822269998,0.2698887251782358
c1cc2cc3ncc4c([nH]c5ccCc54)c3cc2C1,0.00940166420003,0.2558324452126964
c1cc2Cc3c4nnc5ccCc5c4[nH]c3c2nn1,0.0110273238,0.30006891885132003
c1cc2cc3oc4c5[nH]ccc5oc4c3cc2cn1,0.00948918810002,0.25821409306488424
c1cc2Cc3c4[nH]c5ccsc5c4[nH]c3c2o1,0.010002708,0.2721876884712
c1cc2sc3c([nH]c4ccsc43)c2s1,0.0111001519999,0.3020506761300789
c1cc2Cc3c4ccc5ccoc5c4[nH]c3c2cn1,0.00951888580005,0.2590222090594806
c1cc2oc3c4[nH]c5ccoc5c4oc3c2nn1,0.00937620420007,0.2551396429697848
c1cc2Cc3cc4c(cc3c2[nH]1)Cc1cc[nH]c14,0.00995244640012,0.2708199999722254
c1cnc2c(c1)oc1cc3c(cc12)Cc1cc[nH]c13,0.0088030334,0.23954286306076
c1cc2oc3c4cnc5ccCc5c4oc3c2[nH]1,0.0106548068001,0.28993220976024114
c1cc2[nH]c3c4cnc5ccCc5c4nnc3c2o1,0.00850846909998,0.23152735606719577
c1ccc2c(c1)ncc1c2oc2c3occc3Cc12,0.00990682769998,0.2695786512752358
c1cc2ncc3c(Cc4c5Cccc5Cc34)c2o1,0.011698646,0.3183365357644
c1cc2nnc3c(oc4c3oc3ccCc34)c2o1,0.0106142593,0.28882885551602
c1cc2Cc3c4ncc5cc[nH]c5c4oc3c2cn1,0.0100320201,0.27298531174914004
c1cnc2cc3c(ccc4cccnc43)cc2c1,0.00606134480006,0.1649376778923527
c1ccc2c(c1)ccc1c2sc2ccCc21,0.00926243640004,0.2520438618560485
c1cc2cnc3c4ncc5ccCc5c4Cc3c2C1,0.00944117890003,0.25690769552027637
c1cnc2c(c1)Cc1cc3c(cc12)[nH]c1ccoc13,0.00898057979998,0.24437414916917577
c1ccc2c(c1)Cc1c3ncc4ccCc4c3[nH]c21,0.00944654960006,0.2570538397870727
c1cnc2c(c1)Cc1c3[nH]c4ccoc4c3Cc21,0.00948563199995,0.25811732660343945
c1cc2cc3nnc4c5[nH]ccc5Cc4c3cc2[nH]1,0.00728371729997,0.19820014493640364
c1cc2Cc3c4cnc5ccoc5c4ccc3c2[nH]1,0.00844894869999,0.2299077226549079
c1cc2[nH]c3c4ccc5ccCc5c4cnc3c2[nH]1,0.00780482889991,0.21238032112701097
c1cc2cc3oc4c(ncc5ccCc54)c3cc2C1,0.00924078519995,0.25145470238991946
c1cc2oc3c4[nH]c5ccsc5c4[nH]c3c2o1,0.0102445959999,0.27876979959167886
c1cc2ncc3c4ccc5ccCc5c4Cc3c2o1,0.00981120699998,0.26697667815925574
c1cc2Cc3c(nnc4c5occc5Cc43)c2nn1,0.0108137297001,0.2942567243613011
c1cc2[nH]c3ccoc3c2o1,0.0109048764,0.29673695367096
c1cc2sc3c4cnccc4cnc3c2cn1,0.00729928869987,0.19862386452764252
c1ccc2cc3cc4ncccc4cc3cc2c1,0.00461020440002,0.12545011601070424
c1cc2[nH]c3c(sc4c5occc5Cc34)c2[nH]1,0.0109109888997,0.2969032833452966
c1cc2nnc3c4[nH]c5ccoc5c4[nH]c3c2o1,0.00974759849987,0.2652458018193625
c1cc2ncc3c(Cc4c5[nH]ccc5Cc34)c2nn1,0.00963342630007,0.2621390164217248
c1cc2ccc3c4ncc5cc[nH]c5c4oc3c2[nH]1,0.00972286950002,0.2645728911128442
c1cc2[nH]c3c(ccc4c3oc3ccCc34)c2nn1,0.0103455446999,0.2815167550468589
c1ccc2c(c1)[nH]c1cc[nH]c12,0.0101595116,0.27645453395224
c1ccc2c(c1)cnc1c3oc4ccCc4c3Cc21,0.00883006749996,0.24027849876841154
c1cc2Cc3cc4c(cc3c2cn1)[nH]c1ccCc14,0.00958311149998,0.2607698802705558
c1cc2Cc3c4ncc5ccoc5c4[nH]c3c2nn1,0.00998074380004,0.2715900118404085
c1cc2ccc3c(oc4c5Cccc5Cc34)c2C1,0.0102032256999,0.27764405581025886
c1ccc2c(c1)nnc1c3sccc3Cc21,0.00963860139996,0.26227983813487155
c1cnc2c(c1)Cc1c2cnc2c3occc3Cc21,0.00916508600005,0.24939482118176057
c1cc2Cc3c4cnc5cc[nH]c5c4Cc3c2nn1,0.0110548394999,0.3008176595675789
c1cc2ncc3c(oc4c5occc5oc34)c2[nH]1,0.0111517465,0.30345463471010004
c1cc2oc3c4cnc5ccCc5c4[nH]c3c2cn1,0.0102956308,0.28015852795112
c1cc2ccc3c(cnc4c3[nH]c3ccoc34)c2o1,0.00776622820001,0.21132994204175212
c1cc2[nH]c3c4[nH]c5ccCc5c4sc3c2o1,0.0105339289,0.28664295286946
c1cc2cnc3c(cnc4c5Cccc5Cc34)c2[nH]1,0.009326601,0.2537898704514
c1cnc2c(c1)oc1c3ncccc3sc21,0.0098756120999,0.2687292310952189
c1ccc2c(c1)oc1c2ccc2c3occc3oc21,0.00917619400002,0.24969708541214425
c1cc2Cc3c(nnc4c3oc3ccCc34)c2cn1,0.0114933365999,0.3127497795545189
c1cc2[nH]c3ccCc3c2nn1,0.0114354688999,0.31117511842273887
c1cnc2c(c1)sc1c2oc2ccsc21,0.010075253,0.2741617394842
c1cnc2c(c1)cnc1c3sccc3sc21,0.00977822909999,0.2660793033314679
c1cc2[nH]c3c4cnc5ccCc5c4ccc3c2[nH]1,0.00806707030006,0.2195162767630527
c1cc2ncc3c4nnc5ccoc5c4Cc3c2[nH]1,0.0111997621,0.30476120640794
c1cc2Cc3c([nH]c4c5occc5oc43)c2nn1,0.00976249730002,0.26565121902976424
c1cc2oc3c(oc4c5occc5sc43)c2[nH]1,0.0111458222,0.30329342621308003
c1cc2ncc3c(Cc4c5occc5Cc34)c2cn1,0.0102660590001,0.2793538378753212
c1ccc2c(c1)oc1c3sccc3sc21,0.0108399878998,0.29497124673661773
c1cc2Cc3c(nnc4c3[nH]c3ccCc34)c2nn1,0.0105008139999,0.2857418500768789
c1cc2oc3c4ncc5cc[nH]c5c4Cc3c2cn1,0.00967327949991,0.263223477783851
c1cc2ccc3ccCc3c2[nH]1,0.0112529673,0.30620899438722
c1cc2[nH]c3c4[nH]c5ccncc5c4oc3c2cn1,0.00874164239997,0.23787232800254368
c1cc2nnc3c(cnc4c5Cccc5Cc34)c2C1,0.00868044369997,0.23620702569736365
c1cc2cnc3c(sc4ccCc43)c2nn1,0.00977187550006,0.2659064129823327
c1cnc2c(c1)nnc1c2[nH]c2c3[nH]ccc3Cc12,0.0096629441,0.26294223708274
c1cnc2c(c1)Cc1c3oc4cc[nH]c4c3Cc21,0.0103719834999,0.28223619180917886
c1ccc2c(c1)ccc1c3oc4ccCc4c3Cc21,0.00914868919995,0.24894864129551947
c1cc2nnc3c(nnc4c5Cccc5Cc34)c2C1,0.00966656769992,0.26304084030960306
c1cc2cc3Cccc3cc2[nH]1,0.0118540012,0.32256396825368
c1cc2Cc3c4ccc5ccCc5c4nnc3c2[nH]1,0.00853172229995,0.23216010819285945
c1cc2cc3[nH]c4c(ncc5ccCc54)c3cc2o1,0.00884510330002,0.24068764393816425
c1cc2nnc3c(cnc4ccsc43)c2cn1,0.00967796989994,0.26335111013522733
c1cc2cc3nnc4c([nH]c5ccCc54)c3cc2o1,0.00862514280004,0.23470221078900846
c1cc2[nH]c3c(oc4c5cnccc5Cc34)c2cn1,0.00907368839989,0.24690776452476673
c1cc2ccc3c4[nH]c5ccCc5c4Cc3c2[nH]1,0.00989377129997,0.26922336835200367
c1cc2[nH]c3cc4c(cc3c2o1)ncc1ccCc14,0.00700141450011,0.19051829052829328
c1cnc2c(c1)ccc1cc3ccnnc3cc12,0.00588613590003,0.16016999843007634
c1cnc2c(c1)Cc1c2ncc2c3occc3Cc21,0.00987623350011,0.2687461402648933
c1cc2cc3[nH]c4c5Cccc5Cc4c3cc2[nH]1,0.0096418065001,0.26236705339682115
c1cc2ccc3c(ncc4c3oc3ccCc34)c2[nH]1,0.0100128097,0.27246256987058
c1cc2ncc3c(ncc4ccsc43)c2o1,0.00939512260015,0.2556544391217217
c1cnc2c(c1)Cc1c2ncc2c1[nH]c1ccoc12,0.00916664060003,0.24943712402365634
c1ccc2cc3c(cc2c1)Cc1c2[nH]ccc2Cc31,0.00946333929994,0.2575107110263873
c1cc2cc3ccc4c5occc5oc4c3cc2o1,0.00716972200007,0.1950981732327048
c1cc2Cc3c(nnc4c3oc3ccCc34)c2[nH]1,0.0114036224999,0.3103085332937789
c1ccc2c(c1)[nH]c1c3cc4occc4cc3Cc21,0.00921283060006,0.2506940185904727
c1cc2[nH]c3c(ccc4ccsc43)c2cn1,0.00796745720004,0.21680566485316843
c1ccc2c(c1)Cc1c2ccc2c3[nH]ccc3[nH]c21,0.0085454135999,0.23253266763231886
c1cc2nnc3c4[nH]c5ccCc5c4oc3c2C1,0.00986408580002,0.26841558433866425
c1cc2oc3c(oc4c5occc5oc43)c2nn1,0.00996602319992,0.2711894437023031
c1cc2ccc3ccoc3c2[nH]1,0.0115714151,0.31487440485214
c1cc2cnc3c4cnc5ccCc5c4Cc3c2o1,0.00957723650004,0.26061001329718847
c1cc2[nH]c3c(ccc4c5[nH]ccc5oc43)c2[nH]1,0.00956102690009,0.260168927389109
c1cc2[nH]c3c4[nH]c5ccCc5c4Cc3c2cn1,0.00930508679994,0.25320443894788736
c1ccc2c(c1)oc1c3[nH]c4ccCc4c3oc21,0.00951011429993,0.25878352426111517
c1cc2Cc3c(oc4c5occc5oc43)c2nn1,0.0100491808,0.27345227842112
c1cc2cnc3c4oc5cc[nH]c5c4Cc3c2[nH]1,0.0102618018,0.27923799350052
c1cc2Cc3c4ncc5ccCc5c4cnc3c2[nH]1,0.00782773859999,0.21300372613976787
c1ccc2c(c1)ccc1c2[nH]c2c3occc3Cc12,0.00887884019994,0.2416056722166473
c1cc2cnc3c4cc5Cccc5cc4oc3c2[nH]1,0.0093018355999,0.2531159692431189
c1cc2[nH]c3ccCc3c2[nH]1,0.0118103869,0.32137716209066003
c1cc2Cc3c(cnc4c5occc5Cc43)c2cn1,0.0095936844001,0.26105758368488113
c1cc2[nH]c3c(cnc4ccsc43)c2cn1,0.0102734890999,0.2795560212930189
c1cc2Cc3c(ccc4c5occc5oc43)c2cn1,0.00939549359998,0.25566453454649574
c1cc2ncc3c(cnc4c3[nH]c3ccCc34)c2[nH]1,0.00876068620005,0.23839053646404057
c1ccc2c(c1)Cc1c2cnc2c3Cccc3Cc21,0.00995620979995,0.27092240735035944
c1cc2[nH]c3cc4c(cc3c2nn1)[nH]c1ccCc14,0.00939678340001,0.2556996318110321
c1cc2cnc3c(oc4ccsc43)c2nn1,0.00908980650001,0.2473463605943721
c1cc2[nH]c3c4ccc5ccCc5c4ncc3c2[nH]1,0.00858446550001,0.23359532450697212
c1cc2cnc3cc4c(cc3c2[nH]1)oc1ccCc14,0.00958163830001,0.2607297924368921
c1ccc2c(c1)Cc1c2ncc2ccsc21,0.00888484220002,0.24176899504162422
c1cc2ncc3c4ccc5ccoc5c4Cc3c2[nH]1,0.0102607249,0.27920868954386
c1cc2[nH]c3c(oc4c3oc3ccsc34)c2[nH]1,0.0106844346999,0.2907384263928589
c1cc2ccc3c4cnc5ccCc5c4oc3c2C1,0.00949178300004,0.2582847039272885
c1cc2cc3oc4c([nH]c5ccCc54)c3cc2o1,0.00914745350008,0.24891501617207692
c1cc2ncc3c(nnc4ccsc43)c2[nH]1,0.00937760899978,0.2551778695366135
c1cc2ncc3c(ccc4c3[nH]c3ccoc34)c2[nH]1,0.00846911129997,0.23045637522800366
c1cc2nnc3c4ccc5ccCc5c4Cc3c2[nH]1,0.0100504052,0.27348559605927997
c1cc2Cc3c([nH]c4c5nnccc5Cc43)c2cn1,0.0089841552001,0.24447144081200115
c1cc2cnc3c4cc5Cccc5cc4[nH]c3c2o1,0.00913965539985,0.2487028189474783
c1cc2sc3ccCc3c2C1,0.0121614769,0.33093081251666
c1cnc2c(c1)oc1c3ncc4cc[nH]c4c3Cc21,0.00943183589993,0.25665345940735523
c1cc2oc3c(Cc4c5sccc5Cc34)c2o1,0.0116666371998,0.3174655314986377
c1cc2cnc3c4[nH]c5ccoc5c4Cc3c2[nH]1,0.00944126800005,0.2569101200565606
c1ccc2c(c1)Cc1c3ncc4ccCc4c3Cc21,0.00958223670011,0.26074607574137326
c1ccc2c(c1)ncc1c3[nH]ccc3sc21,0.00938583940001,0.25540183024943214
c1cc2ncc3c4oc5ccCc5c4Cc3c2o1,0.0109167973001,0.2970613380519411
c1cc2cnc3c(Cc4c5[nH]ccc5Cc34)c2nn1,0.00906222540004,0.24659584025064846
c1cnc2c(c1)[nH]c1cc3c(cc12)[nH]c1ccoc13,0.00668373130009,0.18187368589926903
c1cnc2c(c1)ncc1c3ncccc3oc12,0.00924384660004,0.25153800737232845
c1cc2cnc3c4[nH]c5cc[nH]c5c4Cc3c2cn1,0.00889162609997,0.24195359445672368
c1cc2cc3Cc4c(ncc5cc[nH]c54)c3cc2[nH]1,0.00988430289999,0.2689657199327879
c1cc2Cc3c4ncc5ccCc5c4[nH]c3c2nn1,0.0103845276,0.28257753433464
c1ccc2c(c1)oc1c3ccc4ccCc4c3oc21,0.00974897100002,0.26528314946994425
c1cnc2c(c1)sc1c3cnccc3ccc21,0.00738194690007,0.2008731098765648
c1cc2ncc3cc4c(cc3c2[nH]1)Cc1ccoc14,0.00894381529986,0.24337373565061043
c1cnc2c(c1)sc1c2cnc2ccsc21,0.00988206460011,0.2689048126594332
c1cc2ncc3c4ncc5ccCc5c4[nH]c3c2[nH]1,0.0102450467,0.27878206377238
c1cc2[nH]c3c4ccc5ccoc5c4Cc3c2cn1,0.00942676440002,0.2565154567947043
c1cc2oc3cc4c(cc3c2cn1)[nH]c1ccoc14,0.00932036599988,0.25362020736913465
c1cnc2c(c1)Cc1c2oc2c3cnccc3oc21,0.00922379320002,0.25099232628302426
c1cc2Cc3c4[nH]ccc4[nH]c3c2[nH]1,0.0116355853,0.31662056583242
c1cc2oc3c4cnc5ccCc5c4Cc3c2nn1,0.0102764044999,0.27963535340857887
c1cc2Cc3c([nH]c4c3sc3ccCc34)c2[nH]1,0.0106320729001,0.2893135885137812
c1cc2cnc3c4[nH]c5ccCc5c4Cc3c2[nH]1,0.00941337439997,0.25615109614734366
c1cc2cnc3c4ncc5cc[nH]c5c4Cc3c2[nH]1,0.00939976950008,0.25578088777447694
c1cc2[nH]c3c4cnc5ccCc5c4Cc3c2nn1,0.00999819690003,0.27206493512547636
c1cc2ccc3c(Cc4c5[nH]ccc5Cc34)c2[nH]1,0.0110532529001,0.30077448596578116
c1cnc2c(c1)ncc1c2[nH]c2c3occc3Cc12,0.00972647790002,0.26467108072860424
c1cc2sc3c([nH]c4c5Cccc5Cc43)c2[nH]1,0.0111462739999,0.3033057203208789
c1cc2oc3c4[nH]c5ccCc5c4Cc3c2s1,0.0103226686999,0.28089426706045884
c1cc2cnc3c4cnc5ccCc5c4Cc3c2C1,0.00979614580001,0.26656684182239215
c1cc2cnc3ccsc3c2o1,0.0123799887999,0.3368768272295989
c1cc2[nH]c3c(ccc4c5occc5oc43)c2cn1,0.00942662069997,0.25651154651516367
c1ccc2c(c1)sc1ccccc12,0.00483082929998,0.13145362841347577
c1cnc2c(c1)Cc1c3[nH]c4ccCc4c3oc21,0.00936626509997,0.25486918614132364
c1cc2ccc3c(ncc4c5Cccc5Cc34)c2o1,0.0100659389,0.27390828978346
c1cc2sc3cc4ccCc4cc3c2s1,0.0103077633,0.28048867026162
c1cc2oc3cc4c(cnc5ccCc54)cc3c2[nH]1,0.00791272679999,0.2153163740452479
c1cc2nnc3c([nH]c4c5Cccc5Cc34)c2o1,0.0105783299999,0.28785116895927887
c1cc2[nH]c3c(ccc4c3oc3ccCc34)c2cn1,0.0099574971,0.27095743658694005
c1cnc2c(c1)[nH]c1c3ncc4ccCc4c3[nH]c21,0.0105736828001,0.28772471214664114
c1cnc2cc3c(cc2c1)[nH]c1ccsc13,0.00646726290006,0.1759832776786927
c1ccc2c(c1)[nH]c1c2oc2c3occc3Cc12,0.00969916539998,0.2639278693650158
c1cc2Cc3ccsc3c2[nH]1,0.0118738910001,0.3231051975601211
c1cnc2c(c1)[nH]c1c2ncc2c3Cccc3Cc21,0.0111098827,0.30231546210278004
c1cc2ncc3c(oc4c5Cccc5Cc34)c2o1,0.0110275795,0.30007587680630005
c1cc2ncc3c4ccc5ccoc5c4[nH]c3c2[nH]1,0.0100236819,0.27275841765366
c1cc2cnc3c4oc5ccCc5c4Cc3c2nn1,0.00902833889995,0.24567374114209944
c1cc2Cc3c(ncc4c3[nH]c3ccoc34)c2[nH]1,0.00965828350002,0.2628154156324442
c1cc2ccc3c4ccc5ccoc5c4oc3c2[nH]1,0.00944076159999,0.2568963402019679
c1ccc2c(c1)oc1c3cnc4cc[nH]c4c3oc21,0.0106705142999,0.29035963282029886
c1ccc2c(c1)ccc1c3ccccc3sc21,0.00632736659998,0.17217650349869576
c1cc2oc3c(sc4c5occc5Cc34)c2[nH]1,0.0113099233001,0.30775884688834115
c1cc2ncc3c4oc5cc[nH]c5c4Cc3c2cn1,0.0100017223999,0.27216086891263885
c1cc2[nH]c3c4ncc5ccCc5c4[nH]c3c2nn1,0.0107101202,0.29143736481028
c1ccc2c(c1)oc1c2[nH]c2c3ncccc3oc21,0.00835681889998,0.2274007418149158
c1cc2oc3cc4cc5ccoc5cc4cc3c2[nH]1,0.00660749249994,0.17979912141286733
c1ccc2c(c1)oc1c2[nH]c2c3ccccc3Cc21,0.00834650000002,0.22711995010054423
c1cc2oc3c([nH]c4c3sc3ccCc34)c2C1,0.0102325302998,0.27844147499997773
c1cc2cc3ccc4ccsc4c3cc2s1,0.00506866199999,0.13792538914652788
c1cnc2c(c1)oc1c3ccc4cc[nH]c4c3[nH]c21,0.00994965379994,0.27074400941168736
c1cc2[nH]c3c4sc5ccCc5c4Cc3c2o1,0.0106659674002,0.2902359053138023
c1cc2cnc3cc4c(cc3c2[nH]1)Cc1ccCc14,0.00997592210012,0.2714588066352054
c1cc2Cc3c([nH]c4c5sccc5Cc43)c2o1,0.0101978443001,0.2774976203877411
c1cc2cnc3c(cnc4c3[nH]c3ccCc34)c2[nH]1,0.00905239650001,0.2463283821203721
c1cc2cnc3c([nH]c4c3oc3ccCc34)c2nn1,0.00928541639996,0.25266917982587156
c1cnc2c(c1)Cc1c3[nH]ccc3[nH]c21,0.0101231618,0.27546540500452005
c1cnc2c(c1)nnc1c3occc3sc21,0.00935276630003,0.25450186489663634
c1cc2Cc3c(cnc4c5Cccc5Cc43)c2cn1,0.0101104713999,0.27512008145123884
c1cc2oc3c(ccc4c5[nH]ccc5Cc43)c2[nH]1,0.00985449180007,0.2681545181684248
c1ccc2c(c1)cnc1c3occc3sc21,0.00841788780008,0.22906251208309691
c1cc2cc3[nH]c4c5Cccc5Cc4c3cc2C1,0.00968145800005,0.2634460262225606
c1cc2nnc3c(Cc4c5[nH]ccc5Cc34)c2cn1,0.0097356855,0.2649216324147
c1cc2Cc3c(ncc4c5occc5Cc43)c2cn1,0.0103402717001,0.28137326934010115
c1cc2Cc3c(cnc4c5[nH]ccc5oc43)c2nn1,0.00916196030005,0.2493097665087806
c1cc2oc3c(oc4c5occc5oc43)c2[nH]1,0.0112764032999,0.3068467207548989
c1cc2ncc3c4cnc5ccoc5c4Cc3c2[nH]1,0.0109917663999,0.2991013522142389
c1cc2oc3c(nnc4c3[nH]c3ccCc34)c2[nH]1,0.0108702192,0.29579388273888
c1cc2oc3c4cc5Cccc5cc4Cc3c2cn1,0.00939207219994,0.25557143346144734
c1cc2ccc3c(oc4c5occc5Cc34)c2o1,0.0101883906,0.27724037197284
c1cnc2c(c1)sc1c2sc2ccCc21,0.0105548732001,0.2872128765972012
c1cc2[nH]c3cc4c(cc3c2cn1)Cc1ccoc14,0.00915721290005,0.24918058310842056
c1cc2ccc3c(nnc4c5Cccc5Cc34)c2[nH]1,0.00940477510017,0.25591709716076594
c1cc2cc3oc4c(cnc5ccCc54)c3cc2[nH]1,0.0103549246001,0.28177199526316116
c1cc2ncc3c4[nH]c5ccCc5c4[nH]c3c2C1,0.00884117470002,0.24058074123212425
c1cc2cc3ccc4c(oc5ccCc54)c3cc2C1,0.00850330610001,0.23138686360981214
c1cc2[nH]c3c4cnc5ccCc5c4Cc3c2o1,0.00983870890013,0.2677250433649975
c1cc2oc3c4cc5Cccc5cc4nnc3c2[nH]1,0.0087316022001,0.23759912010780115
c1cc2ncc3c(oc4ccCc43)c2[nH]1,0.0120713836,0.32847924769304004
c1ccc2c(c1)[nH]c1c2oc2c3[nH]ccc3oc12,0.00995159950003,0.2707969546351164
c1cc2ncc3c([nH]c4c3oc3ccCc34)c2o1,0.00992850609998,0.2701685508889958
c1cc2oc3c4[nH]c5cc[nH]c5c4Cc3c2cn1,0.00963505310006,0.2621832839269727
c1cnc2c(c1)oc1c3ccc4ccCc4c3[nH]c21,0.00979499850007,0.2665356221848048
c1cnc2c(c1)oc1cc3c(cc12)oc1ccCc13,0.00965058710005,0.26260598581430056
c1cc2oc3c(ccc4c3oc3ccCc34)c2nn1,0.010067167,0.27394170810380003
c1cc2nnc3c4cc5occc5cc4Cc3c2[nH]1,0.0104689267,0.28487415200438004
c1cc2cc3ncc4ccsc4c3cc2cn1,0.00623253040021,0.16959587773227439
c1cnc2c(c1)oc1c2ncc2c3occc3Cc21,0.00998648199993,0.2717461562928952
c1ccc2c(c1)cnc1ccoc12,0.00726311799997,0.19763960914438367
c1cc2oc3c(Cc4c5occc5Cc34)c2[nH]1,0.011955102,0.3253150625628
c1cc2oc3c(cnc4c3[nH]c3ccCc34)c2o1,0.0101113648,0.27514439211872
c1cc2[nH]c3c4ncc5ccCc5c4oc3c2o1,0.00919146959995,0.25011275587207943
c1cnc2c(c1)Cc1c3oc4ccCc4c3Cc21,0.0101376091999,0.27585853898215884
c1ccc2cc3c(cc2c1)oc1c3[nH]c2ccCc21,0.00788564729999,0.21457950293894792
c1ccc2c(c1)oc1c2ccc2c3[nH]ccc3[nH]c21,0.00846473469994,0.23033728181394733
c1cc2ncc3c4[nH]c5cc[nH]c5c4Cc3c2nn1,0.0096516845,0.2626358476033
c1cc2cnc3ccsc3c2s1,0.0115673532002,0.3147638748719223
c1cc2oc3c(cnc4c5Cccc5Cc43)c2cn1,0.0100982055,0.2747863091427
c1cc2cnc3c(ccc4c3[nH]c3ccoc34)c2o1,0.0084995958,0.23128590115212003
c1cnc2c(c1)ncc1c3sccc3Cc12,0.0104337645001,0.28391733931802116
c1cnc2c(c1)ccc1c3occc3sc12,0.00923846249975,0.25139149846569714
c1cnc2c(c1)[nH]c1c2oc2c3[nH]ccc3Cc12,0.0099343684999,0.2703280749981789
c1cc2Cc3c(cnc4c5[nH]ccc5[nH]c43)c2cn1,0.0087143966,0.23713093164124002
c1cc2Cc3cc4c(cnc5ccCc54)cc3c2o1,0.00843685860002,0.2295787341085842
c1cc2cnc3c4[nH]ccc4sc3c2cn1,0.00899593139991,0.24479188769551097
c1cnc2c(c1)Cc1c2oc2c3Cccc3Cc21,0.0104343108,0.28393220490312004
c1cc2oc3c(cnc4c5Cccc5Cc43)c2C1,0.0108248793999,0.29456012330243886
c1cc2[nH]c3c4[nH]c5cc[nH]c5c4Cc3c2nn1,0.00975757119988,0.26551717294841465
c1cc2nnc3c4cc5occc5cc4[nH]c3c2[nH]1,0.00932669150006,0.2537923330847327
c1cc2ncc3c(ncc4c3[nH]c3ccoc34)c2[nH]1,0.00942157700001,0.25637430037807213
c1cnc2c(c1)Cc1c3ncc4cc[nH]c4c3[nH]c21,0.00957518100006,0.2605540802650327
c1cc2oc3c4cnc5ccCc5c4Cc3c2[nH]1,0.0106428709001,0.28960741721098116
c1cc2ncc3c4cnc5ccoc5c4Cc3c2o1,0.0107386723,0.29221430742422
c1cc2[nH]c3c(cnc4c3[nH]c3ccCc34)c2nn1,0.00982136669995,0.26725313781901944
c1cc2[nH]c3c(ccc4c5[nH]ccc5Cc43)c2nn1,0.00966581530008,0.26302036645659693
c1cc2[nH]c3c4nnc5ccCc5c4oc3c2o1,0.0103179365,0.2807654972761
c1cc2ccc3c(Cc4c5occc5Cc34)c2o1,0.0105947548,0.28829811076472
c1cc2[nH]c3c(sc4c5Cccc5Cc34)c2[nH]1,0.0114266599999,0.3109354159212789
c1cc2oc3c4Cccc4Cc3c2cn1,0.0109188951,0.29711842212413997
c1cc2Cc3cc4c(cc3c2[nH]1)oc1ccoc14,0.00977548410015,0.2660046080428217
c1cc2ncc3cc4ccsc4cc3c2nn1,0.00688159309971,0.1872577824734487
c1cc2Cc3c(ccc4ccsc43)c2s1,0.0102035591001,0.27765312809646114
c1cc2Cc3c(cnc4c3[nH]c3ccCc34)c2cn1,0.00954433129994,0.2597146167351873
c1cc2ccc3c(ccc4c3[nH]c3ccoc34)c2o1,0.00801349599999,0.2180584450541279
c1cc2oc3c4oc5ccoc5c4Cc3c2[nH]1,0.0115593193,0.31454526120002
c1cc2[nH]c3c4cnc5ccCc5c4ccc3c2o1,0.00780313500013,0.2123342277425375
c1cc2Cc3c4[nH]c5ccCc5c4Cc3c2cn1,0.00944059050016,0.25689168433605386
c1cc2oc3c(oc4c3sc3ccCc34)c2[nH]1,0.0112599278,0.30639839933692
c1ccc2c(c1)oc1c2nnc2c3Cccc3Cc21,0.0112968498,0.30740309864772003
c1ccc2cc3c(cc2c1)Cc1c2[nH]ccc2[nH]c31,0.00882269910005,0.24007799429110055
c1cc2ccc3cc4ccsc4cc3c2cn1,0.00489517599999,0.1332045922061279
c1cc2Cc3c4ncc5ccCc5c4[nH]c3c2[nH]1,0.00956773919995,0.26035157846551943
c1cc2oc3c([nH]c4c5nnccc5Cc43)c2cn1,0.00899233039991,0.244693899444111
c1cc2Cc3c(sc4c5[nH]ccc5Cc43)c2[nH]1,0.0118088958002,0.3213365871775623
c1cc2ccc3c4ccc5cc[nH]c5c4Cc3c2[nH]1,0.00968564060008,0.2635598406250169
c1cc2[nH]c3c4oc5ccCc5c4Cc3c2s1,0.0107727903999,0.29314270868783887
c1cc2[nH]c3c([nH]c4c5[nH]ccc5Cc43)c2nn1,0.00980362100006,0.2667702524810327
c1cc2Cc3c4cnc5ccCc5c4Cc3c2nn1,0.0104700022999,0.2849034205834989
c1cc2ncc3c([nH]c4c3oc3ccCc34)c2nn1,0.0101042719,0.27495138437966
c1cc2Cc3c4nnc5cc[nH]c5c4oc3c2cn1,0.0111668155999,0.30386468601511885
c1cc2oc3c([nH]c4ccoc43)c2o1,0.0106578799,0.29001583311086004
c1ccc2c(c1)[nH]c1c3cc4Cccc4cc3[nH]c21,0.0102508709001,0.27894054841098115
c1cc2sc3c([nH]c4c3oc3ccCc34)c2[nH]1,0.0108945674999,0.2964564340667789
c1cc2cc3ncc4ccnnc4c3cc2cn1,0.00716966750008,0.19509669021167692
c1cc2nnc3c(nnc4c5Cccc5Cc34)c2[nH]1,0.0103139732,0.28065765033448
c1cnc2c(c1)[nH]c1c2cnc2c3occc3Cc21,0.00870801999986,0.2369574154241904
c1cc2Cc3c(ccc4c5occc5Cc43)c2[nH]1,0.00977063129994,0.2658725565551873
c1cc2cnc3c(cnc4c3[nH]c3ccoc34)c2[nH]1,0.00862465289993,0.23468887992115522
c1cnc2c(c1)sc1c3ccccc3Cc21,0.00929562369993,0.25294693474827523
c1cc2Cc3c4nnc5ccCc5c4Cc3c2nn1,0.0120986756999,0.3292219039402589
c1ccc2c(c1)Cc1c2nnc2c3[nH]ccc3Cc21,0.0106661873999,0.2902418918136389
c1cc2oc3c4cc5occc5cc4ncc3c2[nH]1,0.0083910001,0.22833086012114
c1cc2oc3c4[nH]c5ccCc5c4sc3c2o1,0.0106193268002,0.2889667492909623
c1cc2cc3[nH]c4c(ccc5ccCc54)c3cc2o1,0.00925271429992,0.25177930990084313
c1cc2Cc3c4occc4oc3c2o1,0.0113881500999,0.3098875076284189
c1cc2Cc3c(ncc4c5occc5oc43)c2cn1,0.00997245479994,0.27136445654308733
c1cc2oc3c4cc5[nH]ccc5cc4Cc3c2cn1,0.0101105176999,0.27512134133905886
c1cnc2c(c1)oc1c2[nH]c2c3[nH]ccc3oc21,0.00958328220008,0.26077452525925693
c1cc2ccc3c(sc4ccCc43)c2s1,0.0106752791999,0.29048929242015886
c1ccc2c(c1)ncc1c2oc2c3[nH]ccc3Cc12,0.00986902839998,0.2685500794032158
c1cc2oc3c([nH]c4c5Cccc5Cc43)c2[nH]1,0.0109115910001,0.29691966734012115
c1cnc2cc3c(cc2c1)oc1c2Cccc2Cc31,0.00928918589989,0.25277175319626677
c1cc2Cc3c(oc4c5[nH]ccc5oc43)c2nn1,0.0100529549001,0.27355497696858116
c1cc2[nH]c3c(ncc4c5occc5Cc43)c2[nH]1,0.00987841840015,0.2688055944538417
c1cc2cc3ccc4c([nH]c5ccCc54)c3cc2C1,0.00841673010007,0.22903100944504481
c1cc2[nH]c3c4cc5occc5cc4oc3c2[nH]1,0.0100716920001,0.2740648396915212
c1cc2Cc3c(cnc4c5[nH]ccc5[nH]c43)c2[nH]1,0.0102236159,0.27819890170126
c1cc2Cc3c4cc5Cccc5cc4oc3c2nn1,0.00996980939999,0.2712924715068879
c1cnc2c(c1)cnc1c2cnc2ccsc21,0.00944384690001,0.2569802955349321
c1cnc2c(c1)Cc1c3ccc4ccCc4c3[nH]c21,0.00939144720007,0.2555544263399848
c1cc2[nH]c3c4oc5ccCc5c4Cc3c2cn1,0.00996047979993,0.2710386000278152
c1cc2[nH]c3cc4c(cc3c2cn1)Cc1ccCc14,0.00983802560006,0.2677064498134727
c1cc2nnc3c([nH]c4c3oc3ccCc34)c2cn1,0.00991081070003,0.26968703428279633
c1cc2[nH]c3c4nnc5ccCc5c4[nH]c3c2cn1,0.0110559063,0.30084668869182
c1cc2sc3c(ncc4ccsc43)c2s1,0.0104804237001,0.28518700147290116
c1cc2cnc3c4[nH]c5ccoc5c4Cc3c2o1,0.00910425609993,0.2477395544376352
c1cc2Cc3c4cnc5ccCc5c4Cc3c2o1,0.0109815204,0.29882254421256
c1cc2oc3c(nnc4ccCc43)c2C1,0.0123406266,0.33580572666324
c1ccc2c(c1)oc1c3ncc4ccCc4c3oc21,0.00990863460004,0.26962781955552845
c1cc2Cc3c4ccc5cc[nH]c5c4oc3c2nn1,0.0100997024999,0.2748270446057789
c1cnc2c(c1)oc1cc3c(cc12)[nH]c1ccCc13,0.00903633669998,0.2458913724778358
c1cnc2cc3c(cc2c1)[nH]c1c2occc2Cc31,0.00850870500005,0.23153377523836058
c1cc2Cc3cc4c(cc3c2nn1)[nH]c1ccCc14,0.009625422,0.2619212082108
c1cc2Cc3c4nnc5ccCc5c4nnc3c2[nH]1,0.00863914440004,0.23508321392724849
c1cc2Cc3c(nnc4c3[nH]c3ccoc34)c2cn1,0.0102196856,0.27809195273584003
c1cc2cc3oc4c(oc5ccCc54)c3cc2nn1,0.00872802390006,0.2375017495540927
c1cc2[nH]c3c4oc5ccCc5c4Cc3c2[nH]1,0.0110324467,0.30020832013238
c1cc2Cc3c(Cc4c5sccc5Cc43)c2o1,0.0119937648001,0.3263671314814412
c1cc2ncc3c4nnc5cc[nH]c5c4Cc3c2[nH]1,0.0111848936,0.30435661370704004
c1cnc2c(c1)ccc1c3cnccc3ccc12,0.00705729390006,0.1920388472320927
c1ccc2c(c1)ccc1c3sccc3Cc21,0.00848988180007,0.2310215696144248
c1ccc2ccccc2c1,0.00682707600004,0.18577429586748845
c1cc2cnc3c(oc4c5Cccc5Cc34)c2C1,0.0101726568,0.27681223324752
c1cc2oc3c([nH]c4c5occc5Cc43)c2[nH]1,0.0106177781998,0.2889246097060377
c1cc2[nH]c3c4cnc5ccoc5c4Cc3c2nn1,0.0104496439,0.28434944002046
c1ccc2c(c1)cnc1c3sccc3sc21,0.00892149180004,0.24276628196760847
c1cc2Cc3c4[nH]c5ccCc5c4Cc3c2o1,0.0108949414999,0.29646661113037887
c1cc2[nH]c3c4cc5occc5cc4Cc3c2[nH]1,0.00959758850001,0.26116381970917213
c1ccc2c(c1)oc1cc3c(cc12)[nH]c1ccoc13,0.0088983521,0.24213661833394
c1cnc2c(c1)ncc1c3[nH]ccc3sc12,0.00929809529998,0.2530141904458758
c1cc2nnc3c(ccc4ccsc43)c2s1,0.010680198,0.2906231398572
c1cc2Cc3c([nH]c4c5occc5Cc43)c2cn1,0.00949344380001,0.2583298966195921
c1cc2oc3c4[nH]c5ccoc5c4sc3c2[nH]1,0.0109590580998,0.29821131357689773
c1cnc2c(c1)oc1cc3c(cc12)[nH]c1cc[nH]c13,0.0083181983,0.22634982122062
c1cc2Cc3cc4ccoc4cc3c2[nH]1,0.00995775010006,0.2709643210727727
c1cc2sc3cc4ccoc4cc3c2cn1,0.0099942147001,0.27195657389030115
c1cc2sc3c4cnccc4ncc3c2cn1,0.00754906690008,0.20542067904483693
c1ccc2cc3c(cc2c1)ncc1ccccc13,0.00592176319992,0.1611394671383031
c1cc2ccc3cc4ccCc4cc3c2s1,0.00850023149985,0.23130319943501831
c1cc2cc3nnccc3cc2cn1,0.00665940739987,0.18121179852082253
c1cc2nnc3c4[nH]c5ccoc5c4oc3c2[nH]1,0.0104261629001,0.2837104891397812
c1cnc2c(c1)[nH]c1c2nnc2c1[nH]c1ccCc12,0.0102832228999,0.27982089161833884
c1cnc2c(c1)ccc1c3sccc3sc12,0.00963174299977,0.2620932114639414
c1cc2[nH]c3c4cnc5ccCc5c4cnc3c2o1,0.0078959292,0.21485928783288002
c1ccc2c(c1)cnc1c2oc2c3Cccc3Cc12,0.00950797479993,0.2587253054708152
c1cc2Cc3c4nnc5ccCc5c4[nH]c3c2cn1,0.0106055008,0.28859052446912004
c1cc2Cc3cc4c(cc3c2nn1)oc1ccCc14,0.0100086346,0.27234895955444
c1ccc2c(c1)oc1c3ccc4ccoc4c3oc21,0.00978588089993,0.26628751952035523
c1cc2Cc3c4cc5Cccc5cc4Cc3c2o1,0.0103070813,0.28047011208682
c1ccc2c(c1)nnc1c2sc2ccCc21,0.00994398360001,0.2705897153333121
c1cc2oc3cc4c(cc3c2o1)oc1ccoc14,0.00994527310002,0.27062480443388426
c1cc2Cc3c4cnc5ccCc5c4nnc3c2[nH]1,0.00879369430004,0.23928873307610846
c1ccc2c(c1)Cc1c3ncc4cc[nH]c4c3Cc21,0.00963379029997,0.2621489213686037
c1cc2nnc3cc4c(cc3c2C1)Cc1ccCc14,0.0093190266,0.25358376042324005
c1cc2ccc3c(cnc4c5occc5oc34)c2[nH]1,0.00811451140009,0.22080721551240906
c1cc2[nH]c3c4[nH]c5ccsc5c4Cc3c2o1,0.010364149,0.2820230040986
c1cc2Cc3c4ncc5ccoc5c4Cc3c2cn1,0.00979469599986,0.2665273907305904
c1cnc2c(c1)sc1c2cnc2ccoc21,0.00875034059982,0.23810901819794195
c1cc2oc3c4[nH]c5ccoc5c4Cc3c2nn1,0.00933137050004,0.25391965522478843
c1cc2Cc3cc[nH]c3c2nn1,0.0107090521,0.29140830031394
c1cc2Cc3c(nnc4c5occc5oc43)c2[nH]1,0.0109150630001,0.2970141453209212
c1cc2nnc3c4cnc5ccCc5c4Cc3c2[nH]1,0.0106564737,0.28997756844018
c1cc2Cc3c(ncc4c3oc3ccCc34)c2nn1,0.0106655681,0.29022503979634
c1cc2sc3c(oc4ccsc43)c2cn1,0.0101601266999,0.27647127168165886
c1ccc2c(c1)[nH]c1ccccc12,0.00443433089993,0.12066435185035519
c1cc2Cc3c4cnc5ccoc5c4[nH]c3c2nn1,0.0101103689999,0.2751172950038789
c1cc2Cc3cc4c(cc3c2cn1)Cc1cc[nH]c14,0.00902255369999,0.2455163177519079
c1cc2[nH]c3c(nnc4c3oc3ccCc34)c2cn1,0.0115291371,0.31372396128294
c1cc2Cc3c4ccc5ccCc5c4ccc3c2[nH]1,0.00806549160006,0.21947331812587267
c1cc2oc3ccsc3c2s1,0.0123263365999,0.33541687575451884
c1cc2cc3Cc4c([nH]c5ccCc54)c3cc2o1,0.00920874690007,0.2505828953965648
c1cc2cc3Cc4ccsc4c3cc2nn1,0.00943169210007,0.2566495464118448
c1cc2oc3cc[nH]c3c2nn1,0.0107710794999,0.29309615270357886
c1cc2cnc3cc4c(cc3c2o1)[nH]c1ccCc14,0.0081895495,0.22284910726430002
c1ccc2c(c1)Cc1c2ccc2c3Cccc3Cc21,0.00990028789988,0.26940069415879464
c1cc2Cc3c(ncc4c5[nH]ccc5[nH]c43)c2nn1,0.00911124720005,0.2479297920594406
c1cc2[nH]c3c(ccc4c5Cccc5Cc43)c2nn1,0.0108435306,0.29506764856884
c1cc2oc3c(oc4c3oc3ccCc34)c2o1,0.0109719633,0.29856248214162
c1cnc2cc3c(cnc4ccccc43)cc2c1,0.00613436090009,0.16692454819670904
c1cc2ccc3c4[nH]c5ccCc5c4[nH]c3c2C1,0.00846164450002,0.23025319314784423
c1cc2[nH]c3c(ccc4c5occc5oc43)c2o1,0.00966378629994,0.2629651545221873
c1ccc2c(c1)ccc1c2oc2c3Cccc3Cc12,0.00971407589998,0.26433360494471575
c1cc2[nH]c3c(ncc4c5[nH]ccc5oc43)c2cn1,0.0095852938,0.26082926370932
c1cc2nnc3c4[nH]c5ccCc5c4Cc3c2cn1,0.00922803050003,0.25110762914851636
c1cc2cc3[nH]c4ccsc4c3cc2s1,0.00762043200007,0.20736262332670483
c1cnc2cc3cc4ccsc4cc3cc2c1,0.00430941579998,0.11726523709957579
c1cc2Cc3c4ccc5cc[nH]c5c4Cc3c2nn1,0.00990256679995,0.26946270622015944
c1cc2cc3Cc4c5occc5Cc4c3cc2nn1,0.00940652459997,0.2559647034996237
c1cc2cc3oc4c([nH]c5ccCc54)c3cc2nn1,0.00822233240001,0.2237411758696321
c1ccc2c(c1)sc1c3cnccc3cnc21,0.00666316310003,0.18131399638015633
c1ccc2c(c1)cnc1cc3ccncc3cc12,0.00638448479992,0.1737307696845431
c1cc2[nH]c3c(oc4c5occc5Cc34)c2nn1,0.00994536749999,0.27062737318922786
c1cc2ccc3c([nH]c4c5[nH]ccc5Cc34)c2cn1,0.00927535030007,0.2523952671553248
c1cc2ncc3cc4c(cc3c2[nH]1)[nH]c1ccCc14,0.00816299689996,0.22212657384357154
c1cc2ccc3c(oc4c5Cccc5Cc34)c2nn1,0.00985097370005,0.2680587857415406
c1cc2[nH]c3c(Cc4c5Cccc5Cc34)c2cn1,0.010561955,0.287405582287
c1cnc2c(c1)oc1c3cnc4ccCc4c3Cc21,0.00989314739991,0.269206391157911
c1cc2Cc3ccCc3c2o1,0.0121933338,0.33179768336532
c1ccc2c(c1)ncc1c3nnccc3cnc21,0.00936504670005,0.2548360317737406
c1ccc2c(c1)nnc1c3[nH]c4ccCc4c3Cc21,0.00904761849995,0.24619836604953946
c1cnc2c(c1)cnc1c3[nH]c4ccCc4c3oc21,0.00850421359996,0.23141155795395155
c1cnc2c(c1)ncc1c3[nH]c4cc[nH]c4c3Cc12,0.00967450799999,0.2632569069909279
c1ccc2c(c1)ncc1c2Cc2c3Cccc3Cc12,0.0108688931999,0.29575780041975885
c1cc2sc3c4sccc4sc3c2cn1,0.0103769839,0.28237225969646
c1cc2Cc3cc4c(cc3c2nn1)oc1cc[nH]c14,0.00910650399999,0.24780072294532793
c1ccc2c(c1)Cc1cc3c(cc12)oc1ccCc13,0.00969976650003,0.2639442261389164
c1cnc2c(c1)oc1c3cc4[nH]ccc4cc3[nH]c21,0.00854762389997,0.23259281299164367
c1cc2Cc3c4ccc5ccoc5c4oc3c2nn1,0.00997804159999,0.27151648119396793
c1ccc2c(c1)ccc1ccCc12,0.00720157000001,0.19596480189827212
c1cc2oc3c(cnc4c3[nH]c3ccoc34)c2o1,0.00992717659994,0.27013237333160733
c1cc2[nH]c3c(cnc4c5occc5Cc43)c2[nH]1,0.00945612280009,0.257314339962369
c1cc2cnc3c4cc5occc5cc4Cc3c2[nH]1,0.00955512329995,0.2600082821642594
c1cc2ncc3c4[nH]c5ccCc5c4Cc3c2C1,0.00963735329992,0.2622458755854431
c1cc2oc3c4ccc5ccoc5c4ncc3c2[nH]1,0.00908837769998,0.24730748094523577
c1cnc2c(c1)sc1c2[nH]c2ccsc21,0.00988820819998,0.2690719886129358
c1cc2cc3[nH]c4c(nnc5ccoc54)c3cc2[nH]1,0.00717226170002,0.19516728202392425
c1cc2oc3c4cc5occc5cc4Cc3c2nn1,0.00990062719995,0.2694099269887194
c1cc2[nH]c3c4oc5ccoc5c4sc3c2[nH]1,0.0106111757,0.28874494644298
c1cc2cc3sc4ccsc4c3cc2s1,0.00751122909992,0.2043910595295631
c1cc2[nH]c3cc4ccCc4cc3c2o1,0.00995970229997,0.27101744316540366
c1cnc2c(c1)cnc1cc3ccsc3cc12,0.00511879389978,0.1392895483244735
c1cc2cnc3c(oc4c5Cccc5Cc34)c2[nH]1,0.0108898146,0.29632710100644005
c1cc2sc3c(cnc4cc[nH]c43)c2cn1,0.0111053612001,0.3021924257604012
c1cnc2c(c1)ccc1c3cnccc3cnc12,0.00685079790003,0.18641980197687635
c1cnc2c(c1)Cc1c3nnc4ccCc4c3Cc21,0.0110528161,0.30076260002354
c1cc2ncc3c(cnc4c5[nH]ccc5Cc34)c2[nH]1,0.0083567219001,0.22739810231238117
c1ccc2c(c1)cnc1c2[nH]c2c1[nH]c1ccoc12,0.00802230819988,0.21829823735021464
c1cc2[nH]c3cc4c(cc3c2nn1)Cc1cc[nH]c14,0.00913980480004,0.24870688433580845
c1ccc2c(c1)[nH]c1c2[nH]c2c3ccccc3oc21,0.00795299260005,0.21641206283700057
c1cc2nnc3cc4c(cc3c2C1)[nH]c1ccCc14,0.00797934970001,0.21712927642685212
c1cc2[nH]c3c([nH]c4c5[nH]ccc5oc43)c2nn1,0.00983733989995,0.2676877909534994
c1cc2[nH]c3c(cnc4c5Cccc5Cc43)c2[nH]1,0.00991018419995,0.26966998633851946
c1cc2[nH]c3c(nnc4c3oc3ccCc34)c2[nH]1,0.0105741197,0.28773660080458
c1ccc2c(c1)Cc1c2cnc2ccsc21,0.0102145877,0.27795323173978
c1cc2ccc3c(nnc4c3oc3ccCc34)c2C1,0.00895353290014,0.24363816515886957
c1cc2cnc3c(oc4c5Cccc5Cc34)c2cn1,0.00968633720004,0.2635787960851685
c1cc2ccc3c4cnc5ccCc5c4Cc3c2o1,0.00973198769998,0.2648210100992358
c1cc2cc3oc4c(oc5ccCc54)c3cc2[nH]1,0.010266213,0.2793580284282
c1cc2nnc3c(cnc4ccsc43)c2[nH]1,0.0106291387999,0.28923374753959885
c1cc2[nH]c3cc4c(cc3c2o1)nnc1ccCc14,0.00708624230003,0.19282657372303635
c1cc2ncc3c(ccc4c5[nH]ccc5Cc34)c2[nH]1,0.00865887250006,0.2356200431481327
c1ccc2c(c1)Cc1cc3c(cc12)Cc1cc[nH]c13,0.00899138969999,0.2446683016823079
c1cc2Cc3c4nnc5ccoc5c4Cc3c2[nH]1,0.0105581653,0.28730245924442
c1ccc2c(c1)[nH]c1c2oc2ccCc21,0.00964875690011,0.2625561835116533
c1ccc2c(c1)ccc1c3[nH]c4ccoc4c3Cc21,0.00843998519997,0.22966381327046365
c1cnc2c(c1)[nH]c1c3oc4ccncc4c3Cc21,0.009394628,0.2556409803592
c1cc2oc3c4oc5ccCc5c4sc3c2C1,0.0110973602,0.30197470734628
c1cc2cnc3c4[nH]c5ccCc5c4oc3c2[nH]1,0.00952952480009,0.25931171114516904
c1ccc2c(c1)oc1c2oc2c3ccccc3Cc21,0.0091592719001,0.24923661138238115
c1ccc2c(c1)ncc1c2[nH]c2ccsc21,0.00953534510006,0.25947008965577273
c1cc2oc3c(cnc4c5Cccc5Cc43)c2o1,0.0104381549,0.28403680824586003
c1cc2nnc3c(oc4c5occc5Cc34)c2o1,0.0107054030001,0.29130900319692116
c1cc2Cc3c4sc5ccCc5c4Cc3c2[nH]1,0.0117580464998,0.31995290652465774
c1cc2ccc3c4ccc5ccCc5c4[nH]c3c2C1,0.00910213919997,0.24768195062606366
c1cc2cnc3c(cnc4cc[nH]c43)c2nn1,0.0102016114001,0.2776001284526811
c1cc2ccc3ccoc3c2nn1,0.00708294089998,0.19273673800571578
c1cc2cc3Cc4c(cnc5cc[nH]c54)c3cc2[nH]1,0.0108254032999,0.2945743793548989
c1cc2Cc3c(oc4c5[nH]ccc5Cc43)c2cn1,0.0102010089001,0.27758373358418115
c1cc2ccc3c4ccc5ccoc5c4Cc3c2o1,0.00925987629989,0.25197419794682674
c1cc2[nH]c3c(nnc4c5occc5Cc43)c2[nH]1,0.0100990626,0.27480963203364
c1cc2ncc3c4oc5ccCc5c4Cc3c2cn1,0.0100803457,0.27430031898098
c1ccc2c(c1)Cc1c3oc4ccnnc4c3Cc21,0.0100327324001,0.2730046944320812
c1cc2ccc3c4nnc5ccCc5c4Cc3c2o1,0.0107289775,0.2919504983435
c1ccc2c(c1)ccc1c3[nH]c4cc[nH]c4c3oc21,0.00888294209994,0.24171729065830733
c1cc2cnc3c([nH]c4c5Cccc5Cc34)c2o1,0.00997080069999,0.2713194461677079
c1cnc2c(c1)Cc1c2ncc2c3occc3oc21,0.00952936110002,0.2593072566370842
c1cc2[nH]c3c(cnc4c3oc3ccCc34)c2cn1,0.0102611735,0.2792208965779
c1cc2[nH]c3c4cc5occc5cc4oc3c2cn1,0.0102735601999,0.2795579560235589
c1cc2oc3c([nH]c4c5cnccc5Cc43)c2cn1,0.00876073420011,0.23839184261287327
c1ccc2c(c1)Cc1c2oc2c3cnccc3Cc21,0.00946015129989,0.25742396108182675
c1cc2cc3[nH]c4c(oc5ccCc54)c3cc2C1,0.00932102539991,0.253638150567111
c1cc2cc3oc4c5occc5oc4c3cc2[nH]1,0.0104111220002,0.2833012051962423
c1cc2Cc3c4cnc5ccCc5c4[nH]c3c2[nH]1,0.0101131496,0.27519295902544
c1cc2Cc3c(nnc4c3[nH]c3ccoc34)c2[nH]1,0.0105477132,0.28701804297048
c1cc2ccc3c(oc4c3oc3ccCc34)c2o1,0.0100639224,0.27385341799536
c1ccc2c(c1)ncc1c2[nH]c2c1oc1ccCc12,0.00966816080006,0.2630841907947527
c1cnc2c(c1)cnc1c2Cc2c3[nH]ccc3Cc12,0.00922782880002,0.25110214060886427
c1cc2cnc3c4cc5Cccc5cc4Cc3c2[nH]1,0.00916650519991,0.24943343959683098
c1ccc2c(c1)sc1c3cnccc3[nH]c21,0.0100215831,0.27270130636734
c1cnc2c(c1)cnc1c3[nH]c4ccoc4c3Cc21,0.00848625219999,0.2309228031148079
c1cc2sc3c(Cc4c5[nH]ccc5Cc34)c2[nH]1,0.0124512771999,0.33881668439735885
c1ccc2c(c1)[nH]c1c3[nH]c4ccnnc4c3Cc21,0.00925045010001,0.2517176978514121
c1cc2oc3c(sc4c5Cccc5Cc34)c2[nH]1,0.0117781637998,0.32050032642187776
c1ccc2c(c1)oc1c2[nH]c2c3occc3Cc21,0.00939249499993,0.2555829384410952
c1ccc2c(c1)[nH]c1c2ncc2c3occc3oc21,0.00951182680001,0.2588301237857921
c1ccc2c(c1)[nH]c1c3cnc4ccoc4c3[nH]c21,0.0104363312,0.28398718281568
c1cc2oc3ccncc3c2cn1,0.0113486865999,0.30881365054451887
c1cc2cnc3c(ccc4c3[nH]c3ccCc34)c2[nH]1,0.0095067295,0.2586914191163
c1cc2[nH]c3c(cnc4ccCc43)c2o1,0.0100918128001,0.27461235482864116
c1cc2ccc3c(oc4c5Cccc5Cc34)c2cn1,0.00990917339993,0.2696424810548552
c1cc2ncc3c4ccc5ccCc5c4Cc3c2[nH]1,0.0101816205,0.27705614807370005
c1cc2Cc3ccsc3c2o1,0.0121000149999,0.32925834816827887
c1cc2nnc3c(oc4c5Cccc5Cc34)c2[nH]1,0.0116147056,0.31605239996384005
c1cc2ccc3c4[nH]c5ccoc5c4Cc3c2nn1,0.0086582916,0.23560423604424
c1cc2[nH]c3ccsc3c2cn1,0.0108130517,0.29423827502938
c1cnc2c(c1)Cc1c2ccc2c1[nH]c1ccoc12,0.00880494219996,0.23959480417999154
c1cnc2c(c1)sc1cc3cc[nH]c3cc12,0.00497966130001,0.13550355549909213
c1cc2oc3c4ccc5ccoc5c4Cc3c2nn1,0.00982172139993,0.26726278970205525
c1ccc2c(c1)oc1c2nnc2c3occc3Cc21,0.0105625164,0.28742085876696
c1cc2cnc3c4ncc5ccCc5c4oc3c2[nH]1,0.00957530250014,0.2605573864523096
c1cc2sc3c4oc5ccCc5c4Cc3c2o1,0.011327704,0.3082426846256
c1cc2[nH]c3c4ccc5cc[nH]c5c4Cc3c2cn1,0.00945660390005,0.2573274313658206
c1cc2ncc3c(cnc4c3[nH]c3ccCc34)c2o1,0.00853105780004,0.23214202622000846
c1cc2[nH]c3c4cc5Cccc5cc4Cc3c2o1,0.00924523330002,0.25157574142016426
c1cc2Cc3c(cnc4c5occc5Cc43)c2nn1,0.00946018770003,0.25742495158059636
c1cc2Cc3c(cnc4c5[nH]ccc5oc43)c2[nH]1,0.0104640083999,0.2847403181730389
c1cnc2c(c1)[nH]c1c3cc4Cccc4cc3oc21,0.00957987600009,0.26068183778884907
c1cc2oc3c(oc4c5sccc5Cc34)c2[nH]1,0.0114082041998,0.3104332077624377
c1cc2nnc3c(Cc4c5occc5Cc34)c2cn1,0.0100743787,0.27413794855718004
c1ccc2c(c1)Cc1c3nnc4ccoc4c3oc21,0.0104542788,0.28447556213832
c1cnc2c(c1)cnc1c2oc2c3Cccc3Cc12,0.0096600326001,0.26286301109436117
c1cc2cc3ncc4c(oc5ccCc54)c3cc2C1,0.0094482019,0.25709880118166
c1cc2Cc3c4cc5Cccc5cc4Cc3c2[nH]1,0.0102775161999,0.27966560432195886
c1cc2ncc3c4ncc5ccCc5c4[nH]c3c2o1,0.00987478050013,0.2687066021012375
c1cc2Cc3c4cc5Cccc5cc4[nH]c3c2cn1,0.00968102309992,0.2634341919811631
c1cc2cc3cc4sccc4cc3cc2s1,0.00392836850028,0.1068964066085192
c1cc2oc3c4ncc5ccCc5c4Cc3c2cn1,0.00968534979995,0.2635519275463594
c1cnc2c(c1)oc1c3ccc4cc[nH]c4c3Cc21,0.00949671959984,0.2584190357190862
c1cc2cc3[nH]c4c5Cccc5Cc4c3cc2cn1,0.00866184839992,0.23570102154958308
c1cc2ccc3cc4c(cc3c2o1)[nH]c1ccCc14,0.00735709280002,0.20019679501846424
c1cc2oc3c(ncc4ccCc43)c2[nH]1,0.0101015825001,0.2748782020432211
c1ccc2c(c1)Cc1ccnnc12,0.0111170505,0.3025105079757
c1cnc2c(c1)Cc1c3oc4ccnnc4c3Cc21,0.0100692083,0.27399725473462
c1cc2[nH]c3c4[nH]c5ccCc5c4Cc3c2s1,0.0101924871999,0.27735184619135883
c1ccc2c(c1)[nH]c1c3cnc4ccoc4c3Cc21,0.00996540789993,0.2711727005281552
c1cc2cnc3c4nnc5ccCc5c4oc3c2C1,0.0107307091999,0.29199762032215887
c1cc2oc3c4[nH]c5ccCc5c4Cc3c2nn1,0.00905946789987,0.24652080481052252
c1cc2oc3c(ncc4c5Cccc5Cc43)c2cn1,0.0110797948,0.30149672822072004
c1cc2oc3c([nH]c4c5occc5oc43)c2o1,0.010289919,0.2800031018766
c1cc2cnc3c([nH]c4c5occc5Cc34)c2cn1,0.00893673490009,0.24318106806030906
c1cnc2c(c1)[nH]c1c3oc4cccnc4c3Cc21,0.00915274449994,0.24905899168566734
c1cc2ncc3ccCc3c2s1,0.0119131012,0.32417216199368
c1cc2ncc3c(cnc4c3oc3ccCc34)c2[nH]1,0.00879817040004,0.23941053402364848
c1cc2oc3ccCc3c2o1,0.0118134927,0.32146167525678004
c1cc2oc3c4cc5Cccc5cc4[nH]c3c2nn1,0.0104074096001,0.28320018559216115
c1cc2Cc3c4cc5Cccc5cc4Cc3c2cn1,0.00959620210006,0.26112609382557267
c1cc2cnc3c4oc5ccCc5c4Cc3c2C1,0.00979684960009,0.26658599320788906
c1cc2oc3c(ccc4c5[nH]ccc5oc43)c2cn1,0.00910781059986,0.2478362773570304
c1cc2nnc3c(oc4c5Cccc5Cc34)c2cn1,0.0105387545001,0.2867742642040212
c1ccc2c(c1)cnc1c2oc2ccsc21,0.00854481829992,0.23251646868644307
c1cc2oc3c([nH]c4c3oc3ccCc34)c2C1,0.0102231906,0.27818732869284
c1cc2cnc3c4oc5ccoc5c4Cc3c2[nH]1,0.0101504577999,0.27620816737619885
c1ccc2c(c1)Cc1c2nnc2c1oc1ccCc12,0.0111943456001,0.30461381586256114
c1ccc2c(c1)oc1c2[nH]c2c3ncccc3Cc21,0.00835765140005,0.22742339530732059
c1cc2cc3cnc4ccsc4c3cc2cn1,0.0066282657001,0.18036438927170115
c1cc2ncc3c4ncc5ccoc5c4Cc3c2[nH]1,0.010140176,0.2759283852064
c1cnc2c(c1)oc1c3cc4[nH]ccc4cc3oc21,0.00985283119996,0.26810933091459155
c1cc2ncc3c(sc4ccCc43)c2cn1,0.0104291609999,0.28379207163267883
c1cc2oc3c(ccc4c5[nH]ccc5oc43)c2[nH]1,0.00977593850007,0.26601697290080484
c1cc2sc3cc4ccoc4cc3c2nn1,0.00832259560002,0.22646947791038421
c1cc2[nH]c3c4oc5ccoc5c4Cc3c2cn1,0.0100158947999,0.2725465197579989
c1cc2cc3oc4c5[nH]ccc5[nH]c4c3cc2nn1,0.00983676129999,0.26767204643854786
c1ccc2c(c1)cnc1c2[nH]c2c3occc3Cc12,0.00871909199998,0.23725870004825578
c1cnc2c(c1)ccc1c2oc2ccsc21,0.00889865359977,0.2421448225647814
c1ccc2c(c1)sc1ccsc12,0.00952219629994,0.2591122923961873
c1cc2cc3cnc4ccsc4c3cc2[nH]1,0.00726442819996,0.19767526152039155
c1cc2ncc3c(nnc4c5[nH]ccc5Cc34)c2[nH]1,0.00897616690008,0.24425406798483695
c1ccc2c(c1)oc1c2[nH]c2c3Cccc3Cc21,0.00993552569992,0.2703595640308031
c1cc2oc3c(ccc4c5Cccc5Cc43)c2[nH]1,0.0102852678,0.27987653621291997
c1cc2ccc3c(ncc4c3[nH]c3ccoc34)c2[nH]1,0.0096830107999,0.2634882800803989
c1cc2Cc3c4ncc5cc[nH]c5c4oc3c2nn1,0.0102059482001,0.27771813885220115
c1cnc2c(c1)sc1c2ccc2cc[nH]c21,0.00945385990008,0.25725276328503693
c1cc2sc3c(oc4c5[nH]ccc5Cc43)c2[nH]1,0.0118570728,0.32264755078992
c1ccc2c(c1)oc1c2ncc2c1[nH]c1ccoc12,0.00918754070005,0.25000584500534057
c1cc2[nH]c3c4ncc5ccCc5c4Cc3c2cn1,0.00911797520007,0.24811287035918478
c1cc2ncc3c4ccc5ccCc5c4oc3c2o1,0.00981242959995,0.2670099468160794
c1cc2ncc3ccoc3c2cn1,0.00930793300006,0.2532818880378327
c1cc2nnc3c4[nH]c5ccoc5c4Cc3c2cn1,0.00922426650004,0.2510052054391885
c1cc2ncc3c(nnc4c3[nH]c3ccCc34)c2o1,0.00962821770008,0.2619972831239569
c1cc2ncc3cc4ccsc4cc3c2[nH]1,0.00625655520003,0.17024962617009634
c1cnc2cc3c(cc2c1)nnc1ccsc13,0.00595290759975,0.16198694985983716
c1cc2ncc3c4cnc5ccCc5c4oc3c2o1,0.0103357707999,0.28125079354439886
c1cc2ncc3cc4c(cc3c2o1)Cc1ccoc14,0.00865390549995,0.23548488412133944
c1cc2nnc3c4[nH]c5ccoc5c4Cc3c2o1,0.00996221929995,0.27108593425865946
c1cc2Cc3c4cnc5ccCc5c4[nH]c3c2cn1,0.00990313139994,0.2694780697763273
c1cc2Cc3c(ccc4c5[nH]ccc5[nH]c43)c2cn1,0.00857253469997,0.23327067073476368
c1cc2ccc3c(ncc4ccsc43)c2cn1,0.00645010390008,0.17551635726663692
c1cc2cc3oc4c5Cccc5Cc4c3cc2o1,0.0103742512001,0.28229789910640113
c1cc2ccc3c4ccc5ccoc5c4oc3c2o1,0.00924956560004,0.2516936293689285
c1cc2oc3c4nnc5ccCc5c4oc3c2o1,0.0109440006,0.29780157792684003
c1cc2cnc3c(oc4c5occc5oc34)c2[nH]1,0.0101814518999,0.27705156022893884
c1cc2cnc3c(cnc4c5occc5Cc34)c2o1,0.0081942316001,0.22297651376296118
c1cc2cnc3c(ncc4ccsc43)c2cn1,0.00746806609982,0.20321653386864197
c1cc2[nH]c3c4[nH]c5ccsc5c4[nH]c3c2o1,0.0097206196001,0.2645116681861612
c1ccc2cc3cc4ccccc4cc3cc2c1,0.00412330300003,0.11220084725501636
c1cc2sc3c4cnccc4ccc3c2cn1,0.00694016579996,0.18885162764903154
c1cc2oc3c4ncc5ccoc5c4oc3c2[nH]1,0.00983864830005,0.2677233943519806
c1cc2cc3oc4cc5ccoc5cc4c3cc2[nH]1,0.00957541380001,0.26056041507759214
c1cc2Cc3c(oc4ccCc43)c2cn1,0.0106359796999,0.2894198980058589
c1cc2nnc3c4cnc5ccCc5c4[nH]c3c2[nH]1,0.00981857800002,0.26717725338974424
c1cc2cnc3c(oc4c5[nH]ccc5Cc34)c2nn1,0.00880083850006,0.2394831367605327
c1cc2Cc3c(cnc4c3oc3ccCc34)c2o1,0.0107503807001,0.29253290938270116
c1cc2oc3c([nH]c4c5sccc5Cc43)c2o1,0.0103124432001,0.28061601689520116
c1ccc2c(c1)oc1c3[nH]c4ccncc4c3Cc21,0.00924772660005,0.2516435876046006
c1ccc2c(c1)nnc1c2Cc2c3Cccc3Cc12,0.0104999086,0.28571721287804003
c1cc2ncc3c([nH]c4c3[nH]c3ccoc34)c2cn1,0.00917915090008,0.24977754680243694
c1cc2cnc3c4nnc5ccCc5c4[nH]c3c2[nH]1,0.00945402449997,0.2572572422784837
c1cnc2c(c1)Cc1c2Cc2c3ncccc3Cc21,0.00979950909993,0.26665836192183523
c1cc2[nH]c3c4oc5ccCc5c4sc3c2C1,0.0107199814001,0.2917057018706812
c1ccc2c(c1)ccc1c3ccccc3ncc21,0.00527737620007,0.1436047947305848
c1cc2Cc3c(cnc4c3oc3ccCc34)c2C1,0.0113849782999,0.30980119850989885
c1cc2cnc3c(cnc4c5[nH]ccc5oc34)c2[nH]1,0.00861914809991,0.23453908660589098
c1cc2nnc3c([nH]c4c5occc5Cc34)c2cn1,0.00989271419996,0.2691946031807916
c1cc2oc3c(nnc4c5[nH]ccc5oc43)c2[nH]1,0.0106425094,0.28959758028716
c1cc2Cc3c4nnc5ccoc5c4Cc3c2nn1,0.0117057436,0.31852967139704
c1cc2ncc3c4ccc5ccCc5c4oc3c2[nH]1,0.0100884067001,0.27451967007910116
c1ccc2c(c1)[nH]c1c3[nH]c4ccccc4c3Cc21,0.00884536019998,0.24069463454573578
c1cc2nnc3c4oc5ccCc5c4Cc3c2nn1,0.0096545097,0.26271272525058
c1cc2cc3Cc4cc5ccoc5cc4c3cc2[nH]1,0.00987234879995,0.2686404321349594
c1cc2nnc3c4[nH]c5ccCc5c4Cc3c2nn1,0.00903676699988,0.24590308154053464
c1cc2cc3[nH]c4c(nnc5ccCc54)c3cc2C1,0.00963766749999,0.2622544254092279
c1ccc2c(c1)ncc1c3[nH]c4ccoc4c3Cc21,0.00918121270001,0.24983365126505214
c1cnc2c(c1)sc1c2ccc2ccCc21,0.00881183889999,0.2397824730431879
c1cc2oc3c4ccc5ccCc5c4cnc3c2o1,0.00787570349985,0.2143089182158183
c1cnc2c(c1)[nH]c1c3[nH]c4ccoc4c3Cc21,0.00941506729998,0.2561971623266758
c1cc2nnc3c([nH]c4c3oc3ccCc34)c2o1,0.0101592959001,0.27644866445598115
c1cc2[nH]c3cc4c(cc3c2nn1)[nH]c1cc[nH]c14,0.00851162909998,0.23161334409119577
c1cc2cc3ccc4c5Cccc5Cc4c3cc2[nH]1,0.00719809830002,0.19587033208116425
c1cc2oc3c(ccc4c5Cccc5Cc43)c2C1,0.0106226888,0.28905823401232
c1cc2oc3c(ncc4c3oc3ccCc34)c2o1,0.0106172151002,0.2889092869775823
c1cc2cc3ncc4ccsc4c3cc2nn1,0.00593983649992,0.1616312669339231
c1cc2ccc3cc4c(cc3c2[nH]1)oc1ccCc14,0.00828935300012,0.2255649002274654
c1cc2sc3c(ccc4ccCc43)c2s1,0.00990778139999,0.2696046027876879
c1cc2oc3c(Cc4c5[nH]ccc5Cc34)c2[nH]1,0.0123855343999,0.33702773076943887
c1cc2Cc3c(Cc4c5nnccc5Cc43)c2cn1,0.0106044417,0.28856170487538
c1cc2cc3oc4c5Cccc5Cc4c3cc2nn1,0.00932182290001,0.2536598516613321
c1cc2cc3[nH]c4c5occc5Cc4c3cc2nn1,0.00871745870006,0.2372142556708127
c1cc2ccc3c4cc5Cccc5cc4Cc3c2[nH]1,0.00932441700002,0.2537304407543442
c1cc2ccc3c4ccc5ccCc5c4Cc3c2o1,0.00912785909998,0.2483818251131958
c1cc2[nH]c3cc4c(cc3c2[nH]1)Cc1ccoc14,0.00957561120003,0.2605657866084964
c1cc2Cc3c(nnc4c3[nH]c3ccCc34)c2[nH]1,0.0110230393,0.29995233160802004
c1ccc2c(c1)sc1c2sc2ccCc21,0.0102989632999,0.2802492099388989
c1ccc2c(c1)oc1c3oc4ccncc4c3Cc21,0.00967576280004,0.26329105185700846
c1cc2cnc3c4Cccc4Cc3c2[nH]1,0.0110261881001,0.30003801486706116
c1ccc2c(c1)ncc1cc3ccsc3cc12,0.00579765020007,0.15776217865418482
c1cnc2c(c1)ccc1c2[nH]c2c3Cccc3Cc12,0.0097876218,0.26633489184852
c1cc2oc3c(oc4c3oc3ccCc34)c2nn1,0.0101195233,0.27536639632562004
c1cc2[nH]c3c4nnc5ccCc5c4cnc3c2[nH]1,0.0081529309,0.22185266389226002
c1cnc2c(c1)oc1c2Cc2c3Cccc3Cc12,0.0105714831,0.28766485522734
c1cc2Cc3c(sc4c5Cccc5Cc43)c2[nH]1,0.0117874243999,0.3207523203154389
c1cc2[nH]c3c(ccc4c3oc3ccCc34)c2C1,0.0102725305999,0.27952993916611885
c1cc2cnc3c4[nH]c5ccCc5c4oc3c2o1,0.00908287130005,0.24715764409418056
c1cc2oc3cc4c(cc3c2C1)oc1ccCc14,0.0107059649999,0.29132429599827886
c1cnc2c(c1)oc1c3ccc4ccCc4c3oc21,0.00957613309993,0.2605799882354352
c1cc2Cc3c4cc5occc5cc4nnc3c2[nH]1,0.00800792429993,0.21790683129511523
c1cc2[nH]c3c4cc5[nH]ccc5cc4oc3c2cn1,0.00998238160003,0.27163457867105634
c1cc2cc3cnc4c([nH]c5ccCc54)c3cc2C1,0.00814932510002,0.22175454502668424
c1cc2ccc3c4cnccc4ccc3c2cn1,0.00554872579994,0.1509885972324873
c1cc2[nH]c3c4ccc5ccoc5c4oc3c2cn1,0.0098432648,0.26784901577872
c1cc2[nH]c3c4cnc5cc[nH]c5c4oc3c2cn1,0.01057113,0.287655246882
c1ccc2c(c1)cnc1c2[nH]c2c3Cccc3Cc12,0.00937530739998,0.2551152397838158
c1cc2nnc3c4[nH]c5cc[nH]c5c4Cc3c2cn1,0.00971067109992,0.2642409555683631
c1cc2nnc3c(nnc4cc[nH]c43)c2cn1,0.0110483477999,0.3006410113221989
c1cc2Cc3c4nnc5ccCc5c4Cc3c2cn1,0.0115198791,0.31347203814174
c1ccc2cc3c(cc2c1)sc1ccCc13,0.00670610350005,0.1824824647812606
c1ccc2cnccc2c1,0.00809869970004,0.2203769570176685
c1cc2cc3cc4oc5ccCc5c4cc3cc2C1,0.00828328779994,0.22539985763928733
c1ccc2c(c1)oc1cc3c(cc12)oc1cc[nH]c13,0.00906946179998,0.24679275282397578
c1ccc2c(c1)[nH]c1c2[nH]c2c3cnccc3Cc21,0.00798883820005,0.2173874717968406
c1cc2[nH]c3c(ncc4c5[nH]ccc5Cc43)c2nn1,0.0103271606,0.28101649795084
c1cnc2c(c1)sc1c2ccc2ccsc21,0.00753506000001,0.20503953168427214
c1cc2Cc3c(oc4c5Cccc5Cc43)c2[nH]1,0.0118308469,0.32193390733466004
c1cnc2c(c1)[nH]c1c3ccc4ccoc4c3Cc21,0.00917782270005,0.24974140462014055
c1cc2Cc3c(ccc4c3[nH]c3ccoc34)c2[nH]1,0.00978936130002,0.26638222607936424
c1cc2cnc3c(nnc4c5occc5Cc34)c2[nH]1,0.00977063670018,0.2658727035032781
c1ccc2cc3c(cc2c1)ncc1ccsc13,0.00550115879969,0.14969423256188447
c1cc2nnc3c([nH]c4c5occc5oc34)c2[nH]1,0.0107733803999,0.29315876341383884
c1cc2oc3c(cnc4c3[nH]c3ccCc34)c2[nH]1,0.0102896430999,0.2799955942486189
c1cc2oc3c4oc5cc[nH]c5c4sc3c2[nH]1,0.0114214410999,0.31079340234581887
c1cc2[nH]c3c4ccc5ccoc5c4cnc3c2[nH]1,0.0079732864001,0.21696428554768113
c1cnc2c(c1)oc1c2Cc2c3cnccc3Cc12,0.00998535839994,0.2717155815641273
c1ccc2c(c1)cnc1c2Cc2c3occc3Cc12,0.00909001140008,0.24735193621213694
c1cc2Cc3c4ncc5cc[nH]c5c4Cc3c2nn1,0.00995017380001,0.27075815934159214
c1cc2ncc3ccCc3c2[nH]1,0.0125776072001,0.34225430056480116
c1cc2Cc3c4sccc4sc3c2cn1,0.0113485225002,0.3088091851619423
c1ccc2c(c1)cnc1c3ccccc3ccc21,0.00576796730002,0.15695446538776422
c1ccc2c(c1)[nH]c1c3oc4cc[nH]c4c3Cc21,0.0101571675,0.2763907477095
c1ccc2cc3c(cnc4ccsc43)cc2c1,0.00593574949994,0.1615200539426673
c1cnc2c(c1)[nH]c1c2nnc2c3[nH]ccc3Cc21,0.00928230340003,0.25258447073957635
c1cc2[nH]c3c4cnc5ccCc5c4ncc3c2o1,0.00866697369997,0.23584048813936367
c1cc2cc3oc4c5occc5Cc4c3cc2o1,0.0102116787,0.27787407377718004
c1ccc2c(c1)ncc1cc3ccnnc3cc12,0.00603518610012,0.16422586304480535
c1cnc2c(c1)sc1c2ncc2ccoc21,0.0100793984,0.27427454162176
c1cc2Cc3cc4c(cc3c2nn1)Cc1ccoc14,0.00940849810002,0.25601840519888425
c1ccc2c(c1)oc1c3cc4occc4cc3oc21,0.0102231407,0.27818597084398
c1cc2Cc3c4cc5Cccc5cc4nnc3c2o1,0.00877478990003,0.23877431788567635
c1cnc2c(c1)[nH]c1c3cc4occc4cc3Cc21,0.00911861629993,0.24813031558391524
c1cc2sc3c4occc4sc3c2cn1,0.010169036,0.2767137062104
c1cc2cnc3c4ccc5ccCc5c4Cc3c2o1,0.008951282,0.2435769150148
c1ccc2c(c1)[nH]c1c2Cc2c3cnccc3Cc12,0.00934091030001,0.25417924653769214
c1cc2ccc3c(ncc4c5occc5oc34)c2[nH]1,0.00949703740002,0.2584276835069042
c1cc2[nH]c3c4oc5ccCc5c4sc3c2[nH]1,0.0108356503999,0.2948532172918389
c1ccc2c(c1)nnc1c2Cc2c3[nH]ccc3Cc12,0.00968820089997,0.2636295099694437
c1cc2ccc3c4ccc5ccCc5c4oc3c2o1,0.00912776469988,0.24837925635431463
c1cc2Cc3c(ncc4c5[nH]ccc5oc43)c2cn1,0.0097473669,0.26523949966266
c1cc2cc3[nH]c4ccCc4c3cc2o1,0.0102016869,0.27760218291066
c1ccc2c(c1)Cc1c3cc4Cccc4cc3Cc21,0.00943208940021,0.2566603575048744
c1cc2[nH]c3c(ncc4c5Cccc5Cc43)c2nn1,0.0116158651,0.31608395158214003
c1cc2Cc3c4[nH]c5ccoc5c4oc3c2cn1,0.00955163330002,0.25991331438016424
c1cc2[nH]c3c(nnc4c5occc5Cc43)c2cn1,0.0112374471,0.30578666801694004
c1cnc2c(c1)Cc1c3cnc4ccCc4c3oc21,0.00994734740004,0.27068124904144847
c1cc2[nH]c3c(ccc4c5[nH]ccc5Cc43)c2cn1,0.00962538570013,0.2619202204405175
c1cc2cnc3c(Cc4c5Cccc5Cc34)c2[nH]1,0.0111142687999,0.3024348140215989
c1cnc2c(c1)[nH]c1c2cnc2c1oc1ccCc12,0.00947745069993,0.2578947019760752
c1cc2nnc3c4cc5Cccc5cc4[nH]c3c2[nH]1,0.0102481877,0.27886753477978
c1cnc2c(c1)ncc1c2oc2c3Cccc3Cc12,0.0103348245999,0.28122504611771887
c1cc2[nH]c3c(Cc4c5sccc5Cc34)c2[nH]1,0.0110698006999,0.3012247747652589
c1cc2cc3nnc4c5occc5Cc4c3cc2[nH]1,0.00699675450016,0.19039148540565384
c1cc2cc3oc4ccCc4c3cc2C1,0.0106299071,0.28925465406094003
c1cc2cnc3c4nnc5ccCc5c4[nH]c3c2C1,0.0103428239001,0.2814427182751812
c1cc2Cc3c(oc4c5occc5oc43)c2cn1,0.0101544469999,0.27631671909307887
c1cc2oc3c4oc5cc[nH]c5c4Cc3c2nn1,0.0101684358,0.27669737392812
c1cc2Cc3c(nnc4c3oc3ccCc34)c2nn1,0.0108355317,0.29484998730138
c1cc2cc3oc4c(nnc5ccCc54)c3cc2o1,0.0110650196,0.30109467434344
c1cnc2c(c1)ccc1c2ccc2ccsc21,0.00744937810009,0.20270800723278903
c1cc2Cc3c4cc5[nH]ccc5cc4[nH]c3c2cn1,0.00884800580013,0.24076662502965748
c1cc2cc3[nH]c4c(ccc5ccoc54)c3cc2[nH]1,0.005739597,0.1561824698058
c1cc2ccc3c(cnc4c5occc5Cc34)c2[nH]1,0.00798827949995,0.21737226878493945
c1ccc2c(c1)Cc1c2nnc2c1[nH]c1ccoc12,0.00999108110011,0.2718713042475333
c1cc2ncc3c4occc4sc3c2cn1,0.00962397159969,0.26188174078780446
c1cnc2c(c1)ncc1c2[nH]c2ccsc21,0.00997265879994,0.27137000766868735
c1cc2ncc3c4[nH]c5ccoc5c4Cc3c2[nH]1,0.0106461032001,0.28969537261920114
c1cc2[nH]c3cc4c(cnc5ccCc54)cc3c2o1,0.007165407,0.19498075603980003
c1cnc2c(c1)sc1c3sccc3sc21,0.0106172414,0.28891000263196
c1cc2Cc3cc4c(cc3c2[nH]1)[nH]c1ccCc14,0.0101693221999,0.2767214941103589
c1ccc2c(c1)Cc1c2nnc2ccsc21,0.010051579,0.2735175368006
c1cc2oc3ccCc3c2C1,0.0118376136,0.32211803871504
c1ccc2c(c1)Cc1c2oc2c3nnccc3Cc21,0.00944089539996,0.25689998108647155
c1cnc2c(c1)ncc1c2[nH]c2c3[nH]ccc3Cc12,0.00971340770002,0.2643154222883243
c1cc2Cc3ccoc3c2cn1,0.0108541126,0.29535559960364
c1cc2nnc3c(oc4c5[nH]ccc5Cc34)c2[nH]1,0.0109849373999,0.2989155255636389
c1cc2cc3sccc3cc2cn1,0.00604608150013,0.1645223421326375
c1cc2Cc3cc4c(cc3c2nn1)[nH]c1ccoc14,0.00926546660003,0.25212631784005635
c1cc2[nH]c3c(ccc4ccnnc43)c2nn1,0.0100383749,0.27315823475386003
c1cc2cc3cnc4c(oc5ccCc54)c3cc2C1,0.00839289429996,0.22838240395393153
c1cc2cnc3c4[nH]c5ccoc5c4Cc3c2cn1,0.00836558769993,0.22763935313787523
c1cc2cc3[nH]c4c([nH]c5ccoc54)c3cc2nn1,0.00869342170006,0.23656017524901268
c1cnc2cc3cc[nH]c3cc2c1,0.00582244730003,0.15843694246003634
c1cc2ncc3c4cc5Cccc5cc4oc3c2[nH]1,0.0100452482,0.27334526686948
c1ccc2c(c1)Cc1c3ccc4ccoc4c3Cc21,0.00966624950013,0.2630321816478375
c1cc2cnc3c4cnc5ccCc5c4oc3c2C1,0.00953047709993,0.25933762455703524
c1cc2ccc3c(oc4c5[nH]ccc5oc34)c2[nH]1,0.010800478,0.29389612704920004
c1ccc2c(c1)oc1cc3c(cc12)oc1ccoc13,0.00933538729998,0.2540289579746758
c1cc2[nH]c3cc4ccsc4cc3c2nn1,0.00337285030002,0.09177997865396423
c1cc2sc3c(ccc4ccsc43)c2s1,0.0107034186001,0.29125500489476114
c1cnc2c(c1)Cc1c2ccc2c1oc1ccCc12,0.00956618060002,0.2603091667793842
c1cc2Cc3c4cnc5cc[nH]c5c4ncc3c2[nH]1,0.00940609660006,0.2559530570228727
c1cnc2c(c1)ncc1c2ccc2ccsc21,0.0117765684001,0.3204569133624811
c1cc2Cc3c(Cc4c5cnccc5Cc43)c2cn1,0.0105001412999,0.2857235449680989
c1ccc2cc3Cccc3cc2c1,0.00725848010001,0.1975134053934121
c1cc2[nH]c3c4[nH]c5ccCc5c4oc3c2cn1,0.00952467399998,0.2591797140830558
c1cc2[nH]c3c4[nH]c5ccoc5c4Cc3c2nn1,0.00947457190011,0.25781636580265327
c1cnc2c(c1)Cc1c3ccc4cc[nH]c4c3[nH]c21,0.00978861989995,0.26636205154549947
c1cc2ncc3c([nH]c4c5[nH]ccc5Cc34)c2cn1,0.0098137471,0.26704579783694005
c1ccc2c(c1)Cc1c2ccc2c1[nH]c1ccCc12,0.00926501449999,0.2521140155650279
c1cc2nnc3c([nH]c4ccsc43)c2cn1,0.0101355586,0.27580273928804
c1cc2cc3occc3cc2[nH]1,0.00993777719998,0.27042083049953575
c1cc2cc3cnc4c5occc5Cc4c3cc2o1,0.00753391230012,0.2050083011634854
c1cc2nnc3cc4c(cc3c2[nH]1)Cc1ccCc14,0.0101237312001,0.27548089917840113
c1cc2[nH]c3c(cnc4c3[nH]c3ccCc34)c2C1,0.0104444584999,0.2842083380241789
c1ccc2c(c1)sc1c3cnccc3Cc21,0.00948465530007,0.25809074923232483
c1cc2cc3cc4[nH]c5ccCc5c4cc3cc2[nH]1,0.00489868570003,0.13330009605779636
c1cc2cc3Cc4c([nH]c5ccoc54)c3cc2nn1,0.00840703480003,0.22876718675753635
c1cc2ccc3c4ccc5ccoc5c4Cc3c2[nH]1,0.0094513291001,0.2571838966744612
c1cnc2c(c1)ccc1c2[nH]c2c1oc1ccCc12,0.00927288859998,0.25232828084949577
c1cc2ncc3c([nH]c4c3oc3ccCc34)c2[nH]1,0.0105859311,0.28805800553454
c1cc2ncc3c(cnc4c3[nH]c3ccCc34)c2C1,0.00829390980005,0.2256888971330806
c1ccc2c(c1)Cc1cc3c(cc12)[nH]c1ccCc13,0.00946421499998,0.2575345400504558
c1cc2ccc3c4[nH]c5ccoc5c4[nH]c3c2o1,0.00909918010007,0.24760142937504478
c1cnc2c(c1)cnc1ccoc12,0.00763251640001,0.2076914567672321
c1cc2[nH]c3c4[nH]c5ccoc5c4Cc3c2cn1,0.00952957199991,0.259312995518351
c1cc2nnc3c4oc5ccoc5c4Cc3c2o1,0.0107229909,0.29178759457626
c1cnc2c(c1)ccc1c2[nH]c2c1[nH]c1ccoc12,0.00859730970012,0.23394483317384535
c1cc2oc3c4sc5ccCc5c4Cc3c2o1,0.0112167295001,0.30522291311902117
c1cc2[nH]c3c([nH]c4c3oc3ccCc34)c2cn1,0.00959050619997,0.26097110040986365
c1ccc2c(c1)[nH]c1c2oc2c3[nH]ccc3Cc12,0.00997656419997,0.27147627907106364
c1cc2[nH]c3c(nnc4c5Cccc5Cc43)c2o1,0.0113550383999,0.30898649191503885
c1ccc2c(c1)oc1c3cc4Cccc4cc3oc21,0.00979477819988,0.26652962750821463
c1ccc2c(c1)cnc1c3[nH]ccc3sc21,0.00873867230007,0.2377915074261248
c1cc2oc3c(cnc4c3oc3ccCc34)c2C1,0.0108089406001,0.2941264062455612
c1cc2ncc3c4nnc5ccCc5c4Cc3c2[nH]1,0.0115754184001,0.31498334025248115
c1cc2ccc3c4ccc5ccCc5c4Cc3c2[nH]1,0.00934856950005,0.2543876640936606
c1cc2oc3c4cc5Cccc5cc4oc3c2o1,0.00989291180008,0.2691999801566969
c1cc2[nH]c3c(cnc4c5[nH]ccc5oc43)c2cn1,0.00951440929998,0.2589003972254758
c1cc2oc3c(oc4c5sccc5Cc34)c2o1,0.0111807128001,0.3042428482886412
c1cc2ncc3cc4c(cc3c2[nH]1)Cc1cc[nH]c14,0.00914304510013,0.2487950574376775
c1cc2ccc3cc4c(cc3c2o1)Cc1ccoc14,0.00850969200008,0.23156063289097692
c1cc2oc3c(Cc4c5[nH]ccc5Cc34)c2nn1,0.0102542252001,0.2790318236100011
c1cc2cc3oc4cc5cc[nH]c5cc4c3cc2[nH]1,0.0101551445,0.2763356990473
c1cc2[nH]c3c(ncc4ccCc43)c2C1,0.0104152221999,0.28341277737035886
c1cc2oc3c(ccc4ccCc43)c2C1,0.0105702487,0.28763126547518003
c1cc2oc3c4ccc5ccCc5c4Cc3c2o1,0.00991224610004,0.26972609352662846
c1ccc2c(c1)ccc1c2[nH]c2c3[nH]ccc3oc12,0.0089542730999,0.2436583070306189
c1cc2cnc3c4ncc5ccoc5c4Cc3c2[nH]1,0.00933962999989,0.2541444077790067
c1cc2ccc3c(nnc4c5Cccc5Cc34)c2o1,0.00963305640005,0.26212895092432054
c1cc2[nH]c3c([nH]c4c3sc3ccCc34)c2C1,0.00970520270016,0.26409215275513387
c1cc2cnc3c4cnc5ccCc5c4[nH]c3c2[nH]1,0.00881070749995,0.23975168606413946
c1cc2[nH]c3c4cnc5ccCc5c4cnc3c2[nH]1,0.00811927919995,0.22093695402151942
c1cc2[nH]c3c4nnccc4cnc3c2cn1,0.00862884849994,0.23480304807126734
c1cc2oc3c(nnc4ccsc43)c2cn1,0.00989044800031,0.26913293671563554
c1ccc2c(c1)[nH]c1c2nnc2c3[nH]ccc3Cc21,0.0095163295,0.2589526485563
c1cc2oc3c([nH]c4c5Cccc5Cc43)c2s1,0.0105324545,0.2866028323813
c1cc2Cc3c4nnc5ccoc5c4oc3c2[nH]1,0.0103594422001,0.2818949254838012
c1cc2ccc3c(ncc4ccCc43)c2s1,0.00991833900014,0.2698918898684096
c1cc2ncc3cc4c(cc3c2o1)Cc1ccCc14,0.00931728659998,0.2535364125866958
c1cc2ccc3c([nH]c4c3[nH]c3ccCc34)c2nn1,0.00901095450013,0.2452006872848375
c1cc2cc3ccc4c(oc5ccCc54)c3cc2[nH]1,0.00679965840004,0.18502822458684848
c1cc2cc3cnc4c5occc5Cc4c3cc2[nH]1,0.00717133569992,0.1951420842648031
c1cnc2c(c1)cnc1c3oc4cc[nH]c4c3Cc21,0.00916463079989,0.24938243454812675
c1cnc2c(c1)Cc1c2ccc2c3[nH]ccc3oc21,0.00886513390003,0.24123270460727633
c1cnc2c(c1)sc1c3ncccc3Cc21,0.00924061250009,0.251450002984949
c1ccc2c(c1)oc1c2[nH]c2c1oc1ccCc12,0.00969282580002,0.26375535997466426
c1ccc2c(c1)[nH]c1c2cnc2c3occc3oc21,0.00916086010011,0.24927982852813327
c1cc2nnc3ccCc3c2s1,0.0115100708999,0.3132051432855389
c1cc2cnc3c(nnc4c5Cccc5Cc34)c2[nH]1,0.0105081071,0.28594030554094
c1cc2nnc3c(Cc4c5occc5Cc34)c2[nH]1,0.0114087813,0.31044891146682
c1cc2ccc3c4cnc5cc[nH]c5c4oc3c2[nH]1,0.0102438481001,0.2787494481910611
c1cc2Cc3c4Cccc4Cc3c2[nH]1,0.0125566541999,0.34168414009515885
c1cc2Cc3c(cnc4c3[nH]c3ccoc34)c2[nH]1,0.0105512434,0.28711410465476
c1cc2oc3c4ccc5cc[nH]c5c4oc3c2cn1,0.0101419468,0.27597657115352
c1ccc2c(c1)oc1c2oc2c3nnccc3Cc21,0.00937143319993,0.2550098173765752
c1cc2oc3c4cnc5cc[nH]c5c4Cc3c2cn1,0.0108311517999,0.29473080408779884
c1cc2Cc3c4ccc5ccoc5c4Cc3c2[nH]1,0.0104737321999,0.2850049163843589
c1cc2ccc3c(cnc4c3oc3ccCc34)c2[nH]1,0.00857580720003,0.23335972004289637
c1cnc2c(c1)Cc1c3cc4Cccc4cc3Cc21,0.0092465388999,0.2516112686207389
c1cc2Cc3c4ccc5cc[nH]c5c4ncc3c2[nH]1,0.00936997190001,0.2549700533599321
c1ccc2c(c1)ccc1ccncc12,0.00811230959994,0.22074730144780733
c1cc2ncc3cc4c(cc3c2[nH]1)[nH]c1cc[nH]c14,0.00733871880004,0.19969681275540846
c1ccc2cc3c(cc2c1)sc1ccccc13,0.00399720919995,0.10876965842351943
c1cc2Cc3c4nnc5cc[nH]c5c4Cc3c2cn1,0.0110093666001,0.29958027830196116
c1cc2[nH]c3c(nnc4ccCc43)c2[nH]1,0.0101085777002,0.27506855123122226
c1ccc2c(c1)Cc1c2oc2c3nnccc3oc21,0.00939002989992,0.2555158596186831
c1cc2ncc3c4cnc5cc[nH]c5c4Cc3c2[nH]1,0.0113129043,0.30783996406902
c1cnc2c(c1)oc1c3nnccc3sc21,0.0102292225001,0.27835146513922115
c1cc2Cc3c4cc5Cccc5cc4Cc3c2nn1,0.00953623559997,0.25949432140502365
c1ccc2c(c1)ccc1c3sccc3sc21,0.00824289959996,0.22430083817435154
c1cc2oc3c4cnc5ccCc5c4ncc3c2C1,0.00916068180004,0.24927497673360846
c1cnc2c(c1)[nH]c1c2oc2c3occc3Cc12,0.00975087740005,0.2653350252837206
c1cc2oc3c(cnc4ccCc43)c2[nH]1,0.0103348133,0.28122473863162
c1cc2nnc3c4Cccc4Cc3c2[nH]1,0.0123674254,0.33653495952956003
c1cc2cnc3c(ncc4c3[nH]c3ccCc34)c2[nH]1,0.0100753981,0.27416568785834
c1cnc2c(c1)sc1c3ncccc3sc21,0.00937765060007,0.2551790015387448
c1cc2[nH]c3c(oc4c5occc5oc34)c2o1,0.0105205581,0.28627911468234
c1cnc2c(c1)sc1c2cnc2cc[nH]c21,0.0100361456,0.27309757237984006
c1cnc2c(c1)Cc1c3nnc4ccoc4c3Cc21,0.0106564948001,0.2899781426034411
c1cc2Cc3c4[nH]c5ccCc5c4[nH]c3c2s1,0.0100044430001,0.27223490025292113
c1cc2[nH]c3c4[nH]c5ccsc5c4Cc3c2[nH]1,0.0106211551999,0.28901650260655887
c1ccc2c(c1)[nH]c1c3ncc4ccCc4c3oc21,0.0096729997,0.26321586403658004
c1cc2ncc3cc4ccCc4cc3c2s1,0.00879129930001,0.23922356177229212
c1cc2oc3c(oc4c3oc3ccCc34)c2cn1,0.0102000994001,0.27755898481588115
c1cc2cnc3ccoc3c2[nH]1,0.0117035975001,0.3184712730142211
c1cc2cc3[nH]c4c(cnc5cc[nH]c54)c3cc2[nH]1,0.00913386879995,0.24854535746295944
c1cc2ncc3c(cnc4c5occc5Cc34)c2[nH]1,0.00831380610009,0.22623030331198904
c1cc2cnc3c(Cc4c5[nH]ccc5Cc34)c2cn1,0.00917618480003,0.24969683506753634
c1ccc2c(c1)Cc1c2cnc2c3occc3oc21,0.00953359430002,0.25942244793556424
c1cc2[nH]c3c(oc4c5[nH]ccc5oc34)c2[nH]1,0.0114466241,0.31147866703474003
c1cc2Cc3c([nH]c4c3[nH]c3ccsc34)c2[nH]1,0.0103825729,0.28252434421106
c1cc2Cc3c4Cccc4Cc3c2cn1,0.0113629945,0.3092029885373
c1cnc2c(c1)Cc1c2cnc2c3occc3oc21,0.00926713339993,0.2521716737988552
c1cc2oc3c(oc4ccCc43)c2C1,0.0113605997999,0.30913782539499884
c1cnc2c(c1)[nH]c1c2ncc2c1oc1ccCc12,0.0104781082,0.28512399347348005
c1cc2ccc3c([nH]c4c5occc5Cc34)c2o1,0.00970922010004,0.26420147183022846
c1cc2Cc3c4cc5Cccc5cc4ccc3c2[nH]1,0.00817667410001,0.22249874960501215
c1cnc2c(c1)Cc1c2[nH]c2ccoc21,0.00954843960005,0.2598264093328006
c1cc2oc3c(ncc4c5occc5Cc43)c2cn1,0.01032406,0.280932126284
c1cc2[nH]c3c(oc4c5sccc5Cc34)c2o1,0.0107301138,0.29198141865732
c1cc2nnc3c4cc5Cccc5cc4[nH]c3c2o1,0.0101440833,0.27603470830962
c1cc2oc3cc4ccsc4cc3c2cn1,0.00924829790006,0.2516591334776927
c1cnc2c(c1)oc1c2oc2c3ncccc3Cc21,0.00887167430005,0.24141067804838057
c1cc2cnc3c4oc5ccCc5c4Cc3c2[nH]1,0.0102339158,0.27847917640012
c1cc2[nH]c3c4ccc5ccoc5c4Cc3c2nn1,0.00951505829994,0.25891805742298735
c1cc2oc3c([nH]c4c5Cccc5Cc43)c2o1,0.0105295597999,0.28652406353899884
c1cc2cnc3c(ccc4c5[nH]ccc5[nH]c43)c2[nH]1,0.00884145010002,0.24058823525168424
c1cnc2c(c1)ccc1c3ccccc3sc12,0.00616820849996,0.16784558877581154
c1ccc2cc3c(cc2c1)[nH]c1c3oc2ccCc21,0.00732387630001,0.19929292755009212
c1ccc2c(c1)Cc1c2nnc2c3occc3Cc21,0.0111415402,0.30317690699828
c1ccc2c(c1)oc1c2[nH]c2c3cnccc3Cc21,0.00847187109991,0.23053147324809095
c1ccc2c(c1)ccc1c2[nH]c2c1[nH]c1ccoc12,0.00815918199999,0.2220227650745279
c1cc2Cc3c(sc4c5Cccc5Cc43)c2o1,0.0114613361,0.31187900115154005
c1cnc2c(c1)[nH]c1c2oc2c3Cccc3Cc12,0.0102905824,0.28002115391936
c1cc2ncc3c(nnc4c3[nH]c3ccCc34)c2[nH]1,0.00962400749995,0.26188271768413945
c1cc2Cc3c4ncc5ccCc5c4nnc3c2o1,0.00892102830005,0.24275366948398058
c1cc2oc3c(cnc4c5occc5Cc43)c2[nH]1,0.0099871612,0.27176463827768005
c1ccc2c(c1)cnc1c2[nH]c2c1oc1ccCc12,0.00869953029996,0.23672639880433155
c1cc2oc3c4oc5ccoc5c4Cc3c2nn1,0.0101060352,0.27499936624128
c1cc2oc3c(ccc4c5[nH]ccc5[nH]c43)c2nn1,0.00871343610004,0.23710479509262847
c1ccc2c(c1)oc1c3[nH]c4ccCc4c3Cc21,0.00924437929996,0.2515525028829316
c1cc2cnc3c([nH]c4ccsc43)c2cn1,0.00914628839996,0.24888331216667156
c1cc2ccc3c(cnc4c5[nH]ccc5oc34)c2[nH]1,0.00817457100004,0.22244152131048844
c1cc2sc3c(nnc4ccsc43)c2o1,0.0105449264001,0.28694221024368116
c1cc2ncc3cc4c(cc3c2[nH]1)oc1cc[nH]c14,0.00824981109997,0.22448890976572367
c1cc2[nH]c3c4ccc5ccCc5c4ncc3c2o1,0.00867556289995,0.23607421229569941
c1ccc2c(c1)oc1c2cnc2c3[nH]ccc3oc21,0.00890255369984,0.2422509497478262
c1cc2[nH]c3c([nH]c4c5nnccc5Cc43)c2cn1,0.00847352189999,0.2305763938293879
c1cc2oc3c4oc5cc[nH]c5c4Cc3c2[nH]1,0.0119708463001,0.3257434870105412
c1cc2ncc3c4cc5Cccc5cc4oc3c2o1,0.00969250809987,0.2637467149088025
c1cc2cnc3c4cc5Cccc5cc4oc3c2o1,0.00912134019995,0.24820443671691944
c1cc2nnc3c4[nH]c5ccCc5c4oc3c2cn1,0.00936538559995,0.2548452537144794
c1cc2oc3c(ccc4c5[nH]ccc5[nH]c43)c2cn1,0.00858535169994,0.2336194392477473
c1cc2sc3c(Cc4c5Cccc5Cc34)c2o1,0.0120601577999,0.3281737779561989
c1cc2ncc3c4sccc4Cc3c2cn1,0.0102096603998,0.2778191530031177
c1cc2[nH]c3c4cnc5ccCc5c4[nH]c3c2o1,0.00931500149989,0.2534742318141068
c1cc2oc3c4ccc5cc[nH]c5c4Cc3c2cn1,0.00976927799991,0.265835731366751
c1cc2ncc3c4ncc5ccoc5c4Cc3c2o1,0.00993212840001,0.2702671187440321
c1ccc2c(c1)Cc1c3ncc4cc[nH]c4c3[nH]c21,0.00947543099994,0.2578397431117673
c1ccc2cc3c(ccc4ccccc43)cc2c1,0.00525819250004,0.14308277939558847
c1cc2nnc3c4[nH]c5ccCc5c4oc3c2o1,0.00986071680006,0.2683239091331527
c1cc2Cc3c(ccc4c5[nH]ccc5Cc43)c2nn1,0.00913917210005,0.24868966768330059
c1cc2Cc3c(ccc4c5[nH]ccc5Cc43)c2cn1,0.0091357307,0.24859602236998002
c1cc2Cc3c([nH]c4c5occc5Cc43)c2o1,0.0101693454,0.27672212541756
c1cc2ccc3ccCc3c2s1,0.0101165122001,0.27528446008180113
c1cc2Cc3c4ncc5ccoc5c4oc3c2cn1,0.0098346213,0.26761381404282003
c1cc2nnc3c4oc5ccCc5c4Cc3c2o1,0.010755731,0.2926784985334
c1cc2Cc3c4ncc5ccCc5c4oc3c2o1,0.00996453899995,0.27114905654323945
c1cc2Cc3c(cnc4c5[nH]ccc5oc43)c2cn1,0.00932310320002,0.25369469041702425
c1cc2ccc3c([nH]c4ccCc43)c2[nH]1,0.0109968037001,0.29923842420490115
c1cc2oc3c4cnc5ccoc5c4oc3c2[nH]1,0.0107217199999,0.2917530116052789
c1cc2ccc3c(cnc4c3oc3ccCc34)c2o1,0.00836477840005,0.22761733095512057
c1cc2oc3c(oc4c3oc3ccsc34)c2[nH]1,0.0112016112002,0.30481152301312225
c1cnc2c(c1)Cc1c3cc4[nH]ccc4cc3[nH]c21,0.00852780260004,0.23205344767072844
c1cc2Cc3c(Cc4c5Cccc5Cc43)c2s1,0.0121323199,0.33013740972686
c1cnc2c(c1)ccc1c3[nH]c4ccCc4c3Cc12,0.00863941059993,0.2350904575989352
c1cc2oc3c([nH]c4c3sc3ccCc34)c2o1,0.0104324602,0.28388184748628004
c1cc2ncc3c([nH]c4c5Cccc5Cc34)c2o1,0.0102925416001,0.28007446649696116
c1cc2cnc3c4oc5cc[nH]c5c4Cc3c2nn1,0.00906888580005,0.2467770790594806
c1cc2cnc3c4nnc5cc[nH]c5c4Cc3c2[nH]1,0.0103814587001,0.28249402527190115
c1cc2[nH]c3c(ccc4c3ncc3ccCc34)c2[nH]1,0.00806319790001,0.21941090333633212
c1cc2cnc3c4cnccc4ccc3c2cn1,0.0058347626001,0.15877205901636116
c1cnc2cc3c(cc2c1)oc1c2occc2Cc31,0.00909974019999,0.24761667047800792
c1ccc2c(c1)oc1c2oc2c3occc3oc21,0.00993023869989,0.27021569735818673
c1cc2Cc3c4cc5Cccc5cc4cnc3c2[nH]1,0.00791874819993,0.2154802247675752
c1cc2Cc3cc4c(cnc5ccoc54)cc3c2[nH]1,0.00869191689992,0.2365192275304831
c1cc2[nH]c3c(oc4c5Cccc5Cc34)c2s1,0.0111138626999,0.30242376347205885
c1cnc2c(c1)[nH]c1c2ncc2c3occc3Cc21,0.0103016362,0.28032194329268
c1cc2Cc3c(cnc4c5Cccc5Cc43)c2o1,0.0106166150001,0.2888929574137211
c1cc2oc3c4ccc5ccCc5c4oc3c2cn1,0.00988026000005,0.2688557069653606
c1cc2nnc3c([nH]c4c5occc5Cc34)c2o1,0.0102898842,0.28000215491988
c1cc2nnc3c4oc5cc[nH]c5c4Cc3c2cn1,0.00980595289991,0.266833706740611
c1ccc2c(c1)nnc1cc3ccncc3cc12,0.00622912850008,0.16950330726707694
c1cc2nnc3c(ncc4c3[nH]c3ccCc34)c2[nH]1,0.0103895553001,0.28271434509314114
c1cc2sc3c4oc5ccCc5c4Cc3c2[nH]1,0.0119178345003,0.32430096172146344
c1cc2oc3c4cc5occc5cc4oc3c2[nH]1,0.0103807177001,0.28247386162450117
c1cc2nnc3c(ncc4c5occc5Cc43)c2[nH]1,0.0100180377,0.27260483106978
c1cc2Cc3c(cnc4c3nnc3cc[nH]c34)c2[nH]1,0.0096987979,0.26391786917606
c1cc2oc3c4ccc5ccCc5c4ncc3c2o1,0.00859884160002,0.23398651831478423
c1cnc2c(c1)oc1cc3c(cc12)[nH]c1ccoc13,0.00851348960009,0.23166397090388902
c1cc2Cc3c([nH]c4c5cnccc5Cc43)c2cn1,0.00874528120005,0.23797134484704058
c1cc2cc3cnc4c5Cccc5Cc4c3cc2C1,0.00855068780004,0.23267618600200848
c1cc2[nH]c3c4cnc5ccCc5c4oc3c2o1,0.00979283469997,0.2664767421547637
c1cnc2c(c1)Cc1c2oc2c3ncccc3Cc21,0.00893026599999,0.2430050402321279
c1cc2Cc3c([nH]c4c5[nH]ccc5Cc43)c2nn1,0.00984371800007,0.2678613479871048
c1cc2cc3nnc4ccsc4c3cc2cn1,0.00645890630017,0.17575588289644595
c1cnc2c(c1)ccc1c2nnc2ccsc21,0.00996539369999,0.2711723141279079
c1cc2cc3Cc4c5[nH]ccc5oc4c3cc2cn1,0.00926096880016,0.25200392640867386
c1cc2oc3c(oc4c5[nH]ccc5oc43)c2cn1,0.0101315510999,0.2756936895998189
c1cc2cc3[nH]c4c(ccc5ccCc54)c3cc2[nH]1,0.00758594340004,0.20642414023584846
c1cc2cc3[nH]c4c(nnc5ccCc54)c3cc2o1,0.0112455738999,0.3060078096197389
c1cc2ccc3c4oc5ccoc5c4Cc3c2[nH]1,0.0105775596001,0.28783020530216114
c1cc2cnc3c4[nH]c5ccCc5c4oc3c2nn1,0.00850031519997,0.23130547703246368
c1cnc2c(c1)oc1c3cc4occc4cc3Cc21,0.00944107810005,0.2569049526117006
c1cc2Cc3c(ncc4ccsc43)c2cn1,0.00932141050009,0.253648629682149
c1ccc2c(c1)oc1c3oc4cccnc4c3Cc21,0.00949717929996,0.2584315448029315
c1ccc2c(c1)oc1c3oc4ccCc4c3Cc21,0.010078102,0.27423926476280003
c1ccc2c(c1)sc1c3cnccc3ccc21,0.00645210769994,0.17557088346614733
c1cc2Cc3c4cc5Cccc5cc4ncc3c2[nH]1,0.00899731610002,0.24482956732408423
c1cc2oc3c(cnc4c3oc3ccCc34)c2cn1,0.00994849840004,0.27071256936284843
c1ccc2c(c1)sc1cc3ccncc3cc12,0.00480660840003,0.13079454381657635
c1cc2[nH]c3c(ccc4c5Cccc5Cc43)c2o1,0.0102734555999,0.27955510971111885
c1cc2cnc3c(oc4c5occc5Cc34)c2[nH]1,0.0104295444002,0.2838025044916023
c1cc2cnc3c4cnc5ccoc5c4Cc3c2[nH]1,0.0100985462,0.27479558006668003
c1cc2nnc3c([nH]c4c5Cccc5Cc34)c2C1,0.0103064362,0.28045255801268
c1cc2Cc3c(ccc4c5Cccc5Cc43)c2o1,0.0101796192,0.27700168989888
c1cc2oc3c([nH]c4c3[nH]c3ccCc34)c2cn1,0.00957485000004,0.2605450732910885
c1cc2Cc3c4ccc5ccoc5c4nnc3c2[nH]1,0.0087208002999,0.23730518528069885
c1cc2ccc3c4cnc5ccCc5c4Cc3c2[nH]1,0.0099200789,0.26993923497946004
c1cc2ncc3c([nH]c4c5Cccc5Cc34)c2cn1,0.0103592876999,0.2818907213170589
c1cc2oc3c4nnc5ccCc5c4Cc3c2o1,0.0110258314999,0.30002831127637886
c1cc2[nH]c3c4ccc5ccoc5c4ncc3c2o1,0.00922358419984,0.2509866390955262
c1cc2[nH]c3c4cnc5ccoc5c4cnc3c2[nH]1,0.00823265479994,0.22402206282308734
c1ccc2c(c1)cnc1c3[nH]c4ccCc4c3Cc21,0.00824113559997,0.22425283726502365
c1cc2Cc3cc4c(cc3c2[nH]1)[nH]c1ccoc14,0.00984888720006,0.2680020091557127
c1cc2cc3cnc4c5Cccc5Cc4c3cc2o1,0.00814495479995,0.22163562304335943
c1cc2cc3Cc4cc5ccCc5cc4c3cc2o1,0.00910768580002,0.24783288137866424
c1cc2sc3c(nnc4ccCc43)c2s1,0.0108976444999,0.29654016354457885
c1ccc2c(c1)ncc1c3cnccc3ncc21,0.00657251099994,0.17884722582376733
c1cnc2c(c1)ccc1c2ccc2cccnc21,0.00852059339991,0.231857275242311
c1ccc2c(c1)[nH]c1c2[nH]c2c3nnccc3Cc21,0.0082779441999,0.22525445080115886
c1cc2[nH]c3c(ncc4c5occc5Cc43)c2nn1,0.0108973946999,0.2965333661368589
c1cnc2c(c1)[nH]c1c3ncc4ccCc4c3oc21,0.00962188539995,0.2618249723721994
c1ccc2c(c1)[nH]c1c2ncc2c1[nH]c1ccCc12,0.00946824259995,0.25764413668427943
c1cc2cnc3c([nH]c4c3oc3ccCc34)c2cn1,0.00895622270014,0.2437113583825896
c1cnc2cc3c(cc2c1)Cc1c3[nH]c2ccCc21,0.00830960350004,0.22611594468098845
c1cc2[nH]c3c4cc5Cccc5cc4[nH]c3c2nn1,0.0105627477,0.28742715276378
c1cc2oc3c4[nH]c5ccsc5c4oc3c2[nH]1,0.0110026181999,0.29939664488475887
c1cnc2c(c1)[nH]c1c3ccc4ccCc4c3oc21,0.00951879549996,0.25901975186761156
c1cc2Cc3c(oc4c5Cccc5Cc43)c2nn1,0.0106192179999,0.28896378868247885
c1ccc2cc3c(ccc4ccncc43)cc2c1,0.00517522949997,0.14082524001548366
c1cnc2c(c1)[nH]c1c2cnc2ccsc21,0.0104267245999,0.28372577377771885
c1cc2Cc3c4[nH]c5ccCc5c4[nH]c3c2o1,0.0100735415999,0.27411516989151885
c1cc2nnc3c(oc4c5[nH]ccc5oc34)c2[nH]1,0.0111291629,0.30284010333706
c1cc2Cc3c(cnc4cc[nH]c43)c2[nH]1,0.0114998539,0.31292712441446
c1cnc2c(c1)[nH]c1c3[nH]c4ccnnc4c3Cc21,0.0093925594,0.25558469085716
c1ccc2c(c1)cnc1c2Cc2c3[nH]ccc3Cc12,0.00916250570003,0.24932460760579636
c1cc2[nH]c3c4cnc5ccCc5c4oc3c2cn1,0.0102481640999,0.2788668925880189
c1cnc2c(c1)ncc1c3oc4ccCc4c3Cc12,0.0100136161,0.27248451314354005
c1ccc2c(c1)oc1c2Cc2c3ncccc3Cc12,0.00969607819991,0.263843862329031
c1cc2Cc3c4ncc5cc[nH]c5c4[nH]c3c2cn1,0.00980563229996,0.2668249827671315
c1cc2ccc3c4cnc5ccoc5c4oc3c2[nH]1,0.0097654164,0.26573065182696004
c1cc2[nH]c3c4oc5ccCc5c4Cc3c2nn1,0.01002692,0.272846530888
c1ccc2c(c1)[nH]c1c2ncc2c3Cccc3Cc21,0.0111615546,0.30372152684244
c1ccc2c(c1)[nH]c1c2Cc2c3ccccc3Cc12,0.00925489149995,0.2518385545617394
c1cc2sc3c4nnccc4sc3c2nn1,0.00946116549994,0.2574515588850673
c1cc2[nH]c3c([nH]c4c5cnccc5Cc43)c2cn1,0.00822986230003,0.22394607499103636
c1cc2oc3c(ccc4c3oc3ccCc34)c2C1,0.0104432978001,0.2841767537576412
c1cc2ccc3c(nnc4c3oc3ccCc34)c2o1,0.00937100289991,0.254998108310611
c1cc2[nH]c3c4oc5ccsc5c4Cc3c2[nH]1,0.0106875626998,0.29082354364933777
c1cc2oc3cc4c(cc3c2[nH]1)Cc1cc[nH]c14,0.00996596999994,0.27118799605636734
c1cnc2c(c1)sc1c3cnccc3oc21,0.0102423684,0.27870918347976004
c1cc2Cc3cc4c(cc3c2cn1)oc1cc[nH]c14,0.00917250040015,0.24959657738864172
c1cc2Cc3c(oc4c5sccc5Cc43)c2o1,0.0112303878998,0.3055945772966177
c1cc2[nH]c3c4ccc5cc[nH]c5c4oc3c2cn1,0.00991224690006,0.2697261152962927
c1cc2[nH]c3ccCc3c2C1,0.0109321079,0.29747796091006
c1cc2cc3sccc3cc2s1,0.00612661200012,0.1667136897800654
c1cc2sc3c(cnc4ccsc43)c2o1,0.0103897526003,0.2827197139078034
c1cc2ccc3c4Cccc4Cc3c2o1,0.0110624524999,0.3010248199557789
c1cc2Cc3c(oc4c5nnccc5Cc43)c2nn1,0.0101281297,0.27560058851858
c1cc2oc3c(cnc4c3[nH]c3ccCc34)c2C1,0.0105894843999,0.28815469579943886
c1cnc2c(c1)cnc1c2ccc2cccnc21,0.0095212558,0.25908670007612
c1cnc2cc3ccncc3cc2c1,0.00668065399998,0.18178994825505576
c1cc2ccc3cc4c(cc3c2C1)Cc1ccCc14,0.0087620825999,0.23842853445891887
c1cc2[nH]c3c(ncc4c3[nH]c3ccCc34)c2cn1,0.00961014000006,0.2615053635976327
c1cnc2c(c1)Cc1cc3c(cc12)Cc1ccCc13,0.00971100720005,0.26425010132344057
c1cc2Cc3c(ccc4c5[nH]ccc5oc43)c2cn1,0.00913027730007,0.2484476277231248
c1cc2[nH]c3c(cnc4c3ncc3ccCc34)c2C1,0.00943330020004,0.25669330506336846
c1cc2Cc3c(cnc4c5occc5oc43)c2o1,0.010512542,0.2860609853788
c1cc2nnc3c4ccc5ccCc5c4[nH]c3c2[nH]1,0.00999830620003,0.2720679093314963
c1cc2ccc3c([nH]c4c5occc5Cc34)c2nn1,0.00932168750001,0.2536561672377721
c1cc2Cc3c4ccc5ccCc5c4oc3c2nn1,0.00988729409983,0.26904711466811404
c1cc2Cc3c4ccc5ccCc5c4[nH]c3c2nn1,0.00979454750006,0.2665233498431327
c1cc2cc3Cc4c(oc5ccCc54)c3cc2nn1,0.0091038027,0.24772721679078002
c1cc2cc3oc4c(ncc5cc[nH]c54)c3cc2[nH]1,0.00887519330001,0.2415064349638921
c1cc2cnc3c(ncc4ccsc43)c2s1,0.00909652759992,0.24752925113246307
c1ccc2c(c1)oc1c2ccc2c3[nH]ccc3Cc21,0.00905872470003,0.24650058130239635
c1cc2cc3ccc4c5[nH]ccc5Cc4c3cc2[nH]1,0.00715094559996,0.19458724109875156
c1cnc2c(c1)[nH]c1c2[nH]c2c3occc3oc12,0.00926126360002,0.2520119483255842
c1cc2[nH]c3c(ccc4c3oc3ccCc34)c2[nH]1,0.00976460380014,0.2657085398471296
c1cc2cc3oc4c(ncc5ccoc54)c3cc2[nH]1,0.00862266960007,0.2346349115553448
c1ccc2c(c1)[nH]c1ccCc12,0.0107492061001,0.29250094687226114
c1ccc2c(c1)[nH]c1c2ccc2c3occc3Cc21,0.00943518899987,0.2567447019510625
c1cc2oc3c(ncc4c3[nH]c3ccCc34)c2o1,0.0102873259999,0.27993254271367884
c1cc2ccc3c(ncc4c3[nH]c3ccCc34)c2o1,0.00970550600005,0.2641004059697606
c1ccc2c(c1)Cc1c2[nH]c2c3nnccc3oc21,0.00875930540008,0.23835296296373693
c1cc2ncc3c(oc4ccsc43)c2cn1,0.00992900229994,0.2701820531845873
c1cc2Cc3c(cnc4c3oc3ccCc34)c2nn1,0.0100295537001,0.27291819755490115
c1cc2ncc3c4cnc5ccCc5c4oc3c2C1,0.0101948606998,0.2774164324465377
c1cc2Cc3c(ncc4c5[nH]ccc5[nH]c43)c2cn1,0.00910447760009,0.24774558176708902
c1cc2ccc3c(ccc4c5occc5oc34)c2o1,0.00801390640004,0.21806961261404847
c1cc2[nH]c3c(ccc4c5Cccc5Cc43)c2[nH]1,0.00994119879999,0.27051393702604787
c1ccc2c(c1)sc1c2cnc2cc[nH]c21,0.0107481397,0.29247192863258
c1cc2oc3c(ccc4c5occc5oc43)c2o1,0.00975823309989,0.2655351841743468
c1cc2cc3ccc4ccCc4c3cc2s1,0.00559531170006,0.1522562647950127
c1cc2sc3c(nnc4ccsc43)c2cn1,0.0090386720999,0.2459549219792189
c1cnc2c(c1)oc1c3cnc4cc[nH]c4c3Cc21,0.0104885777999,0.28540888594419883
c1cc2[nH]c3c4ccc5ccCc5c4[nH]c3c2cn1,0.0099312909,0.27024432919626
c1cc2[nH]c3cc4c(cc3c2cn1)oc1ccCc14,0.0102904313001,0.28001704227954116
c1cc2cc3nnc4c(oc5ccCc54)c3cc2C1,0.00933657040002,0.25406115178310423
c1ccc2c(c1)ccc1c2oc2c1oc1ccCc12,0.00899975349989,0.24489589238690676
c1cc2Cc3cc4c(cc3c2[nH]1)nnc1ccoc14,0.00869433310004,0.2365849757184285
c1cc2cnc3c(cnc4ccsc43)c2s1,0.0103075473,0.28048279259922004
c1cc2[nH]c3c([nH]c4c5cnccc5[nH]c43)c2cn1,0.00813168949992,0.2212746556581231
c1cc2ccc3c([nH]c4c3[nH]c3ccoc34)c2nn1,0.00870871229995,0.23697625387885943
c1cc2Cc3c(Cc4c5occc5Cc43)c2o1,0.0119324522999,0.3246987325134989
c1ccc2c(c1)oc1cccnc12,0.0101758221001,0.2768983654946612
c1cc2[nH]c3c(cnc4c3nnc3ccCc34)c2o1,0.00926766499992,0.25218613937882306
c1cc2cnc3c4ncc5ccCc5c4Cc3c2o1,0.00937918670002,0.25522080096892424
c1ccc2c(c1)ncc1c3[nH]c4cc[nH]c4c3oc21,0.00971347760003,0.26431732436545635
c1cc2cc3[nH]c4ccsc4c3cc2nn1,0.00728238609997,0.19816392112072367
c1cc2sc3ccoc3c2o1,0.0118491497999,0.32243195486499887
c1cc2sc3c(cnc4ccsc43)c2s1,0.0109727052998,0.29858267299497776
c1cc2Cc3cc4c(cc3c2o1)Cc1ccCc14,0.0100990271001,0.27480866603166115
c1cc2Cc3c4cnc5cc[nH]c5c4[nH]c3c2cn1,0.0103030389,0.28036011272346
c1cnc2c(c1)ncc1c3ccccc3sc12,0.00568357110001,0.15465792663081213
c1cc2ncc3c4[nH]c5ccCc5c4Cc3c2o1,0.00987338640005,0.26866866668632056
c1ccc2c(c1)Cc1c2[nH]c2c3cnccc3[nH]c21,0.00818635269991,0.222762117858331
c1cc2[nH]c3c(nnc4c5Cccc5Cc43)c2C1,0.0116630968,0.31736919226352
c1cc2ncc3c4cc5Cccc5cc4[nH]c3c2o1,0.00943129149994,0.2566386455214673
c1cc2ccc3c4ccc5ccCc5c4oc3c2[nH]1,0.00916510360003,0.24939530010185637
c1cc2oc3c(ccc4c5occc5Cc43)c2[nH]1,0.00976062860002,0.26560036908658424
c1cc2cnc3c(nnc4ccsc43)c2[nH]1,0.0113186101,0.30799522687513997
c1cnc2c(c1)Cc1c3nnc4cc[nH]c4c3Cc21,0.0105865673,0.28807531742722003
c1ccc2c(c1)sc1c2ncc2ccCc21,0.0100847706999,0.2744207294232589
c1cnc2c(c1)ccc1c3[nH]c4cc[nH]c4c3Cc12,0.00923625899998,0.2513315381520558
c1cc2cc3sccc3cc2[nH]1,0.00710559390006,0.1933531578520927
c1cnc2c(c1)Cc1c2cnc2c1[nH]c1ccoc12,0.0089311255,0.2430284284307
c1cnc2c(c1)cnc1c3ccccc3sc21,0.00606609340002,0.16506689394530422
c1cc2Cc3c4cc5occc5cc4oc3c2cn1,0.0101985226,0.27751607787764
c1cc2Cc3c(ccc4c3[nH]c3ccCc34)c2[nH]1,0.0101473223001,0.27612284603694115
c1cnc2c(c1)[nH]c1c2ccc2c3[nH]ccc3oc21,0.00925731500001,0.25190450139127213
c1ccc2c(c1)cnc1c2[nH]c2ccsc21,0.00872609980013,0.23744939210125748
c1cc2oc3c4[nH]c5ccCc5c4oc3c2s1,0.0103988178,0.28296639068292
c1cc2cc3Cc4c([nH]c5ccCc54)c3cc2C1,0.0091153889,0.24804249351346003
c1cnc2c(c1)[nH]c1cc3c(cc12)oc1cc[nH]c13,0.00882176890002,0.24005268224600423
c1cc2[nH]c3c4ncc5ccoc5c4Cc3c2nn1,0.00942596829998,0.2564937937980758
c1cc2cnc3c(ncc4c5Cccc5Cc43)c2o1,0.0104173754,0.28347136895956
c1cc2ccc3c4oc5ccCc5c4Cc3c2cn1,0.00934432359998,0.2542721272084958
c1ccc2c(c1)Cc1c2ncc2c1oc1ccCc12,0.0101883996,0.27724061687544
c1cc2ncc3c4ncc5cc[nH]c5c4Cc3c2[nH]1,0.0103503465,0.2816474187501
c1cc2ccc3c4ncc5ccCc5c4Cc3c2C1,0.0091292858001,0.24842064762084112
c1cnc2c(c1)[nH]c1c3nnc4ccCc4c3Cc21,0.0104091274001,0.28324692933508117
c1cc2cc3Cc4c(cnc5ccoc54)c3cc2[nH]1,0.0105666937,0.28753452894818
c1cc2oc3c(sc4c5occc5Cc34)c2o1,0.0111198899999,0.30258777474327886
c1cc2sc3c4occc4oc3c2o1,0.0113076051999,0.30769576813655886
c1cnc2c(c1)Cc1c2ncc2cc[nH]c21,0.0100484219,0.27343162768966
c1ccc2c(c1)Cc1c3cnccc3[nH]c21,0.00999103640004,0.27187008789604844
c1cnc2c(c1)sc1c3[nH]ccc3Cc21,0.00981481439999,0.26707484056388786
c1cc2nnc3c(cnc4ccCc43)c2C1,0.00828774590002,0.22552116878380424
c1cnc2c(c1)[nH]c1c2cnc2cc[nH]c21,0.0103708025,0.2822040551485
c1cnc2cc3c(cc2c1)Cc1cc[nH]c13,0.00855019940002,0.23266289595370424
c1cc2oc3c(oc4ccCc43)c2cn1,0.0104659981999,0.28479446341675885
c1cc2cc3sc4ccCc4c3cc2o1,0.00985580969996,0.26819038006949153
c1cc2[nH]c3c(nnc4ccCc43)c2o1,0.0108713783001,0.29582542347534113
c1cc2nnc3c(ccc4ccCc43)c2cn1,0.00894555959997,0.24342120049862365
c1cc2[nH]c3c(ccc4ccsc43)c2[nH]1,0.00955083630004,0.25989162689490847
c1cc2cc3ncc4ccCc4c3cc2C1,0.0087235970999,0.23738129012421885
c1cnc2c(c1)[nH]c1c3ccccc3oc21,0.0115026280999,0.3130026142776189
c1cc2nnc3c([nH]c4ccCc43)c2o1,0.0112902893001,0.3072245782607412
c1cc2ncc3c(oc4ccCc43)c2o1,0.011412048,0.3105378029472
c1cc2cc3[nH]c4ccsc4c3cc2o1,0.00943342870005,0.2566968017285406
c1cc2[nH]c3c4nnccc4[nH]c3c2cn1,0.0132690872999,0.36107044215249884
c1cc2cc3ccc4ccCc4c3cc2cn1,0.00581158720001,0.15814142393435213
c1cc2oc3c4cnccc4ccc3c2cn1,0.00809404040001,0.2202501709408321
c1cc2ncc3c(cnc4ccCc43)c2cn1,0.00899889080006,0.2448724171167527
c1cnc2c(c1)Cc1c2ncc2ccoc21,0.00982687170006,0.2674029365790127
c1cc2oc3c4occc4Cc3c2nn1,0.0106572753,0.28999938109842
c1ccc2c(c1)[nH]c1c3[nH]ccc3sc21,0.0107796641,0.29332975169074
c1cc2oc3c(oc4ccCc43)c2nn1,0.0105487549999,0.2870463918042789
c1cc2Cc3c(ccc4ccCc43)c2s1,0.0105242132001,0.28637857507320114
c1cc2Cc3c4cnccc4oc3c2cn1,0.0108319904001,0.29475362357328116
c1ccc2c(c1)oc1c2ccc2ccoc21,0.00976063759992,0.2656006139864631
c1cc2cnc3c([nH]c4ccCc43)c2cn1,0.00890686300011,0.24236821184119325
c1ccc2c(c1)nnc1c2ncc2ccCc21,0.00924043060002,0.2514450532293842
c1cc2cnc3c4occc4sc3c2[nH]1,0.0110072159999,0.2995217574596789
c1ccc2c(c1)Cc1c3nnccc3cnc21,0.00772742899994,0.21027416148896733
c1cnc2c(c1)ccc1c2cnc2ccCc21,0.00752192339996,0.20468206640567155
c1cnc2c(c1)Cc1cc3ccoc3cc12,0.0099070819,0.26958556841366
c1cnc2c(c1)oc1cc3cc[nH]c3cc12,0.00824927300005,0.22447426731356057
c1cc2cnc3c(ccc4ccCc43)c2C1,0.00829607439994,0.22574779892652733
c1cc2[nH]c3c(nnc4cc[nH]c43)c2cn1,0.0105284532,0.28649395140648
c1cc2Cc3c4cnccc4[nH]c3c2cn1,0.0104610121,0.28465878465794003
c1cnc2c(c1)ccc1c3nnccc3[nH]c12,0.0106886205,0.2908523278737
c1cc2[nH]c3c4cnccc4ncc3c2cn1,0.00820585589986,0.22329282723345042
c1cc2cnc3c(ccc4ccCc43)c2[nH]1,0.00946637269988,0.25759325408551464
c1cnc2cc3c(cc2c1)[nH]c1ccnnc13,0.00510784550011,0.13899162704169327
c1cc2nnc3c(sc4ccCc43)c2o1,0.0112086903,0.30500415522942004
c1cc2Cc3c(nnc4ccCc43)c2cn1,0.0126431593,0.34403806497602
c1cc2[nH]c3c(ncc4ccCc43)c2cn1,0.0101374740999,0.27585486272201887
c1cc2nnc3c([nH]c4ccCc43)c2nn1,0.0105039847,0.28582812926558
c1cnc2c(c1)[nH]c1c2[nH]c2ccsc21,0.0105588063,0.28731990175182
c1cc2cnc3c(cnc4ccCc43)c2[nH]1,0.00915987919996,0.24925313686179154
c1ccc2c(c1)sc1c2[nH]c2ccCc21,0.00904705519997,0.24618303786846368
c1cc2sc3c4occc4sc3c2o1,0.0114483424998,0.31152542709905773
c1cnc2c(c1)ncc1c3[nH]ccc3[nH]c12,0.00927130999992,0.2522853249318231
c1cc2ncc3c([nH]c4ccCc43)c2cn1,0.0102896676001,0.27999626093336116
c1cc2ccc3c(ccc4ccCc43)c2nn1,0.00918012289992,0.2498039962788831
c1cc2cnc3c(ccc4ccCc43)c2nn1,0.00924867420008,0.25166937312805693
c1ccc2c(c1)Cc1c2nnc2cc[nH]c21,0.0110974114999,0.30197610328837887
c1cc2oc3c4[nH]ccc4Cc3c2nn1,0.0103001332,0.28028104455848
c1cc2oc3c(nnc4ccsc43)c2[nH]1,0.0105676844,0.28756148728215997
c1cc2ncc3c(sc4ccCc43)c2[nH]1,0.0113343902999,0.30842462820669886
c1cc2cnc3c(ncc4ccCc43)c2o1,0.0101954775,0.2774332164435
c1cc2oc3c(ncc4ccoc43)c2o1,0.0102816350001,0.27977768264172115
c1cc2oc3c4nnccc4Cc3c2cn1,0.0113902361001,0.3099442706142611
c1ccc2c(c1)ccc1c3occc3oc21,0.00793743959991,0.21598884392899095
c1ccc2cc3c(ccc4cc[nH]c43)cc2c1,0.00512537050008,0.13946850682587691
c1ccc2c(c1)[nH]c1c3ccccc3Cc21,0.00978487939994,0.2662602673035273
c1cnc2c(c1)nnc1c2ccc2cc[nH]c21,0.0108325904,0.29476995041056
c1ccc2c(c1)[nH]c1c3occc3oc21,0.00989549819997,0.26927035971866364
c1cc2cnc3cc4cc[nH]c4cc3c2nn1,0.00739377669993,0.20119501529247522
c1cc2cc3nnc4ccoc4c3cc2[nH]1,0.00683163710005,0.18589840978430058
c1ccc2c(c1)ccc1c3ccccc3oc21,0.00760501419995,0.20694308340051945
c1ccc2c(c1)Cc1c3cnccc3nnc21,0.00871863090003,0.23724615287307635
c1cnc2c(c1)cnc1c3[nH]ccc3oc21,0.00844460840005,0.22978961701712056
c1cc2[nH]c3c(ncc4cc[nH]c43)c2nn1,0.0103286422999,0.28105681707949887
c1ccc2c(c1)Cc1c3cnccc3ccc21,0.0075331572001,0.20498775383480117
c1ccc2c(c1)nnc1cc3ccoc3cc12,0.00861064540004,0.23430771623864846
c1cc2nnc3c(ccc4ccoc43)c2cn1,0.0090677032,0.24674489885648004
c1ccc2c(c1)ccc1cc3ccCc3cc12,0.00838445039994,0.2281526336129273
c1cc2[nH]c3c4cnccc4[nH]c3c2cn1,0.0122403655,0.3330774817667
c1ccc2c(c1)ncc1c3ccccc3[nH]c21,0.00694284579993,0.18892455420021523
c1ccc2c(c1)cnc1c3ncccc3oc21,0.00787154919999,0.2141958739006079
c1ccc2c(c1)cnc1c2ccc2ccCc21,0.00864608810002,0.23527216172488424
c1ccc2c(c1)cnc1c2oc2ccCc21,0.00863780529994,0.23504677513878733
c1cc2cnc3c4Cccc4Cc3c2nn1,0.00935319899997,0.25451363926778364
c1cnc2c(c1)ncc1c2oc2ccCc21,0.0104895126,0.28543432316364004
c1ccc2c(c1)Cc1c3nnccc3Cc21,0.010416573,0.2834495345322
c1cnc2c(c1)ncc1c2cnc2ccoc21,0.00771559099985,0.2099520329333183
c1cc2cc3cc4Cccc4cc3cc2o1,0.00661740169983,0.18006876461475407
c1cc2oc3c(nnc4cc[nH]c43)c2[nH]1,0.0114251123,0.31089330084022
c1cnc2c(c1)oc1c2ccc2ccCc21,0.00952630670008,0.2592241421385569
c1ccc2c(c1)oc1c3nnccc3[nH]c21,0.0121477180001,0.33055641358792115
c1ccc2c(c1)oc1c3nnccc3oc21,0.0116205917001,0.3162125689881012
c1ccc2c(c1)oc1c3cnccc3oc21,0.0112010043,0.30479500840902
c1cc2ccc3cc4ccoc4cc3c2[nH]1,0.00592089450004,0.16111582859838847
c1cnc2c(c1)nnc1cc3cc[nH]c3cc12,0.00728096710009,0.19812530814738902
c1cnc2c(c1)cnc1c3Cccc3Cc21,0.00937035430002,0.25498045899956423
c1cnc2c(c1)cnc1c3ccccc3[nH]c21,0.00757927179995,0.20624259665715944
c1cc2oc3cc4ccsc4cc3c2o1,0.00971082800004,0.26424522504028847
c1ccc2cc3c(cc2c1)nnc1cc[nH]c13,0.00534857039997,0.14554208858174367
c1ccc2c(c1)[nH]c1c2ccc2ccoc21,0.0120887391,0.32895151514574006
c1cc2[nH]c3c(ncc4ccoc43)c2cn1,0.00934203669999,0.2542098974581079
c1cnc2c(c1)[nH]c1c2ncc2cc[nH]c21,0.00999883249995,0.27208223068913945
c1cnc2c(c1)Cc1c2ccc2cc[nH]c21,0.00989816210006,0.2693428481695727
c1ccc2c(c1)Cc1c2nnc2ccoc21,0.0113740187001,0.30950297245590114
c1cc2oc3c([nH]c4ccCc43)c2s1,0.0106149083001,0.28884651571734116
c1cc2sc3c(oc4ccCc43)c2s1,0.0116138881999,0.31603015736275886
c1cc2Cc3c(ncc4cc[nH]c43)c2cn1,0.010478399,0.2851319065486
c1cnc2cc3c(cc2c1)ncc1ccCc13,0.00562282629994,0.15300497557818732
c1cc2cc3ncc4cc[nH]c4c3cc2cn1,0.00591902280007,0.1610648970218248
c1ccc2c(c1)cnc1c3ccccc3Cc21,0.00738077009999,0.2008410874988679
c1cc2Cc3c(nnc4cc[nH]c43)c2cn1,0.0116591046,0.31726055891244
c1ccc2c(c1)ncc1c2ccc2cc[nH]c21,0.00979477869987,0.2665296411136425
c1cc2Cc3c(Cc4c5Cccc5Cc43)c2[nH]1,0.0126567993999,0.34440923119043887
c1cc2cnc3c(nnc4ccoc43)c2o1,0.0107840881,0.29345013492434
c1cnc2c(c1)sc1c2oc2ccCc21,0.00976019409995,0.2655885457313794
c1cc2nnc3c4occc4Cc3c2cn1,0.00967223650002,0.2631950962966442
c1cc2nnc3c(cnc4ccCc43)c2[nH]1,0.0089466538999,0.2434509779317389
c1cc2[nH]c3c4cnccc4ccc3c2cn1,0.00842714580006,0.2293144352237527
c1cnc2c(c1)Cc1c3cnccc3[nH]c21,0.0100504179001,0.27348594164678114
c1cc2[nH]c3c4sccc4Cc3c2[nH]1,0.0111626471,0.30375125529694
c1ccc2c(c1)oc1c3[nH]ccc3sc21,0.0109624202,0.29830280103028
c1cc2oc3c(ccc4ccsc43)c2o1,0.0101415923999,0.2759669274306389
c1cnc2c(c1)nnc1c3occc3oc21,0.0095072327,0.25870511189278
c1cc2sc3c(ccc4ccoc43)c2[nH]1,0.0096886573001,0.26364192925594115
c1cc2[nH]c3c(ncc4ccoc43)c2o1,0.00992189249996,0.26998858557341154
c1cc2oc3c(cnc4ccsc43)c2o1,0.0111508790001,0.3034310288233212
c1ccc2c(c1)Cc1c3cnccc3cnc21,0.00779428129988,0.21209330616355465
c1cc2ccc3c4sccc4Cc3c2[nH]1,0.0110219705,0.2999232480637
c1cc2ncc3c(ncc4ccoc43)c2[nH]1,0.00916044939993,0.2492686528012552
c1ccc2c(c1)[nH]c1cc3ccncc3cc12,0.00455687760007,0.12399901912654479
c1cc2oc3c(nnc4ccoc43)c2o1,0.0116168086,0.31610962553804
c1cnc2c(c1)ncc1c3[nH]ccc3oc12,0.00948946110009,0.25822152177898905
c1ccc2c(c1)cnc1c2ccc2ccoc21,0.00838516910005,0.22817219044910056
c1cc2oc3c(sc4ccCc43)c2nn1,0.0111557882001,0.30356461502820115
c1cnc2c(c1)nnc1c2[nH]c2ccoc21,0.0095614838001,0.2601813602780411
c1cc2oc3c4cnccc4ncc3c2cn1,0.00836575019991,0.227643774989831
c1ccc2c(c1)oc1c2cnc2ccCc21,0.00978342759993,0.26622076179273524
c1cc2[nH]c3c([nH]c4ccCc43)c2s1,0.0103221156999,0.2808792191562589
c1cnc2c(c1)ccc1c2ncc2ccoc21,0.00802801000009,0.21845339131644903
c1ccc2c(c1)ncc1c2cnc2ccCc21,0.00837876140008,0.22799782796213694
c1ccc2c(c1)[nH]c1c2cnc2ccoc21,0.00977984050007,0.26612315178360485
c1cc2cc3Cc4ccCc4c3cc2nn1,0.00960244229998,0.2612958984016758
c1ccc2c(c1)cnc1c3ccccc3oc21,0.00792870299995,0.21575110881283946
c1cc2[nH]c3c4[nH]ccc4[nH]c3c2nn1,0.0115517909002,0.3143404029017023
c1cc2oc3c(cnc4cc[nH]c43)c2nn1,0.0115895462001,0.31536777746940114
c1cc2oc3c4[nH]ccc4oc3c2nn1,0.0108776937999,0.29599727706659884
c1cnc2c(c1)cnc1c2ccc2cc[nH]c21,0.00912948509995,0.24842607084877943
c1cc2cnc3c(nnc4ccoc43)c2[nH]1,0.0117352864999,0.31933357506337884
c1ccc2c(c1)Cc1cc3cc[nH]c3cc12,0.0104685812001,0.28486475046840115
c1cc2oc3c(ncc4ccoc43)c2[nH]1,0.00995655560007,0.2709318170557448
c1cc2oc3c(ncc4ccsc43)c2o1,0.0097417723,0.26508726276422
c1ccc2c(c1)ccc1c2[nH]c2ccoc21,0.00782327130003,0.21288216465363635
c1cnc2c(c1)oc1c3cnccc3ccc21,0.00786669759998,0.2140638550720958
c1cc2ncc3c([nH]c4ccsc43)c2o1,0.0103198968001,0.28081883978624117
c1cc2oc3c(nnc4ccCc43)c2s1,0.0122925039,0.33449624062446
c1cc2Cc3c(ccc4ccoc43)c2nn1,0.010660296,0.2900815785744
c1cc2nnc3c(ccc4ccCc43)c2o1,0.00839465699994,0.2284303694881673
c1cc2ccc3c4[nH]ccc4oc3c2nn1,0.00870133370006,0.23677547184581269
c1cc2cc3sc4ccoc4c3cc2o1,0.00906121980006,0.2465684764673527
c1cc2cc3[nH]c4ccCc4c3cc2s1,0.00923637850008,0.2513347899170769
c1cnc2c(c1)Cc1c3cnccc3cnc21,0.00759854219996,0.20676697121999155
c1ccc2c(c1)oc1c3cnccc3[nH]c21,0.01150335,0.31302225819
c1cc2cnc3cc4ccoc4cc3c2[nH]1,0.00850869880003,0.23153360652713634
c1cnc2c(c1)nnc1c3occc3Cc21,0.00961751720001,0.26170610753635215
c1cc2[nH]c3c(cnc4ccsc43)c2o1,0.0106066710999,0.28862236996781887
c1cc2oc3c(nnc4cc[nH]c43)c2cn1,0.0113623012001,0.3091841228764012
c1cc2[nH]c3c(nnc4ccsc43)c2[nH]1,0.0102365628001,0.27855120497864116
c1ccc2c(c1)ncc1c2cnc2cc[nH]c21,0.00910676959995,0.24780795029207944
c1cc2cc3[nH]c4ccsc4c3cc2[nH]1,0.00788775130002,0.21463675572536425
c1ccc2c(c1)oc1c2nnc2ccCc21,0.0118019949,0.32114880402186
c1cc2ccc3c(ncc4ccoc43)c2[nH]1,0.0102649934,0.27932484140476
c1cc2cnc3c4occc4Cc3c2cn1,0.00853802409995,0.23233158899337944
c1cc2sc3cc4ccCc4cc3c2[nH]1,0.00954697949999,0.2597866779660279
c1cc2ccc3c4occc4sc3c2[nH]1,0.0108780165,0.29600605818810005
c1cc2[nH]c3c4[nH]c5ccCc5c4Cc3c2C1,0.0102538563001,0.2790217853245412
c1cc2cnc3c(ccc4ccoc43)c2cn1,0.00882842829992,0.24023389384044308
c1cc2cnc3c4sccc4Cc3c2[nH]1,0.0109370320999,0.2976119552832189
c1ccc2c(c1)[nH]c1cc3ccnnc3cc12,0.00449510869998,0.12231820087863576
c1cc2nnc3c(nnc4cc[nH]c43)c2[nH]1,0.0118301588,0.32191518317032003
c1cc2cc3cc4Cccc4cc3cc2[nH]1,0.00559362749993,0.1522104353515952
c1cc2Cc3c(ncc4ccsc43)c2[nH]1,0.00915595970002,0.24914648178112425
c1ccc2c(c1)ncc1c3[nH]ccc3oc21,0.00936987070008,0.2549672995681569
c1cc2[nH]c3c(Cc4c5Cccc5Cc34)c2[nH]1,0.0117734375,0.3203717171875
c1cc2sc3c([nH]c4ccCc43)c2o1,0.0108146848,0.29428271396672
c1cc2cnc3c(ncc4cc[nH]c43)c2[nH]1,0.01107188,0.30128135543199996
c1cc2sc3c(oc4ccCc43)c2cn1,0.00980937019995,0.26692669625891946
c1cc2cc3Cc4ccoc4c3cc2nn1,0.00876602139999,0.2385357147236879
c1cc2nnc3c(ccc4ccCc43)c2C1,0.00818080780004,0.22261123337000846
c1cc2Cc3c4cnccc4Cc3c2cn1,0.0106889856,0.29086226275584
c1cc2sc3c4[nH]ccc4[nH]c3c2cn1,0.00989359640005,0.2692186090803206
c1cnc2c(c1)[nH]c1c3[nH]ccc3oc21,0.0102515504,0.27895903855456
c1cnc2c(c1)ncc1c2ccc2ccoc21,0.00746810329997,0.20321754613680365
c1cc2Cc3c(oc4ccCc43)c2s1,0.0116875796,0.31803540352744
c1cnc2c(c1)ccc1c3ncccc3[nH]c12,0.00989844840001,0.26935063879203214
c1ccc2c(c1)oc1c2ccc2ccCc21,0.00967344659989,0.26322802480824675
c1cc2cc3oc4ccoc4c3cc2cn1,0.00832245369998,0.22646561661163578
c1cnc2c(c1)ncc1c2ncc2cc[nH]c21,0.0111422776998,0.30319697540033774
c1cc2oc3cc4ccoc4cc3c2nn1,0.0117524274999,0.3198000056707789
c1cnc2c(c1)nnc1c3[nH]ccc3Cc21,0.00923821129993,0.25138466296691525
c1cc2cc3sc4ccCc4c3cc2C1,0.0102304246,0.27838417596044
c1cnc2c(c1)oc1c3ncccc3oc21,0.0101757560999,0.2768965695368189
c1cc2sc3c([nH]c4ccoc43)c2o1,0.0107756031999,0.29321924891375883
c1ccc2c(c1)nnc1c2ncc2cc[nH]c21,0.00932065900008,0.25362818031477696
c1cc2Cc3c(oc4ccsc43)c2cn1,0.0110524403,0.30075237397942
c1ccc2c(c1)ccc1c3occc3Cc21,0.00823840990006,0.22417866715449272
c1cc2oc3c([nH]c4ccCc43)c2nn1,0.0099766541,0.27147872537674
c1cc2Cc3cc4ccoc4cc3c2cn1,0.0103283988999,0.2810501938247389
c1cc2ccc3c(oc4ccCc43)c2s1,0.0106643014,0.29019057111595997
c1cnc2c(c1)[nH]c1cc3ccoc3cc12,0.00607487410002,0.16530582908528424
c1cnc2cc3cc4ccCc4cc3cc2c1,0.00545186390002,0.14835284932900422
c1cc2ccc3c4nnccc4[nH]c3c2cn1,0.00957592790007,0.26057440445996477
c1cc2[nH]c3c(ccc4cc[nH]c43)c2nn1,0.00935329729987,0.25451631414568254
c1cc2[nH]c3c4occc4Cc3c2nn1,0.0103531843999,0.28172464197943886
c1cnc2c(c1)sc1c3Cccc3Cc21,0.0105887089001,0.28813359336418115
c1cc2ccc3c4[nH]ccc4[nH]c3c2nn1,0.00921005229998,0.2506184171556758
c1cc2sc3c([nH]c4ccCc43)c2s1,0.0108100642999,0.29415698369029886
c1cc2cc3cnc4ccoc4c3cc2cn1,0.00616101920002,0.16764995785942424
c1cc2ccc3c(cnc4ccCc43)c2[nH]1,0.00770665499988,0.20970887186373466
c1cnc2c(c1)[nH]c1c3sccc3Cc21,0.0103180187,0.28076773405318
c1cnc2c(c1)ccc1c2ccc2ccCc21,0.00731998660001,0.19918708336751212
c1ccc2c(c1)ccc1c2ncc2ccCc21,0.00792216179991,0.215573113602071
c1cc2ncc3c4Cccc4Cc3c2nn1,0.0107668674999,0.29298153828677886
c1cc2sc3c(nnc4ccoc43)c2o1,0.0105601202001,0.2873556548130011
c1cc2sc3c(ccc4cc[nH]c43)c2[nH]1,0.0108808883,0.29608420388662005
c1ccc2c(c1)nnc1c2ccc2cc[nH]c21,0.0100376454001,0.2731383840402811
c1cnc2c(c1)ccc1c3cnccc3Cc12,0.00772898259993,0.21031643711973522
c1cc2cc3Cc4ccCc4c3cc2cn1,0.00953639260001,0.2594985935959121
c1cc2oc3c(Cc4c5Cccc5Cc34)c2C1,0.0117719675999,0.3203317191479189
c1cnc2c(c1)ncc1c3ncccc3[nH]c12,0.00936799329997,0.2549162128828037
c1cc2[nH]c3c(ncc4ccCc43)c2s1,0.0105486740999,0.2870441904020189
c1cc2cc3nnc4ccCc4c3cc2o1,0.00734413650002,0.19984423595664422
c1cc2cc3nnc4ccCc4c3cc2nn1,0.00608213190003,0.16550332398447637
c1cc2cnc3cc4ccCc4cc3c2[nH]1,0.00999908250003,0.27208903354131636
c1cc2Cc3c(ccc4ccsc43)c2[nH]1,0.00962231829999,0.2618367521883479
c1cc2ncc3c(cnc4cc[nH]c43)c2[nH]1,0.00865278959986,0.2354545189176304
c1cnc2c(c1)oc1c2ncc2ccCc21,0.0103983939999,0.28295485848887886
c1cc2Cc3c(ccc4ccCc43)c2cn1,0.00986550279993,0.26845414289001523
c1cnc2c(c1)oc1c3cnccc3[nH]c21,0.0116160549001,0.31608911630858116
c1ccc2c(c1)ccc1c3[nH]ccc3[nH]c21,0.00841620820006,0.2290168078151127
c1cc2cnc3c(oc4ccsc43)c2o1,0.0107925679001,0.2936808821567811
c1cc2cc3nnc4cc[nH]c4c3cc2cn1,0.00617238920006,0.1679593514785127
c1cc2nnc3c([nH]c4ccoc43)c2nn1,0.00974844780001,0.26526891246519213
c1cc2Cc3c4nnccc4Cc3c2cn1,0.0111172793,0.30251673394402
c1cc2cnc3cc4ccoc4cc3c2nn1,0.00874084710006,0.23785068677857268
c1cc2oc3c4occc4oc3c2cn1,0.0105263399,0.28643644555486003
c1cc2nnc3c(ccc4ccoc43)c2o1,0.00847055459997,0.23049564944162368
c1cc2cnc3c(cnc4cc[nH]c43)c2cn1,0.00986386010004,0.26840944272622846
c1cc2sc3c4occc4Cc3c2nn1,0.0100714565,0.27405843140409997
c1cc2cnc3c4Cccc4Cc3c2cn1,0.00930980599992,0.2533328549862231
c1cc2oc3cc4ccCc4cc3c2cn1,0.00986081790006,0.2683266602056927
c1ccc2cc3c(cc2c1)[nH]c1ccnnc13,0.00486178909989,0.13229608791274675
c1cc2nnc3c4sccc4Cc3c2[nH]1,0.0122253515,0.3326689298071
c1ccc2c(c1)cnc1c2[nH]c2ccoc21,0.00797824469998,0.21709920782903577
c1ccc2c(c1)oc1c2cnc2ccnnc21,0.00898179339993,0.24440717292285524
c1cnc2c(c1)oc1c3nnccc3[nH]c21,0.0124620933,0.33911100562362
c1cnc2c(c1)[nH]c1c3cnccc3ncc21,0.00817480829994,0.22244797857298734
c1ccc2c(c1)[nH]c1c3nnccc3Cc21,0.0105578461,0.28729377336554
c1cnc2c(c1)cnc1c3ccccc3Cc21,0.0076911036,0.20928569650104
c1cc2Cc3c(oc4c5Cccc5Cc43)c2C1,0.0113202513,0.30803988622482004
c1cc2Cc3c(ccc4cc[nH]c43)c2nn1,0.010592324,0.2882319652936
c1cc2nnc3c4[nH]ccc4oc3c2cn1,0.00957057200003,0.26042866292161637
c1cnc2cc3c(cc2c1)oc1ccoc13,0.00819320620008,0.2229486111928569
c1cc2oc3c(cnc4cc[nH]c43)c2cn1,0.0111669052,0.30386712415928
c1cc2nnc3c4[nH]ccc4Cc3c2cn1,0.00946073419993,0.2574398226079752
c1cnc2c(c1)cnc1cc3ccCc3cc12,0.00874845740009,0.23805777369680906
c1cc2nnc3c(ccc4ccoc43)c2[nH]1,0.00978785249993,0.2663411695165952
c1cc2cc3[nH]c4cc[nH]c4c3cc2nn1,0.00826316859991,0.22485238603959098
c1cnc2c(c1)[nH]c1c3cnccc3oc21,0.0117582459001,0.31995833248598116
c1cnc2c(c1)oc1c3occc3Cc21,0.0101665981,0.27664736753834
c1cnc2c(c1)Cc1cc3cc[nH]c3cc12,0.0103909005001,0.28275094986842114
c1ccc2c(c1)ncc1cc3cc[nH]c3cc12,0.00683665969996,0.18603508175949154
c1cc2cnc3c(ccc4cc[nH]c43)c2[nH]1,0.0110293014,0.30012273211596
c1ccc2c(c1)[nH]c1c3nnccc3oc21,0.0121676824999,0.3310996755777789
c1cc2Cc3c(sc4ccCc43)c2s1,0.0118029098001,0.32117369973444115
c1cc2[nH]c3c4[nH]ccc4sc3c2cn1,0.0109653571,0.29838271819094003
c1cc2oc3cc4ccoc4cc3c2[nH]1,0.0100671976999,0.2739425434910589
c1cnc2cc3c(cc2c1)oc1cc[nH]c13,0.00828640980001,0.22548481163199213
c1ccc2c(c1)cnc1c3ccccc3[nH]c21,0.00786179210002,0.21393036955048425
c1cc2oc3c([nH]c4ccsc43)c2cn1,0.0109076509001,0.29681245170298115
c1cnc2c(c1)cnc1c3ncccc3oc21,0.00822042239997,0.22368920209454365
c1cc2ccc3cc4ccoc4cc3c2cn1,0.00778898730005,0.21194924901658058
c1cc2ccc3c4[nH]ccc4Cc3c2nn1,0.00868079279996,0.23621652519683156
c1cnc2c(c1)[nH]c1c3[nH]ccc3sc21,0.0108964779,0.29650841872806
c1ccc2cc3c(cc2c1)[nH]c1ccCc13,0.0073372196,0.19965601742344
c1cnc2c(c1)sc1c3occc3Cc21,0.0100497488999,0.2734677372147389
c1cc2Cc3c4occc4sc3c2o1,0.0116409137,0.31676555905618003
c1cc2ncc3c(cnc4ccCc43)c2[nH]1,0.00814697760006,0.22169066626627268
c1cnc2c(c1)cnc1c3occc3Cc21,0.00851091180004,0.2315938253556085
c1ccc2cc3c(cc2c1)oc1ccCc13,0.00830385719996,0.22595957981099155
c1cc2Cc3c4nnccc4oc3c2cn1,0.0112315926001,0.3056273588783611
c1cc2[nH]c3c(ccc4ccoc43)c2cn1,0.00908267209991,0.247152223579491
c1ccc2c(c1)ncc1c2[nH]c2ccCc21,0.0100575611,0.27368031811654
c1cc2oc3c(cnc4ccCc43)c2cn1,0.0105297487,0.28652920377518
c1cc2ccc3c(sc4ccCc43)c2[nH]1,0.0112283032,0.30553784969648
c1cc2Cc3c4occc4sc3c2[nH]1,0.0116083969,0.31588073140466
c1cc2cc3ncc4ccCc4c3cc2o1,0.00751113959996,0.20438862411035155
c1cc2oc3c([nH]c4ccsc43)c2s1,0.0110062816,0.29949633113024005
c1ccc2cc3c(cc2c1)Cc1ccoc13,0.00844920409997,0.22991467244592365
c1cnc2cc3cc4cc[nH]c4cc3cc2c1,0.00400290270011,0.10892458653377327
c1ccc2c(c1)ncc1c2oc2ccCc21,0.0101897169999,0.27727646517107885
c1cc2Cc3c(sc4ccCc43)c2C1,0.0118527413001,0.32252968461354115
c1cc2oc3c4Cccc4Cc3c2s1,0.0118828435,0.3233488076159
c1cnc2c(c1)Cc1c2ncc2ccCc21,0.0100233495,0.27274937258430004
c1ccc2c(c1)[nH]c1c3ncccc3oc21,0.0115255825,0.3136272356405
c1cnc2cc3c(cc2c1)Cc1ccncc13,0.00826191250007,0.22481820580440484
c1cnc2c(c1)ccc1c3Cccc3Cc12,0.00969060420005,0.26369490712924054
c1ccc2c(c1)ncc1cc3ccoc3cc12,0.00762998280015,0.20762251396800172
c1ccc2cc3c(cc2c1)[nH]c1ccoc13,0.00620346099993,0.1688048586534952
c1cnc2c(c1)Cc1c3occc3sc21,0.0105078127,0.28593229450478
c1cc2cc3cnc4ccoc4c3cc2[nH]1,0.00684627020007,0.1862965969221848
c1cc2nnc3c(ccc4cc[nH]c43)c2[nH]1,0.0104792703,0.28515561584142
c1ccc2c(c1)ncc1c2nnc2cc[nH]c21,0.010308556,0.28051024073840003
c1cc2cnc3c(sc4ccCc43)c2o1,0.0106842672001,0.2907338684888012
c1cc2ncc3c(ncc4cc[nH]c43)c2cn1,0.00992082209996,0.26995945849085157
c1cc2sc3c(cnc4ccCc43)c2C1,0.0101164345,0.2752823457533
c1cc2oc3cc4ccCc4cc3c2s1,0.0104483564,0.28431440534296004
c1cc2cnc3c(ccc4ccoc43)c2o1,0.0091478649,0.24892621093986
c1cc2[nH]c3cc4cc[nH]c4cc3c2cn1,0.00596855610002,0.16241276746008423
c1cnc2c(c1)nnc1c3Cccc3Cc21,0.0105944954,0.28829105212756
c1cc2ncc3c4[nH]ccc4oc3c2cn1,0.00965615809992,0.2627575805201631
c1cnc2c(c1)oc1c3cnccc3oc21,0.0109800062,0.29878134071068
c1cc2oc3c(nnc4ccsc43)c2o1,0.0109907163999,0.2990727802442389
c1cc2cnc3cc4ccCc4cc3c2cn1,0.0085444842,0.23250737735988003
c1cc2ncc3c(oc4ccCc43)c2s1,0.011687471,0.3180324483694
c1cnc2c(c1)[nH]c1c2cnc2ccCc21,0.00901138850008,0.24521249703107692
c1cc2cc3nnc4ccCc4c3cc2C1,0.00856500190002,0.23306569270220426
c1cc2Cc3c4sccc4Cc3c2cn1,0.0113343488,0.30842349893632
c1cc2Cc3c4[nH]ccc4sc3c2nn1,0.0114525963,0.31164117895782
c1cc2cc3oc4cc[nH]c4c3cc2nn1,0.00844733689996,0.22986386331957157
c1cc2oc3c4occc4sc3c2cn1,0.0108316485,0.2947443199929
c1cc2[nH]c3c4Cccc4Cc3c2s1,0.0112229801999,0.3053930034115589
c1ccc2cc3cc4[nH]ccc4cc3cc2c1,0.00365458909994,0.09944648583410733
c1cc2sc3c4sccc4Cc3c2o1,0.0119020094003,0.32387033859532344
c1cc2sc3c4[nH]ccc4[nH]c3c2nn1,0.0102774926,0.27966496213564
c1cc2Cc3c(ccc4ccoc43)c2cn1,0.0101346611001,0.27577831705926115
c1cc2ncc3c4occc4oc3c2[nH]1,0.0115572962999,0.3144902125350989
c1cc2oc3c4[nH]ccc4sc3c2nn1,0.0115863384999,0.31528049145617887
c1cnc2c(c1)ccc1c2ccc2ccoc21,0.00769954990005,0.20951553215022056
c1cc2sc3c4[nH]ccc4[nH]c3c2[nH]1,0.0116610460001,0.31731338712712115
c1ccc2cc3c(cc2c1)oc1ccnnc13,0.00600113250005,0.16329921691186058
c1cnc2c(c1)ccc1c2ncc2cc[nH]c21,0.00833102820013,0.22669894076501748
c1ccc2c(c1)sc1c3Cccc3Cc21,0.0105335368,0.28663228327952
c1cc2[nH]c3cc4ccCc4cc3c2cn1,0.00930964869997,0.2533285746343637
c1cc2Cc3c4occc4oc3c2nn1,0.0106021370999,0.2884989934802189
c1cc2cc3sc4cc[nH]c4c3cc2[nH]1,0.00837669020007,0.2279414677101848
c1ccc2c(c1)ncc1c3nnccc3oc21,0.00748308649997,0.20362525998528366
c1cnc2cc3c(cc2c1)[nH]c1ccncc13,0.00476057080004,0.12954179626820847
c1ccc2c(c1)Cc1c2ncc2cc[nH]c21,0.00998695600003,0.27175905449921633
c1ccc2c(c1)ccc1cc3cc[nH]c3cc12,0.00445937999996,0.12134597293091154
c1cc2ccc3c(sc4ccCc43)c2o1,0.0104192522999,0.28352244203349886
c1ccc2c(c1)ccc1c3[nH]ccc3Cc21,0.00842766460005,0.2293285524978006
c1ccc2c(c1)sc1c3occc3oc21,0.00961621240003,0.26167060210217635
c1cc2cc3cnc4ccCc4c3cc2cn1,0.00651914699995,0.17739511667443944
c1ccc2c(c1)ccc1c2cnc2ccoc21,0.00834873159999,0.2271806750599679
c1cc2cc3cnc4ccoc4c3cc2nn1,0.00594037480005,0.16164591483408058
c1cc2Cc3c4nnccc4cnc3c2cn1,0.00807098939993,0.2196229209572552
c1ccc2c(c1)Cc1cc3ccoc3cc12,0.00981112039995,0.26697432165119944
c1cc2Cc3cc4ccsc4cc3c2o1,0.0103081382,0.28049887181548006
c1cc2cc3cc4Cccc4cc3cc2C1,0.00804807960003,0.21899951322825634
c1cc2Cc3c(cnc4ccsc43)c2o1,0.0110277184999,0.30007965918817886
c1cnc2c(c1)ncc1c3Cccc3Cc12,0.0108315159,0.29474071176126
c1cc2ccc3c(cnc4cc[nH]c43)c2nn1,0.00987594809999,0.2687383741280679
c1cc2ncc3cc4ccoc4cc3c2[nH]1,0.00710923060001,0.19345211754911212
c1cc2oc3c(cnc4ccCc43)c2nn1,0.0110451692001,0.30055451717160114
c1cnc2c(c1)Cc1c3nnccc3[nH]c21,0.0102504151999,0.2789281481705589
c1cnc2c(c1)oc1c2[nH]c2ccoc21,0.00962282420005,0.26185051843724055
c1cc2oc3c4occc4sc3c2[nH]1,0.0114247086,0.31088231559804
c1cnc2cc3c(cc2c1)[nH]c1cc[nH]c13,0.00776526330014,0.2113036857654296
c1cnc2cc3c(cc2c1)ncc1ccoc13,0.00535267539999,0.14565379137928788
c1ccc2c(c1)oc1c2ncc2cc[nH]c21,0.0100967673001,0.2747471737099412
c1cc2ccc3c(cnc4cc[nH]c43)c2[nH]1,0.00874120540004,0.23786043662264844
c1ccc2c(c1)ncc1c3nnccc3Cc21,0.00761753850009,0.20728388714134904
c1cc2cc3cc4Cccc4cc3cc2cn1,0.00580276319999,0.1579013105402079
c1cc2cnc3c(nnc4ccCc43)c2[nH]1,0.0108783825,0.2960160175605
c1cc2Cc3c4occc4sc3c2cn1,0.0109368371,0.29760664906294
c1cc2oc3c4occc4Cc3c2cn1,0.0106054751999,0.2885898278545589
c1cc2cnc3c(ncc4ccoc43)c2[nH]1,0.0110330435,0.3002245598959
c1cc2ccc3c(ccc4ccCc43)c2[nH]1,0.00762304540001,0.20743373759783212
c1cc2ncc3cc4ccCc4cc3c2[nH]1,0.00825728230006,0.22469221157985272
c1cc2ncc3c(ccc4cc[nH]c43)c2cn1,0.0101417624001,0.27597155337408114
c1cc2ncc3c([nH]c4ccsc43)c2[nH]1,0.011116058,0.3024835006612
c1ccc2c(c1)ncc1cc3ccCc3cc12,0.00884736449996,0.24074917435421156
c1ccc2c(c1)Cc1c3cnccc3ncc21,0.00860333390006,0.2341087600880927
c1cc2cc3ccc4ccCc4c3cc2[nH]1,0.00569606009992,0.1549977698029631
c1ccc2c(c1)Cc1c3cnccc3oc21,0.0102756780001,0.27961558433192113
c1cc2ccc3c(cnc4ccoc43)c2o1,0.00744894960008,0.20269634714761692
c1cc2nnc3c4[nH]ccc4[nH]c3c2nn1,0.00969266499999,0.2637509843807279
c1cnc2c(c1)ccc1c3[nH]ccc3Cc12,0.00868894940004,0.23643847770424847
c1ccc2c(c1)Cc1c2ncc2ccCc21,0.0100682910002,0.27397229372284226
c1cnc2c(c1)ccc1cc3ccCc3cc12,0.00751025650004,0.20436459372518845
c1ccc2c(c1)[nH]c1c3cnccc3ncc21,0.00809406509995,0.22025084306077947
c1cc2Cc3c(ccc4ccCc43)c2nn1,0.0102155485999,0.2779793791713189
c1ccc2c(c1)Cc1c2nnc2ccCc21,0.0119583089,0.32540232680146003
c1cc2[nH]c3c4cnccc4cnc3c2cn1,0.00856157860005,0.23297253991740058
c1cc2ncc3c4Cccc4Cc3c2cn1,0.0107264226999,0.2918809786560589
c1ccc2c(c1)nnc1c2cnc2ccoc21,0.00837363239998,0.22785826068881576
c1ccc2c(c1)cnc1c3ncccc3[nH]c21,0.00938232019996,0.2553060678891915
c1cnc2c(c1)cnc1c2cnc2cc[nH]c21,0.00930605939993,0.2532309047552552
c1cc2nnc3c(cnc4cc[nH]c43)c2[nH]1,0.00973579660001,0.2649246556015121
c1cc2nnc3c(oc4ccCc43)c2s1,0.0116601569,0.31728919346866
c1cc2nnc3c4occc4Cc3c2nn1,0.0095514448999,0.2599081877491389
c1ccc2c(c1)ncc1c3ncccc3[nH]c21,0.0137206255999,0.37335743144911887
c1ccc2c(c1)sc1c3[nH]ccc3[nH]c21,0.00975999519994,0.26558313338364736
c1ccc2c(c1)nnc1c3[nH]ccc3Cc21,0.0090161416,0.24534183553424
c1cnc2c(c1)Cc1c2cnc2ccCc21,0.00980862790004,0.26690649723914844
c1cc2cnc3c(ccc4cc[nH]c43)c2cn1,0.00917634630002,0.24970122970836425
c1cc2ccc3c(ccc4cc[nH]c43)c2cn1,0.00837186789988,0.22781024617079465
c1cc2Cc3c4[nH]ccc4oc3c2nn1,0.0106232849,0.28907445472786003
c1cc2cc3ccc4ccoc4c3cc2[nH]1,0.00541536770004,0.14735973663286847
c1cc2oc3c(ccc4ccCc43)c2s1,0.0103710487999,0.28221075731359885
c1cc2cnc3c(oc4ccCc43)c2o1,0.0106968211001,0.29107547768326114
c1cc2Cc3c4[nH]ccc4sc3c2[nH]1,0.0123123691001,0.33503680053046114
c1cc2nnc3cc4ccCc4cc3c2[nH]1,0.00977990069987,0.26612478990444255
c1cnc2c(c1)ncc1c2cnc2cc[nH]c21,0.00829299639986,0.2256640422351504
c1cc2cc3cc4Cccc4cc3cc2nn1,0.00569853620004,0.15506514795376847
c1cc2sc3c([nH]c4ccCc43)c2cn1,0.00908932740003,0.24733332361317634
c1cc2oc3c4cnccc4[nH]c3c2cn1,0.0117387872001,0.31942883401680117
c1cnc2c(c1)oc1c3[nH]ccc3oc21,0.0102496001999,0.2789059708795589
c1cnc2c(c1)oc1c3occc3sc21,0.0104286416001,0.28377793803696116
c1ccc2c(c1)oc1c2[nH]c2ccoc21,0.00981859820001,0.2671778030597521
c1ccc2cc3c(cc2c1)ncc1ccCc13,0.00515397629999,0.1402469106895479
c1cc2cc3cnc4ccCc4c3cc2o1,0.00725610870006,0.1974488762808127
c1ccc2c(c1)ncc1c2ncc2ccCc21,0.00929912380002,0.25304217737186424
c1ccc2c(c1)cnc1c3cnccc3[nH]c21,0.00847619640001,0.2306491707192321
c1cnc2c(c1)oc1c3ccccc3Cc21,0.0097367021001,0.26494929552666113
c1ccc2c(c1)cnc1c3Cccc3Cc21,0.00895112850003,0.24357273806571633
c1cnc2c(c1)ccc1c3[nH]ccc3oc12,0.00866143500002,0.23568977235954425
c1cc2cnc3c(ncc4ccCc43)c2cn1,0.0093336284001,0.25398109584648115
c1cnc2cc3c(cc2c1)[nH]c1ccCc13,0.00827812570003,0.22525938967379636
c1cnc2c(c1)oc1c3[nH]ccc3sc21,0.0108624441,0.29558231138274
c1ccc2c(c1)Cc1cc3ccncc3cc12,0.00791241339994,0.21530784599112732
c1ccc2c(c1)ccc1c2ccc2ccoc21,0.00889238590003,0.24197426968007635
c1cc2cnc3c(oc4ccsc43)c2[nH]1,0.0111022420999,0.30210755067721884
c1cnc2c(c1)ncc1c2[nH]c2ccoc21,0.00966214719995,0.26292055231671946
c1ccc2c(c1)[nH]c1c2ccc2cc[nH]c21,0.00827019270002,0.22504352163732422
c1cc2cnc3c(nnc4ccCc43)c2C1,0.00957170949994,0.26045961588666733
c1cc2cnc3c(cnc4ccCc43)c2nn1,0.00896842170005,0.24404331024874057
c1ccc2c(c1)ncc1c2cnc2ccoc21,0.00842491100013,0.2292536231889375
c1cc2[nH]c3c(nnc4ccoc43)c2[nH]1,0.0101932465999,0.2773725105285189
c1cc2cc3cc4occc4cc3cc2[nH]1,0.00416567849993,0.11335394393299521
c1ccc2c(c1)nnc1cc3ccCc3cc12,0.008673337,0.2360136424418
c1cc2[nH]c3c4occc4oc3c2cn1,0.0101612568001,0.27650202329024115
c1cc2[nH]c3c4occc4oc3c2nn1,0.0103176617999,0.28075802230179886
c1cc2cc3ccc4cc[nH]c4c3cc2[nH]1,0.0053160089999,0.14465604729987888
c1cnc2c(c1)cnc1c3ccccc3oc21,0.00838336029994,0.2281229704657873
c1cc2ccc3c(ncc4ccCc43)c2o1,0.00873840149995,0.23778413857573943
c1cc2oc3c(ccc4ccCc43)c2nn1,0.0105164228999,0.28616659009833884
c1cnc2c(c1)ccc1c2oc2ccCc21,0.00933862650004,0.2541171011431885
c1cnc2c(c1)[nH]c1cc3ccnnc3cc12,0.00441088939999,0.12002647581888788
c1cnc2c(c1)oc1c2ccc2ccoc21,0.00981464389997,0.2670702010196436
c1cnc2c(c1)cnc1c3occc3oc21,0.00827331790003,0.22512856270487638
c1ccc2c(c1)[nH]c1c2sc2ccCc21,0.00997090869998,0.27132238499863576
c1cnc2c(c1)cnc1c2cnc2ccCc21,0.00825378510012,0.2245970478734054
c1cc2cc3ccc4cc[nH]c4c3cc2nn1,0.00569655380002,0.15501120407386423
c1cc2cc3ncc4ccoc4c3cc2cn1,0.00582619900001,0.1585390314688721
c1cc2[nH]c3cc4ccoc4cc3c2nn1,0.00999125090016,0.27187592474461386
c1cc2ccc3c(ncc4ccoc43)c2cn1,0.00752875069998,0.20486784679743578
c1cc2ncc3c(ncc4ccoc43)c2cn1,0.00903841539991,0.245947936813111
c1cc2oc3c(nnc4ccoc43)c2[nH]1,0.0109999416001,0.29932381085696114
c1ccc2cc3c(cc2c1)[nH]c1cc[nH]c13,0.00648552170003,0.17648012518819636
c1cc2[nH]c3c(oc4ccCc43)c2s1,0.0109380566,0.29763983336523997
c1cc2ccc3cc4cc[nH]c4cc3c2cn1,0.00572762449997,0.15585668131848365
c1cc2[nH]c3c(oc4ccCc43)c2nn1,0.0101301382,0.27565524261548
c1cc2[nH]c3c(ncc4ccCc43)c2nn1,0.0110742797,0.30134665462858
c1cc2Cc3c(cnc4ccCc43)c2nn1,0.01084514,0.29511144259600003
c1cnc2cc3c(cc2c1)[nH]c1ccccc13,0.00389299970004,0.10593397203766847
c1cnc2c(c1)Cc1c3ncccc3Cc21,0.00961290089992,0.2615804915480831
c1cc2cc3Cc4ccncc4c3cc2cn1,0.00818590630001,0.2227499706920921
c1cc2oc3c4sccc4sc3c2o1,0.0115441035,0.3141312179799
c1cc2sc3c(nnc4ccoc43)c2[nH]1,0.00994524450005,0.2706240261886606
c1cc2ccc3c(cnc4ccCc43)c2nn1,0.00950744400006,0.25871086166323265
c1ccc2c(c1)cnc1c2ccc2cc[nH]c21,0.00834881339995,0.22718290095139945
c1cc2[nH]c3c([nH]c4ccsc43)c2cn1,0.0106281730001,0.28920746677492115
c1cc2cc3nnc4ccCc4c3cc2[nH]1,0.0065271592,0.17761313985488
c1cc2nnc3cc4ccoc4cc3c2[nH]1,0.00821905110013,0.22365188710607747
c1ccc2c(c1)oc1c3occc3sc21,0.0104620018,0.28468571578052004
c1cc2cc3Cc4ccnnc4c3cc2cn1,0.00854052499983,0.2323996419803741
c1ccc2c(c1)[nH]c1c2ccc2ccCc21,0.00953046920006,0.25933740959051266
c1cc2nnc3c4Cccc4Cc3c2nn1,0.0105164727,0.28616794522878
c1cc2cnc3c4occc4oc3c2nn1,0.00829923619995,0.22583383593131945
c1cnc2c(c1)oc1c2oc2ccsc21,0.0106171732002,0.2889081468199223
c1cnc2c(c1)ccc1c3cnccc3oc12,0.00867684160005,0.2361090075156006
c1cc2ccc3c(ncc4cc[nH]c43)c2cn1,0.0081628170999,0.2221216812322189
c1cc2oc3c(ncc4cc[nH]c43)c2cn1,0.0104221918,0.28360242994652
c1ccc2c(c1)ccc1c2ncc2ccoc21,0.00550136759989,0.14969991430764673
c1cc2nnc3c(ccc4cc[nH]c43)c2cn1,0.0106060824,0.28860635061936
c1ccc2c(c1)ccc1c3ncccc3Cc21,0.00645097839993,0.1755401536318552
c1cc2oc3c(ncc4ccoc43)c2nn1,0.0112642818,0.30651687777252
c1ccc2c(c1)sc1c2[nH]c2ccoc21,0.00909434199991,0.247469777896351
c1cc2ncc3c(cnc4ccoc43)c2[nH]1,0.00815162710001,0.22181718566921213
c1cc2oc3cc4ccsc4cc3c2[nH]1,0.00955540960001,0.26001607278971217
c1cnc2c(c1)nnc1c2oc2ccCc21,0.0103618055999,0.28195923690111885
c1cnc2c(c1)sc1c3[nH]ccc3oc21,0.00975983009994,0.26557864078150734
c1ccc2c(c1)oc1c2ncc2ccCc21,0.0103232627001,0.28091043063750115
c1cnc2c(c1)ncc1c3occc3Cc12,0.00992860709994,0.2701712992393073
c1cnc2c(c1)ccc1c2nnc2ccoc21,0.00817702669997,0.2225083443435637
c1cc2oc3c4[nH]ccc4sc3c2cn1,0.0112510844001,0.30615775804488116
c1ccc2c(c1)Cc1c3nnccc3oc21,0.0104889515999,0.28541905756551883
c1cc2sc3c(oc4ccsc43)c2[nH]1,0.0118689602,0.32297102358628005
c1cc2Cc3c(ncc4ccCc43)c2s1,0.0109352546001,0.2975635870251611
c1cc2[nH]c3c4sccc4sc3c2[nH]1,0.0108950166,0.29646865470924
c1cc2oc3c(cnc4ccoc43)c2[nH]1,0.0105477811001,0.2870198906272612
c1cc2nnc3c(ncc4ccoc43)c2[nH]1,0.0113857437,0.30982202611818
c1cc2oc3c4occc4oc3c2nn1,0.010664952,0.29020827485280004
c1cc2sc3c(oc4ccCc43)c2o1,0.0114637471,0.31194460783694
c1cc2ccc3c(oc4ccCc43)c2nn1,0.0093414168,0.25419302911152003
c1cc2cnc3c(cnc4ccCc43)c2o1,0.00835171960011,0.22726198272643328
c1cc2sc3c(ncc4ccCc43)c2o1,0.010079395,0.27427444910300003
c1cnc2c(c1)cnc1c2[nH]c2ccoc21,0.00840420820009,0.22869027101592904
c1ccc2c(c1)ccc1c3[nH]ccc3oc21,0.00832844859997,0.22662874623322365
c1cc2cnc3c4[nH]ccc4oc3c2nn1,0.00847936759988,0.23073546350737464
c1ccc2c(c1)Cc1c2ccc2ccnnc21,0.00768666980002,0.20916504659626423
c1cc2[nH]c3c(cnc4ccoc43)c2[nH]1,0.00978450319997,0.2662500303756637
c1cc2cc3ccc4ccCc4c3cc2o1,0.00651898630008,0.17739074380599693
c1cc2cc3Cc4ccsc4c3cc2[nH]1,0.0113498443,0.30884515318502004
c1cc2ncc3c(ccc4ccoc43)c2[nH]1,0.00792733319997,0.2157138346376637
c1ccc2cc3c(ccc4ccoc43)cc2c1,0.00492038750008,0.1338906324196769
c1cc2sc3c([nH]c4ccoc43)c2[nH]1,0.011395472,0.3100867467808
c1ccc2cc3c(cc2c1)Cc1ccnnc13,0.00675832770003,0.18390355837659633
c1cc2[nH]c3c4occc4sc3c2[nH]1,0.0108926500999,0.2964042589284189
c1cc2cnc3c(oc4ccCc43)c2s1,0.0102474783,0.27884823101262
c1cc2ccc3cc4cc[nH]c4cc3c2nn1,0.00563075400009,0.15322069939804903
c1cc2ccc3c(oc4ccsc43)c2[nH]1,0.0109966507,0.29923426085798005
c1ccc2c(c1)ncc1c3[nH]ccc3Cc21,0.00936484009992,0.2548304098949631
c1cc2cc3oc4ccoc4c3cc2nn1,0.00840227190008,0.22863758158183692
c1cc2ccc3c([nH]c4ccCc43)c2nn1,0.00944686169987,0.2570623324598425
c1ccc2cc3c(ccc4ccCc43)cc2c1,0.00506819769987,0.13791275489024252
c1cc2[nH]c3c4[nH]ccc4sc3c2nn1,0.0115226737,0.31354808312018
c1cnc2c(c1)[nH]c1c3ncccc3Cc21,0.00963608430004,0.26221134432210846
c1cc2[nH]c3c(sc4ccCc43)c2cn1,0.0102141540999,0.27794143287401885
c1cnc2c(c1)ncc1c3ncccc3Cc12,0.00900666680002,0.24508401296206422
c1cc2ccc3c(cnc4ccoc43)c2[nH]1,0.00800104590007,0.2177196604051648
c1ccc2c(c1)ccc1c3ncccc3oc21,0.00791999110004,0.21551404581962846
c1cc2cc3oc4ccoc4c3cc2o1,0.0104690282,0.28487691396148
c1cc2ncc3c([nH]c4ccCc43)c2nn1,0.0105783956,0.28785295402984
c1ccc2c(c1)ncc1c2[nH]c2ccoc21,0.00937319180002,0.2550576713470642
c1cc2ncc3c([nH]c4ccCc43)c2s1,0.0110679325001,0.30117393843322116
c1ccc2cc3c(cc2c1)nnc1ccCc13,0.00536942129997,0.14610947076200367
c1ccc2c(c1)cnc1c2cnc2cc[nH]c21,0.00960147910007,0.26126968838364484
c1cc2[nH]c3c([nH]c4ccsc43)c2[nH]1,0.0106470308999,0.28972061662953885
c1cnc2c(c1)oc1c3ncccc3Cc21,0.00971672290007,0.2644056335229648
c1cc2cc3cc4[nH]ccc4cc3cc2nn1,0.00424091340005,0.11540119089412057
c1cc2ncc3c(cnc4ccCc43)c2o1,0.00795319680003,0.21641761940433635
c1cc2Cc3c([nH]c4ccsc43)c2s1,0.0110785217998,0.30146208810307773
c1cc2Cc3c4occc4sc3c2nn1,0.0112507246,0.30614796738044
c1cc2Cc3c(ncc4ccCc43)c2cn1,0.010599276,0.2884211389464
c1cnc2c(c1)Cc1c3cnccc3ncc21,0.00821156559994,0.2234481961662073
c1ccc2c(c1)[nH]c1c2nnc2ccCc21,0.00970183999993,0.2640006489740952
c1cc2[nH]c3c4nnccc4oc3c2cn1,0.0125274672,0.34088992096608
c1cc2ncc3c(ccc4ccCc43)c2[nH]1,0.00800589069991,0.21785149419153096
c1ccc2c(c1)ccc1c2cnc2cc[nH]c21,0.00928877169997,0.25276048223656367
c1ccc2c(c1)sc1c3[nH]ccc3Cc21,0.00999832390005,0.2720683909738206
c1ccc2c(c1)oc1c3ccccc3Cc21,0.00997773079996,0.27150802389003154
c1cc2Cc3c([nH]c4ccoc43)c2nn1,0.0101252196,0.27552140062344005
c1cc2oc3c(oc4ccsc43)c2s1,0.0116910786999,0.3181306189344589
c1cnc2cc3c(cc2c1)oc1cccnc13,0.00513736519997,0.13979489940246367
c1ccc2c(c1)Cc1c2oc2ccsc21,0.0106763347,0.29051801405558003
c1cc2Cc3c([nH]c4c5Cccc5Cc43)c2[nH]1,0.0108404636001,0.29498419120776115
c1cc2sc3c4occc4oc3c2[nH]1,0.0118426427,0.32225488756678
c1cc2cc3cnc4ccoc4c3cc2o1,0.00715134260008,0.1945980440278169
c1cc2cnc3c(cnc4ccoc43)c2[nH]1,0.00997517819997,0.2714385640706637
c1cc2cc3Cc4ccCc4c3cc2s1,0.0109120587,0.29693239410918
c1cc2oc3c(cnc4cc[nH]c43)c2[nH]1,0.0113298200999,0.3083002666664189
c1cc2oc3c(ncc4ccCc43)c2o1,0.0105249672,0.28639909246608003
c1ccc2c(c1)oc1c2cnc2cc[nH]c21,0.0107854866999,0.29348819278565885
c1cc2cc3sc4ccCc4c3cc2[nH]1,0.00938982780008,0.25551036019909695
c1cc2[nH]c3c4[nH]ccc4oc3c2cn1,0.0106996865001,0.29115344922882114
c1cnc2c(c1)ccc1c2[nH]c2ccoc21,0.00854738609996,0.23258634212045154
c1cc2Cc3c(ncc4ccsc43)c2o1,0.00943038850005,0.25661407363026056
c1ccc2cc3cc4occc4cc3cc2c1,0.00439294990008,0.11953831691103692
c1cc2ncc3cc4cc[nH]c4cc3c2cn1,0.00890772339994,0.24239162452512733
c1cc2cc3cc4occc4cc3cc2cn1,0.00507459610003,0.13808686431635633
c1cc2ncc3cc4ccoc4cc3c2nn1,0.00960385020005,0.2613342093336406
c1cc2[nH]c3c(oc4ccsc43)c2cn1,0.0107028428001,0.29123933657064116
c1cc2ncc3c(ncc4ccCc43)c2[nH]1,0.00885634240001,0.24099347558363213
c1cc2Cc3c4cnccc4cnc3c2cn1,0.00814131469997,0.22153657082676367
c1cc2cc3sc4ccoc4c3cc2[nH]1,0.0084964724,0.23120090906536
c1cc2ccc3c4Cccc4Cc3c2nn1,0.00967363870006,0.2632332521228127
c1cc2ccc3c4occc4oc3c2[nH]1,0.0108839515001,0.2961675578498212
c1cc2[nH]c3c(sc4ccCc43)c2s1,0.0111901603998,0.3044999307031177
c1cnc2c(c1)sc1c2[nH]c2ccCc21,0.00917013399999,0.24953218432732788
c1ccc2c(c1)ccc1c3ccccc3Cc21,0.00691496050001,0.1881657561499721
c1cc2cc3ncc4cc[nH]c4c3cc2[nH]1,0.00681711490006,0.18550324039149269
c1cnc2c(c1)cnc1c3ncccc3[nH]c21,0.0101081585,0.27505714420690003
c1cc2oc3c(cnc4ccoc43)c2nn1,0.011292781,0.3072923809034
c1cnc2cc3c(cc2c1)ncc1cc[nH]c13,0.00539938589998,0.14692484947871579
c1cnc2c(c1)ccc1c3ccccc3[nH]c12,0.00756470149997,0.20584611839628367
c1cc2ncc3c(nnc4ccCc43)c2[nH]1,0.00841153450006,0.2288896298949327
c1ccc2c(c1)ncc1c3ncccc3oc21,0.00713646420002,0.19419318193242424
c1cc2[nH]c3c(cnc4ccCc43)c2s1,0.0100807817,0.27431218315138
c1ccc2cc3cc4Cccc4cc3cc2c1,0.0049698496,0.13523656540544002
c1ccc2c(c1)cnc1c2ncc2ccoc21,0.00773177480016,0.21039241679707385
c1cc2oc3c4cnccc4cnc3c2cn1,0.00845343350011,0.23002976034489325
c1cc2nnc3c(nnc4ccCc43)c2[nH]1,0.0103557148001,0.2817934977114412
c1cc2ccc3c([nH]c4ccCc43)c2cn1,0.00905060980006,0.2462797635133527
c1cnc2c(c1)nnc1c3[nH]ccc3oc21,0.00931362029985,0.2534366474273383
c1cc2cnc3c(ccc4ccCc43)c2o1,0.00857636419994,0.23337487679024732
c1cc2oc3c([nH]c4ccsc43)c2nn1,0.0115306398,0.31376485185372005
c1cnc2c(c1)ccc1c3occc3Cc12,0.0088320166999,0.24033153922765887
c1cc2oc3c(ccc4ccCc43)c2cn1,0.0100993605,0.2748177383097
c1cnc2c(c1)oc1c2ncc2cc[nH]c21,0.0104387095,0.2840518996883
c1cc2oc3c(ccc4ccoc43)c2cn1,0.0100836328999,0.27438976829233885
c1cc2ccc3c(ccc4ccCc43)c2cn1,0.00900974080002,0.24516766080566424
c1cc2cnc3c(ncc4ccCc43)c2C1,0.00963409960002,0.2621573378559843
c1cc2cnc3c(nnc4ccCc43)c2cn1,0.0107811563,0.29337035654182003
c1cc2sc3c(nnc4ccCc43)c2C1,0.0109290688999,0.29739526546273887
c1ccc2c(c1)nnc1c2cnc2ccCc21,0.00832230919991,0.226461684562431
c1cc2sc3cc4ccCc4cc3c2o1,0.00974394920001,0.26514649926115214
c1cc2[nH]c3c(ccc4cc[nH]c43)c2cn1,0.0089151000999,0.24259235485841887
c1cc2ccc3c(cnc4cc[nH]c43)c2cn1,0.0097121901,0.26428228968714
c1cc2sc3c([nH]c4ccoc43)c2nn1,0.00942980629998,0.2565982311512758
c1cc2[nH]c3c(cnc4ccCc43)c2nn1,0.0119040085999,0.32392473961531887
c1cc2ncc3cc4ccCc4cc3c2cn1,0.00917248230007,0.2495960848601248
c1cc2Cc3c(cnc4ccoc43)c2cn1,0.0109811198,0.29881164332572
c1cnc2c(c1)[nH]c1cc3ccCc3cc12,0.00996037059997,0.2710356285440237
c1cc2Cc3c(Cc4c5Cccc5Cc43)c2o1,0.0121090622999,0.32950453786749884
c1cnc2cc3c(ccc4ccCc43)cc2c1,0.00557671989998,0.15175035588631577
c1ccc2c(c1)cnc1c3[nH]ccc3[nH]c21,0.00859809630003,0.23396623765863636
c1cnc2c(c1)cnc1c2ncc2cc[nH]c21,0.00956450190006,0.2602634870032927
c1ccc2cc3c(cc2c1)[nH]c1ccccc13,0.0034982343999,0.09519185554943886
c1ccc2c(c1)nnc1c3occc3oc21,0.00892560169996,0.24287811809829155
c1cc2[nH]c3c(sc4ccCc43)c2nn1,0.0107816962,0.29338504797668
c1cc2ccc3cc4ccCc4cc3c2nn1,0.00957352360001,0.2605089800893121
c1cc2cnc3c([nH]c4ccoc43)c2[nH]1,0.0104808569,0.28519878944866
c1cc2oc3cc4ccoc4cc3c2cn1,0.0107795653,0.29332706320442004
c1cnc2c(c1)ncc1c2ccc2ccCc21,0.00812755260006,0.2211620848212727
c1ccc2c(c1)nnc1c3[nH]ccc3[nH]c21,0.00906809209982,0.24675548136504194
c1cc2nnc3c(oc4ccCc43)c2cn1,0.0104642036,0.28474562984104
c1cc2cc3oc4ccsc4c3cc2o1,0.0107035158999,0.29125765255853886
c1cnc2c(c1)ncc1c3occc3oc12,0.00983034850003,0.2674975451737163
c1ccc2c(c1)Cc1c2ccc2cc[nH]c21,0.00990475390006,0.2695222202760927
c1ccc2c(c1)oc1c3[nH]ccc3oc21,0.0106276122001,0.2891922066218012
c1ccc2cc3c(cc2c1)oc1ccccc13,0.00487272380008,0.13259363641349692
c1cc2sc3c4[nH]ccc4oc3c2cn1,0.00999701369994,0.27203273859454735
c1cc2[nH]c3cc4cc[nH]c4cc3c2nn1,0.00453666399994,0.12344897876796733
c1ccc2c(c1)ncc1c3ncccc3Cc21,0.007508186,0.2043082525204
c1cnc2c(c1)[nH]c1c3ncccc3oc21,0.0115333845,0.3138395389833
c1cc2sc3c(cnc4ccoc43)c2[nH]1,0.00958493310009,0.26081944855978906
c1cc2cnc3c4occc4Cc3c2nn1,0.00847091620005,0.23050548908604057
c1cc2cc3ncc4ccCc4c3cc2cn1,0.00602215410004,0.16387124407782847
c1ccc2c(c1)oc1c2nnc2cc[nH]c21,0.0111354214,0.30301040588396
c1cc2Cc3c(cnc4cc[nH]c43)c2nn1,0.0115749705001,0.31497115226642114
c1ccc2c(c1)Cc1c2ccc2ccCc21,0.0095167308001,0.2589635684938411
c1cnc2c(c1)[nH]c1c3cnccc3cnc21,0.00912453199999,0.2482912900645279
c1ccc2cc3c(cc2c1)[nH]c1ccncc13,0.00450491419997,0.12258502226106367
c1cc2cc3[nH]c4cc[nH]c4c3cc2cn1,0.00775768900019,0.21109757845977017
c1cc2[nH]c3c4sccc4sc3c2o1,0.0108421844,0.29503101658216
c1cc2[nH]c3cc4ccCc4cc3c2s1,0.0101645167999,0.2765907324487989
c1cc2oc3c(sc4ccCc43)c2o1,0.011418335,0.310708881019
c1cnc2c(c1)cnc1c3cnccc3oc21,0.00862399649998,0.23467101835955578
c1cc2oc3c(cnc4ccsc43)c2[nH]1,0.0107687129999,0.29303175692547884
c1ccc2c(c1)cnc1c3ncccc3Cc21,0.00713343399991,0.194110725945151
c1ccc2cc3c(cc2c1)Cc1ccncc13,0.0072995969,0.19863225108466
c1cc2[nH]c3c(oc4ccsc43)c2nn1,0.0111163588,0.30249168585032
c1cc2[nH]c3c(nnc4ccCc43)c2s1,0.0109903227999,0.2990620698371989
c1cc2cc3ncc4ccoc4c3cc2[nH]1,0.00633805229995,0.17246727635485945
c1cc2oc3c(ncc4ccCc43)c2cn1,0.0106585006999,0.29003272594525886
c1cc2Cc3c([nH]c4ccCc43)c2s1,0.0106376668,0.28946580636152003
c1cc2cc3oc4ccCc4c3cc2cn1,0.00918080620011,0.24982258983367325
c1cc2[nH]c3c(nnc4ccoc43)c2o1,0.0108966402998,0.29651283785397775
c1ccc2c(c1)cnc1c3[nH]ccc3Cc21,0.00817837509999,0.2225450361958679
c1cc2sc3c([nH]c4ccCc43)c2[nH]1,0.0113749298,0.30952776475972
c1cc2oc3c(cnc4ccoc43)c2cn1,0.0109644408,0.29835778438512
c1cnc2cc3c(cnc4ccoc43)cc2c1,0.00589221770008,0.16033549272395692
c1ccc2c(c1)Cc1c2ncc2ccoc21,0.00973821590003,0.2649904881420764
c1cc2Cc3c(sc4ccCc43)c2nn1,0.0112847746999,0.3070745182688589
c1cc2cc3ncc4ccoc4c3cc2nn1,0.00542226959999,0.14754754699316788
c1cc2[nH]c3c(cnc4ccsc43)c2[nH]1,0.0100611945001,0.27377918802002116
c1ccc2c(c1)ncc1c3occc3Cc21,0.00949135760004,0.25827312819772846
c1cc2Cc3c4sccc4Cc3c2o1,0.0120780819,0.32866151781366004
c1cc2Cc3c4sccc4sc3c2o1,0.0117205440001,0.3189324110043211
c1cc2cnc3c(oc4ccCc43)c2nn1,0.00902188420014,0.24549809972368958
c1cnc2c(c1)Cc1cc3ccCc3cc12,0.0093407646001,0.25417528183916116
c1cc2oc3c4sccc4Cc3c2[nH]1,0.0118857231001,0.32342716556606116
c1cnc2c(c1)ncc1c3cnccc3Cc12,0.00944057849995,0.25689135779353944
c1ccc2c(c1)oc1cc3cc[nH]c3cc12,0.00895823230007,0.2437660424101248
c1cc2cc3ccc4ccoc4c3cc2cn1,0.00554559430009,0.15090338473746903
c1cc2sc3c([nH]c4ccsc43)c2o1,0.011040292,0.3004218017288
c1cc2nnc3c([nH]c4ccCc43)c2cn1,0.0103664561,0.28208578351954
c1cc2cnc3c([nH]c4ccsc43)c2o1,0.0105256231,0.28641694042334
c1cc2sc3c4[nH]ccc4Cc3c2nn1,0.00979827319998,0.2666247313539358
c1cc2ncc3c4occc4oc3c2nn1,0.0109329882001,0.2975019151082012
c1cnc2c(c1)oc1c2sc2ccCc21,0.0105500526,0.28708170131964
c1cc2cc3oc4cc[nH]c4c3cc2cn1,0.00831818780011,0.22634953550391326
c1cnc2c(c1)ccc1c3ncccc3Cc12,0.00718904979999,0.1956241097274479
c1cc2cnc3c(ncc4ccoc43)c2cn1,0.00856410059998,0.23304116706629577
c1cc2sc3c(ccc4ccCc43)c2[nH]1,0.00914968359996,0.24897570031195157
c1ccc2c(c1)cnc1c3cnccc3Cc21,0.00763302899986,0.2077054053267904
c1cc2nnc3c(cnc4ccCc43)c2cn1,0.00867126519995,0.23595726586191945
c1ccc2c(c1)[nH]c1c3occc3sc21,0.0100895570999,0.2745509740682189
c1cc2ncc3c(oc4ccCc43)c2nn1,0.0106186882,0.28894937208548
c1cc2oc3c4sccc4Cc3c2cn1,0.0111220876,0.30264757451864
c1cc2[nH]c3c(ccc4ccCc43)c2nn1,0.0110330650999,0.3002251476594189
c1cnc2c(c1)[nH]c1c2ccc2cc[nH]c21,0.00911131049997,0.24793151453888368
c1cc2ccc3c([nH]c4ccoc43)c2nn1,0.00863720469999,0.23503043197330792
c1cc2ncc3c(sc4ccCc43)c2o1,0.0105805939,0.28791277285046
c1cc2ccc3c4occc4oc3c2cn1,0.00847654119991,0.230658553207231
c1cc2oc3c4sccc4Cc3c2nn1,0.0112781247,0.30689356246158
c1ccc2c(c1)oc1c3nnccc3cnc21,0.00824956920007,0.22448232733078483
c1cc2ncc3c4Cccc4Cc3c2s1,0.0118140602001,0.32147711772900117
c1cc2cnc3c4occc4oc3c2[nH]1,0.0107201407999,0.29171003936239887
c1cc2sc3c([nH]c4ccCc43)c2C1,0.0110057988001,0.2994831934690412
c1cc2oc3c(oc4ccsc43)c2cn1,0.0111674965001,0.30388321426282117
c1cnc2c(c1)cnc1c2ccc2ccoc21,0.00908285870003,0.24715730122999635
c1cnc2c(c1)ncc1c3cnccc3oc12,0.00909484409999,0.2474834407424679
c1cnc2c(c1)ccc1c3ncccc3oc12,0.00896587010004,0.24397387764022846
c1cnc2c(c1)ccc1c2cnc2cc[nH]c21,0.00776472680002,0.21128908684606423
c1cc2ncc3c([nH]c4ccoc43)c2nn1,0.00993688069991,0.270396435477531
c1ccc2c(c1)ccc1c3ncccc3[nH]c21,0.00949018820006,0.2582413071871127
c1cc2[nH]c3c(ccc4ccCc43)c2cn1,0.0102321546001,0.27843125168516114
c1cc2sc3cc4ccoc4cc3c2[nH]1,0.00868888750006,0.23643679331913267
c1ccc2c(c1)Cc1c3sccc3Cc21,0.0110673938,0.30115927964932004
c1ccc2cc3c(cnc4ccCc43)cc2c1,0.00591450529998,0.16094196951987577
c1cc2Cc3cc4ccsc4cc3c2[nH]1,0.00993565189992,0.2703629981094831
c1cnc2cc3c(cc2c1)[nH]c1cccnc13,0.00385951080011,0.10502269218611326
c1cc2nnc3c(oc4ccCc43)c2[nH]1,0.0124029657001,0.33750206085170115
c1ccc2c(c1)Cc1c2ccc2ccoc21,0.00964732300008,0.2625171650843769
c1cc2cnc3c([nH]c4ccoc43)c2cn1,0.00837670710007,0.2279419275828448
c1cc2cnc3c4occc4oc3c2cn1,0.00845401560002,0.23004560009838423
c1cnc2cc3c(cc2c1)Cc1cccnc13,0.0072618685,0.1976056085009
c1cnc2c(c1)cnc1cc3cc[nH]c3cc12,0.00617942140002,0.16815070748450422
c1cnc2c(c1)ccc1c3ccccc3Cc12,0.00759814450009,0.20675614924974903
c1ccc2c(c1)ncc1c2ccc2ccoc21,0.00868109350006,0.23622470766753267
c1cc2cnc3c(nnc4ccCc43)c2o1,0.0100404922,0.27321584945108
c1cc2nnc3c4[nH]ccc4[nH]c3c2cn1,0.00955712370001,0.26006271585045215
c1cc2Cc3c(ccc4ccsc43)c2o1,0.00984534480006,0.2679056154923527
c1cc2nnc3cc4cc[nH]c4cc3c2cn1,0.0090186333,0.24540963817962003
c1cc2Cc3c(cnc4ccsc43)c2[nH]1,0.0105465629,0.28698674169706
c1cc2Cc3c(oc4ccsc43)c2nn1,0.0112981538,0.30743858231332
c1cc2nnc3c(nnc4ccoc43)c2o1,0.0102538694,0.27902214179116
c1cc2cc3ccc4ccoc4c3cc2o1,0.00608445980004,0.16556666940280845
c1ccc2c(c1)sc1c3occc3Cc21,0.0100649569999,0.2738815709070789
c1cc2ccc3c([nH]c4ccsc43)c2[nH]1,0.0108840694,0.29617076607116
c1cc2cc3cnc4ccCc4c3cc2nn1,0.00649102549994,0.17662989128906734
c1cc2cc3cc4occc4cc3cc2o1,0.00499202660001,0.13584003262351213
c1cc2Cc3c4[nH]ccc4sc3c2cn1,0.0111516164,0.30345109450696
c1cc2cnc3c([nH]c4ccsc43)c2[nH]1,0.0108607197,0.29553538804458
c1cc2ccc3cc4ccCc4cc3c2[nH]1,0.00804578179998,0.2189369868719758
c1cc2ncc3c(ccc4ccoc43)c2nn1,0.00962612860008,0.26194043578821696
c1cnc2c(c1)cnc1c2[nH]c2ccCc21,0.00901277819992,0.2452503127093031
c1cnc2c(c1)sc1c2[nH]c2ccoc21,0.00915393890011,0.24909149298645328
c1ccc2c(c1)[nH]c1c3cnccc3cnc21,0.00790153880007,0.2150119329042248
c1cnc2c(c1)Cc1cc3ccncc3cc12,0.00745893749991,0.202968131885051
c1cc2cnc3c4[nH]ccc4Cc3c2nn1,0.00837327299996,0.22784848091111154
c1cc2sc3c(sc4ccCc43)c2o1,0.0116074464001,0.3158548669716812
c1cc2sc3c4Cccc4Cc3c2s1,0.0121611520999,0.3309219742512189
c1cc2oc3c(ncc4ccCc43)c2s1,0.0109860159999,0.2989448757796789
c1cc2[nH]c3c4sccc4Cc3c2nn1,0.0108123141001,0.29421820390346115
c1ccc2c(c1)oc1c3nnccc3Cc21,0.0108206424001,0.2944448286060812
c1ccc2c(c1)cnc1c3[nH]ccc3oc21,0.0082865940999,0.22548982669001885
c1cc2[nH]c3c(ccc4ccsc43)c2o1,0.00999528969999,0.2719858261423079
c1cc2Cc3cc4ccCc4cc3c2cn1,0.00973318389993,0.2648535603745552
c1cc2Cc3c(cnc4ccCc43)c2s1,0.0113480788999,0.30879711417673883
c1ccc2c(c1)oc1c3cnccc3ccc21,0.00790943380002,0.21522676690586426
c1ccc2c(c1)Cc1c2cnc2ccCc21,0.0100650185999,0.2738832471293189
c1cc2sc3c(nnc4ccCc43)c2[nH]1,0.00957394880004,0.26052055037740846
c1cc2oc3c(ccc4cc[nH]c43)c2cn1,0.0100400776001,0.27320456760736117
c1cnc2c(c1)ccc1c2[nH]c2ccCc21,0.00937205549985,0.2550267510286183
c1cc2ccc3c(cnc4ccCc43)c2C1,0.00775261310014,0.2109594561131496
c1cc2cc3ccc4ccCc4c3cc2C1,0.00767764419993,0.2089194473819752
c1cc2nnc3c4occc4oc3c2[nH]1,0.0118788225001,0.3232393905792212
c1cc2Cc3c(cnc4ccCc43)c2cn1,0.0104953417,0.28559294113538003
c1cc2ncc3c(cnc4ccCc43)c2C1,0.00803752479987,0.21871230233918254
c1cc2[nH]c3c(ccc4ccnnc43)c2cn1,0.0086623487,0.23571463541517998
c1cc2[nH]c3c(cnc4ccCc43)c2cn1,0.0106206033001,0.28900148464034114
c1cc2ncc3c4occc4sc3c2[nH]1,0.0107374095999,0.29217994758671884
c1ccc2c(c1)oc1cc3ccCc3cc12,0.00959885600014,0.2611983101622096
c1cc2cnc3c4[nH]ccc4[nH]c3c2nn1,0.00924990679994,0.25170291389588734
c1cc2nnc3c(ccc4ccCc43)c2[nH]1,0.00921910129989,0.25086465311182676
c1cc2[nH]c3c(cnc4ccoc43)c2nn1,0.0115368653001,0.3139342564271412
c1cc2[nH]c3c([nH]c4ccoc43)c2cn1,0.00985424920009,0.26814791668332905
c1cnc2c(c1)[nH]c1c3cnccc3[nH]c21,0.0131066847,0.35665124004558
c1cc2cc3oc4ccCc4c3cc2s1,0.0103462323,0.28153546560822
c1cnc2c(c1)[nH]c1c2[nH]c2ccoc21,0.00950300020008,0.2585899396444569
c1cc2oc3c4nnccc4[nH]c3c2cn1,0.0124778619,0.33954009130566
c1cnc2c(c1)Cc1c2[nH]c2ccsc21,0.0101474038,0.27612506376332
c1cc2oc3c4occc4sc3c2nn1,0.0112597468001,0.3063934740762411
c1cc2cnc3c(cnc4ccCc43)c2cn1,0.00870750260003,0.23694333625045635
c1ccc2c(c1)[nH]c1c2cnc2cc[nH]c21,0.010799842,0.29387882059880005
c1ccc2cc3c(cc2c1)oc1cccnc13,0.00486442570002,0.13236783349352424
c1ccc2c(c1)oc1c3sccc3Cc21,0.0108523154,0.29530669527556
c1cc2[nH]c3c(ncc4cc[nH]c43)c2cn1,0.0095527604999,0.25994398706697885
c1cnc2cc3c(cc2c1)nnc1cc[nH]c13,0.00560324230003,0.15247206752303633
c1cc2oc3c(oc4ccsc43)c2[nH]1,0.0116514522,0.31705232639508
c1cc2cc3cc4[nH]ccc4cc3cc2cn1,0.00434732500003,0.11829679950581636
c1ccc2c(c1)[nH]c1c2nnc2ccoc21,0.0116833757,0.31792100952298
c1ccc2c(c1)nnc1cc3cc[nH]c3cc12,0.00767751410001,0.20891590718101213
c1cc2nnc3c4Cccc4Cc3c2s1,0.0115504867,0.31430491378838
c1cc2[nH]c3c4occc4sc3c2nn1,0.0108999538,0.29660300283332003
c1ccc2c(c1)[nH]c1c2cnc2ccCc21,0.00906078629987,0.24655668032028252
c1cc2ncc3c4[nH]ccc4Cc3c2nn1,0.00943259589997,0.25667414007244366
c1cc2nnc3c(oc4ccsc43)c2[nH]1,0.0122636894,0.33371215773916
c1cc2ncc3cc4ccoc4cc3c2cn1,0.00940595079999,0.2559490895988479
c1ccc2c(c1)[nH]c1c3nnccc3[nH]c21,0.0129005758999,0.35104273104253886
c1cc2ncc3c(cnc4ccCc43)c2nn1,0.00935001030007,0.2544268702793248
c1ccc2c(c1)ccc1c2ccc2cc[nH]c21,0.00574123750005,0.1562271101088606
c1cc2sc3c4sccc4Cc3c2[nH]1,0.0122414974003,0.33310828235852347
c1cnc2c(c1)oc1c2[nH]c2ccsc21,0.010487172,0.2853706321608
c1cc2[nH]c3c4[nH]ccc4oc3c2nn1,0.0108460535001,0.2951363002126211
c1cc2cnc3c(ccc4ccoc43)c2[nH]1,0.0104258388001,0.28370166992504114
c1cnc2c(c1)oc1c3nnccc3oc21,0.0115096584999,0.3131939213041789
c1cc2ncc3c(ccc4ccoc43)c2cn1,0.00906970649999,0.2467994114538279
c1cc2oc3c4[nH]ccc4[nH]c3c2cn1,0.0109049128,0.29673794416592
c1cc2sc3c4[nH]ccc4sc3c2[nH]1,0.0122508690001,0.33336329670932113
c1cc2ncc3c(cnc4ccoc43)c2o1,0.00778018510005,0.21170972883150058
c1cc2ccc3c(oc4ccCc43)c2cn1,0.0091431861,0.24879889424154003
c1cc2oc3c(cnc4ccoc43)c2o1,0.0108705156999,0.2958019509162589
c1ccc2c(c1)ncc1c2ncc2ccoc21,0.00817311569983,0.22240192055435407
c1cc2oc3c(oc4ccCc43)c2s1,0.0114667557,0.31202647605498
c1cc2cc3cnc4ccCc4c3cc2[nH]1,0.00685865239996,0.18663353391627155
c1cnc2c(c1)ncc1c3ccccc3Cc12,0.00903620560007,0.24588780506574479
c1cc2cc3ccc4ccoc4c3cc2nn1,0.00540216360014,0.1470004345888496
c1cc2sc3c(cnc4cc[nH]c43)c2[nH]1,0.0106533601,0.28989284302514
c1cnc2c(c1)ccc1cc3cc[nH]c3cc12,0.0046040215999,0.12528187336351887
c1cc2oc3c(cnc4ccCc43)c2o1,0.0106027004,0.28851432166456
c1ccc2c(c1)oc1c3cnccc3ncc21,0.00836685950003,0.22767396059911638
c1cnc2c(c1)ccc1c3occc3oc12,0.00859214930006,0.2338044114636527
c1cc2ncc3c(cnc4ccoc43)c2cn1,0.00899865459996,0.24486598978135155
c1cc2Cc3c4cnccc4ncc3c2cn1,0.00880083740003,0.23948310682717633
c1cc2oc3c([nH]c4ccoc43)c2nn1,0.0104843778,0.28529459806692004
c1cc2cnc3c(oc4ccCc43)c2cn1,0.00906440079996,0.24665503592803154
c1cc2Cc3c(cnc4cc[nH]c43)c2cn1,0.0112456144001,0.30600891168688116
c1cnc2cc3c(ccc4ccoc43)cc2c1,0.00545551970004,0.14845232876566847
c1ccc2c(c1)[nH]c1cc3cc[nH]c3cc12,0.00307599689995,0.08370218204329943
c1cc2cc3[nH]c4ccCc4c3cc2nn1,0.00875770409993,0.2383093893448352
c1cc2ncc3c([nH]c4ccoc43)c2[nH]1,0.0109543319001,0.2980827070663811
c1cc2cc3ccc4ccCc4c3cc2nn1,0.00577537640004,0.15715607737204845
c1cc2cnc3cc4ccCc4cc3c2nn1,0.00914682920006,0.2488980280945127
c1cc2Cc3c4nnccc4[nH]c3c2cn1,0.0107855866002,0.2934909112126823
c1ccc2c(c1)cnc1c2cnc2ccCc21,0.00841921739993,0.22909869235645522
c1cnc2c(c1)ncc1c3ccccc3oc12,0.00905914340012,0.24651197471802538
c1cc2ccc3cc4ccCc4cc3c2o1,0.00766748210003,0.20864292241675633
c1cc2ccc3c(ccc4cc[nH]c43)c2nn1,0.00774975730008,0.21088174579539692
c1cc2sc3c4[nH]ccc4oc3c2nn1,0.00991768459994,0.26987408272280733
c1cc2nnc3c(ncc4ccCc43)c2o1,0.0101757428,0.27689620762792
c1cc2Cc3c(nnc4ccoc43)c2[nH]1,0.010906927,0.29679275336780003
c1cc2oc3c([nH]c4ccsc43)c2[nH]1,0.0112198416,0.30530759771424004
c1cc2Cc3c(nnc4ccsc43)c2[nH]1,0.0102341887,0.27848660239118
c1cc2sc3c4occc4sc3c2[nH]1,0.0117688688001,0.32024739646704115
c1cc2cc3ncc4ccCc4c3cc2nn1,0.005935271,0.1615070332894
c1ccc2c(c1)nnc1c3ccccc3oc21,0.00761023730013,0.20708521126875748
c1cc2sc3c(oc4ccCc43)c2nn1,0.00981041810007,0.2669552110882448
c1ccc2c(c1)oc1c3cnccc3cnc21,0.00821903159988,0.22365135647697462
c1cc2Cc3c(cnc4ccnnc43)c2cn1,0.00942461880004,0.25645707201540846
c1ccc2cc3c(cc2c1)nnc1ccoc13,0.00521583959994,0.14193029768980733
c1cc2ccc3c4occc4oc3c2nn1,0.00855754360009,0.23286274191948902
c1cnc2c(c1)Cc1c3[nH]ccc3sc21,0.0108308155,0.29472165289670005
c1ccc2c(c1)sc1c3[nH]ccc3oc21,0.00992226930009,0.26999883883246906
c1cnc2cc3c(cnc4ccCc43)cc2c1,0.00636758799999,0.17327098410292788
c1cc2[nH]c3c([nH]c4ccsc43)c2s1,0.0103700298998,0.28218303161541775
c1cnc2c(c1)ccc1c3ccccc3oc12,0.00841778990002,0.22905984808540422
c1ccc2c(c1)oc1c3cnccc3Cc21,0.0104287493001,0.2837808687047411
c1cc2Cc3c([nH]c4ccsc43)c2[nH]1,0.0111424194,0.30320083126116004
c1cc2oc3cc4ccCc4cc3c2nn1,0.0104228920999,0.2836214860872189
c1cc2oc3c4cnccc4oc3c2cn1,0.0115539983,0.31440046934062
c1cc2[nH]c3c(sc4ccCc43)c2o1,0.0110392712999,0.3003940270500989
c1cc2ccc3c(ccc4ccoc43)c2[nH]1,0.00792026930003,0.21552161603083633
c1cc2oc3c(ncc4ccsc43)c2[nH]1,0.00951911049992,0.2590283234575231
c1cnc2c(c1)cnc1c2ncc2ccoc21,0.0090757334001,0.24696341184348117
c1cc2oc3c([nH]c4ccoc43)c2cn1,0.0101152295,0.2752495560163
c1cnc2c(c1)nnc1c2ccc2ccCc21,0.00851591569995,0.23172998847761944
c1cc2Cc3c(sc4ccCc43)c2[nH]1,0.011606272,0.31582290990080003
c1cc2nnc3c(cnc4ccoc43)c2[nH]1,0.00950686919998,0.2586952205483358
c1cc2ccc3c4[nH]ccc4oc3c2cn1,0.00871509859996,0.23715003404295154
c1cnc2c(c1)cnc1c2ncc2ccCc21,0.00984840440003,0.2679888714909764
c1cc2[nH]c3c([nH]c4ccsc43)c2o1,0.0103087853,0.28051648031242
c1ccc2c(c1)[nH]c1c3ccccc3[nH]c21,0.0121684754999,0.3311212542179789
c1cc2ncc3c4occc4Cc3c2cn1,0.0098318603001,0.26753868337014114
c1cc2ncc3c4[nH]ccc4Cc3c2cn1,0.00956680670004,0.26032620383746846
c1cnc2c(c1)cnc1c3[nH]ccc3Cc21,0.00839952160004,0.2285627420673285
c1cc2ncc3c([nH]c4ccoc43)c2cn1,0.00959495059999,0.2610920387565679
c1cnc2cc3c(cc2c1)oc1ccccc13,0.00534706540009,0.14550113542800902
c1cnc2c(c1)ncc1c3[nH]ccc3Cc12,0.00947621830005,0.2578611666499806
c1ccc2cc3c(cc2c1)Cc1ccccc13,0.00724937509995,0.19726564559477944
c1cc2sc3c4Cccc4Cc3c2cn1,0.0105574665999,0.28728344663651884
c1cc2ccc3c(nnc4ccCc43)c2o1,0.00815321430014,0.2218603756068296
c1cc2ccc3c(ccc4ccoc43)c2o1,0.00711732019988,0.19367224688701462
c1cc2sc3c(ncc4ccoc43)c2[nH]1,0.00990265140013,0.2694650083094975
c1cnc2c(c1)[nH]c1c2ccc2ccnnc21,0.00948327809999,0.2580532736900679
c1cc2[nH]c3c(sc4ccCc43)c2[nH]1,0.0109508793,0.29798875698402005
c1cc2cc3cnc4cc[nH]c4c3cc2nn1,0.00603165079997,0.16412966257830366
c1cc2[nH]c3c([nH]c4ccoc43)c2nn1,0.0103312020001,0.2811264701055211
c1cc2ncc3c4sccc4Cc3c2o1,0.0117218069,0.31896677627866
c1cnc2c(c1)ncc1c2[nH]c2ccCc21,0.0102401194,0.27864798504116
c1cc2ncc3c(oc4ccsc43)c2o1,0.0111117926001,0.3023674331583611
c1cc2cc3nnc4ccoc4c3cc2o1,0.00750001129995,0.20408580748745944
c1cnc2c(c1)[nH]c1c3occc3oc21,0.00978242150006,0.2661933844067327
c1cc2ccc3c([nH]c4ccsc43)c2o1,0.0101636487999,0.27656711295359887
c1cc2Cc3c([nH]c4c5Cccc5Cc43)c2C1,0.0102328978001,0.27845147519764113
c1cc2sc3c(ncc4ccoc43)c2o1,0.0102157086999,0.27798373571645885
c1cnc2c(c1)[nH]c1c3cnccc3Cc21,0.0100750418,0.27415599243652
c1ccc2c(c1)ncc1c2ncc2cc[nH]c21,0.00900626909993,0.24507319098583524
c1cnc2c(c1)ccc1c2nnc2ccCc21,0.00799759619997,0.21762578923586365
c1cc2oc3c(ccc4ccoc43)c2o1,0.0102841683998,0.27984661999431776
c1cc2sc3c(cnc4ccCc43)c2o1,0.0094147282,0.25618793494148
c1cc2[nH]c3c(oc4ccsc43)c2o1,0.0107333973,0.29207076728922
c1cc2nnc3c([nH]c4ccsc43)c2[nH]1,0.0119604201999,0.3254597782275589
c1ccc2c(c1)ncc1c3cnccc3[nH]c21,0.00731483740003,0.19904696642717634
c1cc2[nH]c3c4sccc4Cc3c2cn1,0.0105660513999,0.2875170510632389
c1ccc2c(c1)ccc1c3cnccc3[nH]c21,0.00843712410006,0.22958595873637266
c1ccc2c(c1)nnc1c3occc3Cc21,0.00903628840001,0.24589005816803214
c1cc2cc3cnc4ccCc4c3cc2C1,0.00793448859986,0.21590854308623042
c1cc2sc3c4occc4Cc3c2[nH]1,0.0121773519,0.33136279349166
c1cc2ccc3c4Cccc4Cc3c2cn1,0.00947993390002,0.2579622733270043
c1cc2cnc3c(ncc4ccCc43)c2[nH]1,0.0107804787,0.29335191809718003
c1cc2cnc3c([nH]c4ccCc43)c2s1,0.00997551060016,0.27144760914519384
c1cnc2cc3c(cc2c1)nnc1ccCc13,0.00581130009994,0.15813361153950733
c1cc2ncc3c4[nH]ccc4oc3c2nn1,0.00961825340005,0.2617261405701206
c1ccc2c(c1)oc1c3occc3oc21,0.0102255626,0.27825187413364
c1ccc2c(c1)ccc1c3nnccc3[nH]c21,0.00961458119991,0.261626214863231
c1ccc2cc3c(cc2c1)ncc1cc[nH]c13,0.00515852629997,0.14037072255900368
c1ccc2c(c1)ccc1c3cnccc3oc21,0.00779672449994,0.2121597890576673
c1cc2Cc3cc4cc[nH]c4cc3c2cn1,0.0109284025001,0.29737713179122116
c1ccc2c(c1)[nH]c1c3nnccc3cnc21,0.00717596510003,0.19526805672295636
c1ccc2c(c1)oc1c2oc2ccsc21,0.0108054925,0.2940325786145
c1cc2nnc3c([nH]c4ccoc43)c2[nH]1,0.0115402314001,0.3140258527206811
c1cc2cnc3c([nH]c4ccoc43)c2nn1,0.0085558646,0.23281705397643998
c1ccc2c(c1)[nH]c1c2ncc2cc[nH]c21,0.00897413309997,0.24419872543652366
c1cnc2c(c1)[nH]c1cc3ccncc3cc12,0.00469296279994,0.1277020879342873
c1ccc2c(c1)oc1c2nnc2ccoc21,0.0116232828999,0.3162858003023389
c1ccc2cc3c(cc2c1)oc1ccncc13,0.0058755412,0.15988170180968
c1ccc2c(c1)[nH]c1cc3ccCc3cc12,0.00930386120001,0.2531710886579521
c1cc2ncc3c(ncc4ccCc43)c2o1,0.00872977259996,0.23754933412655158
c1cc2cnc3c4[nH]ccc4Cc3c2cn1,0.00846313240004,0.23029368099044845
c1cc2oc3c(oc4ccsc43)c2o1,0.0114214552,0.31079378602928
c1cc2ccc3c(ccc4ccCc43)c2o1,0.00736665309989,0.20045694416234675
c1cnc2c(c1)Cc1c2sc2ccCc21,0.0106210826,0.28901452706164
c1cc2oc3c(ncc4cc[nH]c43)c2[nH]1,0.0105159973999,0.28615501164763885
c1cc2[nH]c3c4occc4sc3c2cn1,0.0103816865001,0.2825002240288212
c1cnc2cc3c(cc2c1)oc1ccncc13,0.00641157689995,0.17446798365529945
c1cc2Cc3cc4ccCc4cc3c2s1,0.0104317618,0.28386284304452003
c1cc2nnc3c4Cccc4Cc3c2cn1,0.0106582120001,0.29002487001952115
c1cc2[nH]c3c(ncc4ccoc43)c2[nH]1,0.00954537069993,0.2597429002640752
c1cc2ccc3c([nH]c4ccCc43)c2s1,0.0103679514,0.28212647272596003
c1cnc2c(c1)oc1c3cnccc3Cc21,0.0102669029,0.27937680157306
c1cc2ccc3c(nnc4ccCc43)c2[nH]1,0.00814273790002,0.22157529809260423
c1cnc2c(c1)[nH]c1c3cnccc3ccc21,0.00933065460003,0.25390017458325637
c1cnc2c(c1)[nH]c1c2ccc2ccoc21,0.0101522658001,0.2762573655928412
c1ccc2c(c1)cnc1c3occc3Cc21,0.00817411510002,0.22242911563268425
c1cnc2c(c1)Cc1c3nnccc3cnc21,0.0075893234,0.20651611476676002
c1cc2ccc3c(cnc4ccoc43)c2cn1,0.00904669839997,0.24617332884094367
c1cc2[nH]c3c(ncc4ccsc43)c2o1,0.00954017710001,0.2596015751392121
c1ccc2c(c1)ccc1c3ccccc3[nH]c21,0.00779408889991,0.212088070691011
c1cc2cc3oc4ccsc4c3cc2[nH]1,0.0104856410999,0.2853289742258189
c1ccc2c(c1)cnc1c2cnc2ccoc21,0.008737333,0.23775506319620002
c1cnc2c(c1)cnc1c2oc2ccCc21,0.00898608609998,0.2445239833009958
c1cc2nnc3cc4ccoc4cc3c2cn1,0.00939164220006,0.2555597325627127
c1cc2nnc3c([nH]c4ccoc43)c2cn1,0.0095533568001,0.25996021323024116
c1ccc2c(c1)ccc1c3cnccc3Cc21,0.00695364479986,0.18921841010691043
c1cnc2c(c1)ncc1c2ncc2ccCc21,0.00954972,0.259861250808
c1cc2ncc3c(ncc4ccCc43)c2cn1,0.00960472299994,0.26135795944056733
c1cnc2c(c1)oc1c3[nH]ccc3[nH]c21,0.0104842004001,0.2852897707672812
c1ccc2c(c1)[nH]c1c2[nH]c2ccsc21,0.0104129742001,0.2833516061486011
c1cc2cc3ncc4ccoc4c3cc2o1,0.00751470519992,0.2044856490771031
c1ccc2c(c1)oc1cc3ccoc3cc12,0.00998585820003,0.27172918182429634
c1cc2ncc3c(oc4ccCc43)c2cn1,0.0104793284,0.28515719682376
c1cnc2c(c1)ccc1c2ncc2ccCc21,0.0095069073999,0.25869626002163887
c1ccc2c(c1)[nH]c1c2ccc2ccnnc21,0.00713940869991,0.19427330589673097
c1cc2cnc3c4[nH]ccc4[nH]c3c2cn1,0.00887059290005,0.24138125164042057
c1cc2cc3oc4ccCc4c3cc2nn1,0.00939800629988,0.25573290862855463
c1cnc2cc3c(cc2c1)[nH]c1ccoc13,0.00726759029999,0.1977613066891479
c1ccc2c(c1)ccc1c2oc2ccCc21,0.00868255329999,0.2362644308673479
c1cc2nnc3c4sccc4Cc3c2o1,0.0123908938001,0.33717356755204114
c1cc2[nH]c3c(ccc4ccoc43)c2nn1,0.00951279660012,0.2588565134045054
c1cc2ccc3c(ccc4cc[nH]c43)c2[nH]1,0.00935089789994,0.2544510231144273
c1cc2cc3cc4[nH]ccc4cc3cc2[nH]1,0.00326602180007,0.0888730256104248
c1ccc2c(c1)oc1c2cnc2ccoc21,0.0102882189,0.27995683977546
c1cc2cnc3c(cnc4ccCc43)c2C1,0.00829774739998,0.22579332359981577
c1cc2cnc3c(ncc4cc[nH]c43)c2cn1,0.00911251789989,0.24796436958106674
c1cc2sc3c4[nH]ccc4oc3c2[nH]1,0.0120809366,0.32873919819724
c1cc2nnc3c4[nH]ccc4oc3c2nn1,0.00939153590002,0.2555568399898043
c1cc2ccc3c4nnccc4Cc3c2cn1,0.00977937740004,0.2661105501834485
c1cc2sc3c(ccc4ccCc43)c2o1,0.00936354819999,0.2547952554892079
c1ccc2c(c1)[nH]c1c3sccc3Cc21,0.0103088197,0.28051741638458
c1ccc2c(c1)ccc1c2ccc2ccCc21,0.00816676389991,0.22222907918601098
c1cnc2c(c1)[nH]c1c3ccccc3Cc21,0.00962021170005,0.2617794286547406
c1cnc2c(c1)ncc1cc3cc[nH]c3cc12,0.00671082609995,0.18261097333617943
c1cc2sc3c(ncc4ccCc43)c2[nH]1,0.00962369010006,0.26187408078877267
c1cc2oc3c(sc4ccCc43)c2s1,0.0116100753999,0.31592640573683883
c1ccc2c(c1)[nH]c1c3cnccc3[nH]c21,0.0121478835,0.3305609170719
c1cc2oc3c(nnc4ccCc43)c2[nH]1,0.0112685288001,0.30663244459104116
c1cc2nnc3c([nH]c4ccCc43)c2s1,0.0112966296999,0.30739710941585885
c1cc2Cc3c(ncc4cc[nH]c43)c2nn1,0.0124802924,0.33960622861336004
c1cc2ncc3c4sccc4Cc3c2[nH]1,0.0121514685999,0.33065847265931886
c1ccc2c(c1)nnc1c3[nH]ccc3oc21,0.00901549080015,0.2453241263592017
c1cc2cc3cnc4cc[nH]c4c3cc2cn1,0.00614379700005,0.16718131768716057
c1cnc2c(c1)cnc1c3ncccc3Cc21,0.00750107830004,0.20411484205370847
c1cc2oc3c(ccc4cc[nH]c43)c2nn1,0.0105889426001,0.2881399526683611
c1cc2ccc3c4[nH]ccc4[nH]c3c2cn1,0.00878651009998,0.2390932409345958
c1cc2[nH]c3c(cnc4cc[nH]c43)c2cn1,0.0111444710999,0.30325666088781883
c1cc2cc3[nH]c4ccncc4c3cc2cn1,0.00544762199991,0.148237421288351
c1ccc2c(c1)ccc1cc3ccoc3cc12,0.00586125940004,0.15949307403824847
c1cnc2c(c1)Cc1c3occc3oc21,0.0100209136999,0.2726830910534589
c1ccc2c(c1)ncc1c3ccccc3Cc21,0.00806305549997,0.2194070284318837
c1cnc2c(c1)[nH]c1c3occc3sc21,0.0102718462,0.27951131568668003
c1cc2cnc3c(cnc4ccoc43)c2cn1,0.00893822800003,0.24322169740001634
c1ccc2c(c1)ncc1c3cnccc3Cc21,0.00807344589998,0.2196897657627158
c1cc2[nH]c3c4nnccc4Cc3c2cn1,0.0109679952001,0.29845450458800116
c1cc2cnc3cc4ccCc4cc3c2o1,0.00904437199995,0.24611002423943945
c1ccc2c(c1)[nH]c1c3ncccc3Cc21,0.00984581520004,0.2679184157343684
c1cc2Cc3c4cnccc4ccc3c2cn1,0.00770527419991,0.20967129836343099
c1cc2cnc3c(nnc4cc[nH]c43)c2[nH]1,0.0119065863998,0.32399488515951774
c1cc2oc3c4[nH]ccc4oc3c2cn1,0.0108491635001,0.29522092766662117
c1cnc2c(c1)Cc1c2ccc2ccCc21,0.00943957510003,0.2568640538769564
c1cc2cc3cnc4cc[nH]c4c3cc2[nH]1,0.00679018009987,0.18477030676960252
c1ccc2c(c1)cnc1c3cnccc3oc21,0.00815978239996,0.22203910279827155
c1cc2cnc3c(ccc4ccCc43)c2cn1,0.00885499660012,0.24095685448450535
c1cnc2cc3cc4ccoc4cc3cc2c1,0.00477527919998,0.12994203242233576
c1ccc2cc3c(cc2c1)[nH]c1cccnc13,0.00363989359994,0.09904660070540731
c1ccc2c(c1)nnc1c3ccccc3Cc21,0.00793911160008,0.21603434139441693
c1ccc2c(c1)[nH]c1c2ncc2ccCc21,0.0100879895999,0.27450832019871885
c1cc2Cc3c4sccc4sc3c2[nH]1,0.0115407850001,0.31404091695172115
c1ccc2c(c1)cnc1cc3cc[nH]c3cc12,0.00624666589999,0.1699805244709879
c1cc2[nH]c3c(ncc4ccsc43)c2[nH]1,0.00931762729999,0.2535456835109479
c1cc2Cc3c([nH]c4ccsc43)c2o1,0.0109066959,0.29678646481326004
c1cc2ccc3c4occc4Cc3c2cn1,0.00868458189996,0.23631963191257158
c1cnc2c(c1)sc1c3[nH]ccc3[nH]c21,0.00987263889999,0.2686483261631879
c1ccc2c(c1)nnc1c3Cccc3Cc21,0.0101341088,0.27576328820032
c1cc2sc3c4[nH]ccc4Cc3c2cn1,0.00999170070008,0.27188816443015695
c1cnc2cc3c(cnc4cc[nH]c43)cc2c1,0.00598565990003,0.16287818580367636
c1cnc2c(c1)oc1c3occc3oc21,0.00996829050007,0.27125114011360485
c1cnc2cc3c(cc2c1)Cc1ccoc13,0.00877320539996,0.23873120142047155
c1cc2oc3c(ncc4ccoc43)c2cn1,0.0102509622,0.27894303280908
c1cc2cc3nnc4ccoc4c3cc2cn1,0.00594608300003,0.16180124294701634
c1ccc2c(c1)Cc1c2cnc2ccoc21,0.0104360668,0.28397998812152
c1cc2[nH]c3c4sccc4Cc3c2o1,0.0108718561,0.29583842507954
c1ccc2c(c1)[nH]c1c3ncccc3[nH]c21,0.0129999741,0.35374749522474
c1ccc2c(c1)Cc1cc3ccCc3cc12,0.00936595539986,0.2548607587677504
c1ccc2c(c1)oc1c3ncccc3Cc21,0.00994260649998,0.27055224251355575
c1cc2cnc3c4[nH]ccc4oc3c2cn1,0.00862302739995,0.23464464779099944
c1ccc2c(c1)[nH]c1c2ncc2ccoc21,0.00852887229996,0.23208255570313155
c1cc2ncc3cc4ccCc4cc3c2o1,0.00804097330001,0.21880614085589212
c1cc2cnc3c(ncc4ccoc43)c2o1,0.0106264487001,0.28916054615790115
c1cc2Cc3c(oc4ccsc43)c2s1,0.0118500972999,0.3224577376664989
c1cc2ccc3c(ncc4ccCc43)c2[nH]1,0.00918888390004,0.25004239535754846
c1cc2oc3c4sccc4sc3c2[nH]1,0.0115273812999,0.31367618350409887
c1cc2Cc3c([nH]c4ccsc43)c2cn1,0.0104348413,0.28394664055082003
c1cnc2c(c1)ncc1c3ccccc3[nH]c12,0.00670870269994,0.18255319264914732
c1ccc2c(c1)cnc1cc3ccCc3cc12,0.00825942949996,0.22475063989521152
c1cc2cc3nnc4ccCc4c3cc2cn1,0.00617115530008,0.16792577533259692
c1cc2nnc3c(ncc4ccCc43)c2[nH]1,0.0107466696999,0.29243192787185884
c1ccc2c(c1)Cc1c3ccccc3Cc21,0.00984199530001,0.26781447090669214
c1ccc2c(c1)cnc1c2ncc2cc[nH]c21,0.00824032900005,0.22423088855196055
c1cnc2c(c1)Cc1c3cnccc3oc21,0.0102873495,0.27993318218429997
c1cc2ncc3c(cnc4cc[nH]c43)c2cn1,0.00966471890013,0.26299053187899746
c1cnc2c(c1)oc1c3sccc3Cc21,0.0107050835001,0.2913003091546212
c1cnc2c(c1)[nH]c1cc3cc[nH]c3cc12,0.00368180559997,0.10018708490302367
c1cc2oc3c4nnccc4oc3c2cn1,0.0120887964999,0.32895307707737886
c1ccc2c(c1)oc1c2ncc2ccoc21,0.00992825850005,0.2701618133482606
c1cc2sc3c(cnc4ccoc43)c2o1,0.00980605220002,0.2668364088356242
c1cc2[nH]c3cc4ccsc4cc3c2o1,0.00833876569993,0.22690948896707525
c1cc2oc3c(sc4ccCc43)c2cn1,0.0107712656001,0.29310121675056117
c1cnc2c(c1)Cc1c3nnccc3Cc21,0.0105309919001,0.28656303299038116
c1cc2cnc3c4Cccc4Cc3c2s1,0.0101140349999,0.2752170519962789
c1cc2sc3c(ccc4ccCc43)c2C1,0.00990533819993,0.2695381198935752
c1cc2ncc3c(nnc4ccCc43)c2o1,0.00848947380007,0.23101046736322484
c1ccc2c(c1)oc1c3ccccc3oc21,0.0108701379,0.29579167045206
c1cc2Cc3c(ncc4ccCc43)c2nn1,0.0111488467001,0.30337572709510113
c1ccc2c(c1)oc1c3cnccc3nnc21,0.00855106929998,0.2326865671494758
c1cc2sc3c([nH]c4ccoc43)c2cn1,0.00922299489991,0.250970603419411
c1ccc2c(c1)Cc1c3cnccc3Cc21,0.0101962372,0.27745388894408
c1ccc2c(c1)Cc1c3ncccc3Cc21,0.00970055369999,0.26396564695190794
c1cnc2c(c1)ccc1c2cnc2ccoc21,0.00705696440002,0.19202988107470426
c1cc2[nH]c3c(Cc4c5Cccc5Cc34)c2C1,0.0112814916999,0.3069851832426589
c1cc2cc3cc4occc4cc3cc2nn1,0.00491453249992,0.13373130966832308
c1cc2Cc3c(sc4ccCc43)c2o1,0.0115314353001,0.3137864985251412
c1ccc2c(c1)[nH]c1c3ccccc3oc21,0.0114090773,0.31045696604122003
c1cnc2c(c1)sc1c3occc3oc21,0.00959648680009,0.26113384091196906
c1ccc2c(c1)oc1c2ccc2cc[nH]c21,0.00978316780004,0.2662136922740085
c1cc2[nH]c3c(cnc4ccoc43)c2o1,0.0101990856999,0.27753140061425885
c1cnc2c(c1)ncc1c2ccc2cc[nH]c21,0.00887732219996,0.24156436531199155
c1cc2ccc3c(oc4ccsc43)c2o1,0.0106223584,0.28904924336576004
c1cc2ncc3c(nnc4ccoc43)c2[nH]1,0.0087059888001,0.23690214363504114
c1cc2cc3Cc4cc[nH]c4c3cc2cn1,0.00868122810004,0.23622837032142846
c1cnc2c(c1)ccc1c3cnccc3[nH]c12,0.00923532249999,0.2513060546762279
c1cnc2c(c1)ccc1cc3ccoc3cc12,0.00519689500004,0.14141478860408846
c1cc2oc3c([nH]c4ccsc43)c2o1,0.0109014972001,0.29664500091080115
c1cc2Cc3cc4ccoc4cc3c2nn1,0.0108570473,0.29543545689922
c1cc2oc3c(nnc4ccCc43)c2o1,0.0119148017,0.32421843497938
c1cc2ccc3c(nnc4ccoc43)c2[nH]1,0.00911626120012,0.24806623002094536
c1cnc2c(c1)[nH]c1c3nnccc3oc21,0.0128814459999,0.35052217968167887
c1cc2[nH]c3c(nnc4ccsc43)c2o1,0.0108377221,0.29490959115194004
c1cc2nnc3cc4ccCc4cc3c2o1,0.00883843739996,0.24050625546527157
c1cc2[nH]c3c(ccc4ccCc43)c2s1,0.00993613160006,0.2703760514218727
c1cc2[nH]c3c([nH]c4c5Cccc5Cc34)c2C1,0.0101104084,0.27511836713576
c1cnc2cc3c(cc2c1)Cc1ccnnc13,0.00762091629997,0.20737580180500367
c1ccc2c(c1)cnc1cc3ccoc3cc12,0.00832771170008,0.22660869415555693
c1cc2ccc3cc4ccoc4cc3c2nn1,0.00807730060001,0.21979465754711214
c1cc2nnc3c(cnc4ccoc43)c2o1,0.0083728126001,0.22783595278636112
c1ccc2cc3c(cc2c1)Cc1cc[nH]c13,0.00853512440005,0.23225268409952057
c1cc2sc3c4occc4oc3c2cn1,0.00968633260004,0.26357867091272846
c1cnc2c(c1)nnc1c3[nH]ccc3[nH]c21,0.00931858470005,0.2535717357069406
c1cc2nnc3c4[nH]ccc4Cc3c2nn1,0.00920564739999,0.2504985536600879
c1cc2Cc3c(nnc4ccsc43)c2o1,0.0106803291,0.29062670727174
c1cc2ccc3cc4ccCc4cc3c2cn1,0.00872688039999,0.2374706333162879
c1cc2sc3c(oc4ccsc43)c2o1,0.0115295313999,0.31373469073523885
c1cnc2c(c1)ncc1c2cnc2ccCc21,0.00805611129999,0.21921806702854787
c1cc2[nH]c3c([nH]c4ccsc43)c2nn1,0.0114651200998,0.31198196908369774
c1ccc2c(c1)Cc1c2[nH]c2ccsc21,0.010102334,0.2748986514076
c1cc2ccc3c(cnc4ccCc43)c2cn1,0.00875878689999,0.23833885385038792
c1cc2[nH]c3cc4ccsc4cc3c2[nH]1,0.00828468969996,0.22543800530149152
c1cc2oc3c(sc4ccCc43)c2[nH]1,0.0115364813998,0.31392380996251773
c1cnc2c(c1)ccc1c3[nH]ccc3[nH]c12,0.00895999720001,0.24381406780835213
c1cc2cnc3c4sccc4Cc3c2o1,0.0107515637,0.29256510046618
c1ccc2c(c1)Cc1c2sc2ccCc21,0.0106972392,0.29108685476688
c1cnc2c(c1)oc1c2cnc2cc[nH]c21,0.0104913922,0.28548546971108
c1ccc2cc3c(cnc4cc[nH]c43)cc2c1,0.00561187780011,0.15270705156991327
c1ccc2c(c1)ncc1c3Cccc3Cc21,0.0104779023,0.28511839064622
c1cnc2c(c1)ncc1c3cnccc3[nH]c12,0.00845544569995,0.23008451511961944
c1cc2ccc3c([nH]c4ccoc43)c2cn1,0.00832173970002,0.22644618767312424
c1cc2oc3c(cnc4ccCc43)c2s1,0.0107618208,0.29284421051712
c1ccc2c(c1)sc1c2oc2ccCc21,0.0097293627,0.26474958017478
c1cnc2c(c1)Cc1c3cnccc3ccc21,0.00717205650005,0.1951616982454606
c1ccc2c(c1)ccc1c2nnc2cc[nH]c21,0.0086297304,0.23482704580656003
c1cc2cnc3c(cnc4cc[nH]c43)c2[nH]1,0.0103678207,0.28212291619598
c1cc2Cc3c(Cc4c5Cccc5Cc43)c2C1,0.012152915,0.330697831231
c1cc2Cc3c(nnc4ccCc43)c2s1,0.0128325196,0.34919082384344
c1cc2sc3c(oc4ccCc43)c2[nH]1,0.0119875538001,0.32619812147604116
c1cc2oc3c4sccc4Cc3c2o1,0.0117240958,0.31902906045212004
c1cc2sc3c(sc4ccCc43)c2C1,0.0116909124999,0.31812609639977885
c1ccc2c(c1)oc1cc3ccncc3cc12,0.00635985669999,0.1730606046061079
c1cc2cc3[nH]c4ccoc4c3cc2cn1,0.00760386939999,0.2069119317908879
c1cnc2c(c1)nnc1c2cnc2ccCc21,0.00816166820016,0.22209041806183383
c1cnc2c(c1)[nH]c1c3nnccc3Cc21,0.010664551,0.2901973630814
c1cnc2c(c1)oc1c2cnc2ccCc21,0.00945919440005,0.2573979224975206
c1cc2ccc3c(ccc4ccCc43)c2C1,0.0074505117999,0.20273885679179887
c1cc2Cc3c(Cc4c5[nH]ccc5Cc43)c2[nH]1,0.0127615349999,0.34725923349627885
c1ccc2c(c1)[nH]c1c3cnccc3ccc21,0.00779893559991,0.21221995618339098
c1cc2nnc3c4occc4Cc3c2[nH]1,0.0116059766999,0.31581487437165884
c1cc2cc3[nH]c4ccoc4c3cc2nn1,0.00784442609995,0.21345781637617942
c1cc2sc3c(ncc4cc[nH]c43)c2[nH]1,0.0107380600999,0.29219764860241887
c1cc2[nH]c3cc4ccCc4cc3c2nn1,0.0099863690001,0.27174308140932113
c1cnc2c(c1)ncc1c2nnc2ccCc21,0.00911081009997,0.24791789795432367
c1cnc2c(c1)ccc1c3nnccc3Cc12,0.00757616359999,0.2061580181847679
c1cc2ccc3c4Cccc4Cc3c2s1,0.0105653376,0.28749762756864
c1cnc2c(c1)oc1c2ccc2cc[nH]c21,0.0100237851,0.27276122587014
c1ccc2c(c1)oc1c2[nH]c2ccsc21,0.0104751119,0.28504245995566
c1cnc2c(c1)oc1cc3ccCc3cc12,0.00967215949993,0.2631930010163952
c1cnc2c(c1)nnc1c2[nH]c2ccCc21,0.0103135626,0.28064647733364
c1cc2nnc3c(sc4ccCc43)c2[nH]1,0.0119909806,0.32629136949884
c1ccc2c(c1)ncc1c3[nH]ccc3[nH]c21,0.00921006160002,0.2506186702227842
c1cc2cc3Cc4ccsc4c3cc2o1,0.0108211896999,0.2944597213998589
c1cc2[nH]c3c(cnc4ccoc43)c2cn1,0.0111358112,0.30302101288768
c1cnc2c(c1)Cc1c2cnc2ccoc21,0.0102356438999,0.27852620041773885
c1ccc2c(c1)Cc1c3nnccc3[nH]c21,0.0101603767998,0.2764780772500777
c1cc2cc3Cc4ccoc4c3cc2cn1,0.00878337220001,0.2390078542833521
c1cc2nnc3cc4ccCc4cc3c2cn1,0.00899063710006,0.24464782238457267
c1cc2cnc3c([nH]c4ccCc43)c2nn1,0.0091478846,0.24892674700444
c1cnc2c(c1)oc1cc3ccoc3cc12,0.00968291480001,0.26348566778899213
c1cc2oc3c(ccc4ccoc43)c2[nH]1,0.0100618704,0.27379758020256
c1ccc2c(c1)ccc1c3Cccc3Cc21,0.0090522603,0.24632467592742002
c1ccc2c(c1)oc1c2sc2ccCc21,0.0104885786,0.28540890771604
c1cnc2c(c1)Cc1c3sccc3Cc21,0.0108940375001,0.29644201203022114
c1cc2oc3c(oc4ccsc43)c2nn1,0.0114880352,0.31260552104128003
c1cnc2c(c1)[nH]c1c2sc2ccCc21,0.0104217122999,0.2835893820774989
c1ccc2c(c1)ccc1c2cnc2ccCc21,0.00783043830006,0.21307718875825268
c1ccc2cc3c(cc2c1)Cc1ccCc13,0.00927794630002,0.25246590794836427
c1cc2Cc3c(ncc4ccoc43)c2cn1,0.0103442579001,0.28148173942278115
c1ccc2c(c1)ccc1c3nnccc3oc21,0.00875352399999,0.23819564297332788
c1cc2sc3c4occc4Cc3c2cn1,0.0101191854,0.27535720159356
c1cc2sc3c4occc4oc3c2nn1,0.00965663950001,0.26277068009057214
c1ccc2c(c1)oc1c2ccc2ccnnc21,0.0081466099,0.22168066063286002
c1ccc2c(c1)[nH]c1c2cnc2ccnnc21,0.00756420130006,0.2058325072564527
c1cc2sc3c(cnc4ccCc43)c2[nH]1,0.00914873449995,0.24894987397193943
c1cc2oc3cc4cc[nH]c4cc3c2nn1,0.00955032399997,0.2598776864927837
c1cc2cc3ncc4cc[nH]c4c3cc2nn1,0.00564366929996,0.15357214278893155
c1cnc2c(c1)oc1c2cnc2ccoc21,0.00991425920006,0.2697808727965127
c1cc2ncc3c4[nH]ccc4[nH]c3c2nn1,0.00968681090001,0.2635916861245321
c1cc2ccc3c4[nH]ccc4Cc3c2cn1,0.00871046039993,0.2370238221266552
c1cc2ncc3c4[nH]ccc4[nH]c3c2cn1,0.00947563410011,0.2578452697517333
c1ccc2c(c1)[nH]c1cc3ccoc3cc12,0.00524593909995,0.14274934722437946
c1cc2Cc3c4sccc4Cc3c2s1,0.0123149536003,0.3351071283992035
c1cc2sc3c(sc4ccCc43)c2[nH]1,0.0118876478,0.32347953934492
c1ccc2cc3c(cc2c1)ncc1ccoc13,0.0051182351001,0.13927434260286115
c1cc2cnc3cc4ccoc4cc3c2cn1,0.00928964549996,0.2527842595576115
c1cc2ncc3c4occc4oc3c2cn1,0.00972098130001,0.2645215105470921
c1ccc2c(c1)cnc1c2[nH]c2ccCc21,0.00852667939989,0.23202288382216676
c1cc2sc3c(nnc4ccCc43)c2o1,0.0102818922001,0.27978468141380114
c1cc2Cc3c4Cccc4Cc3c2s1,0.0123934336,0.33724267906304
c1cc2cc3ncc4ccCc4c3cc2[nH]1,0.00630597709994,0.17159446525730732
c1cnc2c(c1)[nH]c1c2ncc2ccoc21,0.0100093427,0.27236822794678
c1cnc2c(c1)cnc1cc3ccoc3cc12,0.00716140600002,0.19487188322894425
c1ccc2c(c1)ncc1c3cnccc3oc21,0.00741100079995,0.20166370716775944
c1cc2sc3c([nH]c4ccCc43)c2nn1,0.00929941529989,0.25305010949142676
c1cc2ncc3c(ccc4ccCc43)c2o1,0.00779453569999,0.2121002287467079
c1cc2nnc3c([nH]c4ccsc43)c2o1,0.011290743,0.30723692407020003
c1cc2Cc3cc4cc[nH]c4cc3c2nn1,0.0111663342001,0.3038515864526012
c1cnc2c(c1)cnc1c2ccc2ccCc21,0.0085885236,0.23370575108904001
c1cc2cc3[nH]c4ccnnc4c3cc2cn1,0.00538475319991,0.14652667322403098
c1cnc2c(c1)[nH]c1c2ccc2ccCc21,0.00929995479999,0.25306479004444793
c1ccc2c(c1)ncc1c3occc3oc21,0.00937717750003,0.25516612782431636
c1ccc2c(c1)[nH]c1c2nnc2cc[nH]c21,0.0104181999999,0.28349380747727887
c1cnc2cc3c(cc2c1)oc1ccCc13,0.00915829480005,0.24921002312208057
c1ccc2c(c1)ncc1c2ccc2ccCc21,0.00858350710007,0.2335692451028448
c1cnc2c(c1)oc1c2ncc2ccoc21,0.0102056106,0.27770895228084
c1cnc2cc3c(cc2c1)Cc1ccccc13,0.0079439822,0.21616687723708
c1cc2sc3c([nH]c4ccsc43)c2[nH]1,0.0114935167001,0.3127546803331011
c1cc2nnc3c(cnc4ccCc43)c2o1,0.00826250140005,0.22483423059732058
c1cnc2c(c1)oc1cc3ccncc3cc12,0.0061719050999,0.16794617843541887
c1cc2Cc3c(ccc4cc[nH]c43)c2cn1,0.0102237226,0.27820180515764004
c1cc2cc3Cc4cc[nH]c4c3cc2nn1,0.0085302394001,0.23211975641188115
c1cc2ccc3c(ncc4ccCc43)c2cn1,0.00901672040004,0.24535758549364847
c1cc2cnc3cc4cc[nH]c4cc3c2cn1,0.00770438630002,0.20964713736436424
c1cc2cc3ccc4cc[nH]c4c3cc2cn1,0.0055492140001,0.15100188184232116
c1cc2cc3nnc4cc[nH]c4c3cc2[nH]1,0.00712162749994,0.19378945455186733
c1ccc2c(c1)nnc1c2ccc2ccCc21,0.00863825059992,0.23505889237466307
c1ccc2c(c1)ccc1c2ncc2cc[nH]c21,0.0063513662999,0.17282956893309886
c1ccc2c(c1)cnc1c2ncc2ccCc21,0.00886106200016,0.24112190251115384
c1ccc2c(c1)Cc1c3[nH]ccc3sc21,0.0109339478,0.29752802716492
c1ccc2c(c1)nnc1c2[nH]c2ccoc21,0.0090144065,0.24529462103410002
c1cnc2c(c1)oc1c2oc2ccCc21,0.0100508452,0.27349756907528
c1ccc2cc3c(cc2c1)Cc1cccnc13,0.00655480759997,0.17836549152582368
c1cc2nnc3c(oc4ccsc43)c2o1,0.012163616,0.3309890204224
c1ccc2c(c1)Cc1c3occc3sc21,0.010615362,0.2888588615268
c1cc2Cc3c([nH]c4ccsc43)c2nn1,0.0109365462,0.29759873326668
c1cc2cnc3c(ccc4cc[nH]c43)c2nn1,0.00933714869996,0.25407688813409157
c1cc2cc3oc4ccncc4c3cc2cn1,0.00740914540006,0.2016132191391927
c1ccc2c(c1)oc1c3ncccc3oc21,0.0106170578999,0.28890500933733887
c1cc2sc3c4Cccc4Cc3c2[nH]1,0.0126656173999,0.3446491813156389
c1cc2nnc3c4occc4oc3c2cn1,0.00958285010006,0.2607627672127727
c1cnc2c(c1)Cc1c2oc2ccsc21,0.0105424504,0.28687483481456
c1cc2sc3c4Cccc4Cc3c2o1,0.0121066518,0.32943894479052
c1ccc2c(c1)Cc1c2cnc2cc[nH]c21,0.0108403939,0.29498229457046
c1cc2ccc3c4nnccc4oc3c2cn1,0.00887349190009,0.24146013749010903
c1cnc2cc3c(ccc4cc[nH]c43)cc2c1,0.00586830570001,0.15968481372525212
c1cc2sc3c4Cccc4Cc3c2nn1,0.0105479718,0.28702507983852
c1cnc2c(c1)Cc1c2ccc2ccoc21,0.00963809960012,0.2622661834587054
c1cc2Cc3c(oc4ccsc43)c2[nH]1,0.011568987,0.3148083328518
c1cc2oc3cc4cc[nH]c4cc3c2cn1,0.0104905356001,0.28546216042856115
c1ccc2c(c1)ncc1c3ccccc3oc21,0.00753222219998,0.2049623111725358
c1cnc2c(c1)cnc1c2cnc2ccoc21,0.00808666939997,0.22004959571034366
c1cc2ccc3c(ccc4ccoc43)c2cn1,0.0084931363001,0.23111012911654116
c1cc2ccc3c(cnc4ccCc43)c2o1,0.00753760870009,0.20510888538162905
c1cc2ccc3c4occc4Cc3c2nn1,0.00882395920007,0.2401122833767848
c1cc2nnc3c(oc4ccCc43)c2o1,0.0121109014,0.32955458235596
c1cnc2c(c1)cnc1c3[nH]ccc3[nH]c21,0.00906340589995,0.24662796330589945
c1ccc2c(c1)[nH]c1c3cnccc3Cc21,0.0101572151,0.27639204297214004
c1cc2sc3c(oc4ccCc43)c2C1,0.0115350723999,0.31388546910263887
c1cc2[nH]c3c(oc4ccsc43)c2[nH]1,0.0110452862001,0.3005577009054012
c1cc2nnc3c(oc4ccCc43)c2nn1,0.0104019846,0.28305256374444004
c1cnc2cc3c(cc2c1)Cc1ccCc13,0.00963353220004,0.26214189810816846
c1ccc2c(c1)nnc1c2ccc2ccoc21,0.00871832780001,0.23723790509719214
c1cc2oc3c4[nH]ccc4[nH]c3c2nn1,0.0113473526999,0.3087773532580589
c1ccc2cc3c(cc2c1)oc1cc[nH]c13,0.00754376930001,0.2052765239302921
c1cnc2c(c1)Cc1c3cnccc3Cc21,0.0101443633998,0.2760423302173177
c1ccc2c(c1)[nH]c1c3cnccc3oc21,0.0115418735999,0.3140705392763189
c1ccc2c(c1)nnc1c2[nH]c2ccCc21,0.00989770779995,0.26933048602755943
c1cc2ncc3cc4cc[nH]c4cc3c2nn1,0.00860501789987,0.2341545840805225
c1cc2sc3c(ncc4ccCc43)c2C1,0.0104479834,0.28430425549076
c1ccc2c(c1)cnc1c3occc3oc21,0.00803119550005,0.21854007323006056
c1cnc2c(c1)Cc1cc3ccnnc3cc12,0.00733729349997,0.19965802834508367
c1cc2ncc3c(ccc4ccCc43)c2cn1,0.00909827299995,0.24757674591083945
c1ccc2c(c1)[nH]c1c2oc2ccsc21,0.0104064521,0.28317413067394
c1cnc2c(c1)[nH]c1c2cnc2ccoc21,0.00942886270002,0.25657255447532423
c1cc2sc3c(ccc4ccoc43)c2o1,0.00984105550003,0.2677888976335163
c1cc2ncc3c(oc4ccsc43)c2[nH]1,0.0116998740001,0.3183699513663212
c1cc2ncc3c4occc4Cc3c2nn1,0.00993450869998,0.2703318900386358
c1cc2Cc3c4[nH]c5ccCc5c4Cc3c2[nH]1,0.0114743404998,0.31223286907625775
c1cc2oc3c(ccc4ccsc43)c2[nH]1,0.00992151989999,0.2699784466065879
c1cc2[nH]c3c(nnc4cc[nH]c43)c2[nH]1,0.0109430357001,0.29777532164970116
c1cc2Cc3c(sc4ccCc43)c2cn1,0.0109761759001,0.29867711288798116
c1ccc2cc3c(cc2c1)oc1ccoc13,0.00734626789995,0.19990223433269944
c1cnc2c(c1)[nH]c1c2ncc2ccCc21,0.0107138613,0.29153916537882
c1cc2Cc3c4sccc4Cc3c2nn1,0.0114253344999,0.3108993472105789
c1cnc2c(c1)cnc1c3cnccc3[nH]c21,0.00900880029997,0.24514206848260364
c1cnc2c(c1)ncc1cc3ccoc3cc12,0.00721312799999,0.1962793112589279
c1cc2cc3[nH]c4ccCc4c3cc2cn1,0.00852229859993,0.23190367612213522
c1cnc2c(c1)Cc1c2cnc2cc[nH]c21,0.0106826847999,0.29069080916399886
c1cc2Cc3c4sccc4Cc3c2[nH]1,0.012097231,0.3291825916334
c1cc2sc3c(nnc4cc[nH]c43)c2[nH]1,0.0109957167999,0.29920884812879883
c1cc2Cc3c(oc4ccsc43)c2o1,0.0115067965,0.3131160422801
c1ccc2c(c1)nnc1c2oc2ccCc21,0.00990222409985,0.2694533808706583
c1cnc2c(c1)ncc1cc3ccCc3cc12,0.0084255485001,0.22927097045562114
c1cc2cnc3c(sc4ccCc43)c2[nH]1,0.0112934512999,0.30731062070209886
c1ccc2c(c1)cnc1c3nnccc3Cc21,0.00787591389997,0.21431464349764365
c1cc2Cc3cc4ccCc4cc3c2nn1,0.0101472851001,0.27612183377286115
c1cc2Cc3c(nnc4ccoc43)c2o1,0.0116202841,0.31620419875874
c1cc2cnc3c(cnc4ccoc43)c2o1,0.00867617580002,0.23609089016466422
c1ccc2c(c1)nnc1c2cnc2cc[nH]c21,0.0093622794999,0.2547607323835788
c1ccc2c(c1)ccc1c2[nH]c2ccCc21,0.00868888220009,0.23643664909952905
c1cc2ccc3c4sccc4Cc3c2o1,0.0107804265999,0.2933505003805189
c1cc2nnc3c4occc4sc3c2[nH]1,0.0114939716001,0.31276705879896116
c1cnc2c(c1)cnc1c3cnccc3Cc21,0.00800185740002,0.2177417424549042
c1ccc2cc3c(cnc4ccoc43)cc2c1,0.00555386000008,0.1511283060061769
c1cnc2c(c1)[nH]c1c2oc2ccsc21,0.0103213491,0.28085835889974003
c1cc2ccc3cncc4c5[nH]ccc5c(c1)c2c34,0.00516987449998,0.14067952296875577
c1cc2c3cc4cscc4cc3c3sccc3c2o1,0.00418529429999,0.11388771731474788
c1cc2c(cn1)c1ccsc1c1ncc3sccc3c21,0.00797811009988,0.21709554517187465
C1=Cc2c(cnc3ccc4cnccc4c23)C1,0.00714402699987,0.1943989763042625
c1cc2ccc3cncc4c5occc5c(c1)c2c34,0.00529716589995,0.14414330016989946
C1=Cc2cc3c4[nH]ccc4cc4cncc(c2=N1)c43,0.0244255904,0.66465451061056
C1=Cc2c(ccc3ncc4ccccc4c23)C1,0.00903511629997,0.24585816368500366
C1=Cc2c(c3cccc4ncc5cccc2c5c43)C1,0.00652351679992,0.1775140250493431
c1ccc2c(c1)cnc1ncc3[nH]ccc3c12,0.00617037800009,0.16790462391164904
C1=Cc2c(c3ncc4occc4c3c3ccncc23)C1,0.00836204580003,0.22754297308293636
c1cc2c3cc4cscc4cc3c3sccc3c2s1,0.00431373959987,0.1173828937479025
c1cc2ccc3nccc4c5ccnnc5c(c1)c2c34,0.00626779229992,0.17055540339004308
c1cc2cnc3ccc4sccc4c3c2cn1,0.00825109289985,0.2245237893349783
C1=Cc2cc3c4sccc4cc4nccc(c2=N1)c43,0.0278103025,0.7567572654485
c1cc2ccc3cncc4c5ccnnc5c(c1)c2c34,0.00639584219994,0.17403982043944732
C1=Cc2c(c3nncc4ccc5cncc2c5c43)C1,0.00613358240003,0.16690336412017634
C1=c2cc3c4ccsc4c4ccsc4c3cc2=CC1,0.0056383970998,0.15342867884149772
c1cnc2c(c1)c1cccc3ccc4cccc2c4c31,0.0056322946001,0.15326262128116114
c1ccc2c(c1)c1cccc3ccc4cccc2c4c31,0.00544981129985,0.1482969952047383
c1cnc2c(c1)c1cccc3ccc4cccc2c4c31,0.00565456999993,0.1538687660960952
c1cc2c3ccsc3c3ncc4[nH]ccc4c3c2cn1,0.00831920879978,0.22637731833433353
c1cc2c3ccoc3c3ncc4[nH]ccc4c3c2cn1,0.00814210160001,0.22155798347851213
c1ccc2c(c1)cnc1ccc3sccc3c12,0.0078056934999,0.21240384810317886
c1cc2cnc3cccc4c5nnccc5c(c1)c2c34,0.0074606096,0.20301363206944
c1cc2ccc3nccc4c5nnccc5c(c1)c2c34,0.00621086679996,0.16900638084043154
C1=Cc2cc3cnnc4c5cc[nH]c5cc(c2=N1)c34,0.0211031866,0.57424725184724
c1ccc2c(c1)c1cccc3ccc4ccnc2c4c31,0.00528877650004,0.14391501285318847
c1cc2c(cn1)cnc1ccc3sccc3c12,0.00925927709977,0.2519578928726814
C1=c2cc3c4cc[nH]c4c4ccsc4c3cc2=CC1,0.00533955160017,0.14529667441286595
C1=Cc2cc3c4[nH]ccc4cc4cccc(c2=N1)c43,0.0228733343999,0.6224154516894389
C1=Cc2nc3c4[nH]ccc4cc4nccc(c2=N1)c43,0.00604489310001,0.16449000410161213
c1ccc2c(c1)c1cccc3cnc4cccc2c4c31,0.00621659640001,0.16916229127923213
c1cc2c(cn1)cnc1ncc3sccc3c12,0.00742490770017,0.20204213339240595
c1cc2ccc3cnnc4c5[nH]ccc5c(c1)c2c34,0.00537443989992,0.1462460338926831
c1cc2c(cn1)cnc1ncc3occc3c12,0.0106955026999,0.29103960216805885
C1=Cc2c(ccc3ncc4cnccc4c23)C1,0.00938677099987,0.25542718038586254
C1=Cc2c(cnc3c4sccc4c4cnccc4c23)C1,0.00708377989986,0.1927595683670504
c1cc2nnc3cccc4c5cnccc5c(c1)c2c34,0.0261675533,0.71205575986762
c1cc2cnc3cccc4c5[nH]ccc5c(c1)c2c34,0.0058849080001,0.16013658555392116
c1ccc2c(c1)cnc1ncc3sccc3c12,0.00623178720002,0.16957565421462423
c1cc2c(ccc3ncc4occc4c32)cn1,0.00882396790007,0.2401125201159648
c1ccc2c(c1)cnc1ccc3[nH]ccc3c12,0.00992328539996,0.27002648833247156
C1=Cc2nc3c4[nH]ccc4nc4cccc(c2=N1)c43,0.0239023624999,0.6504167469297789
c1cc2c3cc4cscc4cc3c3sccc3c2[nH]1,0.00412445339998,0.11223215124821577
c1ccc2c(c1)cnc1ccc3occc3c12,0.00941522250014,0.2562013855403096
c1cc2ccc3cccc4c5sccc5c(c1)c2c34,0.0054937601999,0.14949290630355885
C1=Cc2c(c3cncc4ccc5cccc2c5c43)C1,0.00560786799997,0.15259793929438367
c1cc2c(cn1)cnc1ccc3occc3c12,0.00863471950004,0.23496280620338847
c1cc2cnc3cccc4c5ccnnc5c(c1)c2c34,0.00698675399997,0.19011935779478367
C1=Cc2c(cnc3ncc4ccccc4c23)C1,0.0110888961001,0.30174438733826114
C1=Cc2c(ccc3ncc4ccncc4c23)C1,0.00998560829998,0.27172238169407575
c1cc2c(cn1)c1ccoc1c1ncc3sccc3c21,0.00737380350006,0.2006515165615327
C1=Cc2c(cnc3c4c(c5cnccc5c23)C=CC4)C1,0.00723149750002,0.19677917107204423
c1cc2cnc3cccc4c5sccc5c(c1)c2c34,0.00647647510004,0.17623395453722848
c1cc2ccc3cncc4c5sccc5c(c1)c2c34,0.00557519990002,0.15170899455940423
c1ccc2c(c1)c1cccc3ccc4nccc2c4c31,0.00569926389994,0.15508494968682732
c1cc2ccc3ccnc4c5ccnnc5c(c1)c2c34,0.010040912,0.27322727279680004
C1=c2cc3c4cc[nH]c4c4ccsc4c3cc2=CC1,0.0053399095998,0.14530641608399772
c1cc2c3cncc4ccc5cnnc(c2o1)c5c43,0.0156534377001,0.4259519546325012
c1ccc2c(c1)c1cccc3ccc4cncc2c4c31,0.00550425799997,0.14977856614038368
c1cc2cnc3ccc4[nH]ccc4c3c2cn1,0.0103805661,0.28246973637354
C1=Cc2c(c3ncc4sccc4c3c3ccncc23)C1,0.00792656570002,0.21569294988952425
C1=Cc2c(cnc3c4occc4c4cnccc4c23)C1,0.00656038140005,0.17851716242932056
c1cc2ccc3ncc4[nH]ccc4c3c2cn1,0.00634415870013,0.1726334400527175
c1cc2ccc3cccc4c5[nH]ccc5c(c1)c2c34,0.00510381840002,0.13888204401030424
C1=Cc2cc3c4sccc4cc4cncc(c2=N1)c43,0.0247858522998,0.6744577412707777
C1=Cc2cc3c4sccc4cc4cccc(c2=N1)c43,0.0232707676998,0.6332301681863377
c1cc2c3cncc4ccc5cnnc(c2[nH]1)c5c43,0.00540101720003,0.14696923943689633
C1=Cc2c(cnc3ncc4cnccc4c23)C1,0.00954211450005,0.2596542945066606
c1cc2cnc3cccc4c5occc5c(c1)c2c34,0.00603727240002,0.16428263418590425
C1=Cc2c(c3ncc4[nH]ccc4c3c3cnccc23)C1,0.00891839740007,0.2426820790122648
c1cc2ccc3cccc4c5occc5c(c1)c2c34,0.00522881090001,0.1422832649245321
c1ccc2c(c1)cnc1ncc3occc3c12,0.00721076119999,0.1962149073174079
C1=Cc2cc3nccc4c5ccoc5cc(c2=C1)c34,0.0137459883999,0.37404758874503885
C1=Cc2c(c3cccc4ccc5cccc2c5c43)C1,0.00549483090003,0.14952204155307636
c1cc2ccc3cnnc4c5sccc5c(c1)c2c34,0.00567787110003,0.15450282165135634
c1cc2ccc3nncc4c5ccncc5c(c1)c2c34,0.0277869038,0.75612055406332
c1cc2ccc3cccc4c5nnccc5c(c1)c2c34,0.00626896580002,0.17058733597066425
C1=Cc2c(c3nncc4ccc5cccc2c5c43)C1,0.00610087019993,0.1660132193583752
c1cc2ccc3cncc4c5nnccc5c(c1)c2c34,0.0063513936999,0.17283031452545888
c1cc2ccc3nncc4c5cnccc5c(c1)c2c34,0.0319596463,0.86966671932782
C1=c2cc3c4ccoc4c4ccsc4c3cc2=CC1,0.00545129939997,0.14833748849234368
C1=Cc2cc3c4[nH]ccc4nc4cccc(c2=N1)c43,0.022968783,0.6250127417262
C1=Cc2cc3c4[nH]ccc4cc4nccc(c2=N1)c43,0.0264077128001,0.7185908360886412
c1cc2c(ccc3ncc4sccc4c32)cn1,0.0080200304003,0.21823625523472345
c1ccsc1,0.014797472,0.40265992958080005
c1cc2sccc2s1,0.015024364,0.4088339785496
c1ccc(-c2ccccc2)cc1,0.013146942,0.3577466975388
c1csc(-c2cccs2)c1,0.015453289,0.42050562829460003
c1cc2c(ccc3ccsc32)s1,0.008445852,0.22982345711280003
c1cc2c(ccc3sccc32)s1,0.0105983475,0.28839587316150006
c1cc2cc3ccsc3cc2s1,0.003950523,0.10749926156220001
c1cc2c(s1)sc1cscc12,0.0071045356,0.19332436002584
c1cc2sc3cscc3c2s1,0.0076882127,0.20920703106478
c1scc2c1sc1cscc12,0.0068785576,0.18717518227664
C1=c2ccccc2=C2C=c3ccccc3=C12,0.010256305,0.279088417877
c1cc2c(ccc3c4ccsc4ccc23)s1,0.008941375,0.243307331675
c1ccc2c(c1)c1ccsc1c1sccc21,0.008740537,0.2378422485218
c1cc2cc3cc4ccsc4cc3cc2s1,0.003660424,0.09960526163359999
c1ccc2scc3sc4csc(c1)c4c23,0.013901998,0.3782928283772
c1csc(-c2ccc(-c3cccs3)s2)c1,0.013709459,0.37305357263260003
c1cc2cccc3c4cccc5cccc(c(c1)c23)c54,0.005320102,0.1447674235628
c1cc2c(s1)sc1sc3sccc3c12,0.011049595,0.30067494938300005
c1cc2sc3c4sccc4sc3c2s1,0.011995223,0.3264068111422
c1ccc(-c2cc3sc4ccccc4c3s2)cc1,0.01098091,0.298805934374
c1ccc2c(-c3csc4ccccc34)csc2c1,0.0111100385,0.30231970163890004
c1sc2scc3c4csc5scc(c1c23)c54,0.006740489,0.1834181423746
CC=Cc1cc2c(s1)sc1sc(C=CC)cc12,0.007896714,0.21488064333960002
c1ccc2c(c1)ccc1c2ccc2c3ccccc3ccc21,0.006795587,0.1849174360918
c1ccc2c(c1)ccc1cc3c(ccc4ccccc43)cc12,0.006166671,0.1678037512494
c1ccc2cc3c(ccc4cc5ccccc5cc43)cc2c1,0.0065424237,0.17802850827018002
c1ccc2cc3cc4cc5ccccc5cc4cc3cc2c1,0.0034145757,0.09291538520298
c1cc2sc(-c3cc4sccc4s3)cc2s1,0.01342541,0.36532420167400004
c1cc2scc(-c3csc4ccsc34)c2s1,0.009408928,0.2560301033792
c1csc(-c2cc3sc4ccsc4c3s2)c1,0.0131893065,0.3588994948941
c1ccc2cc3cc4cc5sccc5cc4cc3cc2c1,0.0035175835,0.0957183716519
c1ccc2cc3c(cc2c1)sc1cc2ccccc2cc13,0.004342399,0.11816275614860001
c1cc2c(ccc3cc4c(ccc5sccc54)cc32)s1,0.0056901854,0.15483791099356
c1cc2cc3c(ccc4cc5sccc5cc43)cc2s1,0.0073595718,0.20026425207852
c1cc2cc3cc4cc5ccsc5cc4cc3cc2s1,0.0034629076,0.09423056386664001
c1cc2cc3cc4cc5sccc5cc4cc3cc2s1,0.0034979805,0.0951849465777
c1cc2cc3ccc4cc5ccsc5cc4c3cc2s1,0.006684834,0.1819036919076
c1cc2ccc3cc4c(ccc5ccsc54)cc3c2s1,0.0049235914,0.13397781502196
c1ccc2cc3c(cc2c1)sc1c2ccccc2sc31,0.005640554,0.1534873711156
c1ccc2c(c1)sc1cc3c(cc12)sc1ccccc13,0.004315562,0.1174324838068
c1ccc2c(c1)sc1cc3sc4ccccc4c3cc12,0.003187823,0.08674512678219999
c1ccc(-c2csc3scc(-c4ccccc4)c23)cc1,0.009786801,0.2663125567314
c1cc2cc3c(cc2s1)sc1cc2sccc2cc13,0.00547235,0.14891030479
c1cc2cc3sc4cc5ccsc5cc4c3cc2s1,0.00433463,0.117951350782
C1=C2C(=Cc3c2ccc2ccccc32)c2ccc3ccccc3c21,0.0076425746,0.20796515447044
C1=c2cc3ccccc3cc2=C2C=c3cc4ccccc4cc3=C12,0.0042390423,0.11535027564222
C(#Cc1cc2sccc2s1)c1cc2sccc2s1,0.0107608875,0.2928188141175
c1cc2sc3cc4c(cc3c2s1)sc1ccsc14,0.008482163,0.23081153025819998
c1ccc2c(c1)Cc1ccc(-c3cc4ccsc4s3)cc1-2,0.01174232,0.31952496644800005
c1csc(-c2ccc(-c3cc4sccc4s3)s2)c1,0.013316206,0.3623526079484
c1ccc(-c2ccc(-c3ccc(-c4ccccc4)cc3)cc2)cc1,0.01134125,0.30861129025
c1cc2sc3c(sc4c5sccc5sc43)c2s1,0.011266287,0.3065714420718
c1ccc(-c2ccc(-c3ccc(-c4ccccc4)s3)s2)cc1,0.011681651,0.3178740780214
c1ccc2sc(-c3cc4sc5ccccc5c4s3)cc2c1,0.0097824475,0.2661940919015
c1ccc(-c2ccc(-c3ccc(-c4cccs4)s3)s2)cc1,0.012468419,0.3392831367766
c1ccc2c(c1)c1ccccc1c1c3ccccc3c3ccccc3c21,0.0071100607,0.19347470573198003
c1ccc2c(c1)ccc1c2ccc2c3ccc4ccccc4c3ccc12,0.005422141,0.1475440476074
c1ccc2cc3cc4cc5cc6ccccc6cc5cc4cc3cc2c1,0.0028972547,0.07883835654358
c1ccc(-c2c3ccccc3c(-c3ccccc3)c3ccccc23)cc1,0.009364326,0.25481642051639997
c1csc(-c2ccc(-c3ccc(-c4cccs4)s3)s2)c1,0.012783679,0.34786180274059997
c1ccc2cc3cc4cc5cc6sccc6cc5cc4cc3cc2c1,0.0031050378,0.08449242559092
c1cc2cc3cc4cc5cc6sccc6cc5cc4cc3cc2s1,0.0032066929,0.08725860317906001
c1ccc2cc3cc4c(cc3cc2c1)sc1c2ccccc2sc41,0.0041716425,0.11351623272450001
c1ccc2c(c1)ccc1sc3c(sc4ccc5ccccc5c43)c12,0.0071863993,0.19555198591202
c1ccc2c(c1)ccc1sc3sc4ccc5ccccc5c4c3c12,0.0068719876,0.18699640337864
c1ccc2c(c1)ccc1c2sc2c3ccc4ccccc4c3sc12,0.0069563636,0.18929239246504
c1ccc2cc3c(cc2c1)sc1c2cc4ccccc4cc2sc31,0.0047825086,0.13013875451804
c1ccc(-c2cc3cc4sc(-c5ccccc5)cc4cc3s2)cc1,0.009794467,0.2665211593238
C(=Cc1cc2sc(C=Cc3ccccc3)cc2s1)c1ccccc1,0.009256534,0.25188324928760003
c1ccc(-c2cc3sc4cc(-c5ccccc5)sc4c3s2)cc1,0.011476129,0.3122815366706
c1ccc(-c2cc3c(s2)sc2sc(-c4ccccc4)cc23)cc1,0.0082855355,0.2254610207047
c1ccc(-c2csc3sc4scc(-c5ccccc5)c4c23)cc1,0.0077816993,0.21175093233202
c1cc2c(ccc3sc4sc5ccc6sccc6c5c4c32)s1,0.007737594,0.21055076537160003
c1ccc(C2=C3C(=C(c4ccccc4)c4ccccc43)c3ccccc32)cc1,0.011745179,0.3196027638406
c1ccc2cc3cc(-c4ccc5cc6ccccc6cc5c4)ccc3cc2c1,0.0037903255,0.1031400633107
c1csc(-c2cc3sc4cc(-c5cccs5)sc4c3s2)c1,0.01204315,0.32771097191000004
c1cc2sc3c(sc4c5sc6ccsc6c5sc34)c2s1,0.010686747,0.2908013473158
c1ccc(C2=c3ccsc3=C3C(c4ccccc4)=c4ccsc4=C23)cc1,0.01521474,0.414014376036
c1ccc(-c2sc3ccc4c(-c5ccccc5)sc5ccc2c3c54)cc1,0.0058833263,0.16009354527982
c1ccc2c(c1)Cc1sc3c(sc4c5c(sc43)Cc3ccccc3-5)c1-2,0.0087154,0.23715823556
c1ccc2cc(-c3cc4sc5c6ccccc6sc5c4s3)ccc2c1,0.009612273,0.2615634055122
c1ccc2c(c1)ccc1c2ccc2c1ccc1c3ccc4ccccc4c3ccc12,0.0055897254,0.15210425374956002
c1ccc2c(c1)sc1cc(-c3cc4sc5ccccc5c4s3)sc12,0.010333181,0.2811803214634
c1ccc2sc(-c3cc4sc5c6ccccc6sc5c4s3)cc2c1,0.009703541,0.2640469355674
c1cc2cc3sc(-c4cc5cc6sccc6cc5s4)cc3cc2s1,0.008447325,0.22986353950500002
c1ccc(-c2ccc(-c3ccc(-c4ccc(-c5ccccc5)cc4)cc3)cc2)cc1,0.01057403,0.287734159942
c1cc2cc3cc4cc5cc6cc7sccc7cc6cc5cc4cc3cc2s1,0.0028866464,0.07854968984895999
c1ccc2cc3cc4c(cc3cc2c1)sc1c2cc3ccccc3cc2sc41,0.003783945,0.102966440973
c1cc2c(s1)sc1sc(-c3cc4c(s3)sc3sccc34)cc12,0.013686763,0.3724359826982
c1cc2sc3cc(-c4cc5sc6ccsc6c5s4)sc3c2s1,0.012369378,0.3365880925092
c1ccc(-c2cc3ccc4c(ccc5cc(-c6ccccc6)sc54)c3s2)cc1,0.009311448,0.2533775361072
c1ccc(-c2cc3cc4cc5sc(-c6ccccc6)cc5cc4cc3s2)cc1,0.0057047815,0.1552350913091
c1ccc(-c2cc3cc4cc5cc(-c6ccccc6)sc5cc4cc3s2)cc1,0.0042794524,0.11644989103735999
c1ccc(-c2cc3c(ccc4c5cc(-c6ccccc6)sc5ccc34)s2)cc1,0.008530537,0.2321278545218
c1ccc2c(c1)sc1cc3c(cc12)sc1cc2c(cc13)sc1ccccc12,0.0038854096,0.10572743478944001
c1ccc2c(c1)sc1cc3c(cc12)sc1cc2sc4ccccc4c2cc13,0.0040403265,0.1099429405221
c1ccc(-c2ccc(-c3cc4sc5c6ccccc6sc5c4s3)cc2)cc1,0.010739091,0.2922257008374
c1cc2c3cc4c(cc3c3ccsc3c2s1)c1ccsc1c1sccc41,0.0048460523,0.13186786755622
c1cc2c3ccsc3c3cc4c(cc3c2s1)c1sccc1c1ccsc14,0.0045519737,0.12386557714018
c1ccc2c(c1)sc1c3cc4sc5c6ccccc6sc5c4cc3sc21,0.006561115,0.178537124711
c1cc2sc(-c3ccc4cc(-c5cc6sccc6s5)ccc4c3)cc2s1,0.011190814,0.30451771607960004
c1ccc2c(c1)sc1c2sc2c1sc1c3sc4ccccc4c3sc12,0.008846028,0.24071280631920003
c1csc(-c2ccc(-c3ccc(-c4ccc(-c5cccs5)s4)s3)s2)c1,0.011372204,0.3094535919256
c1cc2sc3c4cc5sc6c7sccc7sc6c5cc4sc3c2s1,0.008672855,0.23600052654700002
C(=Cc1cc2c(s1)sc1sccc12)c1cc2c(s1)sc1sccc12,0.011307969,0.3077056676466
c1cc2scc(-c3csc4c(-c5csc6ccsc56)csc34)c2s1,0.005864426,0.1595792416564
c1cc2c(s1)sc1c2sc2sc3sc4c5ccsc5sc4c3c21,0.0075960364,0.20669878489496
c1cc2c(s1)sc1sc3sc4sc5sc6sccc6c5c4c3c12,0.0077340044,0.21045308733016002
c1cc2sc3c(sc4c3sc3c5sc6ccsc6c5sc34)c2s1,0.01027988,0.279729926632
C1=c2sc3c(sc4c5sc6c(c5sc34)-c3ccccc3C=6)c2-c2ccccc21,0.0049219034,0.13393188217876
c1ccc2c(c1)c1ccccc1c1c2sc2c1sc1c3ccccc3c3ccccc3c12,0.006822488,0.18564944996320001
c1ccc2c(c1)ccc1c2ccc2sc3c(sc4ccc5c6ccccc6ccc5c43)c21,0.006650086,0.1809581501804
c1ccc2c(c1)ccc1c2ccc2c1sc1c3ccc4c5ccccc5ccc4c3sc21,0.0066497996,0.18095035683544
c1ccc2cc3cc4c(cc3cc2c1)sc1c2cc3cc5ccccc5cc3cc2sc41,0.0031079599,0.08457194002286
c1ccc(-c2ccc(-c3cc4sc(-c5ccc(-c6ccccc6)cc5)cc4s3)cc2)cc1,0.011426659,0.3109353887126
c1ccc(-c2sc3c(-c4ccccc4)c(-c4ccccc4)sc3c2-c2ccccc2)cc1,0.010661362,0.2901105859268
c1ccc2cc(-c3cc4sc5cc(-c6ccc7ccccc7c6)sc5c4s3)ccc2c1,0.0095927585,0.2610323886469
c1ccc2c(c1)sc1c3cc4cc5sc6c7ccccc7sc6c5cc4cc3sc21,0.0045636017,0.12418199129938001
c1ccc(C2=C3C(=C(c4ccccc4)c4c3ccc3ccccc43)c3ccc4ccccc4c32)cc1,0.008906897,0.2423691370258
c1ccc(C2=C3C(=C(c4ccccc4)c4cc5ccccc5cc43)c3cc4ccccc4cc32)cc1,0.005183937,0.1410621832818
c1cc2sc(-c3ccc4cc5cc(-c6cc7sccc7s6)ccc5cc4c3)cc2s1,0.008802482,0.23952785869480003
C(=Cc1cc2sc3c4sc(C=Cc5ccccc5)cc4sc3c2s1)c1ccccc1,0.008528601,0.2320751732514
c1ccc(-c2ccc(-c3cc4sc(-c5ccc(-c6ccccc6)s5)cc4s3)s2)cc1,0.011059927,0.3009560975678
c1ccc(-c2ccc(-c3ccc(-c4ccc(-c5ccc(-c6ccccc6)cc5)cc4)cc3)cc2)cc1,0.009348612,0.2543888205768
c1ccc2sc(-c3cc4sc5cc(-c6cc7ccccc7s6)sc5c4s3)cc2c1,0.009449387,0.25713104941180004
c1ccc(C2=c3c(sc4ccccc34)=C3C2=c2sc4ccccc4c2=C3c2ccccc2)cc1,0.012796955,0.34822306128700004
c1ccc2cc(-c3sc4ccc5c(-c6ccc7ccccc7c6)sc6ccc3c4c65)ccc2c1,0.0060715326,0.16521490219164
c1ccc2c(c1)Cc1cc(-c3cc4sc(-c5ccc6c(c5)Cc5ccccc5-6)cc4s3)ccc1-2,0.011011556,0.2996398549384
c1csc(C2=S=C(c3cccs3)c3c(-c4cccs4)sc(-c4cccs4)c32)c1,0.0066808644,0.18179567353416
c1csc(-c2sc3c(-c4cccs4)c(-c4cccs4)sc3c2-c2cccs2)c1,0.016625086,0.45239186518040003
c1ccc(-c2ccc(-c3ccc(-c4ccc(-c5ccc(-c6ccccc6)cc5)s4)s3)cc2)cc1,0.011353561,0.3089462897954
c1cc2sc3c(sc4c3sc3c5sc6c7sccc7sc6c5sc43)c2s1,0.009833095,0.26757228128300004
C(=Cc1cc2sc(-c3cc4sc(C=Cc5ccccc5)cc4s3)cc2s1)c1ccccc1,0.008511937,0.23162172248180002
c1csc(-c2ccc(-c3ccc(-c4ccc(-c5ccc(-c6cccs6)cc5)s4)s3)cc2)c1,0.011871283,0.32303423022620004
c1csc(-c2ccc(-c3ccc(-c4ccc(-c5ccc(-c6cccs6)s5)cc4)cc3)s2)c1,0.010547253,0.2870055202842
c1cc2ccc3cc4c(sc5c6cc7ccc8cccc9ccc(c6sc45)c7c89)c4ccc(c1)c2c34,0.0028098235,0.0764592311879
c1cc2ccc3cc4sc5c(sc6cc7ccc8cccc9ccc(c65)c7c89)c4c4ccc(c1)c2c34,0.0051630572,0.14049401469208
c1cc2ccc3cccc4c5c(sc6c5sc5c7cccc8ccc9cccc(c56)c9c87)c(c1)c2c34,0.0045170984,0.12291657140176
c1ccc2c(c1)sc1c3sc(-c4cc5sc6c7ccccc7sc6c5s4)cc3sc21,0.009923142,0.2700225862188
c1ccc(-c2ccc3cc4c(cc3c2)sc2c3cc5ccc(-c6ccccc6)cc5cc3sc42)cc1,0.0053286846,0.14500096812444002
c1ccc(-c2ccc3cc4sc5c6cc7cc(-c8ccccc8)ccc7cc6sc5c4cc3c2)cc1,0.003963474,0.1078516764036
c1csc(-c2ccc(-c3ccc(-c4ccc(-c5ccc(-c6cccs6)s5)s4)s3)s2)c1,0.009465495,0.257569370643
c1ccc(-c2ccc(-c3cc4sc5cc(-c6ccc(-c7ccccc7)cc6)sc5c4s3)cc2)cc1,0.010766511,0.2929718374254
c1ccc(-c2ccccc2-c2cc3sc4cc(-c5ccccc5-c5ccccc5)sc4c3s2)cc1,0.011209831,0.3050351952734
c1ccc(-c2c(-c3cccs3)sc3c2sc2c(-c4ccccc4)c(-c4cccs4)sc23)cc1,0.01766451,0.48067604741400005
c1ccc2c(c1)sc1c2sc2c3cc4sc5c(sc6c7ccccc7sc65)c4cc3sc21,0.0075500114,0.20544638020996
c1ccc(-c2ccc(-c3sc4ccc5c(-c6ccc(-c7ccccc7)cc6)sc6ccc3c4c65)cc2)cc1,0.0066442057,0.18079813898498
C(=Cc1cc2c(s1)sc1sccc12)c1ccc(C=Cc2cc3c(s2)sc2sccc23)cc1,0.009452793,0.2572237314402
c1cc2c3ccsc3c3c(sc4c5sc6c7sccc7c7ccsc7c6c5sc43)c2s1,0.0073082945,0.1988689249573
c1ccc2c(c1)Cc1cc(-c3cc4sc5cc(-c6ccc7c(c6)Cc6ccccc6-7)sc5c4s3)ccc1-2,0.010115684,0.2752619235976
c1csc(-c2ccc(-c3cc4sc5cc(-c6ccc(-c7cccs7)s6)sc5c4s3)s2)c1,0.010643211,0.2896166718054
c1ccc2cc3cc(-c4ccc5cc6cc(-c7ccc8cc9ccccc9cc8c7)ccc6cc5c4)ccc3cc2c1,0.00304426,0.08283857656400001
c1ccc(-c2c3ccccc3c(-c3ccccc3)c3c(-c4ccccc4)c4ccccc4c(-c4ccccc4)c23)cc1,0.0054175854,0.14742008335356002
c1cc2sc(-c3cc4sc(-c5cc6sc(-c7cc8sccc8s7)cc6s5)cc4s3)cc2s1,0.011074221,0.30134505731940003
c1csc(-c2ccc(-c3ccc(-c4ccc(-c5ccc(-c6ccc(-c7cccs7)s6)s5)s4)s3)s2)c1,0.009756553,0.2654894663042
c1ccc(C2=c3c(sc4c3sc3ccccc34)=C3C2=c2sc4c(sc5ccccc54)c2=C3c2ccccc2)cc1,0.011327892,0.30824780036880006
c1ccc(-c2ccc3c(c2)sc2c4cc5cc6sc7c8cc(-c9ccccc9)ccc8sc7c6cc5cc4sc32)cc1,0.004903926,0.13344269195640002
c1ccc(-c2cccc(-c3ccccc3)c2-c2cc3sc4cc(-c5c(-c6ccccc6)cccc5-c5ccccc5)sc4c3s2)cc1,0.01335639,0.363446070846
c1csc(-c2ccc(-c3ccc(-c4ccc(-c5ccc(-c6ccc(-c7ccc(-c8cccs8)s7)s6)s5)s4)s3)s2)c1,0.0098485425,0.2679926293845
c1ccc(C2=c3c(sc4c3sc3c5ccccc5sc43)=C3C2=c2sc4c(sc5c6ccccc6sc45)c2=C3c2ccccc2)cc1,0.009787659,0.26633590411260005
