smiles,reorg_energy_eV
c1cnoc1,0.555705993000629
c1ncon1,0.762324458574767
c1nnco1,1.303674316116485
O=C1CC=CN1,0.589301050148606
O=C1CN=CN1,0.7721632568991481
O=C1CN=CO1,1.0869013183510106
N=C1C=CCO1,1.084137565399942
O=C1C=CCC1,0.16524056735306658
O=C1C=CCN1,0.4919799986437283
O=C1COCO1,0.6775157525571558
O=C1OCCO1,1.5367893100283254
c1ccnnc1,1.1160464954227791
c1cnnnc1,1.371726324266092
Cc1ccno1,0.5018124839225493
Cc1ccon1,0.5004480227444219
Cc1cnccn1,0.6913670893554809
Cc1cncnc1,0.9512223168967466
Cc1ccccn1,0.9486071653964245
Cc1ncccn1,0.9889259143346862
Cc1ccncn1,0.9268779381091008
Cc1ncncn1,1.1356344849355082
Nc1ccccc1,0.41300498118744144
Nc1cccnc1,0.40123977908115194
Nc1cnccn1,0.3633835529053613
Nc1cncnc1,0.3941198893226101
Nc1ccccn1,0.32501912664338306
Nc1ncccn1,0.4365813454496674
Nc1ccncn1,0.42346343748977233
Nc1ncncn1,1.117141454908051
Oc1ccccc1,0.376530685911348
Oc1ccncc1,0.9757696655105974
Oc1cccnc1,0.5992552248044376
Oc1cnccn1,0.7422884333809634
Oc1cncnc1,1.1217334601224138
Oc1ccccn1,0.36888558893770096
Oc1ncccn1,1.0684135673345736
Oc1ccncn1,1.0453136746673408
Oc1ncncn1,1.0218859390624857
Cc1ccoc1C,0.4068575179808249
Cc1ncoc1C,0.4846383359799802
Cc1occc1O,0.5191066613460862
Cc1ocnc1O,0.569758802999786
Nc1occc1O,1.794353501041769
Nc1ocnc1O,1.8875773866202508
Nc1ccoc1O,1.5871367384315818
Oc1cc[nH]c1O,0.8289960324564163
Oc1nc[nH]c1O,0.6541117452943581
Cc1cocc1C,0.3047358042513224
Oc1c[nH]cc1O,0.6822872985831054
Cn1cc[nH]c1=O,0.4595276297732198
Cn1ccoc1=O,0.5193992655204056
C#Cc1ccc[nH]1,0.27814795446101925
C#Cc1ccco1,0.27447210262653243
C#Cc1cnc[nH]1,0.3384335844311863
C#Cc1cnco1,0.3341885245517915
C#Cc1ncc[nH]1,0.37520715067512356
C#Cc1ncco1,0.386051927209337
N#Cc1ccc[nH]1,0.2663497449266288
N#Cc1ccco1,0.26744162952309125
N#Cc1cnc[nH]1,0.36132220779836643
N#Cc1cnco1,0.37019940970458265
N#Cc1ncc[nH]1,0.368505554539297
N#Cc1ncco1,0.3986146682091203
C#Cc1cc[nH]c1,0.31527203073255805
C#Cc1c[nH]cn1,0.34730229638262244
C#Cc1ccoc1,0.3017767823039321
C#Cc1cocn1,0.3769937967099395
N#Cc1cc[nH]c1,0.30375328226909915
N#Cc1c[nH]cn1,0.38008044012167375
N#Cc1ccoc1,0.2954022127614735
N#Cc1cocn1,0.4150849116813333
O=Cc1ccc[nH]1,0.3312398157231655
O=Cc1ccco1,0.3565251646887191
O=Cc1cnc[nH]1,0.4428192321356619
O=Cc1cnco1,0.5582478097821877
O=Cc1ncc[nH]1,0.43126080944966816
O=Cc1ncco1,0.4764970391479437
O=Cc1cc[nH]c1,0.514877248020639
O=Cc1c[nH]cn1,0.5530821882766759
O=Cc1ccoc1,0.5358048819198302
O=Cc1cocn1,0.3539209793852933
O=Cn1cccc1,0.5862363935466419
O=Cn1ccnc1,0.7523195890844363
CN=c1occo1,0.2925805811664759
CCc1ccco1,0.3936465742481232
CCc1cnco1,0.5927807894295256
CCc1ncco1,0.56077310924411
COc1ccco1,0.6988636937257979
COc1cnco1,0.795592053747896
COc1ncco1,0.7921942752036557
OCc1ccco1,0.742725584505024
OCc1cnco1,0.8498694068239274
OCc1ncco1,0.7710436438865145
CCc1ccoc1,0.44392545713708387
COc1ccoc1,0.7606991761349491
COc1cocn1,0.6450649075250112
OCc1ccoc1,0.7237546406740876
OCc1cocn1,0.8287964096325595
N=C1C=CC(=O)N1,1.3814601138001308
N=C1C=CC(=O)O1,1.6830292187041778
O=C1C=CC(=O)C1,0.3200308146133466
O=C1C=CC(=O)N1,0.13303100579832972
N=C1CC(=O)CO1,0.9070641211910697
N=C1CCC(=O)N1,1.6143125449234503
N=C1CCC(=O)O1,1.9896079149530124
N=C1CNC(=O)O1,1.6825739992127637
N=C1COC(=O)N1,1.5866205926195107
N=C1COC(=O)O1,2.1924008932128345
N=C1NC(=O)CO1,1.1417001234640338
O=C1CCC(=O)C1,0.3146464950932568
O=C1CCC(=O)N1,0.12173617993721564
O=C1CNC(=O)C1,0.4112110697060416
O=C1CNC(=O)N1,0.597233608341412
CC1=CC(=O)CC1,0.20364880396664375
CC1=CC(=O)NC1,0.4784850495343562
CC1=CC(=O)OC1,0.5751207547455124
NC1=CC(=O)CC1,0.3765848638049647
NC1=CC(=O)OC1,0.41780531687072653
CC1=CNC(=O)C1,0.590142725934129
CC1=CCC(=O)C1,0.5679176525318326
CC1=CCC(=O)N1,0.6676632396865898
CC1=NCC(=O)N1,0.7982863359975454
CC1=NCC(=O)O1,1.038294875253996
CC1C=CC(=O)C1,0.19329688029029057
CC1C=CC(=O)N1,0.43616264365482493
CC1C=CC(=O)O1,0.6892936895983439
O=C1C=CC(O)C1,0.4564878443907219
C#CC1CC(=N)O1,1.1909153399774368
N#CC1CC(=N)O1,1.608219939900664
C#CC1CC(=O)C1,0.12570591487747151
N#CC1CC(=O)C1,0.3303201520720904
C#CC1CC(=O)N1,0.24230036491098872
C#CC1CC(=O)O1,0.24363736979285022
N#CC1CC(=O)O1,0.44167510165425483
O=CC1CC(=O)C1,0.34242027207437786
O=CC1CC(=O)N1,0.7732155489138677
O=CC1CC(=O)O1,0.991956692741951
O=CN1CC(=O)C1,0.4417355109617347
O=C1CC=CCN1,0.5355587548165204
O=C1CC=CCO1,0.6811002013018879
O=C1CC=CCC1,0.549203529883016
O=C1CCC=CN1,0.6915312557266589
O=C1CCN=CO1,1.3111836554162437
O=C1CN=COC1,0.8168981709968648
O=C1NC=CCO1,0.6849312125341385
O=C1C=CCCC1,0.28981571254371374
O=C1C=CCOC1,0.6861312352302775
O=C1C=CCCN1,0.45955399761805893
O=C1C=CCCO1,0.6085466386284679
N=C1NC=CC1=O,0.3094541792052041
O=C1C=CCC1=O,0.9735928624377266
O=C1C=CNC1=O,1.2116227520255052
N=C1OCCC1=O,1.3492952061496908
N=C1OCOC1=O,1.6868345151669928
O=C1CCCC1=O,1.174295705926852
O=C1CCNC1=O,0.6840872509928886
O=C1CCOC1=O,1.0187001101003261
O=C1CNCC1=O,1.1456980766270135
O=C1COCC1=O,0.6874970025564835
O=C1OCOC1=O,0.9593141706191091
CC1=CCCC1=O,0.1631470039519627
CC1=CCNC1=O,0.33832414018434065
CC1=CCOC1=O,0.37162547749176156
CC1C=CCC1=O,0.5784357562170044
CC1C=CNC1=O,0.6056933057552669
CC1N=COC1=O,0.7765985244604963
CN1C=CCC1=O,0.5790661626997462
O=C1CC=CC1O,1.5319198845991195
O=C1NC=CC1O,0.8572028516409773
CC1CC=CC1=O,0.27190685683126503
CN1CC=CC1=O,0.4854120376876381
O=C1C=CCC1O,1.7907643991475197
c1cc[nH]c1,0.3380962175069726
c1c[nH]cn1,0.4666513291276715
c1ccoc1,0.33446945503692405
c1cocn1,0.49690531628402823
O=C1CCO1,0.5541018266076208
N#CC1CC1,1.308090617326343
N#CC1CO1,1.2045113522217434
c1cn[nH]c1,0.4943418664406636
O=c1[nH]cc[nH]1,0.4622995461413666
O=c1[nH]cco1,0.523802695739505
O=c1occo1,0.658650633860816
Cc1ccc[nH]1,0.4079732397622138
Cc1ccco1,0.3678294056962841
Cc1cnco1,0.4835150222179436
Cc1ncco1,0.5362489447388725
Nc1ccco1,0.633120055764266
Nc1cnco1,0.6724357925359072
Nc1ncco1,0.670283289240615
Oc1ccc[nH]1,0.5261637199846518
Oc1cnc[nH]1,0.5888626745108922
Oc1ncc[nH]1,0.6576146414772666
Cc1cc[nH]c1,0.4115498788360128
Cc1ccoc1,0.39665397806402325
Cc1cocn1,0.5132803470733052
Nc1ccoc1,0.7429968821516013
Nc1cocn1,0.6764474058218184
Oc1cc[nH]c1,0.5560494824903799
Oc1c[nH]cn1,0.5608872882730793
Oc1cocn1,0.6158069664179493
c1ccccc1,0.2911187031759255
c1ccncc1,0.8980019089840425
c1cnccn1,0.6729521288316391
c1cncnc1,0.93854898877089
c1ncncn1,0.9621713675087449
O=C1CC=CC1,0.5212447970225185
O=c1[nH]cn[nH]1,0.49355061337882944
O=c1[nH]cno1,0.593683500379484
O=c1ocno1,0.7394329508024384
O=c1onno1,0.7728177726821741
Oc1cc[nH]n1,0.6302006536097906
Oc1ccon1,0.840885726713168
Oc1ncon1,0.9995971365660807
Cc1coc(C)c1,0.42233402837337053
Cc1cc(O)co1,0.5585993266322475
Cc1coc(O)n1,0.6740918510677147
Cc1coc(C)n1,0.5414468661747378
Cc1nc(O)co1,0.6570423041212052
Nc1cc(O)co1,0.7773784847868228
Nc1coc(O)n1,0.8843989850447542
Nc1nc(O)co1,0.8505514333264728
Oc1c[nH]c(O)c1,0.7624165691631788
Oc1c[nH]c(O)n1,0.8403339067517663
Cc1ccc(C)o1,0.3835230630556907
Cc1ccc(O)[nH]1,0.5241139941463189
Cc1cnc(C)o1,0.5127667591277714
Cc1cnc(O)o1,0.6538318216353218
Nc1ccc(O)o1,1.0689546387911832
Nc1cnc(O)o1,1.041619944944614
Oc1ccc(O)[nH]1,0.676101739421938
Oc1cnc(O)[nH]1,0.7786738290142239
Cc1c[nH]c(=O)[nH]1,0.47457713889161823
Cc1c[nH]c(=O)o1,0.531229094696755
Cc1coc(=O)[nH]1,0.5465401053606911
Cc1coc(=O)o1,0.6646522439659748
Nc1c[nH]c(=O)o1,0.8860856019782659
Nc1coc(=O)[nH]1,1.1487551956706739
Nc1coc(=O)o1,0.9980630395257322
O=c1[nH]cc(O)[nH]1,0.6420436531061569
O=c1[nH]cc(O)o1,0.7617122565225145
O=c1occ(O)o1,0.9151973906609783
O=c1cc[nH]cc1,0.19843915441742865
O=c1cc[nH]cn1,0.6168214345816523
O=c1ccocc1,0.31372280415416753
O=c1ccocn1,0.8608270562399412
O=c1ncocn1,0.7871032129296509
N=c1cncco1,0.3225428621226456
O=c1cccc[nH]1,0.24767184065058245
O=c1nccc[nH]1,0.2009506849135505
O=c1cncc[nH]1,0.29135895261424594
O=c1ccnc[nH]1,0.34883718255332496
O=c1ncnc[nH]1,0.8819017405367049
O=c1cccco1,0.298277015432177
O=c1nccco1,0.3209701521045645
O=c1cncco1,0.5691727783105307
O=c1ccnco1,0.4022928058002435
O=c1ncnco1,0.9934835243384441
Cc1ccccc1,0.3278220912188772
Cc1ccncc1,0.8847053581876025
Cc1cccnc1,0.8927827354455076
C#CC1(C#C)CC1,0.6853069747412519
C#CC1(C#N)CC1,0.756986344012148
C#CC1(C#C)CO1,1.2427343608433148
C#CC1(C#N)CO1,1.0442470422476617
N#CC1(C#N)CC1,1.0428268793348252
N#CC1(C#N)CO1,1.5733958527034702
C#CC1(C=O)CC1,0.7939785538455908
N#CC1(C=O)CC1,0.4282778414690256
N#CC1(C=O)CN1,1.030207974010409
C#CC1(C=O)CO1,0.3948967747637653
N#CC1(C=O)CO1,0.5685282491103862
O=CC1(C=O)CC1,1.3876512240894954
O=CC1(C=O)CO1,0.9026724462983111
C#CC1COC1=N,1.2172373344055814
N#CC1COC1=N,1.4100352936948184
O=CC1CNC1=O,0.26487956746132113
O=CC1COC1=O,0.3422887593842461
O=CN1CCC1=O,1.3995945248007047
C#CC1CC1C#C,1.1170178335205492
C#CC1CC1C#N,1.0445645448535288
C#CC1OC1C#C,1.0381090758237406
C#CC1OC1C#N,0.9790737007861026
N#CC1CC1C#N,1.2879004939768492
N#CC1NC1C#N,1.6773570025852678
N#CC1OC1C#N,0.4300368407257338
C#CC1CC1C=O,0.40217957916866
N#CC1CC1C=O,0.29537976335814164
C#CC1NC1C=O,0.8065329137334629
N#CC1NC1C=O,0.8821807934327808
C#CC1OC1C=O,0.35513781872577965
N#CC1OC1C=O,0.4707415561460948
C#CC1CN1C=O,0.6770629548773286
N#CC1CN1C=O,0.5567607068260259
O=CC1CC1C=O,0.14148422689868312
O=CC1OC1C=O,0.6372356710180611
C#CC1=CCCC1,0.35075651137049135
C#CC1=CCOC1,0.2200744207475509
C#CC1=NCCO1,0.5146666862165148
N#CC1=CCCC1,0.4061529604368843
N#CC1=CCOC1,0.22312364848585275
N#CC1=NCCN1,0.5804595495992544
N#CC1=NCCO1,0.4909715986195806
C#CC1CC=CC1,0.39845398489615036
C#CC1CN=CO1,0.6166403427250771
N#CC1CC=CC1,0.5372293986574732
N#CC1CN=CN1,0.6769183807155059
N#CC1CN=CO1,0.6849046814204485
C#CC1C=CCC1,0.9244439600988699
C#CC1COC=N1,0.48881939464990865
C#CC1C=CCO1,0.5498163033771561
N#CC1C=CCC1,0.5197833544161767
N#CC1CNC=N1,0.5473636039296252
N#CC1C=CCN1,0.59986908675819
N#CC1C=CCO1,0.3690717965419026
O=CC1=CCCC1,0.6380319581858203
O=CC1=CCOC1,0.24780234652098443
O=CC1=NCCO1,0.3885680564271752
O=CC1CC=CC1,1.0992934166679333
O=CC1CN=CO1,0.7463530000495666
O=CC1C=CCC1,0.5270500496735622
O=CC1COC=N1,0.7251235373132658
O=CC1C=CCO1,0.7569977727998776
C#CC(=O)C1CC1,0.5994248606675683
C#CC(=O)C1CN1,1.4653517412480142
C#CC(=O)C1CO1,0.8061987849650905
C#CC(=O)N1CC1,0.8692363309291977
N#CC(=O)C1CC1,0.774031591558014
N#CC(=O)C1CN1,1.453380222317719
N#CC(=O)C1CO1,0.7340582369033655
N#CC(=O)N1CC1,0.7068776140004047
O=CC(=O)C1CC1,1.029344256990953
O=CC(=O)C1CO1,0.8780376130343939
C#CC#CC1CC1,0.5572842541423597
C#CC#CC1CN1,0.5373359857067044
C#CC#CC1CO1,0.4253953923944209
N#CC#CC1CC1,0.7079873764841977
N#CC#CC1CN1,0.736084887477773
N#CC#CC1CO1,0.6194164224361884
O=CC#CC1CC1,1.1587352755814209
O=CC#CC1CN1,0.8611880154494429
O=CC#CC1CO1,0.38514940673849196
C1=CC=CCC=C1,0.8443156147077389
C#Cc1ccn[nH]1,0.32728229869826464
C#Cc1ccno1,0.25966461168536625
C#Cc1cnn[nH]1,0.3218694072056678
C#Cc1cn[nH]c1,0.42205454009490495
C#Cc1c[nH]nn1,0.4500588248392887
C#Cc1cnoc1,0.4742385474510229
C#Cc1ncno1,0.44664901885334984
C#Cc1cc[nH]n1,0.41471883673148113
C#Cc1nc[nH]n1,0.4402687349211192
C#Cc1cn[nH]n1,0.36783435817051213
C#Cc1ccon1,0.473281332069746
C#Cc1ncon1,0.4974921845278004
C#Cc1cnon1,0.5413086050612037
Cc1cc(O)no1,0.792829743002585
Cc1cncnn1,1.0888924036280514
Cc1cnncn1,1.0377798178942612
Cc1conc1O,0.8316822057058744
Cc1nccnn1,1.090792167447944
Cc1n[nH]c(=O)o1,0.6000694170779752
Cc1noc(=O)[nH]1,0.8004628125345334
Cc1noc(=O)o1,0.8755883150097361
Cn1ncoc1=O,0.43891638281093037
N#Cc1ccn[nH]1,0.3544065395872167
N#Cc1ccno1,0.2988590400436806
N#Cc1cn[nH]c1,0.45997618247565697
N#Cc1c[nH]nn1,0.2175606589189556
N#Cc1cnoc1,0.5196870532745379
N#Cc1ncno1,0.5635201816057815
N#Cc1cc[nH]n1,0.5010261561255902
N#Cc1nc[nH]n1,0.5480500931025745
N#Cc1cn[nH]n1,0.39947974579445145
N#Cc1ccon1,0.3922337312014861
N#Cc1ncon1,0.6229210873607371
N#Cc1cnon1,0.7555172005795612
N#Cc1nnon1,0.011403861939470517
N=c1cconc1,0.7285373705835809
N=c1cnocn1,1.2141933856782998
N=c1cncno1,0.9622819002161123
Nc1cnncn1,1.11686172172449
Nc1nccnn1,1.07752051508578
Nc1n[nH]c(=O)o1,0.9175116385140427
Nc1noc(=O)o1,1.096138717546637
O=c1cc[nH]nc1,0.2933983381262806
O=c1cconc1,0.24232714093159302
O=c1cnocn1,0.5279798087540257
O=c1cnonc1,0.37361318855619174
O=c1cccn[nH]1,0.26381005063558405
O=c1nccn[nH]1,0.5544338600957417
O=c1cncn[nH]1,0.7300221877849253
O=c1ccnn[nH]1,0.900645877358329
O=c1ncnn[nH]1,0.9610850068293075
O=c1cncno1,0.8799876907323778
O=Cc1ccn[nH]1,0.5101042870010133
O=Cc1ccno1,0.6256789354374632
O=Cc1cnno1,0.5678047796482133
O=Cc1cn[nH]c1,0.43187219516403275
O=Cc1c[nH]nn1,0.24921377457940252
O=Cc1cnoc1,0.456939281501036
O=Cc1ncno1,0.3838412731529388
O=Cc1cc[nH]n1,0.2812178084404877
O=Cc1cn[nH]n1,0.3360871182867413
O=Cc1ccon1,0.15682848988944897
O=Cc1ncon1,0.2675936596097017
O=Cc1cnon1,0.36792421020982147
O=Cn1cccn1,0.7010499935786356
O=Cn1ccnn1,0.9105465544034814
O=Cn1cnnc1,1.6236245577747468
O=Cn1cnnn1,1.0628377884113434
O=Cn1nccn1,0.41188988526664616
O=Cn1ncnn1,0.6016924953928537
Oc1cncnn1,1.146538282995607
Oc1cnncn1,1.1674781620204158
Oc1nccnn1,1.2686827699708374
Oc1ncnnn1,1.4754049109760672
O=c1[nH]nc(O)[nH]1,0.7737236673656298
O=c1[nH]nc(O)o1,0.8273646546622331
O=c1onc(O)o1,1.0989513421718584
ON=c1cc[nH]cc1,0.6013885440661397
ON=c1ccocc1,0.6441388491966791
O=C1C=CC(=NO)C1,0.4787500069269299
O=C1CC=CC1=NO,0.9704284216331871
O=C1NC=CC1=NO,1.0091743789234897
Fc1ccccc1,0.3920516325160861
Fc1ccncc1,0.9661067888828256
Fc1cccnc1,0.8617841627747111
Fc1cnccn1,1.0573512628780009
Fc1cncnc1,0.998137762027909
Fc1ccccn1,0.3949160676456813
Fc1ncccn1,0.964667387508598
Fc1ccncn1,1.0354815431346651
Fc1ncncn1,1.015444946495336
Fc1cncnn1,1.0968255604693695
Fc1cnncn1,1.1335933851078153
Fc1nccnn1,1.1086332667819079
Fc1ncnnn1,1.368682321113738
N=c1[nH]c(=O)cco1,0.5048871271064854
N=c1[nH]c(=O)nco1,0.9379678893456003
N=c1cc[nH]c(=O)[nH]1,0.47884943738063157
N=c1nc[nH]c(=O)[nH]1,0.7862757414968655
N=c1ccoc(=O)[nH]1,0.6304161134703463
N=c1ncoc(=O)[nH]1,1.2507937241553009
N=c1[nH]ccc(=O)[nH]1,0.30281974080389773
N=c1[nH]ccc(=O)o1,0.30923735877695435
N=c1[nH]cnc(=O)[nH]1,0.5925116414837248
N=c1cc[nH]c(=O)o1,0.5471487699342106
N=c1nc[nH]c(=O)o1,1.612720650873598
N=c1ccoc(=O)o1,0.754198318492854
N=c1ncoc(=O)o1,2.021500082752027
O=c1ccoc(=O)[nH]1,0.8189650400163373
O=c1cc[nH]c(=O)[nH]1,0.45835057349722774
Cc1cc(=O)cc[nH]1,0.24395089953395654
Cc1cc(=O)cco1,0.3405047800661123
Cc1cc(=O)nc[nH]1,0.5863334566129197
Cc1cc(=O)nco1,0.7790757413804386
Cc1nc(=O)cc[nH]1,0.6740763405705366
Cc1nc(=O)cco1,0.4637297228509851
Cc1nc(=O)nco1,0.8154205103965069
Nc1cc(=O)cc[nH]1,0.5538319983752444
Nc1cc(=O)cco1,0.48479240691995074
Nc1cc(=O)nc[nH]1,0.6360874588262959
Nc1cc(=O)nco1,0.5351243248296669
Nc1nc(=O)cc[nH]1,0.8128268831114838
Nc1nc(=O)cco1,0.7135729515102867
Nc1nc(=O)nc[nH]1,0.9129661375773139
Nc1nc(=O)nco1,0.8663602493252256
O=c1cc[nH]c(O)c1,0.3224072405100742
O=c1ccoc(O)c1,0.5020481346382439
O=c1cc(O)[nH]cn1,0.5293530864273635
O=c1cc(O)ocn1,0.6786378418073582
O=c1cc[nH]c(O)n1,0.7655560026869352
O=c1ccoc(O)n1,0.7163720248554455
O=c1ncoc(O)n1,0.8624301341769751
Cc1cc[nH]c(=O)c1,0.27477238040955854
Cc1cc(=O)[nH]cn1,0.38086159775411943
Cc1ccoc(=O)c1,0.3115582462087332
Cc1cc(=O)ocn1,0.40565523674013093
Cc1cc[nH]c(=O)n1,0.23209513788788172
Cc1nc[nH]c(=O)n1,0.9409866675305238
Cc1ccoc(=O)n1,0.34975913196285546
Cc1ncoc(=O)n1,1.0466907347254164
Nc1cc[nH]c(=O)c1,0.3248691101998702
Nc1cc(=O)[nH]cn1,0.3399470280219248
Nc1ccoc(=O)c1,0.304617380244963
Nc1cc(=O)ocn1,0.35486916058289353
Nc1cc[nH]c(=O)n1,0.249666926005375
Nc1nc[nH]c(=O)n1,0.7160791213591438
Nc1ccoc(=O)n1,0.31879721305267594
Nc1ncoc(=O)n1,0.48345303465066536
O=c1cc(O)cc[nH]1,0.2792998129807529
O=c1cc(O)nc[nH]1,0.4503973890659836
O=c1cc(O)nco1,0.47812452570906316
O=c1nc(O)cc[nH]1,0.2622944573449786
O=c1nc(O)nc[nH]1,0.9892639343306655
O=c1nc(O)cco1,0.30296366189213586
O=c1nc(O)nco1,1.1359041226878617
Cc1cccc(C)c1,0.3564762113837787
Cc1cncc(C)c1,0.7538868840310897
Cc1ccnc(C)c1,0.924129097002151
Cc1cc(C)ncn1,0.9144949011861172
Cc1cccc(C)n1,0.8382565885513031
Cc1cccc(N)c1,0.43766727075308154
Cc1cccc(O)c1,0.42059864861585083
Cc1cccc(O)n1,0.41881151277448225
Cc1ccnc(N)n1,0.42522371568156814
Cc1ccnc(O)c1,0.3772755163226975
Cc1ccnc(O)n1,1.0143929538116936
Cc1cncc(C)n1,0.7072237157808559
Cc1cncc(N)c1,0.4424750895723264
Cc1cncc(N)n1,0.4156382554792799
Cc1cncc(O)c1,0.5972897726660449
Cc1cncc(O)n1,0.6851486044015473
Cc1ccnc(C)n1,0.9751906341516587
Cc1ncnc(C)n1,0.9873736672907398
Cc1nccc(N)n1,0.5507558585650258
Cc1cc(O)ccn1,1.0153032567413902
Cc1nccc(O)n1,1.1554755948818638
Cc1cc(N)ncn1,0.4566300783717452
Cc1ncnc(N)n1,0.9999776063468744
Cc1cc(O)ncn1,1.0456321568817657
Cc1ncnc(O)n1,1.0785135134556185
Nc1cccc(N)c1,0.534691173781539
Nc1cncc(N)c1,0.5202930783434567
Nc1cc(N)ncn1,0.36459818811999867
Nc1ccnc(O)c1,0.41590775717668294
Nc1cccc(O)c1,0.5135192087327596
Nc1cccc(O)n1,0.4214623928437504
Nc1cncc(N)n1,0.40642632615526963
Nc1cncc(O)c1,0.5169618316649576
Nc1cncc(O)n1,0.41299061356767197
Nc1ncnc(N)n1,0.2463008759477816
Nc1ccnc(O)n1,0.35772241182530706
Nc1cc(O)ccn1,0.39161453581618844
Nc1nccc(O)n1,0.338717889129839
Nc1cc(O)ncn1,0.34944171099596133
Nc1ncnc(O)n1,0.6581918768843025
Oc1cccc(O)c1,0.5178064190677105
Oc1cncc(O)c1,0.610189662902485
Oc1cc(O)ncn1,0.5494444868218125
Oc1cccc(O)n1,0.4576975543441222
Oc1cncc(O)n1,0.4853108929164591
Oc1ccnc(O)n1,0.54358149158179
Oc1ncnc(O)n1,1.2825586786620988
Cc1cccc(=O)[nH]1,0.3471238712409104
Cc1cccc(=O)o1,0.3305014072011545
Cc1ccnc(=O)[nH]1,0.28950944825010083
Cc1ccnc(=O)o1,0.3690603677514446
Cc1cncc(=N)o1,0.35670522251894
Cc1cncc(=O)[nH]1,0.4041410584413825
Cc1cncc(=O)o1,0.46107239368029695
Cc1nccc(=O)[nH]1,0.46353886209908524
Cc1nccc(=O)o1,0.5247027399746003
Cc1ncnc(=O)[nH]1,0.9349915609454911
Cc1ncnc(=O)o1,1.001652957758779
Nc1cccc(=O)[nH]1,0.44067442966479575
Nc1cccc(=O)o1,0.32460646577783336
Nc1ccnc(=O)[nH]1,0.29773398475299473
Nc1ccnc(=O)o1,0.26263544338689826
N=c1cncc(N)o1,0.41101941982378776
Nc1cncc(=O)[nH]1,0.4797470870089455
Nc1cncc(=O)o1,0.35042918545332213
Nc1nccc(=O)[nH]1,0.48132714410348854
Nc1nccc(=O)o1,0.40411169734397845
Nc1ncnc(=O)[nH]1,0.5488378358950285
Nc1ncnc(=O)o1,0.5987231875296857
O=c1cccc(O)[nH]1,0.3463677753079537
O=c1cccc(O)o1,0.4151633893561666
N=c1cncc(O)o1,0.5100123124720994
O=c1cncc(O)o1,0.506619105441132
O=c1ccnc(O)o1,0.5102358813310275
Cc1[nH]c(=O)oc1C,0.561542974142867
Cc1oc(=O)oc1C,0.6549164952084539
Cc1[nH]c(=O)oc1N,1.6159918964149256
Cc1oc(=O)oc1N,1.003150482682031
Cc1[nH]c(=O)[nH]c1O,0.6236207196416217
Cc1[nH]c(=O)oc1O,0.807710595872777
Nc1oc(=O)oc1N,1.995019092124494
Nc1oc(=O)[nH]c1O,1.9104675882499578
Nc1[nH]c(=O)oc1O,1.7972819373790117
Nc1oc(=O)oc1O,2.073395349958446
O=c1[nH]c(O)c(O)[nH]1,1.18002302513014
Cc1nc(O)oc1C,0.6547394034241734
Cc1oc(O)nc1O,0.7689256446483341
Cc1cc(O)c(C)o1,0.5211949457425362
Cc1nc(O)c(C)o1,0.6004441724617209
Nc1oc(O)nc1O,2.015780845333211
Nc1nc(O)oc1O,1.40842133120168
Nc1cc(O)c(O)o1,1.2786752310657903
Oc1cc(O)c(O)[nH]1,0.9878629282429756
Oc1nc(O)c(O)[nH]1,0.8586419264793221
Cc1cn(C)c(=O)o1,0.5311619913882168
Cn1cc(O)oc1=O,0.7077262558977964
Cc1ccc(C)cc1,0.3473778896495787
Cc1ccc(N)cc1,0.45332517232964165
Cc1ccc(O)cc1,0.4050832259217714
Cc1ccc(C)nc1,0.6828444791899528
Cc1cnc(C)cn1,1.0361095278003631
Cc1cnc(C)nc1,0.9969950737468025
Cc1ccc(N)nc1,0.4010219246192719
Cc1cnc(N)cn1,0.36812307111540576
Cc1cnc(N)nc1,0.2744632317098876
Cc1ccc(O)nc1,0.42403852319512225
Cc1cnc(O)cn1,0.5609512894825457
Cc1cnc(O)nc1,0.8170630992863153
Cc1ccc(N)cn1,0.4565185388473765
Cc1ncc(N)cn1,0.4715820890487521
Cc1ccc(O)cn1,0.4686311216719332
Cc1ncc(O)cn1,1.0301030468544923
Nc1ccc(N)cc1,0.763959754815005
Nc1ccc(O)cc1,0.6077477663766331
Nc1ccc(N)nc1,0.729997670312514
Nc1cnc(N)cn1,0.6533555405167135
Nc1cnc(N)nc1,0.6460094968206249
Nc1ccc(O)nc1,0.6121720405299129
Nc1cnc(O)cn1,0.5311995703286811
Nc1cnc(O)nc1,0.6144504509684339
Nc1ccc(O)cn1,0.5895362926930829
Nc1ncc(O)cn1,0.4600326461277291
Oc1ccc(O)cc1,0.5062443500555673
Oc1ccc(O)nc1,0.5559768280545541
Oc1cnc(O)cn1,0.503433929550738
Oc1cnc(O)nc1,0.5450988808261172
Cc1ccc(=O)[nH]c1,0.2529871792776248
Cc1c[nH]c(=O)cn1,0.3057074688877037
Cc1cnc(=O)[nH]c1,0.23672649078980612
Cc1coc(=N)cn1,0.33888921209654654
Cc1ccc(=O)oc1,0.3111040063249675
Cc1coc(=O)cn1,0.41314087491446116
Cc1cnc(=O)oc1,0.4236789789829345
Nc1ccc(=O)[nH]c1,0.6418490643936821
Nc1c[nH]c(=O)cn1,0.5523993726419576
Nc1cnc(=O)[nH]c1,0.6256169750831759
N=c1cnc(N)co1,0.5859410682369344
Nc1ccc(=O)oc1,0.7475009673380555
Nc1coc(=O)cn1,0.6105958202424517
Nc1cnc(=O)oc1,0.8018982138328283
O=c1ccc(O)c[nH]1,0.48840934607687814
O=c1cnc(O)c[nH]1,0.4242189891956514
O=c1ncc(O)c[nH]1,0.41894713438705367
N=c1cnc(O)co1,0.44873109904619923
O=c1ccc(O)co1,0.5920954159246321
O=c1cnc(O)co1,0.5232427939936315
Cn1ccc(=O)cc1,0.16811311147830565
Cn1ccc(=O)nc1,0.39950295711605577
Cn1cnc(=O)nc1,0.8307423784044659
C#Cc1coc(=O)[nH]1,0.4475776350554952
C#Cc1c[nH]c(=O)[nH]1,0.38073065649950877
C#Cc1c[nH]c(=O)o1,0.41737007054689457
C#Cc1coc(=O)o1,0.5180199197056936
N#Cc1coc(=O)o1,0.528202425210111
O=Cc1c[nH]c(=O)[nH]1,0.4347224259399809
O=Cc1c[nH]c(=O)o1,0.5350224997746409
O=Cc1coc(=O)[nH]1,0.49444385476454045
O=Cc1coc(=O)o1,0.6643246731418913
C#Cc1c[nH]c(C)c1,0.3087968062282016
Cc1cc(C#N)c[nH]1,0.33673129373164556
C#Cc1coc(C)c1,0.30973304162034765
Cc1cc(C#N)co1,0.3343509766036732
C#Cc1c[nH]c(C)n1,0.3672258568676625
Cc1nc(C#N)c[nH]1,0.421242878486737
C#Cc1coc(C)n1,0.41352893667317403
Cc1nc(C#N)co1,0.45546823326913
C#Cc1c[nH]c(N)c1,1.0338268179657462
N#Cc1c[nH]c(N)c1,1.0496804783451807
C#Cc1coc(N)c1,0.5570485762145836
N#Cc1coc(N)c1,0.5479419822149794
C#Cc1c[nH]c(N)n1,0.711861953162952
N#Cc1c[nH]c(N)n1,0.738148899305088
C#Cc1coc(N)n1,0.5462471202281449
N#Cc1coc(N)n1,0.5339622076153319
C#Cc1c[nH]c(O)c1,0.43103816578150145
N#Cc1c[nH]c(O)c1,0.47313458099597483
C#Cc1c[nH]c(O)n1,0.4814265745553712
N#Cc1c[nH]c(O)n1,0.5377365375006775
Cc1cc(C=O)c[nH]1,0.5562549285514251
Cc1cc(C=O)co1,0.5122161092567694
Cc1nc(C=O)c[nH]1,0.553610388740708
Cc1nc(C=O)co1,0.6093140000793937
Nc1cc(C=O)c[nH]1,1.1901902650424745
Nc1cc(C=O)co1,0.703679050102437
Nc1nc(C=O)co1,0.6622935599007178
O=Cc1c[nH]c(O)c1,0.6539302996861807
O=Cc1c[nH]c(O)n1,0.6629158573832683
Cc1ccn(C=O)c1,0.6326221143735893
Cc1cn(C=O)cn1,0.6772310941159958
Nc1ccn(C=O)c1,0.7552712911674462
Nc1cn(C=O)cn1,0.6742426022174186
O=Cn1ccc(O)c1,0.8192488276981749
C#Cc1ccc(C)[nH]1,0.3329373716369446
Cc1ccc(C#N)[nH]1,0.32684699794845073
C#Cc1ccc(C)o1,0.2945326180815755
Cc1ccc(C#N)o1,0.29302516099960485
C#Cc1ncc(C)[nH]1,0.4327320209486061
Cc1cnc(C#N)[nH]1,0.42105819472089934
C#Cc1ncc(C)o1,0.3947761738454574
Cc1cnc(C#N)o1,0.395070710024811
C#Cc1cnc(C)[nH]1,0.40528899852324685
Cc1ncc(C#N)[nH]1,0.430374915142238
C#Cc1cnc(C)o1,0.39524981545400806
Cc1ncc(C#N)o1,0.4473622568311839
C#Cc1ccc(N)[nH]1,0.7141261048273009
N#Cc1ccc(N)[nH]1,0.6270599955714715
C#Cc1ccc(N)o1,0.47942373395744653
N#Cc1ccc(N)o1,0.41712105903388874
C#Cc1ncc(N)[nH]1,0.7937620055326988
N#Cc1ncc(N)[nH]1,0.6801704966437683
C#Cc1ncc(N)o1,0.5271161189502891
N#Cc1ncc(N)o1,0.4366248292662931
N#Cc1cnc(N)[nH]1,0.6047809891770157
C#Cc1cnc(N)o1,0.5110111068752303
N#Cc1cnc(N)o1,0.4481092913683824
C#Cc1ccc(O)[nH]1,0.39742694506639964
N#Cc1ccc(O)[nH]1,0.39718704937331495
C#Cc1ncc(O)[nH]1,0.4657845916462975
C#Cc1cnc(O)[nH]1,0.4878027767808817
N#Cc1cnc(O)[nH]1,0.5137615534513316
C#Cc1cnc(O)o1,0.5016453787211503
Cc1ccc(C=O)[nH]1,0.38649835742035066
Cc1ccc(C=O)o1,0.36508883686110494
Cc1cnc(C=O)[nH]1,0.4705889001961623
Cc1cnc(C=O)o1,0.4468865199432912
Cc1ncc(C=O)[nH]1,0.49699193016567733
Cc1ncc(C=O)o1,0.5488739182073914
Nc1ccc(C=O)[nH]1,0.5622954509599367
Nc1ccc(C=O)o1,0.4940206630890316
Nc1cnc(C=O)[nH]1,0.6046131492694258
Nc1cnc(C=O)o1,0.46999476651035366
Nc1ncc(C=O)o1,0.5364906363847695
O=Cc1ccc(O)[nH]1,0.4539628442526009
O=Cc1cnc(O)[nH]1,0.5781129201805015
C#Cc1cc(C)c[nH]1,0.3225877065087843
Cc1c[nH]c(C#N)c1,0.3230710625903157
C#Cc1nc(C)c[nH]1,0.4080955277895555
Cc1c[nH]c(C#N)n1,0.3967571092671278
C#Cc1cc(C)co1,0.3178789643898199
Cc1coc(C#N)c1,0.3164539850622532
C#Cc1nc(C)co1,0.39671144854037266
Cc1coc(C#N)n1,0.4120086902348703
C#Cc1cc(N)c[nH]1,0.586903698686001
N#Cc1cc(N)c[nH]1,0.606586547133702
C#Cc1nc(N)c[nH]1,0.5541110512713203
N#Cc1nc(N)c[nH]1,0.5259960161347408
C#Cc1cc(N)co1,0.5770210083737766
N#Cc1cc(N)co1,0.5912658220022422
C#Cc1nc(N)co1,0.5744161972052098
N#Cc1nc(N)co1,0.5241969072776556
C#Cc1cc(O)c[nH]1,0.4002642232153448
N#Cc1cc(O)c[nH]1,0.43564453862018127
C#Cc1nc(O)c[nH]1,0.4383752297198953
N#Cc1nc(O)c[nH]1,0.4355186586853961
C#Cc1nc(O)co1,0.495354266540744
N#Cc1nc(O)co1,0.4877522996357584
Cc1c[nH]c(C=O)c1,0.4111819807221764
Cc1c[nH]c(C=O)n1,0.4687003746839764
Cc1coc(C=O)c1,0.37717869816515304
Cc1coc(C=O)n1,0.48830207874198095
Nc1c[nH]c(C=O)c1,0.7062751264147664
Nc1c[nH]c(C=O)n1,0.6210127791600826
Nc1coc(C=O)c1,0.6513023860406975
Nc1coc(C=O)n1,0.6143794836389134
O=Cc1cc(O)c[nH]1,0.5442801714616508
O=Cc1nc(O)c[nH]1,0.5257843386589229
O=Cc1nc(O)co1,0.5724974398253835
C#Cc1ccn(C)c1,0.38224706613436865
Cn1ccc(C#N)c1,0.3619518251489353
C#Cc1cn(C)cn1,0.41883665610475873
Cn1cnc(C#N)c1,0.4509119566228037
Cn1ccc(C=O)c1,0.45322821811532776
Cn1cnc(C=O)c1,0.5750537330750376
CN=c1occ(O)o1,0.6619509955962712
Cc1coc(CO)c1,0.7725065559134237
CCc1cc(O)co1,0.6635160320001887
CCc1nc(O)co1,0.6756833913714217
COc1cc(C)co1,0.7043582738315308
COc1nc(O)co1,0.8875975489427219
OCc1nc(O)co1,0.9205561314665829
Cc1ccc(CO)o1,0.7421677780366736
CCc1cnc(O)o1,0.6473045145121432
COc1ccc(C)o1,0.6797969113467843
COc1cnc(O)o1,0.9774157918818673
CCc1c[nH]c(=O)o1,0.5348115025844891
CCc1coc(=O)[nH]1,0.6894362229049875
CCc1coc(=O)o1,0.6647241364789807
CNc1coc(=O)o1,1.0177896983277606
COc1c[nH]c(=O)o1,1.0215521640457155
COc1coc(=O)[nH]1,0.8066759640569217
COc1coc(=O)o1,1.1060541975948581
O=c1[nH]cc(CO)o1,0.904508589866964
O=c1[nH]c(CO)co1,0.9432923165768443
O=c1occ(CO)o1,1.0159420171239617
Cc1cc(CO)co1,0.7412620466184308
CCc1coc(O)n1,0.7740195641217724
COc1coc(C)c1,0.7505676103683072
N=c1[nH]cc[nH]c1=O,0.45279253640364914
N=c1[nH]ccoc1=N,0.5705073885837919
N=c1[nH]ccoc1=O,0.551737183244768
N=c1occ[nH]c1=O,0.5545296714335564
N=c1occoc1=N,0.7566788279928005
N=c1occoc1=O,0.8383009975532332
O=c1[nH]cc[nH]c1=O,0.5042912246772175
O=c1[nH]ccoc1=O,0.647117708253063
O=c1occoc1=O,0.8952677892484644
Cc1ccccc1C,0.30989990192210826
Cc1ccccc1N,0.4451600927313848
Cc1ccccc1O,0.3829693927182234
Cc1cccnc1C,0.7542053118249896
Cc1cccnc1N,0.37724144765161327
Cc1cccnc1O,0.3769472924286674
Cc1ccncc1C,0.8611652939307533
Cc1ccncc1N,0.4526487241619179
Cc1ccncc1O,0.5200776456968015
Cc1cnccc1O,0.7303440986343048
Cc1cncnc1C,0.9466129235988774
Cc1cncnc1N,0.3477866864959651
Cc1cncnc1O,0.9303873650223977
Cc1ncccc1N,0.4309870627766941
Cc1ncccc1O,0.47269152499575284
Cc1nccnc1C,0.7079197017337719
Cc1nccnc1N,0.3658900220780197
Cc1nccnc1O,0.6178066232860147
Cc1ncncc1N,0.4423693188618927
Cc1ncncc1O,1.0348469733107777
Nc1ccccc1N,0.8005448549029097
Nc1ccccc1O,1.2893252828307595
Nc1cccnc1O,0.4987937329515262
Nc1cnccc1O,1.7541892856370396
Nc1cncnc1N,0.8815655437028909
Nc1cncnc1O,0.5194740968672704
Nc1ncccc1O,0.44622204479128413
Nc1nccnc1N,0.8298878860550758
Nc1nccnc1O,0.44646166837083
Nc1ncncc1O,0.45323398692926276
Oc1ccccc1O,0.4719217417314212
Oc1cccnc1O,0.4756267641860177
Oc1ccncc1O,0.6570068748806079
Oc1cncnc1O,0.5399347559450689
Oc1nccnc1O,0.49623107224033447
Cc1ccc[nH]c1=O,0.2818585008262744
Cc1cccoc1=O,0.32952835478499765
Cc1cnc[nH]c1=O,0.38550432501506293
Cc1cncoc1=O,0.4324545735253196
Cc1ncc[nH]c1=O,0.3426618004559714
Cc1nccoc1=N,0.36972397214231023
Cc1nccoc1=O,0.5447438264909579
Nc1ccc[nH]c1=O,0.4137363147456199
Nc1cccoc1=O,0.40286987793842854
Nc1cnc[nH]c1=O,0.44113234309043037
Nc1cncoc1=O,0.41784384821221465
Nc1ncc[nH]c1=O,0.4250044462260121
N=c1occnc1N,0.47977832569449674
Nc1nccoc1=O,0.4670280165228178
O=c1occcc1O,0.4443727309044334
O=c1ocncc1O,0.5116343839690671
N=c1occnc1O,0.5471937775892002
O=c1occnc1O,0.6890121604628803
Cc1c[nH]ccc1=O,0.18024651102314238
Cc1c[nH]cnc1=O,0.29152232985507
Cc1coccc1=O,0.3024168760421162
Cc1cocnc1=O,0.5684964661995764
Nc1c[nH]ccc1=O,0.3928777978035214
Nc1c[nH]cnc1=O,0.4384477480980422
Nc1coccc1=O,0.49563035339633643
Nc1cocnc1=O,0.5543518449412659
O=c1cc[nH]cc1O,0.35101580879018
O=c1nc[nH]cc1O,0.46136249440496613
O=c1ccocc1O,0.49160717526501685
Cn1ccccc1=O,0.25813930393087503
Cn1cccnc1=O,0.18936358141399978
Cn1ccncc1=O,0.290051907488305
N=c1cccncn1,0.8497024921016418
N=c1ccncnc1,1.0128160532403854
N=c1cncccn1,0.7798296059754648
N=c1cnccnc1,1.4961324594569305
N=c1cncncn1,0.513867024834326
O=c1cccccc1,0.40651209648240183
O=c1cncccn1,0.5414325801903033
O=c1cnccnc1,1.6048406378904474
O=c1cncncn1,0.6062747045034484
O=c1nccncn1,0.7116177036459703
Cc1coc(C)c1O,0.4638148128960893
Oc1c[nH]c(O)c1O,0.8170797798738931
Cc1coc(=O)n1C,0.5089832589983416
C#CCc1ccc[nH]1,0.4114787210291979
C#CCc1ccco1,0.33515711430300144
C#CCc1cnc[nH]1,0.5122739879043365
C#CCc1cnco1,0.47573305190780957
C#CCc1ncc[nH]1,0.4558916154255712
C#CCc1ncco1,0.4844407540113025
N#CCc1ccc[nH]1,0.4344253046747326
N#CCc1ccco1,0.4478284425167658
N#CCc1cnc[nH]1,0.5664177057915367
N#CCc1cnco1,0.48875604651038884
N#CCc1ncc[nH]1,0.4838948933484062
N#CCc1ncco1,0.6021997430798365
C#CCc1cc[nH]c1,0.40988266363092407
C#CCc1c[nH]cn1,0.41258788486265985
C#CCc1ccoc1,0.39403096246678615
C#CCc1cocn1,0.4969483647182642
N#CCc1cc[nH]c1,0.3737831237431237
N#CCc1c[nH]cn1,0.48585639983321016
N#CCc1ccoc1,0.3625723538934835
N#CCc1cocn1,0.5105169206599385
C#CCn1cccc1,0.4761736044583813
C#CCn1ccnc1,0.6245527372684592
N#CCn1cccc1,0.41413985979306744
N#CCn1ccnc1,0.6409728029211692
N=CNc1ccco1,0.42949361956561916
N=CNc1cnco1,0.45322993243280507
N=CNc1ncco1,0.4634641123848269
N=COc1ccc[nH]1,0.5885946150192467
N=COc1ccco1,0.7511224780082557
N=COc1cnc[nH]1,0.6749274859175785
N=COc1cnco1,0.8533225061437406
N=COc1ncc[nH]1,0.6309070615297969
N=COc1ncco1,0.7939438048906595
O=CCc1ccc[nH]1,0.41980500095087336
O=CCc1ccco1,0.5127897527581808
O=CCc1cnc[nH]1,0.5104800764220272
O=CCc1cnco1,0.6692478682980436
O=CCc1ncco1,0.4585060322187928
O=CNc1ccc[nH]1,0.5089326730085304
O=CNc1ccco1,0.5509780668489839
O=CNc1cnc[nH]1,0.5804937271168455
O=CNc1cnco1,0.6285049208599958
O=CNc1ncc[nH]1,0.6194028167374199
O=CNc1ncco1,0.6916086449473369
O=COc1ccc[nH]1,0.6483165064364584
O=COc1ccco1,0.7660382431004109
O=COc1cnc[nH]1,0.7830066728638485
O=COc1cnco1,0.9414215056858666
O=COc1ncc[nH]1,0.7947355205451458
O=COc1ncco1,1.1709415744644502
N=CNc1ccoc1,0.45097470610744494
N=CNc1cocn1,0.4335153282790998
N=COc1cc[nH]c1,0.6759401309209352
N=COc1c[nH]cn1,0.5397310786229355
N=COc1ccoc1,0.6722604967035295
N=COc1cocn1,1.8161072457987757
O=CCc1cc[nH]c1,0.5964726143556618
O=CCc1ccoc1,0.6605702347878832
O=CNc1cc[nH]c1,0.5512154590924183
O=CNc1c[nH]cn1,0.6488211146224785
O=CNc1ccoc1,0.5615904852456879
O=CNc1cocn1,0.6120144865271868
O=COc1cc[nH]c1,0.7199763651333342
O=COc1c[nH]cn1,0.8958442083130649
O=COc1ccoc1,0.7356588113962061
O=COc1cocn1,0.8673357779771322
O=CCn1cccc1,0.8450780508956086
O=CCn1ccnc1,0.8778536911868287
CC#Cc1ccc[nH]1,0.3016802362562885
CC#Cc1ccco1,0.3001303838173044
CC#Cc1cnc[nH]1,0.3520891624248179
CC#Cc1cnco1,0.34715013023924257
CC#Cc1ncc[nH]1,0.3968864450471301
CC#Cc1ncco1,0.4000311031595629
CC#Cc1cc[nH]c1,0.34229610646434594
CC#Cc1c[nH]cn1,0.35847347364870075
CC#Cc1ccoc1,0.33405921598750865
CC#Cc1cocn1,0.384734242423292
NC=Nc1ccco1,0.5083237363196531
NC=Nc1cnco1,0.5201763414406742
NC=Nc1ncco1,0.8495076584822527
CCOc1ccco1,0.7475049402037257
OCCc1ccco1,0.78375947621862
CC(=O)c1ccc[nH]1,0.361763712746324
CC(=O)c1ccco1,0.5591098124787095
CC(=O)c1cnc[nH]1,0.4777686822471878
CC(=O)c1cnco1,0.824866348908472
CC(=O)c1ncc[nH]1,0.4931388232798781
CC(=O)c1ncco1,0.44192397710867226
NC(=O)c1ccc[nH]1,0.3777352256965969
NC(=O)c1ccco1,0.7871754319803586
NC(=O)c1cnc[nH]1,0.48265097866715223
NC(=O)c1cnco1,1.1864372416803235
NC(=O)c1ncc[nH]1,0.5374725325073086
NC(=O)c1ncco1,0.7886513782632392
CC(=O)c1cc[nH]c1,0.5713601666175236
CC(=O)c1c[nH]cn1,0.5908075004117563
CC(=O)c1ccoc1,0.7370227827686904
CC(=O)c1cocn1,0.5906156328346697
NC(=O)c1cc[nH]c1,0.7247814628190099
O=Cc1ccccc1,0.44805375290343363
NC(=O)c1c[nH]cn1,0.8203804409349686
NC(=O)c1ccoc1,0.7966986869250832
NC(=O)c1cocn1,0.9101898673852702
CC(=O)n1cccc1,0.6351271141320467
CC(=O)n1ccnc1,0.7880121552880155
NC(=O)n1cccc1,0.6117567401561246
NC(=O)n1ccnc1,0.720956601358921
CC(O)c1ccco1,0.553725846708403
CC(O)c1ccoc1,0.6502462844309775
C#Cc1ccccc1,0.24183390711186803
C#Cc1ccncc1,1.077265272158911
C#Cc1cccnc1,0.4311915836533444
C#Cc1cnccn1,0.7247429858962278
C#Cc1cncnc1,0.8032644437553245
C#Cc1ccccn1,0.22855945197261462
C#Cc1ncccn1,0.9284874923541793
C#Cc1ccncn1,0.9509899043368932
C#Cc1ncncn1,0.9874704582380218
N#Cc1ccccc1,0.25090520792764437
N#Cc1ccncc1,0.8849493355901359
N#Cc1cccnc1,0.8244445994332636
N#Cc1cnccn1,0.6688368129052833
N#Cc1cncnc1,0.8926616175067466
N#Cc1ccccn1,0.72343860748515
N#Cc1ncccn1,0.9400628949570091
N#Cc1ccncn1,0.9393913720505225
N#Cc1ncncn1,0.9829074603712797
O=Cc1ccncc1,0.6122815119888401
O=Cc1cccnc1,0.6786025214114488
O=Cc1cnccn1,0.5726353199843288
O=Cc1cncnc1,0.8503570078792109
O=Cc1ccccn1,0.5765050802492624
O=Cc1ncccn1,0.7018769479927869
O=Cc1ccncn1,0.7111289052863867
O=Cc1ncncn1,0.7293787742564746
CN=c1ccocc1,1.0796149220423104
CN=c1ccocn1,1.151063484223414
CN=c1ncocn1,1.617191538151019
CN=c1ccnc[nH]1,0.46627197501402406
CN=c1cncco1,0.4098687041823723
CN=c1ccnco1,0.43536437005604967
CCc1ccccc1,0.38406818900875805
CCc1ccncc1,1.0950625067162036
CCc1cccnc1,0.9262243475131982
CCc1cnccn1,0.6939106204554264
CCc1cncnc1,0.945434833289255
CCc1ccccn1,0.9403412675656
CCc1ncccn1,1.0082630691704253
CCc1ccncn1,0.903161489559352
CCc1ncncn1,1.032299251655786
CNc1ccccc1,0.27283653427912213
CNc1cccnc1,0.25302513917813485
CNc1cnccn1,0.2452505975797976
CNc1cncnc1,0.3172573744050169
CNc1ccccn1,0.24436862171751272
CNc1ncccn1,0.168601556089925
CNc1ccncn1,0.25457610728699365
CNc1ncncn1,0.17377406208288448
COc1ccccc1,0.4028683813121461
COc1ccncc1,1.0040742824658082
COc1cccnc1,0.5310260432397627
COc1cnccn1,0.6586870699229621
COc1cncnc1,0.9947259696073161
COc1ccccn1,0.42164549834524223
COc1ncccn1,0.9441795714537875
COc1ccncn1,1.0496125586905691
COc1ncncn1,1.0804401621389843
OCc1ccccc1,0.5570462360356032
OCc1ccncc1,1.0303726029724203
OCc1cccnc1,1.0321662423393718
OCc1cnccn1,1.0364383231335523
OCc1cncnc1,1.124855396719795
OCc1ccccn1,0.7811822846197174
OCc1ncccn1,1.2339178403562983
OCc1ccncn1,1.1893474735934433
OCc1ncncn1,0.7857375272360514
O=Cn1cc[nH]c1=O,0.65174468011719
O=Cn1ccoc1=O,0.7351939046402549
Cc1[nH]ccc1C=O,0.4616901740719186
Cc1occc1C=O,0.45081666230180417
Cc1[nH]cnc1C=O,0.521629783894241
Cc1ocnc1C=O,0.5228200649125938
Nc1[nH]ccc1C=O,0.6017827556024713
Nc1occc1C=O,0.41193576368459617
Nc1[nH]cnc1C=O,0.5826328696148266
Nc1ocnc1C=O,0.4024664689477504
O=Cc1cc[nH]c1O,0.5471403888222994
C#Cc1cc[nH]c1C,0.33337155672052177
Cc1[nH]ccc1C#N,0.3624674811562727
C#Cc1ccoc1C,0.2929442070908408
Cc1occc1C#N,0.32073907290578063
C#Cc1nc[nH]c1C,0.3720663293679536
Cc1[nH]cnc1C#N,0.42387677864280704
C#Cc1ncoc1C,0.3632726664563961
Cc1ocnc1C#N,0.4004007428047771
C#Cc1cc[nH]c1N,0.7523961619608599
N#Cc1cc[nH]c1N,0.7192344463401241
C#Cc1ccoc1N,0.4355362644619163
N#Cc1ccoc1N,0.4194189800437016
C#Cc1nc[nH]c1N,0.7298273541673552
N#Cc1nc[nH]c1N,0.6773205379831779
C#Cc1ncoc1N,0.4596858368458925
N#Cc1ncoc1N,0.4094936222591059
C#Cc1cc[nH]c1O,0.36694517128853477
N#Cc1cc[nH]c1O,0.4436182948684291
C#Cc1nc[nH]c1O,0.3995215152917808
C#Cc1[nH]ccc1C,0.2967365509211959
Cc1cc[nH]c1C#N,0.3040163348632632
C#Cc1[nH]cnc1C,0.33888015070078836
Cc1nc[nH]c1C#N,0.38482082909285964
C#Cc1occc1C,0.29475678558810614
Cc1ccoc1C#N,0.3015057295560837
C#Cc1ocnc1C,0.33615933733744896
Cc1ncoc1C#N,0.3846850442150753
C#Cc1[nH]ccc1N,0.5035164617293049
N#Cc1[nH]ccc1N,0.5107684900413005
C#Cc1[nH]cnc1N,0.4272607882212469
N#Cc1[nH]cnc1N,0.4121192501479527
C#Cc1occc1N,0.46856556941020244
N#Cc1occc1N,0.4575928448812192
C#Cc1ocnc1N,0.41628569629756385
N#Cc1ocnc1N,0.38713412455035723
C#Cc1[nH]ccc1O,0.5131083710293751
N#Cc1[nH]ccc1O,0.5563211610970029
C#Cc1[nH]cnc1O,0.3860326071171585
N#Cc1[nH]cnc1O,0.43036756806759513
C#Cc1ocnc1O,0.4014510755932861
N#Cc1ocnc1O,0.45357723151755636
Cc1cc[nH]c1C=O,0.366284560153872
Cc1nc[nH]c1C=O,0.4742581396640162
Cc1ccoc1C=O,0.37826780719842645
Cc1ncoc1C=O,0.5061448379692592
Nc1cc[nH]c1C=O,0.5003244013569201
Nc1nc[nH]c1C=O,0.4066798275507608
Nc1ccoc1C=O,0.46837729374419723
Nc1ncoc1C=O,0.4331965195324301
O=Cc1[nH]ccc1O,0.5377160473180993
O=Cc1[nH]cnc1O,0.5350419015030639
O=Cc1ocnc1O,0.5633835803819238
Cc1cccn1C=O,0.5549373254034435
Cc1cncn1C=O,0.6547444103216549
Cc1nccn1C=O,0.7056092362690833
Nc1cccn1C=O,0.6328922419306764
Nc1cncn1C=O,0.6721913253259117
Nc1nccn1C=O,0.6495288558980974
O=Cn1cccc1O,0.637189275581477
O=Cn1ccnc1O,0.8527210253814701
C#Cc1c[nH]cc1C,0.3123555402016791
Cc1c[nH]cc1C#N,0.35516149264185515
C#Cc1cocc1C,0.27063300960980996
Cc1cocc1C#N,0.3137503420912253
C#Cc1c[nH]cc1N,0.6837976672832156
N#Cc1c[nH]cc1N,0.6343460653461079
C#Cc1cocc1N,0.6606606310560892
N#Cc1cocc1N,0.6209292945877678
C#Cc1c[nH]cc1O,0.550380695005515
N#Cc1c[nH]cc1O,0.5499702110500948
Cc1c[nH]cc1C=O,0.46995133711789094
Cc1cocc1C=O,0.4372068266693532
Nc1c[nH]cc1C=O,0.6352436333418154
Nc1cocc1C=O,0.6411947118795069
O=Cc1c[nH]cc1O,0.6473326510949846
C#Cc1cccn1C,0.3108045720910013
Cn1cccc1C#N,0.30360922512045363
C#Cc1nccn1C,0.42816306378699664
Cn1ccnc1C#N,0.4279540530314989
C#Cc1cncn1C,0.36214546146402427
Cn1cncc1C#N,0.3854971956279769
Cn1cccc1C=O,0.35007263448824233
Cn1ccnc1C=O,0.43920776247432514
Cn1cncc1C=O,0.4645364319840155
Cc1ccoc1CO,0.6870363135731168
CCc1occc1O,0.5664021136635711
CCc1ocnc1O,0.6039226872326253
COc1occc1C,0.7862407204247575
COc1occc1O,1.1934616466405714
COc1ocnc1O,1.2652024320377677
OCc1occc1O,0.7916372306535777
OCc1ocnc1O,0.9901863735485676
Cc1occc1CO,0.6562587246735347
Cc1cocc1CO,0.6472634797173669
OCc1cocc1O,0.5806281786353793
CCn1ccoc1=O,0.4993902884525596
C1=Cc2c[nH]cc2C1,0.3810577103031392
C1=Cc2cocc2C1,0.33967524056788534
c1nc2c[nH]cc2o1,0.25115917191578774
c1nc2cocc2[nH]1,0.17408397270082787
c1nc2cocc2o1,0.23665337375859963
C1=Cc2[nH]ccc2C1,0.3201748717601731
C1=Cc2occc2C1,0.3246930252371385
C1=Cc2ocnc2C1,0.3660908694146201
c1cc2occc2[nH]1,0.3376388210999721
c1cc2ocnc2[nH]1,0.3462374599166651
c1nc2occc2[nH]1,0.34204029210013687
c1cc2occc2o1,0.32391282000571664
c1nc2occc2o1,0.345195208910809
c1nc2ocnc2o1,0.39650230172628653
C1=Cc2cc[nH]c2C1,0.3441455291958846
C1=Cc2ccoc2C1,0.3379570312008582
C1=Cc2ncoc2C1,0.4242907456555258
c1cc2ccoc2[nH]1,0.3184806628469232
c1cc2ncoc2[nH]1,0.42837566644811886
c1nc2ccoc2[nH]1,0.381232162582819
c1cc2ccoc2o1,0.32340037494032003
c1cc2ncoc2o1,0.43972469741675013
c1nc2ncoc2o1,0.5198113005208143
C1=Cc2cccn2C1,0.3241812876676704
C1=Cn2cccc2C1,0.4383328887815878
c1cn2ccoc2n1,0.6123797995587665
CC1(C)C=CC(=O)O1,0.7174190650675882
CC1(O)C=CC(=O)C1,0.5008639761854283
C#CC1(C)CC(=N)O1,1.3488350613934017
CC1(C#N)CC(=N)O1,1.7407654671260389
C#CC1(C)CC(=O)C1,0.13892548462717969
CC1(C#N)CC(=O)C1,0.3196904272226675
C#CC1(C)CC(=O)N1,0.30574167361737636
C#CC1(C)CC(=O)O1,0.3070692089240765
CC1(C#N)CC(=O)O1,0.5306617370279127
C#CC1(O)CC(=O)C1,0.3095022073266591
N#CC1(O)CC(=O)C1,0.371928830167235
CC1(C=O)CC(=O)C1,0.48300464522071707
CC1(C=O)CC(=O)O1,1.1208626409334101
O=CC1(O)CC(=O)C1,0.2995220185675862
CC1(C)N=COC1=O,0.9486540234265703
CC(=O)C1CC(=O)C1,0.3248755865133717
CC(=O)C1CC(=O)N1,0.8108129946849658
CC(=O)C1CC(=O)O1,0.9633429815075942
NC(=O)C1CC(=O)C1,0.46155972262749856
NC(=O)C1CC(=O)O1,0.6729116110564064
[NH2+]=c1[cH-]c(=O)cc[nH]1,0.5538377127686545
N=C1CC=CC(=O)N1,1.1222091970084875
N=C1CC=CC(=O)O1,2.0039349614326056
N=C1C=CCC(=O)N1,1.1651132737551961
N=C1C=CCC(=O)O1,1.5288948750057898
O=C1C=CCC(=O)C1,0.38477922286438115
N=C1CC(=O)OCO1,1.353051413245339
N=C1CCCC(=O)O1,2.0770325071825937
N=C1CCNC(=O)O1,1.6991618775628012
N=C1CCOC(=O)N1,1.5054669761357218
N=C1CCOC(=O)O1,1.8998336728454888
N=C1COCC(=O)O1,1.1957167641230626
N=C1NC(=O)CCO1,1.125053849449614
N=C1NC(=O)OCO1,1.240718839733745
O=C1CCCC(=O)C1,0.3836665215476387
O=C1CCCC(=O)N1,0.6296848887523083
O=C1CCNC(=O)C1,0.5191024980031216
O=C1CCNC(=O)N1,0.27762021658600133
O=C1CCOC(=O)C1,0.5484358146859449
O=C1CCOC(=O)N1,0.28940403128945036
O=C1CNCC(=O)N1,0.7618434426767635
O=C1COCC(=O)N1,0.6221661615199992
CC1=CC(=O)COC1,0.6657571900359471
CC1=CC(=O)OCC1,0.6288126273575472
NC1=CC(=O)OCC1,0.5704380267270608
CC1=CCOC(=O)C1,0.5836977877133904
CC1=CCOC(=O)N1,0.832987427671469
CC1=NCCC(=O)O1,1.3732773195843038
CC1CC(=O)OC=N1,1.2946657919965219
CC1C=CCC(=O)O1,0.687357244813029
CC1C=CNC(=O)O1,0.6382389552945824
O=C1CC=CC(O)C1,0.7703480661057256
O=C1CC(O)C=CN1,1.0351311691611045
CC1CC=CC(=O)O1,0.6396470635609148
O=C1C=CCC(O)C1,0.48542436445313797
CC1=CC(=O)C(=N)N1,0.457707840250805
CC1=CC(=O)C(=O)C1,0.8794851778238808
CC1=CC(=O)C(=O)N1,1.039749515010044
NC1=CC(=O)C(=O)C1,0.6830067135506397
CC1=CC(=N)NC1=O,1.319871411564236
CC1=CC(=N)OC1=O,1.4833282989275176
CC1=CC(=O)CC1=O,0.3271010163571191
CC1=CC(=O)NC1=N,1.3962680401218677
CC1=CC(=O)NC1=O,0.1597603004429402
CC1=CC(=O)OC1=N,1.4577995439940423
N=C1C=C(N)C(=O)N1,0.45889956347127736
N=C1C=C(N)C(=O)O1,0.42559953231102554
NC1=CC(=O)CC1=O,0.338529395769001
N=C1NC(=O)C=C1N,0.36197245138646394
NC1=CC(=O)NC1=O,0.34787523238628637
N=C1OC(=O)C=C1N,0.36784638560675376
CC1=CC(O)C(=O)C1,1.2088604140681127
CC1=CC(O)C(=O)N1,0.9090533560938638
CC1=NC(C)C(=O)O1,0.8050952538924321
CC1CC(=O)C(=O)C1,1.1802534240450768
CC1CC(=O)C(=O)N1,0.688910090506397
CC1CC(=O)C(=O)O1,1.0641063838338596
CC1OC(=N)C(=O)O1,1.5305880770993099
CC1OC(=O)C(=O)O1,1.0353266286419966
O=C1CC(O)CC1=O,1.1880133803333592
CC1=CC(O)CC1=O,0.438975703658798
CC1=CC(C)OC1=O,0.36023187425234937
CC1=CC(=O)CC1O,0.45361448392395687
CC1=CC(=O)OC1C,0.5508802690819721
CC1OC(=O)C=C1N,0.43773222436175274
NC1=CC(=O)CC1O,0.5977628972595994
CC1CC(=N)OC1=O,1.9336920547011687
CC1CC(=O)CC1=O,0.33316083164754673
CC1CC(=O)NC1=O,0.1387359300188109
CC1CC(=O)OC1=N,1.8639688312723592
CC1NC(=O)CC1=O,0.40720462658646284
CC1NC(=O)NC1=O,0.6207477945572464
CC1NC(=O)OC1=N,1.4979627797911235
CC1OC(=N)CC1=O,1.0305286875573074
CC1OC(=N)NC1=O,1.0928873635402852
CC1OC(=O)CC1=O,0.32708928824649774
CC1OC(=O)NC1=N,1.6484112034340797
CC1OC(=O)OC1=N,1.816855287159342
CN1CC(=N)OC1=O,0.5523268270517292
CN1CC(=O)CC1=O,0.5557617491558631
CN1CC(=O)NC1=O,0.5562406697772531
NC1CC(=O)NC1=O,1.4195422217981104
N=C1CC(O)C(=O)O1,1.8605379908749455
O=C1CC(=O)C(O)C1,0.7403801796008338
O=C1CC(O)C(=O)N1,1.124168689852013
N=C1OC(=O)CC1O,1.7042446947816643
CC1=CC(=O)C(O)C1,1.665037939663307
NC1=CC(=O)C(O)C1,1.383224147164583
C#CCC1CC(=N)O1,1.1067751364007563
N#CCC1CC(=N)O1,1.7510655802980182
C#CCC1CC(=O)C1,0.28711865473451326
C#CCC1CC(=O)N1,0.32046502690900525
C#CCC1CC(=O)O1,0.4161558707091899
N#CCC1CC(=O)C1,0.5546173465627362
N#CCC1CC(=O)N1,0.5141905955788388
N#CCC1CC(=O)O1,0.6250573726647417
N#CCN1CC(=O)C1,1.053317771626098
O=CCC1CC(=O)O1,0.3938025771967659
O=COC1CC(=O)C1,0.7826279174041701
CC#CC1CC(=N)O1,0.7681795080879965
CC#CC1CC(=O)C1,0.16345966292283265
CC#CC1CC(=O)N1,0.22343559996443219
CC#CC1CC(=O)O1,0.22928675824368838
CC1(C#N)COC1=N,1.4075901045926003
CC1(C=O)CCC1=O,0.6087373633254174
CC1(C=O)COC1=O,0.47584959833329776
CC1(C=O)OCC1=O,0.7795569749705464
C#CC1OC1(C)C#N,1.7822581158179673
C#CC1CC1(C)C=O,1.1118095173296751
CC1(C=O)CC1C#N,0.631031689736119
CC1(C=O)NC1C#N,0.7918541599246964
C#CC1OC1(C)C=O,0.49367445245843555
CC1(C=O)OC1C#N,0.5887044130140566
CC1(C#N)CC1C=O,0.524493130564224
C#CC1(C)CN1C=O,0.9183763623495906
CC1(C#N)CN1C=O,0.6179447755566798
C#CC1(C)OC1C=O,0.44276706788332376
CC1(C#N)OC1C=O,0.5542840885555051
CC1(C=O)OC1C=O,1.2906568182170304
C#CC1(C)CC=CC1,0.4023929165359732
CC1(C#N)CC=CC1,0.5524444347174722
C#CC1(C)CN=CO1,0.6355070668942062
CC1(C#N)CN=CO1,0.6930450530635426
N#CC1(N)CC=CC1,0.8456190951455937
C#CC1(O)CC=CC1,0.6707444408202718
N#CC1(O)CC=CC1,0.6547210085172992
C#CC1(C)C=CCC1,0.4198941727045167
CC1(C#N)C=CCC1,0.6458006493303401
C#CC1(C)COC=N1,0.8488382036448456
CC1(C#N)COC=N1,0.5782850050709385
C#CC1(C)C=CCO1,0.5325169285806624
CC1(C#N)C=CCO1,0.36284506653100834
N#CC1(N)C=CCC1,1.560362789883584
N#CC1(O)C=CCC1,0.6193069781911618
C#CC(=O)C1(C)CC1,0.8765966334012774
CC1(C(=O)C#N)CC1,1.4315704220753105
CC1(C(=O)C#N)CN1,1.2553276330327208
C#CC(=O)C1(C)CO1,0.9527619378513918
CC1(C(=O)C#N)CO1,0.8563499375504762
CC1(C(=O)C=O)CO1,0.9608457369959069
C#CC#CC1(C)CC1,0.6248004154240334
CC1(C#CC#N)CC1,0.8221985705586121
C#CC#CC1(C)CN1,0.6137266277564777
CC1(C#CC#N)CN1,1.0176376138151682
C#CC#CC1(C)CO1,0.5435595047711104
CC1(C#CC#N)CO1,0.8929555278282351
CC1(C#CC=O)CC1,1.3684014722657594
CC1(C#CC=O)CO1,0.9136100409123173
C#CC1(C#N)CCN1,0.8723452876893134
C#CC1(C#C)CCO1,0.2754494272303418
C#CC1(C#N)CCO1,0.5562168870164896
C#CC1(C#N)CNC1,0.8418796230598673
N#CC1(C#N)CCN1,0.8878645199747552
N#CC1(C#N)CCO1,0.4510290200578311
N#CC1(C#N)CNC1,0.9516371818863263
N#CC1(C#N)COC1,0.2737962258979678
C#CC1(C=O)CCC1,0.5027910330427403
N#CC1(C=O)CCC1,0.5106510456462274
N#CC1(C=O)CCN1,1.1999432114043884
C#CC1(C=O)CCO1,1.1372554679746827
N#CC1(C=O)CCO1,1.1011087707302067
N#CC1(C=O)CNC1,1.3042043125333294
C#CC1(C=O)COC1,0.6239419502071542
N#CC1(C=O)COC1,0.6419862370512419
O=CC1(C=O)CCO1,0.7150810888779233
C#CC1(CC#N)CC1,1.025591913918106
C#CC1(CC#N)CN1,0.9791113341543678
C#CC1(CC#N)CO1,0.9858572576576989
C#CCC1(C#C)CC1,0.7890042284725496
C#CCC1(C#N)CC1,0.70797553952616
C#CCC1(C#C)CN1,1.0217830255533045
C#CCC1(C#N)CN1,1.0080774057933013
C#CCC1(C#C)CO1,0.4671921556819143
C#CCC1(C#N)CO1,0.34205721759281005
N#CCC1(C#N)CC1,1.3718761230175005
N#CCC1(C#N)CN1,1.1284049332371069
N#CCC1(C#N)CO1,1.1984722175948264
C#CCC1(C=O)CC1,1.4026392354462587
C#CCC1(C=O)CO1,1.0368800457727048
N#CCC1(C=O)CC1,0.9022754047728085
N#CCC1(C=O)CN1,0.913728764246116
N#CCC1(C=O)CO1,0.6840646927448688
C#CC1(CC=O)CC1,0.7457745401261491
N#CC1(CC=O)CC1,0.6348503742046887
C#CC1(CC=O)CO1,0.9015626838099706
N#CC1(CC=O)CO1,1.251372048016492
C#CC1(OC=O)CC1,1.637650537333684
O=CCC1(C=O)CO1,1.1298878456382226
C#CC1(C#CC)CC1,0.6499168088139413
CC#CC1(C#N)CC1,0.6872281811447465
C#CC1(C#CC)CN1,1.04296065057315
CC#CC1(C#N)CN1,0.8320107833496877
C#CC1(C#CC)CO1,0.8390657739237213
CC#CC1(C#N)CO1,0.7828704526036745
CC#CC1(C=O)CC1,0.8390949717540934
CC#CC1(C=O)CO1,0.3962383783691621
C#CC1(C#C)CN1C,0.7468633226253587
C#CC1(C#N)CN1C,0.666221171597499
CN1CC1(C#N)C#N,0.8793373382959544
CC1NC1(C#N)C=O,1.1150366259807925
CC1OC1(C#N)C=O,0.6031133930137003
CN1CC1(C#N)C=O,1.150644129354987
CC1OC1(C=O)C=O,0.9301896742108511
C#CC1(C(C)=O)CC1,0.47258091066214547
CC(=O)C1(C#N)CC1,0.21009651775239035
C#CC1(C(C)=O)CN1,0.7909826060276828
CC(=O)C1(C#N)CN1,1.3334876146636816
C#CC1(C(C)=O)CO1,0.7216820844714675
CC(=O)C1(C#N)CO1,0.6473102016934718
C#CC1(C(N)=O)CC1,0.7912872648503253
N#CC1(C(N)=O)CC1,1.0937781831071334
N#CC1(C(N)=O)CN1,0.9673646902228938
C#CC1(C(N)=O)CO1,0.4726449662957748
N#CC1(C(N)=O)CO1,0.5625970893179328
CC(=O)C1(C=O)CC1,1.5352935266328132
CC(=O)C1(C=O)CO1,0.9298186195719609
NC(=O)C1(C=O)CC1,1.9550421455696778
NC(=O)C1(C=O)CO1,1.4202781268722902
[NH2+]=c1ccc(=O)[cH-]o1,0.35139284993601905
O=C1C=CC(=O)CC1,0.16849733643175568
N=C1COC(=O)CO1,0.9301031691702519
N=C1OCC(=O)CO1,1.1988643610693543
O=C1CCC(=O)CC1,0.3896634240863932
O=C1CCC(=O)NC1,0.7817256690468639
O=C1CCC(=O)OC1,0.8534293108859856
O=C1CNC(=O)CN1,0.5405032292819669
O=C1CNC(=O)NC1,0.6159034852498735
O=C1CNC(=O)OC1,0.6815239372081123
O=C1COC(=O)CN1,0.6011539001738129
O=C1COC(=O)CO1,0.7318269566112576
O=C1COC(=O)OC1,0.3919332085079077
CC1=CCC(=O)OC1,0.687576623111454
CC1=CNC(=O)OC1,0.6355835037156794
CC1C=CC(=O)OC1,0.5897940390659642
CC1C=CC(=O)CO1,0.7035725446876313
O=C1C=CC(O)CC1,0.48735580233915243
O=C1C=CC(O)CN1,0.993609050525265
O=C1C=CC(O)CO1,1.2811006646916212
C#CC1CC(C#C)C1,0.26403097998445446
C#CC1CC(C#N)C1,0.7247820614666125
C#CC1CC(C#N)N1,0.7966011884836917
C#CC1CC(C#C)O1,0.24052675314123917
C#CC1CC(C#N)O1,0.38097398083300504
N#CC1CC(C#N)C1,0.9314107041063835
N#CC1CC(C#N)N1,0.8694016946010379
N#CC1CC(C#N)O1,0.3894077185650531
C#CC1CC(C=O)C1,0.3988354887096648
N#CC1CC(C=O)C1,0.5534233375838085
N#CC1CC(C=O)N1,1.1730478183799278
C#CC1CC(C=O)O1,0.7073770248025539
N#CC1CC(C=O)O1,0.7968276145311393
C#CC1CN(C=O)C1,0.29733438535731693
N#CC1CN(C=O)C1,0.3091496836514125
CN=C1CC(C#N)O1,1.6691367382718454
C#CC1C=CC(=N)O1,1.322827304204111
N#C[c-]1ccc(=[NH2+])o1,0.41715556308918167
C#CC1C=CC(=O)C1,0.20796058619816904
N#CC1C=CC(=O)C1,0.16212839965010062
C#CC1C=CC(=O)N1,0.2915968618781335
C#CC1C=CC(=O)O1,0.3666626353315223
C#CC1=NCC(=N)N1,0.30395271461202356
N#CC1=NCC(=N)N1,0.23591654349729652
C#CC1=CNC(=O)C1,0.5027117390254716
N#CC1=CNC(=O)C1,0.4921661246116855
C#CC1=CCC(=O)C1,0.42580138646735577
N#CC1=CCC(=O)C1,0.403641348311794
C#CC1=CCC(=O)N1,0.49601961245753046
N#CC1=CCC(=O)N1,0.49961347634962294
C#CC1=NCC(=O)N1,0.6628399647925107
C#CC1=NCC(=O)O1,0.7573028670067288
C#CC1=CC(=N)OC1,0.3639550739189872
N#CC1=CC(=N)OC1,0.8438468983640632
C#CC1=CC(=O)CC1,0.20302364929011674
N#CC1=CC(=O)CC1,0.1822840461591113
C#CC1=CC(=O)NC1,0.32423786016624945
C#CC1COC(=N)C1,1.2904568144349469
N#CC1COC(=N)C1,2.0193490760848363
C#CC1CCC(=N)O1,1.6049079044732935
N#CC1CCC(=N)O1,1.9084870609967766
C#CC1OCC(=N)O1,1.5757388902147795
N#CC1OCC(=N)O1,1.7297237072762073
C#CC1COC(=N)N1,0.7336627464337653
N#CC1COC(=N)N1,0.8962760260019422
C#CC1COC(=N)O1,1.6948359998277738
N#CC1COC(=N)O1,1.9374468740188604
C#CC1CNC(=O)C1,0.396476586953213
N#CC1CNC(=O)C1,0.44311736022245896
C#CC1COC(=O)C1,0.4350766911447863
N#CC1COC(=O)C1,0.5437555901135056
C#CC1CCC(=O)C1,0.28428344465100963
N#CC1CCC(=O)C1,0.22260690401890315
C#CC1CCC(=O)N1,0.2010384416753368
C#CC1CCC(=O)O1,0.330999702338886
N#CC1CCC(=O)O1,0.7004125121329707
C#CC1CC(=O)CN1,1.0455653256831283
N#CC1CC(=O)CN1,1.1546413750220381
C#CC1CC(=O)CO1,0.4477712169482402
N#CC1CC(=O)CO1,0.6975478865260811
C#CC1OCC(=O)O1,0.506294337395957
N#CC1OCC(=O)O1,0.8791796754485404
C#CC1COC(=O)N1,0.5513201413432398
C#CC1CNC(=O)N1,0.5833183519644081
N#CC1CNC(=O)N1,0.6095496780089888
C#CC1CNC(=O)O1,0.37163391302783566
N#CC1CNC(=O)O1,0.5541680047299451
C#CC1COC(=O)O1,0.5721297866148234
N#CC1COC(=O)O1,1.2521683896084141
N=C1C=C(C=O)CO1,1.0757148754910304
O=CC1=CC(=O)CC1,0.15951447266343166
N=C1CN=C(C=O)N1,0.37679586099329754
O=CC1=CCC(=O)C1,0.11259211583637807
O=CC1=CCC(=O)N1,0.5626696076978988
O=CC1=CNC(=O)C1,0.6446505867643282
O=CC1=NCC(=O)N1,0.7461733503951109
O=CC1=NCC(=O)O1,0.2851198686312273
[NH2+]=c1cc[c-](C=O)o1,0.49403747973155987
O=CC1C=CC(=O)C1,0.22281449978072487
N=C1COC(C=O)O1,1.8941899742712849
N=C1OCC(C=O)O1,1.629799803818969
O=CC1CC(=O)CO1,0.6556898975904915
O=CC1CCC(=O)C1,0.26109367273056705
O=CC1CCC(=O)N1,0.8015555134734313
O=CC1CCC(=O)O1,1.1994329704612028
O=CC1CNC(=O)C1,0.9025128242301435
O=CC1CNC(=O)O1,0.964089635082928
O=CC1COC(=O)C1,0.3278622280340642
O=CC1COC(=O)N1,0.9957703158888762
O=CC1COC(=O)O1,1.233222697957899
O=CC1OCC(=O)O1,2.143553683657956
O=CN1CCC(=O)C1,0.6261321957117616
C#CC1C=C(C)CC1,0.8156075615534064
CC1=CC(C#N)CC1,0.5215812659698713
CC1=CC(C#N)NC1,0.5667195346304652
C#CC1C=C(C)CO1,0.5571260742799495
CC1=CC(C#N)OC1,0.3745682270237012
C#CC1COC(C)=N1,0.6428012184551335
C#CC1COC(N)=N1,0.7589720142204897
N#CC1COC(N)=N1,0.7589973480316985
C#CC1CC=C(C)C1,0.4953070547653624
CC1=CCC(C#N)C1,0.5915241398106446
C#CC1CN=C(C)O1,0.7654718378307734
CC1=NCC(C#N)O1,0.8590600024090236
C#CC1CN=C(N)O1,0.910155064002538
N#CC1CN=C(N)O1,0.8710114393288677
C#CC1C=CC(C)C1,0.5338041910217726
CC1C=CC(C#N)C1,0.5797379577179527
C#CC1C=CC(C)O1,0.5710986106496421
CC1C=CC(C#N)O1,0.43167376964265713
C#CC1C=CC(O)C1,0.5181486024084734
N#CC1C=CC(O)C1,0.6503127074593067
C#CC1=CCC(C)C1,0.3535331625262188
CC1CC=C(C#N)C1,0.40229476502099715
C#CC1=NCC(C)O1,0.5431677966807911
CC1CN=C(C#N)O1,0.5086347898231907
C#CC1=CCC(O)C1,0.5990612891655474
N#CC1=CCC(O)C1,0.6578665646102309
O=CC1=CCC(O)C1,0.6518635122956766
C#CC1=CC(C)CC1,0.3672056115883606
CC1C=C(C#N)CC1,0.4366759866970824
C#CC1=NC(C)CO1,0.5066588612953637
CC1COC(C#N)=N1,0.4963480268306739
C#CC1=CC(C)OC1,0.24523304622925934
CC1C=C(C#N)CO1,0.2650839522775641
C#CC1=CC(O)CC1,0.5430892373733514
N#CC1=CC(O)CC1,0.6126401582259859
O=CC1=CC(O)CC1,0.5527685496854247
CN=C1C=CC(=O)N1,1.3292867733089224
CN=C1C=CC(=O)O1,1.5685353798271535
CN=C1CCC(=O)O1,1.6451524751373654
CN=C1CNC(=O)O1,1.5565141456681886
CN=C1COC(=O)N1,1.506703951912641
CN=C1COC(=O)O1,1.9501099162334867
CCC1=CC(=O)OC1,0.5847125552063517
CNC1=CC(=O)OC1,0.4563818559890933
O=C1C=C(CO)CC1,0.4154522655662731
O=C1C=C(CO)CN1,0.5676279599756526
CCC1=NCC(=O)O1,1.0319037339722854
O=C1CC=C(CO)C1,0.8394064062176767
O=C1CC=C(CO)N1,0.9958412832183967
O=C1CN=C(CO)O1,1.161819143426328
CCC1C=CC(=O)O1,0.6581116848919919
COC1C=CC(=O)O1,0.6307005542203115
O=C1C=CC(CO)C1,0.3366585032435978
C#CC(=O)CC1CC1,1.0932866363982612
N#CC(=O)CC1CC1,1.2855470345020876
N#CC(=O)CC1CN1,1.9815879809630133
C#CC(=O)CC1CO1,1.5081546460169193
N#CC(=O)CC1CO1,1.3931846892864996
N#CC(=O)OC1CC1,2.58893791668379
O=CC(=O)CC1CO1,1.3703975644402817
CC(=O)C#CC1CC1,1.0919493594046799
CC(=O)C#CC1CN1,0.8748320285940281
CC(=O)C#CC1CO1,0.8111758858995017
NC(=O)C#CC1CC1,1.297605004050638
NC(=O)C#CC1CO1,0.9671295565240143
C#CC1CC(=O)C1C,0.3255469733630889
CC1C(=O)CC1C#N,1.0347176919513004
C#CC1NC(=O)C1C,0.3503342993044498
C#CC1OC(=N)C1C,1.2177427861406613
CC1C(=N)OC1C#N,1.508795855419521
C#CC1OC(=O)C1C,0.3711663123467588
CC1C(=O)OC1C#N,0.9560948988437303
C#CC1CC(=O)N1C,0.42328865867239074
CN1C(=O)CC1C#N,0.5112068928901863
C#CC1OC(=O)C1N,1.5030142766881909
N#CC1OC(=O)C1N,1.8083932495665067
C#CC1NC(=O)C1O,1.5614599534947047
C#CC1OC(=N)C1O,1.661929418289219
N#CC1OC(=N)C1O,1.98897984865107
C#CC1OC(=O)C1O,1.3563811088715738
N#CC1OC(=O)C1O,2.0805398932461685
CC1C(=O)CC1C=O,0.8370767839223845
CC1C(=O)OC1C=O,0.45235331721414695
CC1NC(C#N)C1=O,1.003399222081498
CN1CC(C#N)C1=O,0.4779760058972897
C#CC1CC(O)C1=O,1.5915029706720816
CC1CN(C=O)C1=O,0.7563220049160009
CC1OC(C=O)C1=O,0.6347519505743549
O=CN1CC(O)C1=O,1.8581257819896564
N=C1NC=CCC1=O,0.46485641082654183
O=C1CC=CCC1=O,1.1763064106216916
N=C1NCC=CC1=O,0.5370308642886812
O=C1C=CCCC1=O,0.9903682817475783
O=C1C=CCNC1=O,0.6835935273702489
N=C1OCCOC1=O,1.554897570878893
N=C1OCOCC1=O,1.2698723707017052
O=C1CCCCC1=O,1.1332743042421498
O=C1CCCNC1=O,0.9060312036963296
O=C1CCCOC1=O,1.370432204552344
O=C1CCOCC1=O,0.8946737644055247
O=C1COCOC1=O,1.1184931267307547
O=C1NCCNC1=O,0.7718667070748779
O=C1NCCOC1=O,1.0475951055705082
O=C1OCCOC1=O,1.4037148476272705
CC1=CCCOC1=O,0.5611280547309434
CC1=CCOCC1=O,0.66312628313608
CC1C=CCOC1=O,0.6353830373409437
CN1C=CCOC1=O,0.6613638280323357
O=C1NCC=CC1O,1.0068756415694224
O=C1OCC=CC1O,1.3070413729928987
CC1CN=COC1=O,1.2517446537040087
O=C1CC=CCC1O,1.0392781319460482
O=C1NC=CCC1O,0.9786216650281858
O=C1OC=NCC1O,1.334461891594401
CC1OCC=CC1=O,0.9300946520052094
O=C1C=CCCC1O,1.6794949749928492
O=C1C=CCCC=C1,0.5127178330312745
O=C1C=CCNC=C1,0.5342333419903298
O=C1CC=CC=CC1,0.8690565180040721
O=C1CC=CC=CN1,0.7247951773642853
O=C1NC=CC=CN1,0.7961327170378354
O=C1C=CCC=CC1,0.4278614798531635
O=C1C=CCC=CN1,0.6377582387231087
O=C1C=CCN=CN1,1.2007162056142988
O=C1C=CCN=CO1,1.4541907682596502
N=C1C=CC=CCO1,0.5518127765117242
O=C1C=CC=CCC1,0.5421413555013714
O=C1C=CC=CCN1,0.45735561590481666
O=C1C=CC=CCO1,0.4397974334879109
O=C1CCC=CCO1,0.41151804150104
O=C1OCC=CCO1,0.5596090055951208
O=C1CC=CCCO1,0.5782902840819588
O=C1CN=COCO1,1.1209440030143014
O=C1NC=CCCO1,0.7119728396155551
O=C1OC=NCCO1,1.0375778276793426
O=C1C=CCCCO1,0.7403628459396714
O=C1C=CCOCO1,0.88078182820027
CC1=CC=CC=CC1,0.7597566821223154
CC1=CC=CCC=C1,0.8281845068995608
CC1=CCC=CC=C1,0.8624195217344095
CC1C=CC=CC=C1,0.8277248791600869
OC1C=CC=CC=C1,0.8688511535783618
CC1=C(C)C(=O)CC1,0.25140519017622864
CC1=C(C)C(=O)OC1,0.45543846399959875
CC1=C(N)COC1=O,0.5168752994177339
CC1=CCC(=O)C1=O,0.835935456214429
CC1=CNC(=N)C1=O,0.40059310018477845
CC1=CNC(=O)C1=O,0.5803342411036283
NC1=NCC(=O)C1=O,0.7352390483538329
CC1C(=O)C=CC1=O,0.39199146811370156
CN1C(=N)C=CC1=O,0.6352208301905193
CN1C(=O)C=CC1=O,0.6160486036405928
O=C1C=CC(=O)C1O,1.2097656284640834
CC1=CCC(=O)C1O,1.0953519815775508
CC1=CNC(=O)C1O,0.8303706706974481
CC1C(=O)CCC1=O,0.4028394011693308
CC1C(=O)CNC1=O,0.4579417222266784
CC1C(=O)COC1=O,0.41056191457209934
CN1C(=N)COC1=O,0.6780106462738331
CN1C(=N)OCC1=O,0.8177448808855843
CN1C(=O)CCC1=O,0.579333160947499
CN1C(=O)CNC1=O,0.38398258194865775
CN1C(=O)COC1=O,0.4949436193219299
N=C1OCC(=O)C1O,1.1871616091229953
O=C1CCC(=O)C1O,1.2537043914489914
O=C1CNC(=O)C1O,1.277233870474447
O=C1COC(=O)C1O,1.2637454521027394
CC1C=CC(=O)C1=O,0.913210414310015
CN1C=CC(=O)C1=N,0.2937242218395113
CN1C=CC(=O)C1=O,0.921025446466956
O=C1C=CC(O)C1=O,0.9744257217262202
CC1C(=O)C=CC1O,0.5106729236049432
CC1C=CC(=O)C1O,1.784469640640964
O=C1C=CC(O)C1O,1.4179851583394338
CC1C=CC(O)C1=O,1.3098413715306378
O=C1C(O)C=CC1O,1.1775707882752613
CC1=CCC(O)C1=O,1.5559618631123158
CC1CCC(=O)C1=O,1.062902823652621
CC1CNC(=O)C1=O,0.6606044123072934
CC1COC(=O)C1=O,0.9137828060847824
CC1OCC(=O)C1=O,0.682635686123831
CN1CCC(=O)C1=O,0.6391662925616401
O=C1CCC(O)C1=O,1.2591060990544065
O=C1NCC(O)C1=O,1.0326104684263555
N=C1OCC(O)C1=O,1.5275791494459554
O=C1OCC(O)C1=O,1.2308803135201742
C#CCC1COC1=N,1.1403217028346262
N#CCC1COC1=N,1.614160868588442
C#CCC1CCC1=O,0.6307789502643573
C#CCN1CCC1=O,1.0509393865067977
N#CCN1CCC1=O,0.7205380628292914
N#CCC1NCC1=O,1.103297029805617
C#CCC1OCC1=O,0.5269862933655531
C#CCC1CNC1=O,1.1341663483253797
N#CCC1CNC1=O,0.8102831071100809
C#CCC1COC1=O,0.8690513750480022
N#CCC1COC1=O,0.700042273836516
N=C1OCC1OC=O,1.5323149669002305
O=CCC1COC1=O,1.2471192056782456
O=CCC1OCC1=O,0.612912489905284
O=CNC1COC1=O,1.7831830584837007
CC#CC1CNC1=O,1.1948718229705264
CC#CC1COC1=N,1.1083196009840321
CC#CC1COC1=O,0.9372621889233415
C#CC(=O)C1CCC1,0.9176108512729115
C#CC(=O)C1CCO1,1.1057007759445696
C#CC(=O)C1COC1,0.8376379373930831
C#CC(=O)N1CCC1,0.43753747237860807
N#CC(=O)C1CCC1,1.06148992618364
N#CC(=O)C1CCN1,1.027686756257026
N#CC(=O)C1CCO1,0.784731467392703
N#CC(=O)C1COC1,0.6281861393199506
N#CC(=O)N1CCC1,0.4010601566351397
O=CC(=O)C1CCO1,0.8880155160313734
O=CC(=O)C1COC1,0.5079335520695167
C#CC#CC1CCC1,0.49961459201585967
C#CC#CC1CCO1,0.2646623932851071
C#CC#CC1COC1,0.3796281594568427
N#CC#CC1CCC1,0.9539169528943603
N#CC#CC1CCO1,0.3155290696086013
N#CC#CC1COC1,0.19122680032160133
N#CCN=C1CCO1,1.2289290113076277
O=CC#CC1CCC1,0.8991803802491631
O=CC#CC1CCO1,0.28203521165414713
O=CC#CC1COC1,0.1997834247431456
C#CCC1=CCCC1,0.5855920820431493
C#CCC1=CCOC1,0.397663711448331
C#CCC1=NCCO1,0.6366639867374033
N#CCC1=CCCC1,0.5131820867100032
N#CCC1=CCOC1,0.38542816031076654
N#CCC1=NCCO1,0.6931414630507788
C#CCC1CC=CC1,1.1991907345891377
C#CCC1CN=CO1,0.8179176188496058
N#CCC1CC=CC1,0.6748069394216145
N#CCC1CN=CO1,0.7338627230037673
C#CCC1C=CCC1,0.5414277909840166
C#CCC1COC=N1,0.5107018493254145
C#CCC1C=CCO1,0.3782765964824648
N#CCC1C=CCC1,0.6076045527843235
N#CCC1COC=N1,0.5485548645556264
N#CCC1C=CCO1,0.3251317818321695
O=COC1=NCCC1,1.9429486923581862
O=COC1CC=CC1,1.0171713464951608
O=COC1CN=CO1,0.9702483638084232
CC#CC1=CCCC1,0.3580855479431193
CC#CC1=CCOC1,0.2518632396531757
CC#CC1=NCCO1,0.5260474184651684
CC#CC1CC=CC1,0.3387367466275464
CC#CC1CN=CO1,0.5577772430588084
CC#CC1C=CCC1,0.41895061744617124
CC#CC1COC=N1,0.45502566707727965
CC#CC1C=CCO1,0.6040468800583767
CC(=O)C1CNC1=O,0.3085155492062768
CC(=O)C1COC1=O,0.3875716022103006
CC(=O)C1OCC1=O,0.5895284285979869
CC(=O)N1CCC1=O,1.0860662277300435
NC(=O)C1CCC1=O,0.6667443923761311
NC(=O)C1COC1=O,0.6671492435743858
NC(=O)C1OCC1=O,0.4235872221433965
NC(=O)N1CCC1=O,1.7154334778224438
C#CC(=O)C1CC1C,0.6833772239606333
CC1CC1C(=O)C#N,1.282519140499062
C#CC(=O)N1CC1C,0.9791738931598957
CC1CN1C(=O)C#N,0.8516616856159089
CC1NC1C(=O)C#N,1.2561313489131862
C#CC(=O)C1OC1C,0.787100274097611
CC1OC1C(=O)C#N,0.6961387714381999
CN1CC1C(=O)C#N,1.1885625607883412
CC1OC1C(=O)C=O,0.8830999400670407
C#CC#CC1CC1C,0.7777657029946567
CC1CC1C#CC#N,1.1418330511460226
C#CC#CC1NC1C,0.6818714539822395
C#CC#CC1OC1C,0.6440977055608528
CC1OC1C#CC#N,1.0959495166898705
C#CC#CC1CN1C,0.6895980218869227
CN1CC1C#CC#N,0.86434021111927
CC1CC1C#CC=O,1.332935059996089
CC1OC1C#CC=O,1.1116459496133757
C#CC1CC1C(C)=O,0.3425314850646828
CC(=O)C1CC1C#N,0.16881486624515674
CC(=O)C1NC1C#N,1.3611007355484617
C#CC1OC1C(C)=O,0.43162302038217604
CC(=O)C1OC1C#N,0.5590463554963208
C#CC1CN1C(C)=O,0.6310674727264995
CC(=O)N1CC1C#N,0.798235287415082
C#CC1CC1C(N)=O,0.4567204746417701
N#CC1CC1C(N)=O,0.8801120468269801
N#CC1NC1C(N)=O,0.8488605442053085
C#CC1OC1C(N)=O,0.3138560583738581
N#CC1OC1C(N)=O,0.6524072232605249
N#CC1CN1C(N)=O,1.1352166811157076
CC(=O)C1OC1C=O,0.6738074103141116
NC(=O)C1OC1C=O,0.8173726833720139
CC(=O)C1=CCOC1,0.4164892103490274
C#CC1CNC1C#N,0.8356048105088121
C#CC1NCC1C#N,0.9602686920734413
C#CC1OCC1C#N,0.3940211391527555
N#CC1CNC1C#N,0.9803151936557697
N#CC1COC1C#N,0.39468389998910425
C#CC1CCC1C=O,0.35055547355659655
N#CC1CCC1C=O,0.5197569321462652
N#CC1NCC1C=O,1.1383193520396162
C#CC1OCC1C=O,0.5531883671537798
N#CC1OCC1C=O,0.6174646032122837
N#CC1CNC1C=O,1.021092672359373
C#CC1COC1C=O,0.5866631771277753
N#CC1COC1C=O,0.6819716735681141
C#CC1CCN1C=O,0.8692198136122897
N#CC1CCN1C=O,0.3354083843569242
CN=C1OCC1C#N,1.5188596920161217
C#CC1=CCCCC1,0.38846911578366417
C#CC1=CCCOC1,0.44308037993323524
C#CC1=CCOCC1,0.3705302731050324
C#CC1=NCCCO1,1.046972998565252
N#CC1=CCCCC1,0.4535245230399596
N#CC1=CCCOC1,0.5760702148836572
N#CC1=CCOCC1,0.41790635279721755
N#CC1=NCCCO1,1.0604835942267528
C#CC1CC=CCO1,0.49161563800953445
C#CC1CC=CCC1,0.5836205345531198
C#CC1CCN=CO1,0.9934251558897813
C#CC1CN=COC1,0.8087430235609645
N#CC1CC=CCO1,0.5651071231841343
N#CC1CC=CCC1,0.7236052228818153
N#CC1CCN=CO1,1.0710515764130832
N#CC1CN=COC1,1.0625001765820343
C#CC1C=CCCC1,0.9399284434311994
C#CC1CCOC=N1,0.8024145773397322
C#CC1C=CCOC1,0.7931214492000436
C#CC1C=CCCO1,0.9406174632640614
N#CC1C=CCCC1,0.5527317870892148
N#CC1CCOC=N1,1.0255118307704834
N#CC1C=CCOC1,0.6108387091881013
N#CC1C=CCCO1,0.9270364172934933
C#CC(C#C)C1CC1,0.6239721276469936
C#CC(C#C)C1CN1,0.9637408937924192
C#CC(C#C)C1CO1,0.34319770174624864
C#CC(C#C)N1CC1,1.0834921654422942
C#CC(C#N)C1CC1,1.2699200722836395
C#CC(C#N)C1CN1,0.9663323441654939
C#CC(C#N)C1CO1,0.4067343591887038
C#CC(C#N)N1CC1,1.1213398200252414
N#CC(C#N)C1CC1,1.9625971455989202
N#CC(C#N)N1CC1,1.2029385333607934
C#CC(C=O)C1CC1,0.8154985798992129
C#CC(C=O)C1CO1,0.9204803205102507
N#CC(C=O)C1CC1,0.972813010950631
N#CC(C=O)C1CO1,1.2610577822233608
C#CC#CCC1CC1,0.324476504134509
C#CC#CCC1CN1,0.6512961818370968
C#CC#CCC1CO1,0.3232363446295494
C#CC#CCN1CC1,0.8713587656293384
N#CC#CCC1CC1,1.0182114205854305
N#CC#CCC1CN1,0.8876965168001334
N#CC#CCC1CO1,0.2953196261642006
N#CC#CCN1CC1,1.164496146438978
C#CCC#CC1CC1,0.6883175078692148
C#CCC#CC1CN1,0.644806426445939
C#CCC#CC1CO1,0.5118619529002899
N#CCC#CC1CC1,0.8640483960789425
N#CCC#CC1CN1,0.8550282526884985
N#CCC#CC1CO1,0.766904164242078
O=CC#CCC1CC1,0.82211059610745
O=CC#CCC1CO1,0.22271871565862966
O=CCC#CC1CC1,0.7214969108990772
O=CCC#CC1CO1,0.5488901362023171
CC#CC#CC1CC1,0.5094121650672605
CC#CC#CC1CN1,0.4817018178582657
CC#CC#CC1CO1,0.38774074826687865
C#CC1C(C)C1C#C,0.9753404056918953
C#CC1C(C)C1C#N,0.9165170890901209
CC1C(C#N)C1C#N,1.433734762331369
CN1C(C#N)C1C#N,0.7832340513177769
C#CC1C(C)C1C=O,0.927302109395896
CC1C(C#N)C1C=O,0.9271498344060092
CN1C(C#N)C1C=O,1.0616721337137278
C#CC1CC1CC#N,1.1096525241555355
C#CC1CN1CC#N,0.9730329606900341
C#CC1NC1CC#N,1.0091391401620058
C#CC1OC1CC#N,1.001903738013425
C#CCC1CC1C#C,0.9549733538260625
C#CCC1CC1C#N,0.9028947906372196
C#CCC1NC1C#C,0.9570454746481118
C#CCC1OC1C#C,0.5430698084346659
C#CCC1OC1C#N,0.41396924432228843
C#CCN1CC1C#C,1.0163641203434963
C#CCN1CC1C#N,1.1429384325965657
N#CCC1CC1C#N,1.529754809640508
N#CCN1CC1C#N,1.165616847903948
C#CCC1CC1C=O,0.1768971959791088
N#CCC1CC1C=O,0.26694978348859877
N#CCC1NC1C=O,1.0432417443225859
C#CCC1OC1C=O,0.5104281570747844
N#CCC1OC1C=O,0.6393418877214572
N#CCC1CN1C=O,1.221325629412604
C#CC1CC1CC=O,0.6578821023194905
N#CC1CC1CC=O,0.6375113769136078
N#CC1NC1CC=O,1.6355447560126777
C#CC1OC1CC=O,0.6513526999151509
N#CC1OC1CC=O,1.162956879230478
N#CC1CN1CC=O,1.0277318727567035
O=CCC1OC1C=O,0.8187961388630356
C#CC1CC1C#CC,1.0926737540557951
CC#CC1CC1C#N,0.8553403402238473
CC#CC1NC1C#N,0.9288345465374732
C#CC1OC1C#CC,0.9275030383632838
CC#CC1OC1C#N,0.7165499329857994
CC#CC1CC1C=O,0.46940591183556535
CC#CC1CN1C=O,0.6542971093440428
CC#CC1OC1C=O,0.36982650469144573
C#CC1CC=CC1=O,0.5200527472661634
N#CC1CC=CC1=O,0.21431852957357478
N#C[c-]1cc[nH]c1=[NH2+],0.7178697130457294
C#CC1N=CNC1=N,0.5984425291644584
C#CC1C=CCC1=O,0.46670528933100286
N#CC1C=CCC1=O,0.49879365131891973
C#CC1C=CNC1=O,0.5673490975586901
C#CC1N=CNC1=O,0.6269671774898598
C#CC1N=COC1=O,0.6487203235974448
C#CC1=CCOC1=N,0.21201916635982343
N#CC1=CCOC1=N,1.2422605015399313
C#CC1=CCCC1=O,0.22358969811466523
N#CC1=CCCC1=O,0.14181509029549488
C#CC1=CCNC1=O,0.34276079552364536
N#CC1=CCNC1=O,0.17996868264162913
C#CC1=CCOC1=O,0.2730664433875063
N#CC1=CCOC1=O,0.29833647233863303
C#CC1CCOC1=N,1.2496236612096254
N#CC1CCOC1=N,1.7987432439258555
C#CC1OCOC1=N,1.2422755766565388
N#CC1OCOC1=N,1.677986919257819
C#CC1CCCC1=O,0.557479495930238
N#CC1CCCC1=O,0.3098544316708285
C#CC1NCCC1=O,1.359145133932543
N#CC1NCCC1=O,1.3661563413716067
C#CC1CNCC1=O,0.9282378821935708
N#CC1CNCC1=O,1.1087246154474997
C#CC1COCC1=O,0.4054575731370278
N#CC1COCC1=O,0.4604839199655544
C#CC1CCNC1=O,0.7777750909281167
N#CC1CCNC1=O,0.3999711836586357
C#CC1CCOC1=O,0.6428891929081146
N#CC1CCOC1=O,0.6033166621637065
C#CC1OCOC1=O,1.0537134525784495
N#CC1OCOC1=O,1.3193032919753023
O=CC1=CCCC1=O,0.8782280656141666
O=CC1=CCNC1=O,1.2137439622110833
O=CC1=CCOC1=O,1.1843764408022253
N=C1CC=CN1C=O,0.5173000421418692
N=C1CN=CN1C=O,1.7802164717613778
N=C1NC=NC1C=O,0.5276502242904826
N=CN1C=CCC1=O,0.4916451895915088
N=CN1C=NCC1=O,1.7242730191519513
O=CC1C=CNC1=O,0.7448747952221311
O=CC1N=CNC1=O,0.6294063800851291
O=CN1C=CCC1=O,0.6881818318342994
O=CN1C=NCC1=O,0.9447318812181038
N=C1C=CCN1C=O,2.166282657746706
N=CN1CC=CC1=O,2.3170481758243113
O=CC1CC=CC1=O,0.9053984842503269
O=CN1CC=CC1=O,1.5298693424192606
N=C1OCOC1C=O,0.8197055438195093
O=CC1CCNC1=O,1.153926667628184
O=CC1CCOC1=O,1.29101935568724
O=CC1OCCC1=O,0.5773122791888454
O=CC1OCOC1=O,0.6388896070620831
O=CN1CCCC1=O,1.4503632400883362
O=CN1CCNC1=O,1.6609312225373287
O=CN1CCOC1=O,1.828054954758045
C#CC1=C(C)CCC1,0.36530418786787777
CC1=C(C#N)CCC1,0.4311028744905343
C#CC1=C(C)COC1,0.24629480780640733
CC1=C(C#N)COC1,0.24895621868563467
CC1=C(C=O)COC1,0.38151192297846137
C#CC1CCC=C1C,0.526346988757723
CC1=CCCC1C#N,0.558285334302127
CC1=CCNC1C#N,0.5611619057126518
C#CC1OCC=C1C,0.4687989071608172
CC1=CCOC1C#N,0.3675285836816329
C#CC1CC=CC1C,0.43832935130376427
CC1C=CCC1C#N,0.5942934166796476
C#CC1OC=NC1C,0.6880478973307618
CC1N=COC1C#N,0.6703324602403882
N#CC1CC=CC1O,0.5249145262914681
C#CC1C=CCC1C,1.0329195627055014
CC1CC=CC1C#N,0.5235988551485207
C#CC1N=COC1C,0.5122768178916886
CC1OC=NC1C#N,0.7076940920251218
N#CC1C=CCC1O,0.6555445342964958
C#CC1=CCCC1C,0.35584270280378405
CC1CCC=C1C#N,0.41130805113607494
C#CC1=CCOC1C,0.22678665653984353
CC1OCC=C1C#N,0.25240784859306586
C#CC1=CCCC1O,0.5895903073196678
N#CC1=CCCC1O,0.6349938599123561
O=CC1=CCCC1O,1.1002908232894697
CN=C1NC=CC1=O,0.7774320368225744
CN=C1OCOC1=O,1.7577193115830596
CCC1=CCOC1=O,1.1528381028256263
O=C1CCC=C1CO,1.2359171978987433
O=C1OCC=C1CO,1.6764243590951082
CCC1N=COC1=O,0.7568464774212771
O=C1CC=CC1CO,0.885102535767146
O=C1OC=NC1CO,0.9748897849240166
O=C1C=CCC1CO,1.2814074732159497
C#CCC(=O)C1CC1,0.4455090789269889
C#CCC(=O)C1CO1,0.8559020923476055
C#CCC(=O)N1CC1,0.9568490083474899
N#CCC(=O)C1CC1,0.30654824669181835
N#CCC(=O)C1CN1,1.589056230519418
N#CCC(=O)C1CO1,0.6542869050699665
N#CCC(=O)N1CC1,0.9542464285113965
O=CCC(=O)C1CO1,1.2015378538071673
CC#CC(=O)C1CC1,0.7846407173765328
CC#CC(=O)C1CN1,1.4129753492998134
CC#CC(=O)C1CO1,0.8552807472606219
CC#CC(=O)N1CC1,0.9657505100312846
C#CC1C(=N)OC1C,1.2569795010076632
CC1OC(=N)C1C#N,1.4617813880104222
CN1CC(=O)C1C#N,0.9930679246444925
N#CC1C(=O)CC1O,0.5366918102590716
CC1CC(=O)N1C=O,0.9988869462631556
CC1OC(=O)C1C=O,0.38079950133942475
O=C1OC2CC2C1=O,1.0132232990381453
N#CC1=CC2OC2C1,0.5749211591355561
CC(=O)C(=O)C1CC1,1.2152747666732466
CC(=O)C(=O)C1CO1,0.9264309636655526
NC(=O)C(=O)C1CC1,0.8100496877286787
NC(=O)C(=O)C1CO1,0.9854542296252475
C1=CC=CC=CC=C1,0.7407565676730883
C1=CC=CCCC=C1,0.528648311194047
N#CC1=CCC2OC12,0.5270047154826898
N#CC1C2CC(=O)C12,0.9666592891262553
C#Cc1cncnn1,1.0569077987092896
C#Cc1cnncn1,1.0347004943487264
C#Cc1nccnn1,1.1231997735685582
C#Cc1ncnnn1,1.3373871986204904
C#CCc1ccn[nH]1,0.359000041429681
C#CCc1ccno1,0.4310570232828468
C#CCc1cnn[nH]1,0.3750396373015974
C#CCc1cn[nH]c1,0.7196048479017918
C#CCc1c[nH]nn1,0.44010734411131125
C#CCc1cnoc1,0.4735538270233519
C#CCc1ncn[nH]1,0.5139797616611759
C#CCc1ncno1,0.40798472297319677
C#CCc1cc[nH]n1,0.5020379031502671
C#CCc1nc[nH]n1,0.5121668566262088
C#CCc1cn[nH]n1,0.3547450221794861
C#CCc1ccon1,0.6376558150186611
C#CCc1ncon1,0.5514163608531817
C#CCc1cnon1,0.9386145682437927
C#CCn1cccn1,0.5323387483404076
C#CCn1ccnn1,0.6586816548551724
C#CCn1cnnc1,1.1537771137809614
C#CCn1cnnn1,0.6517153462282295
C#CCn1nccn1,0.48995914409897523
C#CCn1ncnn1,0.5283444414999394
C1=Cc2conc2C1,0.5289794467080355
C1=Cc2nocc2C1,0.5207481617781013
CC#Cc1ccn[nH]1,0.34335008557900437
CC#Cc1ccno1,0.2843580310945981
CC#Cc1cnn[nH]1,0.341202044954116
CC#Cc1cn[nH]c1,0.4195010768362408
CC#Cc1c[nH]nn1,0.43638613087387057
CC#Cc1cnoc1,0.46155800830638327
CC#Cc1ncno1,0.421675185982167
CC#Cc1cc[nH]n1,0.4050410754625773
CC#Cc1nc[nH]n1,0.41901840104219445
CC#Cc1cn[nH]n1,0.37410182364692446
CC#Cc1nn[nH]n1,0.4405679514620715
CC#Cc1ccon1,0.47858733718567237
CC#Cc1ncon1,0.46245560351781023
CC#Cc1cnon1,0.4916212979787815
CC(=O)c1ccn[nH]1,0.677881827508827
CC(=O)c1ccno1,0.5822002627937763
CC(=O)c1cn[nH]c1,0.605602800640554
CC(=O)c1c[nH]nn1,0.29898628054615983
CC(=O)c1cnoc1,0.6543416271942988
CC(=O)c1ncno1,0.2736266172469186
CC(=O)c1cc[nH]n1,0.36148667349152674
CC(=O)c1cn[nH]n1,0.38861328177335963
CC(=O)c1ccon1,0.3257782702530676
CC(=O)c1ncon1,0.342498913019881
CC(=O)c1cnon1,0.41142478803521954
CC(=O)n1cccn1,0.7548367251238233
CC(=O)n1ccnn1,0.6781268389440811
CC(=O)n1cnnc1,1.1016854891222465
CC(=O)n1nccn1,0.8140013815154816
C#Cc1cn[nH]c1C,0.44260951388241665
Cc1[nH]ncc1C#N,0.43910607347424957
C#Cc1cnoc1C,0.44627246751406346
Cc1oncc1C#N,0.46418423484828963
Cc1[nH]ncc1C=O,0.4906542320695735
Cc1oncc1C=O,0.539509523414381
Cc1[nH]nnc1C=O,0.3868136014789343
C#Cc1nn[nH]c1C,0.44665544074268837
Cc1[nH]nnc1C#N,0.4713024919237796
C#Cc1[nH]ncc1C,0.30134559047291987
Cc1cn[nH]c1C#N,0.43124763913147035
Cc1cn[nH]c1C=O,0.6905359988086275
C#Cc1[nH]nnc1C,0.3142543516205478
Cc1nn[nH]c1C#N,0.4356660356243083
Cc1nn[nH]c1C=O,0.6509133174586168
C#Cc1oncc1C,0.28918451693607494
Cc1cnoc1C#N,0.41195467561010446
Cc1cnoc1C=O,0.637659488556892
Cc1cc(=N)cno1,0.529346610113862
Cc1cnoc(=N)c1,0.3635357734747231
C#Cc1cc(C)[nH]n1,0.4607360607915325
Cc1cc(C#N)n[nH]1,0.47613969905432896
C#Cc1cc(C)on1,0.46301966860664834
Cc1cc(C#N)no1,0.40821441439220507
Cc1cc(=O)cn[nH]1,0.2783256993170653
Cc1cc(=O)cno1,0.2618640002237953
Cc1cn[nH]c(=O)c1,0.2717517518540262
Cc1cc(=O)[nH]nn1,0.9077876178707811
Cc1cc(C=O)n[nH]1,0.3292395057833346
Cc1cc(C=O)no1,0.4067036919423117
Cc1ccnn1C=O,0.6063614816539484
Cc1ccn[nH]c1=O,0.3074494338052318
Cc1ccnoc1=N,0.3252731178417889
Cc1cnn(C=O)c1,0.7186664083856158
Cc1cn(C=O)nn1,0.7705347090959549
Cc1cnc(O)nn1,1.271370439850216
Cc1cnncc1C,1.0873283740475017
Cc1cnnn1C=O,0.6523382423656585
Cc1cnn[nH]c1=O,0.8956439868361485
Cc1cnnoc1=O,1.2844815993867087
C#Cc1n[nH]cc1C,0.3321879152863403
Cc1c[nH]nc1C#N,0.5093634566655965
Cc1c[nH]nc1C=O,0.49361924053118855
Cc1c[nH]ncc1=O,0.2084789633481705
C#Cc1nocc1C,0.4407788942280604
Cc1conc1C#N,0.6298542252916377
Cc1conc1C=O,0.5727174984131125
Cc1concc1=N,0.39120299061869446
Cc1concc1=O,0.3510009241581429
C#Cc1n[nH]c(C)n1,0.4875971130295511
C#Cc1noc(C)n1,0.5762467080185161
Cc1nc(C#N)no1,0.6738468668427231
Cc1nc(=O)cno1,0.5738260635971528
Cc1cn[nH]c(=O)n1,0.6312382786763919
Cc1nc(C=O)no1,0.457141462195068
Cc1ncc(O)nn1,1.157671255457899
Cc1ncn[nH]c1=O,0.7593693278540741
Cc1ncnoc1=O,0.8164120665642258
Cc1ccn(C=O)n1,0.8492865930802509
Cc1cnn(C=O)n1,0.5996577086098114
Cc1ccc(C)nn1,1.1560814022577688
C#Cc1cc(C)n[nH]1,0.4493703220214229
Cc1cc(C#N)[nH]n1,0.556204914000773
C#Cc1nc(C)n[nH]1,0.5805551160337927
Cc1ccc(=O)[nH]n1,0.34332785386686737
Cc1ncc(=O)[nH]n1,0.6242108532514976
Cc1cnc(=O)[nH]n1,0.47894625553817605
Cc1cc(C=O)[nH]n1,0.6886943585359404
C#Cc1c[nH]nc1C,0.4238432814108819
Cc1n[nH]cc1C#N,0.4354208064960403
Cc1n[nH]cc1C=O,0.27492413838808716
Cc1n[nH]ccc1=O,0.21746087472092768
C#Cc1n[nH]nc1C,0.31161422005789063
Cc1n[nH]nc1C#N,0.27354898312842124
Cc1n[nH]nc1C=O,0.2568387079045351
C#Cc1cc(C)no1,0.33325846614570764
Cc1cc(C#N)on1,0.4133815869499813
C#Cc1nc(C)no1,0.6058340975305327
Cc1noc(C#N)n1,0.7305520753561723
Cc1ncc(=O)on1,0.8884246938378055
Cc1cc(C=O)on1,0.5677369144159456
Cc1noc(C=O)n1,0.47944395202648593
C#Cc1conc1C,0.5107734425164381
Cc1nocc1C#N,0.5543077080510557
Cc1nocc1C=O,0.3719967498200276
Cc1noccc1=N,0.5101404509514396
Cc1noccc1=O,0.6668591700581601
Cc1nocnc1=O,0.6673924318456557
C#Cc1nonc1C,0.4999383260274044
Cc1nonc1C#N,0.5496040544676362
Cc1nonc1C=O,0.348299430888801
Cc1noncc1=O,0.4322423246139806
CCc1noc(=O)o1,0.9999672932262911
C#Cc1cnn(C)c1,0.433768775248609
Cn1cc(C#N)cn1,0.46260553832689766
Cn1cc(C=O)cn1,0.555384027727996
Cn1cc(C=O)nn1,0.34358067497487355
C#Cc1cn(C)nn1,0.5486985407405882
Cn1cc(C#N)nn1,0.2157511553086806
C#Cc1ccn(C)n1,0.4160645492574986
Cn1ccc(C#N)n1,0.45751923804527905
Cn1ccc(=O)cn1,0.15945126058068126
Cn1ccc(C=O)n1,0.36489585361778154
Cn1cnc(=O)cn1,0.6207456176489359
Cn1nc(O)oc1=O,0.7187761519580818
C#Cc1cnn(C)n1,0.3715053935902688
Cn1ncc(C#N)n1,0.36323280175383843
Cn1ncc(C=O)n1,0.3180318924532912
C#Cc1ccnn1C,0.40762917883512273
Cn1nccc1C#N,0.49731593629439885
Cn1nccc1C=O,0.5734538660799444
Cn1ncccc1=O,0.2426873382210033
Cn1nccnc1=O,0.4347734745242633
Cn1ncnc1C#N,0.6254329443927418
Cn1ncnc1C=O,0.6285370575205889
Cn1ncncc1=O,0.5375970518671238
C#Cc1cnnn1C,0.3611382859508012
Cn1nncc1C#N,0.4631347184022161
Cn1nncc1C=O,0.5968554243190738
Cn1nnccc1=O,0.9409776333450282
COc1cncnn1,1.1369223732417595
COc1cnncn1,1.1851221147662727
COc1nccnn1,1.2435496687794512
COc1noc(=O)o1,1.343865851766168
N#Cc1cncnn1,1.045285402022273
N#Cc1cnncn1,1.039958879515325
N#Cc1nccnn1,1.0877073744140944
N#Cc1ncnnn1,1.2958707127436355
N#CCc1ccn[nH]1,0.38918651710446284
N#CCc1ccno1,0.4486430701708741
N#CCc1cnn[nH]1,0.5484750263112801
N#CCc1cn[nH]c1,0.5575959062971378
N#CCc1c[nH]nn1,0.6196052967570722
N#CCc1cnoc1,0.5844513801966968
N#CCc1ncn[nH]1,0.697196070348582
N#CCc1ncno1,0.6999636056825693
N#CCc1cc[nH]n1,0.6696323653650325
N#CCc1ccon1,0.4618957561924617
N#CCc1ncon1,0.7264757805751287
N#CCc1cnon1,0.8082185510556883
N#CCn1cccn1,0.6176482257305906
N#CCn1ccnn1,0.7396791867504362
N#CCn1cnnc1,0.9318802912184765
N#CCn1cnnn1,0.9231712285472895
N#CCn1nccn1,0.48352607004380843
N#CCn1ncnn1,0.7563174061888276
N=c1[nH]c(=O)cno1,0.7032374907321355
N=c1[nH]c(=O)nno1,1.2546191842575354
N=c1cnoc(=O)[nH]1,1.222570224377705
N=c1[nH]cn[nH]c1=O,0.4819791564332263
N=c1[nH]cnoc1=O,0.6666533430361596
N=c1[nH]ncc(=O)[nH]1,0.41542342148568423
N=c1[nH]ncc(=O)o1,0.44020884262863547
N=c1[nH]nc[nH]c1=O,0.4573753169588599
N=c1[nH]nnc(=O)o1,1.2207539723422087
N=c1nnoc(=O)o1,1.5166918687027646
N=c1ocnoc1=N,0.7533577855883777
N=c1ocnoc1=O,1.0317060975812637
N=c1onc[nH]c1=O,0.6270983636477467
N=c1oncoc1=O,0.8180731864140398
N=COc1ccn[nH]1,0.6471611648594262
N=COc1cn[nH]c1,0.7428388655571325
N=COc1cnoc1,0.8168989057030558
N=COc1conn1,1.9450483239033929
N=COc1ncno1,2.2553766965120303
N=COc1cc[nH]n1,0.5233906063131144
N=COc1nc[nH]n1,2.05979846694936
N=COc1ccon1,1.0673365673737862
N=COc1ncon1,2.3272395522471925
NC(=O)c1ccn[nH]1,0.9277706080501957
NC(=O)c1ccno1,0.9619132946027094
NC(=O)c1cn[nH]c1,1.182439859956503
NC(=O)c1cnoc1,1.112046256501344
NC(=O)c1ncno1,0.8102036226118798
NC(=O)c1cc[nH]n1,0.7080941540134518
NC(=O)c1cn[nH]n1,0.8948323524382431
NC(=O)c1ccon1,0.41737842444672424
NC(=O)c1ncon1,0.6104623755418288
NC(=O)c1cnon1,0.7259087494421692
NC(=O)n1cccn1,0.5387202295769384
NC(=O)n1ccnn1,0.6713809970769944
NC(=O)n1cnnc1,1.0292358467777376
NC(=O)n1nccn1,0.666869972983477
C#Cc1cn[nH]c1N,0.5163400784076657
N#Cc1cn[nH]c1N,0.492090177594946
C#Cc1cnoc1N,0.329606043325839
N#Cc1cnoc1N,0.2449233805091353
Nc1[nH]ncc1C=O,0.5223355387406627
Nc1oncc1C=O,0.3364182537970919
C#Cc1nn[nH]c1N,0.47767600022234546
N#Cc1nn[nH]c1N,0.4165963144168927
C#Cc1[nH]ncc1N,0.5514609331221436
N#Cc1[nH]ncc1N,0.5332101933909144
Nc1cn[nH]c1C=O,0.5267738811835443
C#Cc1[nH]nnc1N,0.43557215629880375
N#Cc1[nH]nnc1N,0.4244430478538561
C#Cc1oncc1N,0.5212486066193378
N#Cc1oncc1N,0.5156979166022211
Nc1cnoc1C=O,0.5559250447658997
C#Cc1cc(N)[nH]n1,0.7547498119147349
N#Cc1cc(N)[nH]n1,0.7134546363467962
C#Cc1cc(N)on1,0.5034853046781791
N#Cc1cc(N)on1,0.417991007459932
Nc1cc(=O)cn[nH]1,0.47551054429823125
Nc1cc(=O)cno1,0.4313841587227216
Nc1cn[nH]c(=O)c1,0.30869811048069096
Nc1cc(=O)[nH]nn1,0.2715724015270098
Nc1cnoc(=O)c1,0.2849847912475525
Nc1cc(C=O)n[nH]1,0.7784205180996651
Nc1cc(C=O)no1,0.4900961262774217
Nc1cnnc(O)c1,1.2031230266438797
Nc1ccnn1C=O,0.5377689734887099
Nc1ccn[nH]c1=O,0.3660335349995876
Nc1ccnoc1=O,0.3535204275885917
Nc1cnn(C=O)c1,0.7538366245771613
Nc1cnc(O)nn1,1.0528229051215021
Nc1cnnc(O)n1,1.3095261002599727
Nc1cnn[nH]c1=O,0.373372666999785
C#Cc1n[nH]cc1N,0.5913744771169149
N#Cc1n[nH]cc1N,0.6046647692928673
Nc1c[nH]nc1C=O,0.6173280836210324
Nc1c[nH]ncc1=O,0.34899849172688846
C#Cc1nocc1N,0.7054516550560948
N#Cc1nocc1N,0.6504983980448742
Nc1conc1C=O,0.6736897210139432
Nc1concc1=O,0.504937223291563
C#Cc1n[nH]c(N)n1,0.6954364452321897
N#Cc1n[nH]c(N)n1,0.6837729321214283
C#Cc1noc(N)n1,0.6015510777488089
N#Cc1noc(N)n1,0.517204312442118
Nc1nc(=O)cno1,0.6535665377014084
Nc1cn[nH]c(=O)n1,0.5436471798984712
Nc1nc(C=O)no1,0.5852657629457099
Nc1ncn[nH]c1=O,0.5052126842838334
Nc1ncnoc1=O,0.5958199489487015
Nc1ccn(C=O)n1,0.769109376014967
Nc1cnn(C=O)n1,0.6713685070462816
C#Cc1cc(N)n[nH]1,0.6923697205638746
N#Cc1cc(N)n[nH]1,0.6297919383941917
C#Cc1nc(N)n[nH]1,0.5861639295944769
N#Cc1nc(N)n[nH]1,0.5122400280761212
Nc1ccc(=O)[nH]n1,0.6677806840871199
Nc1ncc(=O)[nH]n1,0.5347260043727147
Nc1cnc(=O)[nH]n1,0.6214829649234161
Nc1cc(C=O)[nH]n1,0.715737563878065
Nc1n[nH]c(C=O)n1,0.6020078755063878
C#Cc1c[nH]nc1N,0.4138776779655018
N#Cc1c[nH]nc1N,0.5049382301149308
Nc1n[nH]cc1C=O,0.5282442763418658
Nc1n[nH]ccc1=O,0.2572104972477973
C#Cc1n[nH]nc1N,0.3817269474548084
N#Cc1n[nH]nc1N,0.4066343028734991
C#Cc1cc(N)no1,0.7424168439702044
N#Cc1cc(N)no1,0.715616445939304
C#Cc1nc(N)no1,0.695658326978446
N#Cc1nc(N)no1,0.5908046704225853
Nc1ccc(=O)on1,0.8977173321727605
Nc1ncc(=O)on1,0.7358615907396597
Nc1cnc(=O)on1,0.9054716284881579
Nc1cc(C=O)on1,0.7450401044698083
Nc1noc(C=O)n1,0.6700042091324576
C#Cc1conc1N,0.41688861926377285
N#Cc1conc1N,0.6220773707245826
Nc1nocc1C=O,0.6277007423868781
Nc1noccc1=O,0.37869880854850635
Nc1nocnc1=O,0.5887525227681181
C#Cc1nonc1N,0.4792111857186683
N#Cc1nonc1N,0.5473191132932698
Nc1nonc1C=O,0.6225101952368277
NC=Nc1ccno1,0.6705955672568962
c1nc2conc2o1,0.5322753729888063
c1cc2oncc2o1,0.2990085666824598
c1cc2cnoc2o1,0.5724051931829308
c1nc2oncc2o1,0.388722481116929
O=c1ccnncc1,1.517466903769673
O=c1ncnncn1,1.178275917258361
C#Cc1noc(=O)[nH]1,0.6037780314345582
O=c1[nH]cnoc1=O,0.8200375500982773
C#Cc1n[nH]c(=O)[nH]1,0.45368980507737433
O=c1cn[nH]c(=O)[nH]1,0.5248524026701489
O=c1[nH]nn[nH]c1=O,0.586607557032039
O=c1ocnoc1=O,1.1058252136735973
C#Cc1noc(=O)o1,0.6469095138418197
N#Cc1noc(=O)o1,0.6339634458654473
O=c1onnoc1=O,0.7228877127145097
O=Cc1cncnn1,1.0598263573065196
O=Cc1cnncn1,0.9971433214468561
O=Cc1nccnn1,1.0871366425308224
O=Cc1ncnnn1,1.1652034251219447
O=Cc1n[nH]c(=O)[nH]1,0.4432075115873886
O=Cc1noc(=O)[nH]1,0.543030215851104
O=Cc1noc(=O)o1,0.7135701215247536
O=CCc1ccn[nH]1,0.4659109885960788
O=CCc1ccno1,0.6078928031347459
O=CCc1cnn[nH]1,0.5753768956492422
O=CCc1cn[nH]c1,0.685471658131064
O=CCc1c[nH]nn1,1.8296072834382358
O=CCc1cnoc1,0.7022201109430171
O=CCc1cn[nH]n1,0.5961924457915302
O=CCc1ccon1,1.2527129169175168
O=CCc1ncon1,1.4621902392809716
O=CCc1cnon1,1.510796954493344
O=CCn1ccnn1,1.295049282243781
O=CCn1cnnc1,0.8886705488293956
O=Cn1cn[nH]c1=O,0.726820304096691
O=Cn1cnoc1=O,0.8563555431010172
O=Cn1nc[nH]c1=O,0.7799494993996632
O=Cn1ncoc1=O,0.8375080029654782
O=Cn1nn[nH]c1=O,0.8459754012001213
O=Cn1nnoc1=O,1.4144448736933555
O=CNc1ccn[nH]1,0.5740347206010483
O=CNc1ccno1,0.5535315573179105
O=CNc1cn[nH]c1,0.6359894977886142
O=CNc1c[nH]nn1,0.6245980170369876
O=CNc1cnoc1,0.6880663738702424
O=CNc1ncno1,0.7172302723829489
O=CNc1cc[nH]n1,0.613552638067631
O=CNc1cn[nH]n1,0.5681647320325283
O=CNc1ccon1,0.7398145906736318
O=CNc1ncon1,0.6730203205970611
O=CNc1cnon1,0.7850570517784945
O=COc1ccn[nH]1,0.788685991165039
O=COc1ccno1,0.9035788852070255
O=COc1cn[nH]c1,0.9230941114383313
O=COc1c[nH]nn1,1.0042945315290126
O=COc1cnoc1,1.0352656478935387
O=COc1ncno1,1.6798627642619977
O=COc1cc[nH]n1,0.9936580854646309
O=COc1cn[nH]n1,0.9761126924058772
O=COc1ccon1,0.9779753126676951
O=COc1ncon1,1.6493393298333103
O=COc1cnon1,1.4865693670271867
C#Cc1cn[nH]c1O,0.3896746079717559
C#Cc1[nH]ncc1O,0.5507755051930872
C#Cc1[nH]nnc1O,0.38037508515117224
N=c1onccc1O,0.4390248474483087
O=c1onccc1O,0.4887917750802444
Oc1cnncc1O,1.2375499906829646
N=c1cnoc(O)n1,1.3171307883039844
N#Cc1n[nH]c(O)n1,0.6720663161613629
O=c1cnoc(O)n1,0.696446233037932
O=c1nc(O)nn[nH]1,1.0433134735721978
O=Cn1ncnc1O,0.948127618912622
N=c1oncnc1O,0.7765065771436639
O=c1oncnc1O,1.122417228156337
O=Cn1ccc(O)n1,0.7632658913498744
O=Cn1ncc(O)n1,0.6727818126837519
Oc1ccc(O)nn1,1.0246287120280613
C#Cc1cc(O)n[nH]1,0.5745359817810822
N#Cc1cc(O)n[nH]1,0.597158314400076
O=c1ccc(O)n[nH]1,0.47123070825546165
O=c1cnc(O)n[nH]1,0.5641653094571666
O=Cc1cc(O)n[nH]1,0.6720220976349083
C#Cc1c[nH]nc1O,0.34692062929934764
N#Cc1c[nH]nc1O,0.3582348568888847
O=Cc1c[nH]nc1O,0.738300847760911
C#Cc1n[nH]nc1O,0.2980658277629118
N#Cc1n[nH]nc1O,0.355594017830299
O=Cc1n[nH]nc1O,0.6398264138915692
C#Cc1cc(O)no1,0.5136271563533228
N#Cc1cc(O)no1,0.6714701416167372
N=c1ccc(O)no1,0.4152517447655555
N=c1cnc(O)no1,0.6369571079267189
C#Cc1nc(O)no1,0.7851617612432165
N#Cc1nc(O)no1,0.8468137027739431
O=c1ccc(O)no1,0.7021501232302398
O=c1cnc(O)no1,0.8864150775989401
O=Cc1cc(O)no1,0.6333329849585425
O=Cc1nc(O)no1,0.7650893544050632
C#Cc1conc1O,0.5010727964654507
N#Cc1conc1O,0.5666300635530206
O=Cc1conc1O,0.9675098358238756
O=c1cconc1O,0.5323491430917784
OCc1cncnn1,1.511552397350897
OCc1cnncn1,1.4859037489968614
OCc1nccnn1,1.5985471038966352
O=c1onc(CO)o1,1.2248369611261296
O=[N+]([O-])c1ccc[nH]1,0.40772654121792584
O=[N+]([O-])c1ccco1,0.6502693869115319
O=[N+]([O-])c1cnco1,0.8980013647560554
O=[N+]([O-])c1ncco1,0.8757022491372481
O=[N+]([O-])c1cc[nH]c1,0.4444684878180851
O=[N+]([O-])c1ccoc1,0.5047613832321076
O=[N+]([O-])c1cocn1,0.8297039642093296
O=[N+]([O-])c1cnoc1,0.958263946673469
Cc1cc(=NO)cco1,0.6673793703739648
Nc1cc(=NO)cco1,0.8920999470210518
ON=c1cc[nH]c(O)c1,0.6782162828130822
ON=c1ccoc(O)c1,0.7464637776520249
Cc1coccc1=NO,0.5962126910726511
Nc1coccc1=NO,0.5395210882561514
ON=c1cc[nH]cc1O,0.5049017668407032
ON=c1cccccc1,1.3196302369342447
ON=c1ccccnc1,0.8084213576130423
ON=c1ccncnc1,1.0422814540524996
ON=c1cnccnc1,1.5430854291062133
ON=c1ccnncc1,1.4552431419051572
ON=c1cc[nH]c(F)c1,0.6526624389734934
ON=c1ccoc(F)c1,0.6965160302752338
ON=c1cc[nH]cc1F,0.5802847435679723
ON=c1ccocc1F,0.5505959099591564
O=C1CC(=NO)C=CN1,0.6786486447308562
O=C1CC=CC(=NO)C1,0.5292635609257559
O=C1C=CCC(=NO)C1,0.5731235741186538
CC1=CC(=NO)C(=O)C1,0.8531138491362071
CC1=CC(=NO)C(=O)N1,1.0698749283073994
NC1=CC(=NO)C(=O)C1,0.8564421025603224
CC1=CC(=O)CC1=NO,0.45788958518460277
CC1=CC(=NO)CC1=O,0.5277450288049295
NC1=CC(=O)CC1=NO,0.37394154850517225
NC1=CC(=NO)CC1=O,0.5780761303703912
O=C1C=CC(=NO)CC1,0.4295871723552409
O=C1C=CC(=NO)CN1,0.388591975248346
O=C1C=CC(=NO)CO1,0.5123551595097524
C#CC1C=CC(=NO)C1,0.5563952849497582
N#CC1C=CC(=NO)C1,0.565591404452789
C#CC1=CCC(=NO)C1,0.27805219754736754
N#CC1=CCC(=NO)C1,0.3554246268704446
C#CC1=CC(=NO)CC1,0.47105837846356735
N#CC1=CC(=NO)CC1,0.4762742050043016
C#CC1=CC(=NO)CN1,0.6558145802209765
N#CC1=CC(=NO)CN1,0.6409232237529068
O=CC1=CC(=NO)CC1,0.5292712889604445
O=CC1=CC(=NO)CN1,0.5848439318397141
O=CC1=CCC(=NO)C1,0.5719679604262637
O=CC1C=CC(=NO)C1,0.5850429560105113
O=CN1C=CC(=NO)C1,0.666271403842984
O=C1CC=CCC1=NO,0.9876232774513483
O=C1NC=CCC1=NO,0.8540390367033979
O=C1CCC=CC1=NO,0.5617569101614208
O=C1NCC=CC1=NO,0.581298177703502
O=C1OCC=CC1=NO,0.5233799666548293
CC1=CCC(=O)C1=NO,0.82504561760652
CC1=CNC(=O)C1=NO,0.9707314749884972
CC1C(=O)C=CC1=NO,0.4834428031626885
O=C1C=CC(=NO)C1O,1.2199977947748266
CC1C=CC(=NO)C1=O,0.9672790559507121
CN1C=CC(=NO)C1=O,1.0458844065524318
O=C1C=CC(O)C1=NO,1.0820261513199512
O=C1C(=NO)C=CC1O,1.215844274041956
C#CC1CC=CC1=NO,0.5839004854224186
N#CC1CC=CC1=NO,0.5842798939593195
C#CC1NC=CC1=NO,0.7576713365597243
N#CC1NC=CC1=NO,0.7368977736023226
C#CC1C=CCC1=NO,0.7328097234949382
N#CC1C=CCC1=NO,0.6591161936867138
C#CC1=CCCC1=NO,0.4156567320205795
N#CC1=CCCC1=NO,0.5040377777095273
C#CC1=CNCC1=NO,0.45826967400716967
N#CC1=CNCC1=NO,0.43671204179918277
O=CC1=CCCC1=NO,1.0383955302204413
O=CC1=CNCC1=NO,0.5385354913869378
O=CC1C=CCC1=NO,0.52665450477798
O=CC1CC=CC1=NO,0.7167170109751169
O=c1cc[nH]c(F)c1,0.3282046018557594
O=c1ccoc(F)c1,0.6630851394966157
O=c1cc(F)ocn1,0.7093862872952741
O=c1ccoc(F)n1,0.7157134545795998
O=c1ncoc(F)n1,0.8598357993978425
O=c1cc(F)cc[nH]1,0.27468799786402087
O=c1cc(F)nc[nH]1,0.4133480080836307
O=c1cc(F)cco1,0.31132572480237286
O=c1cc(F)nco1,0.45370259443188843
O=c1nc(F)cc[nH]1,0.23955655791905883
O=c1nc(F)nc[nH]1,0.8934726260431489
O=c1nc(F)nco1,1.0635389173185104
Cc1cccc(F)c1,0.42421254009423137
Cc1cccc(F)n1,0.418938780485405
Cc1ccnc(F)c1,0.4091839293250814
Cc1ccnc(F)n1,0.9477515573744313
Cc1cncc(F)c1,0.7561613216057594
Cc1cncc(F)n1,0.9184790309609525
Cc1cc(F)ccn1,1.0090327163798065
Cc1nccc(F)n1,1.0721229708233295
Cc1cc(F)ncn1,1.0388566818000982
Cc1ncnc(F)n1,1.0725845849956386
Nc1ccnc(F)c1,0.3165333062879654
Nc1cccc(F)c1,0.41718957733610296
Nc1cccc(F)n1,0.34501319186347246
Nc1cncc(F)c1,0.4124705220983742
Nc1cncc(F)n1,0.33248963528058084
Nc1ccnc(F)n1,0.3277870429374161
Nc1cc(F)ccn1,0.3152179888966202
Nc1nccc(F)n1,0.24962812255034805
Nc1cc(F)ncn1,0.2599589029687195
Nc1ncnc(F)n1,0.5138818006234942
Oc1cccc(F)c1,0.4686104410120606
Fc1cccc(F)c1,0.45079644423276477
Oc1cncc(F)c1,0.6023325074947934
Fc1cncc(F)c1,0.7709214102851547
Oc1ccnc(F)c1,0.5508970585105999
Oc1cc(F)ccn1,0.3973781278127717
Fc1ccnc(F)c1,0.44786691943954793
Oc1cc(F)ncn1,0.8936403571078699
Fc1cc(F)ncn1,1.3031987152826332
Oc1cccc(F)n1,0.4343446500861319
Fc1cccc(F)n1,0.4530120507624815
Oc1cncc(F)n1,0.5981928373639676
Fc1cncc(F)n1,0.8240897627911181
Oc1ccnc(F)n1,0.8567011550767347
Oc1nccc(F)n1,0.872379655684199
Fc1ccnc(F)n1,1.1736580884244177
Oc1ncnc(F)n1,1.0652394936987548
Fc1ncnc(F)n1,1.0165812945215293
O=c1cccc(F)[nH]1,0.33634432042890694
O=c1cccc(F)o1,0.3908802090008976
N=c1cncc(F)o1,0.44512286754070374
O=c1cncc(F)[nH]1,0.40194218692340655
O=c1cncc(F)o1,0.5322176848239906
O=c1ccnc(F)[nH]1,0.4626020552641421
O=c1ccnc(F)o1,0.5170327717805776
Cc1ccc(F)cc1,0.41552791325557337
Cc1ccc(F)nc1,0.45149591324116045
Cc1cnc(F)cn1,0.8709325262771017
Cc1cnc(F)nc1,1.133470552853396
Cc1ccc(F)cn1,0.6564895589708613
Cc1ncc(F)cn1,1.0361708078744414
Nc1ccc(F)cc1,0.5333649446183699
Nc1ccc(F)nc1,0.531529590176433
Nc1cnc(F)cn1,0.4332087102375226
Nc1cnc(F)nc1,0.5280273742791906
Nc1ccc(F)cn1,0.46051404298850684
Nc1ncc(F)cn1,0.3371912208003778
Oc1ccc(F)cc1,0.48418600089462416
Fc1ccc(F)cc1,0.49092982912043226
Oc1ccc(F)nc1,0.5030136494970066
Oc1ccc(F)cn1,0.4870987906761002
Fc1ccc(F)nc1,0.5118851097995503
Oc1cnc(F)cn1,0.491220528496342
Fc1cnc(F)cn1,0.6363735050508694
Oc1cnc(F)nc1,0.5474962867083377
Oc1ncc(F)cn1,0.8306058043963276
Fc1cnc(F)nc1,1.1798085448845086
O=c1ccc(F)c[nH]1,0.3475615938041301
O=c1cnc(F)c[nH]1,0.38380453776335344
O=c1ncc(F)c[nH]1,0.33429064893243776
N=c1cnc(F)co1,0.3989801717179944
O=c1ccc(F)co1,0.43199508184261504
O=c1cnc(F)co1,0.5127514118958061
Cc1ccccc1F,0.38719077867972373
Cc1cccnc1F,0.3922173499358905
Cc1ccncc1F,0.8133670021707076
Cc1cnccc1F,0.9517458642130805
Cc1cncnc1F,1.0334456134714856
Cc1ncccc1F,0.6938645243481005
Cc1nccnc1F,0.8973064400470321
Cc1ncncc1F,0.9829329574513395
Nc1ccccc1F,0.46571025010234735
Nc1cccnc1F,0.44263441231487377
Nc1ccncc1F,0.4062481459113769
Nc1cnccc1F,0.45841247942917107
Nc1cncnc1F,0.4439728321849543
Nc1ncccc1F,0.38404998458463524
Nc1nccnc1F,0.36907468095159857
Nc1ncncc1F,0.3714557872081059
Oc1ccccc1F,0.44504629466246115
Fc1ccccc1F,0.46991762219477096
Oc1cccnc1F,0.4585658700871136
Oc1ncccc1F,0.4570993389461364
Fc1cccnc1F,0.4733710208420234
Oc1ccncc1F,0.7844723876623902
Oc1cnccc1F,0.5782012755935284
Fc1ccncc1F,0.890292375415811
Oc1ncncc1F,0.9737767026508664
Fc1cncnc1F,1.3039847709660535
Oc1nccnc1F,0.4800972432931303
Fc1nccnc1F,0.6715404830865737
O=c1[nH]cccc1F,0.3537267716274073
O=c1occcc1F,0.4020380254696647
O=c1[nH]cncc1F,0.4665529599187721
O=c1ocncc1F,0.5117252156178438
O=c1[nH]ccnc1F,0.4112496826801362
N=c1occnc1F,0.43825811185888597
O=c1occnc1F,0.5220352881606232
O=c1cc[nH]cc1F,0.2336416705402371
O=c1ccocc1F,0.3477060046971019
O=c1ncocc1F,0.5682947480981966
Cc1cnc(F)nn1,1.1246482635506254
Cc1ncc(F)nn1,1.11754208833554
Nc1cnnc(F)c1,1.1865632576682401
Nc1cnc(F)nn1,1.1556190805877122
Nc1cnnc(F)n1,1.1491015423562203
N=c1cnoc(F)c1,0.5512497998770414
N=c1cc(F)cno1,0.4275937741094822
O=c1cnoc(F)c1,0.35857597898939275
O=c1cc(F)cn[nH]1,0.29025441472003877
O=c1cc(F)nn[nH]1,0.8281643704649468
O=c1[nH]nccc1F,0.36597296242325683
N=c1onccc1F,0.3564679391183745
O=c1onccc1F,0.44247348409771803
Oc1cnncc1F,1.2118175856412563
Fc1cnncc1F,1.195939271730822
O=c1[nH]nncc1F,0.94262392298333
O=c1onncc1F,1.1214261617933516
N=c1cnocc1F,0.3908900323203852
O=c1cnocc1F,0.5014194696868799
N=c1cnoc(F)n1,1.4759202676632412
O=c1cnoc(F)n1,0.6427747961879504
O=c1nc(F)cn[nH]1,0.40906098822779313
O=c1nc(F)nn[nH]1,0.989025181515899
O=c1[nH]ncnc1F,0.4393919020094472
N=c1oncnc1F,0.4528033393289661
O=c1oncnc1F,1.1490322077133897
Oc1ccc(F)nn1,1.4183310696407716
Fc1ccc(F)nn1,1.1004363498504972
O=c1ccc(F)n[nH]1,0.3935637699578365
O=c1cnc(F)n[nH]1,0.4386251119958615
O=c1ncc(F)n[nH]1,0.36135829011436726
N=c1ccc(F)no1,0.382130438074455
N=c1cnc(F)no1,0.45738285451443517
N=c1ncc(F)no1,0.501800646963602
O=c1ccc(F)no1,0.5553093868602446
O=c1cnc(F)no1,1.1814158133765886
N=c1cconc1F,0.4318558955365006
O=c1cconc1F,0.4749148323535337
N=c1nconc1F,1.173049750390419
O=c1nconc1F,0.5445604216638458
O=c1cnonc1F,0.8504732277633593
C#CC#Cc1ccc[nH]1,0.24949992965048295
C#CC#Cc1ccco1,0.24738179435189522
C#CC#Cc1cnc[nH]1,0.2920627754556335
C#CC#Cc1cnco1,0.28124915597072686
C#CC#Cc1ncc[nH]1,0.32452589282547706
C#CC#Cc1ncco1,0.3195040291393525
N#CC#Cc1ccc[nH]1,0.22418271613423713
N#CC#Cc1ccco1,0.22931780645194522
N#CC#Cc1cnc[nH]1,0.2841321220603277
N#CC#Cc1cnco1,0.2861829907797073
N#CC#Cc1ncc[nH]1,0.3109201389015652
N#CC#Cc1ncco1,0.3287953069084324
C#CC#Cc1cc[nH]c1,0.28686730304070807
C#CC#Cc1c[nH]cn1,0.2921181778601749
C#CC#Cc1ccoc1,0.279229444302473
C#CC#Cc1cocn1,0.3074683729410026
N#CC#Cc1cc[nH]c1,0.2638561467465479
N#CC#Cc1c[nH]cn1,0.2968005793463817
N#CC#Cc1ccoc1,0.25505916404472373
N#CC#Cc1cocn1,0.32292229787162796
C#Cc1cc[nH]c1C#C,0.22333040069497656
C#Cc1[nH]ccc1C#N,0.2679214753334236
C#Cc1ccoc1C#C,0.220519463178789
C#Cc1occc1C#N,0.2548358128788095
C#Cc1nc[nH]c1C#C,0.25084055364277447
C#Cc1[nH]cnc1C#N,0.2896174775050895
C#Cc1ncoc1C#C,0.25555898301718116
C#Cc1ocnc1C#N,0.2826926390553126
C#Cc1cc[nH]c1C#N,0.25639216884337657
C#Cc1nc[nH]c1C#N,0.28323098936925817
C#Cc1ccoc1C#N,0.23801544033449318
C#Cc1ncoc1C#N,0.2895170130159386
N#Cc1cc[nH]c1C#N,0.2534546439019323
N#Cc1ccoc1C#N,0.2483480711307493
N#Cc1nc[nH]c1C#N,0.30767596870100533
N#Cc1ncoc1C#N,0.31429070605008746
C#Cc1ccn2c1CC2,0.3306202665917226
N#Cc1ccn2c1CC2,0.3419295144958596
N#Cc1ncn2c1CC2,0.3830058832063514
C#Cc1c[nH]c(C#C)c1,0.23854481089074397
C#Cc1cc(C#N)c[nH]1,0.26851767708831176
C#Cc1coc(C#C)c1,0.23748830111253483
C#Cc1cc(C#N)co1,0.2605685743619688
C#Cc1c[nH]c(C#N)c1,0.2600501155775419
C#Cc1c[nH]c(C#N)n1,0.28531135524644924
C#Cc1coc(C#N)c1,0.24948077282533632
C#Cc1coc(C#N)n1,0.31568986176534963
C#Cc1c[nH]c(C#C)n1,0.2865690388971416
C#Cc1nc(C#N)c[nH]1,0.32567571048821264
C#Cc1coc(C#C)n1,0.31617218381143175
C#Cc1nc(C#N)co1,0.33824152637680527
N#Cc1c[nH]c(C#N)c1,0.24836502383368497
N#Cc1coc(C#N)c1,0.24601053032347409
N#Cc1coc(C#N)n1,0.3440841402789374
C#Cc1cc2n(c1)CC2,0.3614692037772329
N#Cc1cc2n(c1)CC2,0.3681168669172621
N#Cc1cn2c(n1)CC2,0.44976309135745396
C#Cc1ccc(C#C)[nH]1,0.2212766747798014
C#Cc1ccc(C#N)[nH]1,0.21995504433834867
C#Cc1ccc(C#C)o1,0.22685656262547127
C#Cc1ccc(C#N)o1,0.2205475997634494
C#Cc1cnc(C#C)[nH]1,0.28850112986037857
C#Cc1cnc(C#N)[nH]1,0.27119048954227765
C#Cc1cnc(C#C)o1,0.2978632661070151
C#Cc1cnc(C#N)o1,0.27623325158310763
C#Cc1ncc(C#N)[nH]1,0.30757983083094587
C#Cc1ncc(C#N)o1,0.311597893218277
N#Cc1ccc(C#N)[nH]1,0.21469396524480544
N#Cc1ccc(C#N)o1,0.21935380848117347
N#Cc1cnc(C#N)o1,0.31054886657511815
C#Cc1ccc2n1CC2,0.32069172507362964
N#Cc1ccc2n1CC2,0.31419764306701836
N#Cc1cnc2n1CC2,0.4370348778375046
N#Cc1ncc2n1CC2,0.3827933077554917
C#Cc1c[nH]cc1C#C,0.18779642252229678
C#Cc1c[nH]cc1C#N,0.3309450618471601
C#Cc1cocc1C#C,0.17366488994593965
C#Cc1cocc1C#N,0.28675119200306654
N#Cc1c[nH]cc1C#N,0.26093394181771146
N#Cc1cocc1C#N,0.24365739738095726
C#CC1Cc2cccn21,0.458257755415616
N#CC1Cc2cccn21,0.4489082180425612
N#CC1Cc2cncn21,0.5200528016885073
N#CC1Cc2nccn21,0.6130614723151666
C#CC1Cn2cccc21,0.40301981274933496
N#CC1Cn2cccc21,0.4030257992526458
N#CC1Cn2ccnc21,0.5496081633882568
N#CC1Cn2cncc21,0.49901817256977665
C#CCc1ccccc1,0.3643874902591051
C#CCc1ccncc1,0.74762284719327
C#CCc1cccnc1,0.7376208348960063
C#CCc1cnccn1,0.5566054930059181
C#CCc1cncnc1,0.8248216133688402
C#CCc1ccccn1,0.6723503759531013
C#CCc1ncccn1,0.8502162161003071
C#CCc1ccncn1,0.7116298943528818
C#CCc1ncncn1,0.9928548866009805
N#CCc1ccccc1,0.423758599532448
N#CCc1ccncc1,0.9203798560247378
N#CCc1cccnc1,0.999622552013534
N#CCc1cnccn1,0.6912090727601026
N#CCc1cncnc1,0.999072010985401
N#CCc1ccccn1,0.8941382712855557
N#CCc1ncccn1,1.0300067729258444
N#CCc1ccncn1,0.9139406866215722
N#CCc1ncncn1,0.9391090265744424
C#CCN=c1[nH]cco1,0.45224248518570676
C#CCN=c1occo1,0.47579555649281247
N#CCN=c1[nH]cc[nH]1,0.5126390560326399
N#CCN=c1[nH]cco1,0.5412103174876393
N#CCN=c1occo1,0.5620440176317061
C#CCCc1ccc[nH]1,0.4187054699505097
C#CCCc1ccco1,0.403927421748449
C#CCCc1cnc[nH]1,0.49578390731949185
C#CCCc1cnco1,0.43664640790484555
C#CCCc1ncc[nH]1,0.5276277748871507
C#CCCc1ncco1,0.4814835824381589
C#CCNc1ccc[nH]1,1.512690976705926
C#CCNc1ccco1,0.6822910809696623
C#CCNc1cnco1,0.7136432385541411
C#CCNc1ncco1,0.6052749304926692
C#CCOc1ccc[nH]1,0.7267122748453403
C#CCOc1ccco1,0.874812055431903
C#CCOc1cnc[nH]1,0.8222856198262889
C#CCOc1cnco1,0.9304186309200304
C#CCOc1ncc[nH]1,0.8156141739218583
C#CCOc1ncco1,0.8350701337294595
N#CCCc1ccc[nH]1,0.43376368672034005
N#CCCc1ccco1,0.5710500383029284
N#CCCc1cnc[nH]1,0.5569866974965407
N#CCCc1cnco1,0.7066699910228635
N#CCCc1ncc[nH]1,0.5784123544162867
N#CCCc1ncco1,0.708987749145308
N#CCNc1ccc[nH]1,1.6900086432233365
N#CCNc1ccco1,0.6787819805886102
N#CCNc1cnc[nH]1,1.836558054352281
N#CCNc1cnco1,0.7276154211758694
N#CCNc1ncc[nH]1,0.9777724516898161
N#CCNc1ncco1,0.6490059616535291
N#CCOc1ccc[nH]1,0.7226678173992696
N#CCOc1ccco1,0.9219790699426085
N#CCOc1cnc[nH]1,0.8282784406510473
N#CCOc1cnco1,1.0599124269610911
N#CCOc1ncc[nH]1,0.8044019890785421
N#CCOc1ncco1,0.8180069266618375
C#CCCc1cc[nH]c1,0.5440569835700444
C#CCCc1c[nH]cn1,0.575876905102632
C#CCCc1ccoc1,0.6075195987996267
C#CCCc1cocn1,0.33817951159653603
C#CCNc1cc[nH]c1,0.7550820630985982
C#CCNc1c[nH]cn1,0.6711920139096037
C#CCNc1ccoc1,0.7492821710930002
C#CCNc1cocn1,0.6865401409213518
C#CCOc1cc[nH]c1,0.7687565258056566
C#CCOc1c[nH]cn1,0.6377016934347921
C#CCOc1ccoc1,0.7719942741150589
C#CCOc1cocn1,0.7312161151257897
N#CCCc1cc[nH]c1,0.6631762432589312
N#CCCc1c[nH]cn1,0.6491737199321506
N#CCCc1ccoc1,0.6658791515219491
N#CCCc1cocn1,0.7929059621328634
N#CCNc1cc[nH]c1,0.7688299149467639
N#CCNc1c[nH]cn1,0.6360635127948626
N#CCNc1ccoc1,0.7707448899382143
N#CCNc1cocn1,0.6502496586454072
N#CCOc1cc[nH]c1,0.7913730896016204
N#CCOc1c[nH]cn1,0.6574653325296822
N#CCOc1ccoc1,0.8048398204900877
N#CCOc1cocn1,0.7151075383571879
C#CCCn1cccc1,0.6209969965511846
C#CCCn1ccnc1,0.6894271615092293
N#CCCn1cccc1,0.67676626899447
N#CCCn1ccnc1,0.8025846213731711
c1ccn2cccc2c1,0.24637119020371756
c1ccn2ccnc2c1,0.26899686982142157
c1cnc2cccn2c1,0.3121218487031001
c1cnc2nccn2c1,0.38050999926599616
c1cc2cnccn2c1,0.31105714829573117
c1cn2ccnc2cn1,0.3059040712450951
c1cc2ccncn2c1,0.26934474034533196
c1cc2nccn2cn1,0.31548893279614276
c1cc2ncncn2c1,0.3378283484962594
c1cn2cncnc2n1,0.41715202560590114
c1cn2cncc2cn1,0.3380116716889461
c1cnc2cncn2c1,0.35237542634422425
c1ccc2c[nH]cc2c1,0.1504852134585235
c1cnc2c[nH]cc2c1,0.1974656666188821
c1cc2c[nH]cc2cn1,0.1983778471367259
c1ncc2c[nH]cc2n1,0.2723682805244607
c1cnc2c[nH]cc2n1,0.23391971661658317
c1ccc2cocc2c1,0.1512696636691544
c1cnc2cocc2c1,0.19500972901369096
c1cc2cocc2cn1,0.20099405988366925
c1ncc2cocc2n1,0.27223976108507486
c1cnc2cocc2n1,0.22989400782535085
C1=CCc2cocc2C1,0.2992531971576682
C1=NCc2cocc2O1,0.6490017438864015
C1=Cc2cocc2CC1,0.44218109761823143
C1=Cc2cocc2OC1,0.76251450298696
C1=Nc2cocc2CO1,0.6034203375966172
C1=Cc2occc2CC1,0.35870047113712644
C1=Cc2ocnc2CC1,0.4175447949382942
C1=Cc2occc2OC1,0.5392359672187013
C1=Cc2ocnc2OC1,0.5539484087385063
C1=Nc2occc2CO1,0.43152021571586374
C1=Nc2ocnc2CO1,0.46361927178259066
C1=CCc2occc2C1,0.30646751047243015
C1=CCc2ocnc2C1,0.35420356976101175
C1=NCc2ccoc2O1,0.5896295461570844
C1=NCc2ncoc2O1,0.6512657322855375
C1=NCc2occc2O1,0.48349072243945557
C1=NCc2ocnc2O1,0.5538406243904319
C1=Cc2ncoc2CC1,0.44085179356261506
C1=Cc2ccoc2CC1,0.37895886789010547
C1=Cc2ncoc2OC1,0.5187001230424357
C1=Cc2cc[nH]c2OC1,0.5150111008933891
C1=Cc2ccoc2OC1,0.5003055982797378
C1=Nc2ccoc2CO1,0.40604645502571657
C1=Nc2ncoc2CO1,0.4835557848964527
c1cc2cc[nH]cc-2c1,0.3258043387741054
c1cc2cc[nH]cc-2n1,0.3467934704312938
c1cc2cncc-2c[nH]1,0.3504646963265259
c1cc2c[nH]ccc-2n1,0.4188122746927547
c1nc2cc[nH]cc-2n1,0.4252505733311409
c1cc2c[nH]cnc-2c1,0.38511629046479356
c1cc2nc[nH]cc-2n1,0.43322775821434334
c1nc2cncc-2c[nH]1,0.4265539177067694
c1cc2c[nH]cnc-2n1,0.48137830153427785
c1nc2c[nH]cnc-2n1,0.5450684584811825
c1cc2ccocc-2c1,0.3538193448075617
c1cc2ccocc-2n1,0.3661560951386491
c1cc2cncc-2co1,0.40125439160328824
c1cc2coccc-2n1,0.45800300229893764
c1nc2ccocc-2n1,0.47505856296447746
c1cc2cocnc-2c1,0.4089969325941638
c1cc2ncocc-2n1,0.45479183952375024
c1nc2cncc-2co1,0.4778342617155431
c1cc2cocnc-2n1,0.5173170220568863
c1nc2cocnc-2n1,0.7252677033047803
C1=Cc2ccccc2C1,0.30055414693379134
C1=Cc2cccnc2C1,0.31263894692165195
C1=Cc2ccncc2C1,0.5139734486165253
C1=Cc2cnccc2C1,0.3402400947870774
C1=Cc2cncnc2C1,0.6127436703882267
C1=Cc2ncccc2C1,0.29816939434749656
C1=Cc2nccnc2C1,0.6373547753100866
C1=Cc2ncncc2C1,0.9630169889460376
c1ccc2[nH]ccc2c1,0.30681108159478754
c1cnc2cc[nH]c2c1,0.37123766063450603
c1cc2cc[nH]c2cn1,0.2484673659055261
c1ncc2[nH]ccc2n1,0.9029429276015435
c1cnc2[nH]ccc2c1,0.42919739627541276
c1cnc2[nH]ccc2n1,0.40854048858636816
c1ncc2cc[nH]c2n1,0.45353766614243796
c1ccc2[nH]cnc2c1,0.5211817210001755
c1cnc2nc[nH]c2c1,0.42403177476990095
c1cc2[nH]cnc2cn1,0.5809342796655983
c1cc2nc[nH]c2cn1,0.5229338629815174
c1ncc2[nH]cnc2n1,1.1471721181096655
c1cnc2[nH]cnc2c1,0.36466297846345697
c1cnc2[nH]cnc2n1,0.8965997600171249
c1ncc2nc[nH]c2n1,0.9296789434611128
c1ccc2occc2c1,0.3374068439243274
c1cnc2ccoc2c1,0.33251398948232236
c1cc2occc2cn1,0.3617218888284697
c1cc2ccoc2cn1,0.42346697497123387
c1ncc2occc2n1,0.8894254202477896
c1cnc2occc2c1,0.3844893670448073
c1cnc2occc2n1,0.5705715802760096
c1ncc2ccoc2n1,0.4396929145059403
c1ccc2ocnc2c1,0.3715892591208103
c1cnc2ncoc2c1,0.5264386367489351
c1cc2ocnc2cn1,0.6853633567625366
c1cc2ncoc2cn1,0.8022594723661314
c1ncc2ocnc2n1,0.8522261044545303
c1cnc2ocnc2c1,0.4216412261557707
c1cnc2ocnc2n1,0.9600954098805232
c1ncc2ncoc2n1,0.8251395513525495
c1c[nH]c2cccc-2c1,0.37447810286903405
c1c[nH]c2nccc-2c1,0.5039656675016886
c1c[nH]c2cncc-2c1,0.383195029640774
c1c[nH]c2ccnc-2c1,0.35659485308497096
c1c[nH]c2ncnc-2c1,0.5338833761888964
c1cc2ncc[nH]c-2c1,0.38917214948742185
c1c[nH]c2nccc-2n1,0.5502853462621715
c1c[nH]c2cncc-2n1,0.3979219476241269
c1c[nH]c2ccnc-2n1,0.3571521425365063
c1c[nH]c2ncnc-2n1,0.4433721133409563
c1cc2cnc[nH]c-2c1,0.4260832421405212
c1cc2cnc[nH]c-2n1,0.5299729076741642
c1ncc2cncc-2[nH]1,0.4600432585721137
c1cc2[nH]cncc-2n1,0.436764723070155
c1nc2cnc[nH]c-2n1,0.5877041492003627
c1coc2cccc-2c1,0.4924375583159417
c1coc2nccc-2c1,0.6258923544410209
c1coc2cncc-2c1,0.5195965753719065
c1coc2ccnc-2c1,0.42349494828886236
c1coc2ncnc-2c1,0.5054486343269673
c1cc2nccoc-2c1,0.49493719742895337
c1coc2nccc-2n1,0.673410368790428
c1coc2cncc-2n1,0.5265574417171592
c1coc2ccnc-2n1,0.39498831390847045
c1coc2ncnc-2n1,0.7332406704226742
c1cc2cncoc-2c1,0.5356328514553752
c1cc2cncoc-2n1,0.6279004740536038
c1ncc2cncc-2o1,0.6010858988847758
c1cc2ocncc-2n1,0.5434344411823986
c1nc2cncoc-2n1,0.64903616630545
c1ccc[nH]cncc1,1.1336566788231721
c1ccncc[nH]cc1,0.9749987937866536
c1cc[nH]cccnc1,1.1328486091151717
c1cnccnc[nH]c1,1.120367638370226
c1cncncc[nH]c1,0.9591998011092073
c1ccnc[nH]cnc1,2.198492709105267
c1cnc[nH]cncn1,1.1678723735603853
c1ccocccnc1,1.6325722099973063
c1ccocncnc1,1.0504706429474027
c1cnccncoc1,1.1177096561277722
c1ccc(C2CC2)cc1,0.5695526222298213
c1ccc(C2CO2)cc1,0.4279335628489207
c1ccc2c(c1)CCC2,0.3298123329423106
c1ccc2c(c1)CCN2,0.50870953953563
c1ccc2c(c1)CCO2,0.37740477047009335
c1cnc2c(c1)CCC2,0.645082431665287
c1cnc2c(c1)CCO2,0.35219006229453953
c1cc2c(cn1)CCC2,0.8033251523847866
c1cc2c(cn1)OCC2,0.39039981896348763
c1cc2c(cn1)CCO2,0.5038124129023345
c1ncc2c(n1)OCC2,0.7652829635098897
c1cnc2c(c1)OCC2,0.36099942618056957
c1cnc2c(n1)CCO2,0.3651752330533782
c1ncc2c(n1)CCO2,0.37143978690437507
c1ccc2c(c1)OCO2,0.37596409016077814
c1cnc2c(c1)OCO2,0.3481440265895799
c1cc2c(cn1)OCO2,0.39045598329175846
c1ncc2c(n1)OCO2,0.39133893876714865
c1cnc2c(n1)OCO2,0.37839352386436076
c1ccc2c(c1)COC2,0.22144791611208348
c1cc2c(cn1)COC2,0.3744355714570702
c1cnc2c(c1)COC2,0.20300988032249734
C#CC(=O)c1ccc[nH]1,0.3529108922557498
C#CC(=O)c1ccco1,0.5086273339002219
C#CC(=O)c1cnc[nH]1,0.46561288771954423
C#CC(=O)c1cnco1,0.7881051094300346
C#CC(=O)c1ncc[nH]1,0.453624334450069
C#CC(=O)c1ncco1,0.613117500586668
N#CC(=O)c1ccc[nH]1,0.3464161299616535
N#CC(=O)c1ccco1,0.3627021522625
N#CC(=O)c1cnc[nH]1,0.4779958430044644
N#CC(=O)c1cnco1,0.5972972285890137
N#CC(=O)c1ncc[nH]1,0.4455811891330086
N#CC(=O)c1ncco1,0.5093252518599911
C#CC(=O)c1cc[nH]c1,0.5533386557108315
C#CC(=O)c1c[nH]cn1,0.5134220912477758
C#CC(=O)c1ccoc1,0.6182224134627177
C#CC(=O)c1cocn1,0.7151790226998855
N#CC(=O)c1cc[nH]c1,0.5347179497985053
N#CC(=O)c1c[nH]cn1,0.5569501797963312
N#CC(=O)c1ccoc1,0.5171536992420442
N#CC(=O)c1cocn1,0.6738079001188453
C#CC(=O)n1cccc1,0.6427230945264455
C#CC(=O)n1ccnc1,0.7708134082440665
N#CC(=O)n1cccc1,0.6264008538528287
N#CC(=O)n1ccnc1,0.7883939040057157
O=C1C=Cc2[nH]ccc21,0.34766320116432325
O=C1C=Cc2occc21,0.35596814735617954
O=C1C=Cc2[nH]cnc21,0.3911949360426661
O=C1C=Cc2ocnc21,0.40347984865547915
O=C1C=Cc2cc[nH]c21,0.36445282482782204
O=C1C=Cc2nc[nH]c21,0.4098785819223849
O=C1C=Cc2ccoc21,0.35355702692140767
O=C1C=Cc2ncoc21,0.43899570404028054
O=C1C=Cc2cccn21,0.38227789664779266
O=C1C=Cc2cncn21,0.42519887167327397
O=C1C=Cc2nccn21,0.5116344656034926
O=C1C=Cn2cccc21,0.3661489385394816
O=C1C=Cn2ccnc21,0.4050332657934632
O=C1C=Cn2cncc21,0.464451097037454
O=c1ccn2c(c1)CC2,0.17170338346113567
O=c1cccc2n1CC2,0.2645811128350033
C#Cc1cc(=O)nc[nH]1,0.40287793251081894
C#Cc1cc(=O)nco1,0.4397974606981734
N#Cc1cc(=O)nco1,0.5052180177190166
C#Cc1cc(=O)cc[nH]1,0.22773007574141957
N#Cc1cc(=O)cc[nH]1,0.21333802123263013
C#Cc1nc(=O)cc[nH]1,0.6337486662923766
C#Cc1cc(=O)cco1,0.3858136641993042
N#Cc1cc(=O)cco1,0.3183695859133877
C#Cc1nc(=O)cco1,0.5380014404672693
N#Cc1nc(=O)cco1,0.5814152139319049
C#Cc1nc(=O)nco1,0.8233514359017136
N#Cc1nc(=O)nco1,0.7741452535719873
C#Cc1c[nH]ccc1=O,0.17628442248314968
N#Cc1c[nH]ccc1=O,0.1485505646214733
C#Cc1coccc1=O,0.2863446537012351
N#Cc1coccc1=O,0.23262861736839113
C#Cc1c[nH]cnc1=O,0.28262164451371063
C#Cc1cocnc1=O,0.44010647334653186
N#Cc1cocnc1=O,0.2629463880421099
N=c1ccoccc1=O,1.0394481759776681
N=c1nc[nH]ccc1=O,1.1175476938824431
O=c1ccoccc1=O,0.9464630432103149
N=c1ccncc(=N)[nH]1,1.0173104511668498
N=c1nccnc(=N)[nH]1,0.3937379501257965
N=c1cncnc(=N)[nH]1,0.900713252780406
N=c1ccccc(=O)[nH]1,0.4412660871130356
N=c1ncccc(=O)[nH]1,1.00639228548971
N=c1cnccc(=O)[nH]1,0.9313246616638935
N=c1ccncc(=O)[nH]1,1.166405951269553
N=c1ncncc(=O)[nH]1,1.2534284406519873
N=c1cccnc(=O)[nH]1,0.6515528125455603
N=c1nccnc(=O)[nH]1,0.9912452235039382
N=c1cncnc(=O)[nH]1,0.775279125355155
N=c1ncccc(=O)o1,1.8686782264649082
N=c1ccncc(=O)o1,0.9917331783090049
N=c1ncncc(=O)o1,1.7874334790049033
N=c1cccnc(=O)o1,1.2779962794484163
N=c1nccnc(=O)o1,1.833977787866388
N=c1cncnc(=O)o1,0.8914524245701614
O=c1ccccc(=O)[nH]1,0.3384695579024992
O=c1ccncc(=O)[nH]1,0.8056333048825763
O=c1cccnc(=O)[nH]1,0.8445452244905027
N=c1[nH]c(=N)[nH]c(=O)[nH]1,0.532072892970973
N=c1[nH]c(=N)oc(=O)[nH]1,0.5716231920014252
N=c1[nH]c(=O)[nH]c(=O)[nH]1,1.0732888160000584
O=c1[nH]c(=O)[nH]c(=O)[nH]1,0.10035797969248961
C#Cc1cncc(=N)o1,0.2936738807547954
N#Cc1cncc(=N)o1,0.29572874954828876
C#Cc1cccc(=O)[nH]1,0.2390484666757402
C#Cc1ccnc(=O)[nH]1,0.21084069509197434
C#Cc1cncc(=O)[nH]1,0.2823781024908385
C#Cc1nccc(=O)[nH]1,0.35525828358731815
C#Cc1ncnc(=O)[nH]1,0.7961286081172148
C#Cc1cccc(=O)o1,0.25518071736223646
N#Cc1cccc(=O)o1,0.27041782186643104
C#Cc1ccnc(=O)o1,0.24248610992071917
N#Cc1ccnc(=O)o1,0.30362968809458835
C#Cc1cncc(=O)o1,0.31515374278387753
N#Cc1cncc(=O)o1,0.5008093901196844
C#Cc1nccc(=O)o1,0.3602745689368021
N#Cc1nccc(=O)o1,0.38283034247069736
C#Cc1ncnc(=O)o1,0.9921127773286571
N#Cc1ncnc(=O)o1,1.0152810794534162
N=C1Cc2occc2O1,0.5408857399161207
N=C1Cc2ocnc2O1,0.6385829618066055
N=C1Cc2ccoc2O1,0.7606348483895999
O=C1Cc2cc[nH]c2C1,0.3702796561192372
O=C1Cc2ccoc2C1,0.37053650451707654
O=C1Cc2nc[nH]c2C1,0.45915853435508325
O=C1Cc2ncoc2C1,0.48480383571040875
O=C1Cc2[nH]ccc2N1,0.5085212910780683
O=C1Cc2occc2N1,0.5115759883065039
O=C1Cc2ocnc2N1,0.5684017977382609
O=C1Cc2ccoc2N1,0.5658474092942924
O=C1Cc2ncoc2N1,0.6065660297426803
O=C1Cc2cc[nH]c2N1,0.5529871660710342
O=C1Cc2cc[nH]c2O1,0.8182095971587842
O=C1Cc2[nH]ccc2O1,0.625466387202323
O=C1Cc2occc2O1,0.6528481567711424
O=C1Cc2[nH]cnc2O1,0.7314310035435483
O=C1Cc2ccoc2O1,0.968181794112752
O=c1[nH]c2c(o1)CC=C2,0.5179691160228685
O=c1[nH]c2c([nH]1)CC=C2,0.4418412272425485
O=c1[nH]c2ccoc2[nH]1,0.47534003767395916
O=c1[nH]c2ncoc2[nH]1,0.63701939481507
O=c1[nH]c2cc[nH]c2o1,0.5082800620257331
O=c1[nH]c2nc[nH]c2o1,0.543682690775313
O=c1[nH]c2c(o1)C=CC2,0.501094592793379
O=c1[nH]c2[nH]ccc2o1,0.5811072625274392
O=c1[nH]c2occc2o1,0.5153570666207088
O=c1[nH]c2[nH]cnc2o1,0.6823864297093678
O=c1[nH]c2ocnc2o1,0.6755831990030856
O=c1[nH]c2ccoc2o1,0.5248552870743879
O=c1[nH]c2ncoc2o1,0.5927595917491999
O=c1oc2c(o1)CC=C2,0.6093584907193872
O=c1oc2cc[nH]c2o1,0.61792793170207
O=c1oc2ccoc2o1,0.6299118590322905
O=c1oc2nc[nH]c2o1,0.6677348873017763
O=c1oc2ncoc2o1,0.6923430261831527
O=C1Cc2cccn2C1,0.41313472513684246
O=C1Cn2cccc2N1,0.5946131778291601
O=C1Cn2cccc2O1,0.7713023426586005
O=C1Cc2nccn2C1,0.5386880112801009
O=C1Cn2ccnc2O1,0.8995724692977092
O=C1Cc2cncn2C1,0.5054401715806307
O=C1Cn2cncc2O1,0.8989429607954662
C#Cc1coc(=N)cn1,0.2868022950096929
N#Cc1coc(=N)cn1,0.2908195410545886
C#Cc1ccc(=O)[nH]c1,0.23187559632424382
N#Cc1ccc(=O)[nH]c1,0.213026314659146
C#Cc1cnc(=O)[nH]c1,0.2556826316194929
C#Cc1c[nH]c(=O)cn1,0.266967389261481
C#Cc1ccc(=O)oc1,0.319499702525718
N#Cc1ccc(=O)oc1,0.2854295615652518
C#Cc1coc(=O)cn1,0.3674882836003235
N#Cc1coc(=O)cn1,0.381111044645877
C#CCc1coc(=O)[nH]1,0.6767273839050176
N#CCc1coc(=O)[nH]1,0.6701619264003966
C#CCc1c[nH]c(=O)[nH]1,0.6111414087899902
C#CCc1c[nH]c(=O)o1,0.5226827561909886
N#CCc1c[nH]c(=O)[nH]1,0.6030703717933648
N#CCc1c[nH]c(=O)o1,0.5292005121154943
C#CCc1coc(=O)o1,0.5927922454320651
N#CCc1coc(=O)o1,0.6609303232326056
O=c1[nH]cc2n1CC=C2,0.38534396824070427
O=c1occ2n1CC=C2,0.4371893297393399
O=c1[nH]cc2n1C=CC2,0.34329707777214935
O=c1occ2n1C=CC2,0.315297963194098
N=c1ccc(=O)[nH]cn1,1.1329072768949118
N=c1ccc(=O)ocn1,1.7685885511655215
N=c1cc[nH]c(=O)cn1,0.6942993352895428
N=c1cc[nH]c(=O)nc1,0.7508147715088853
N=c1ccoc(=O)cn1,0.7387334001577983
N=c1cnc(=O)[nH]cn1,1.0754769934410433
N=c1cnc(=O)ocn1,1.0791549405530532
N=c1nc[nH]c(=O)cn1,0.9214277942101035
N=c1ncoc(=O)cn1,0.9924616274620348
N=c1cnc(=O)cc[nH]1,0.42410233392729424
N=c1cnc(=N)[nH]cn1,0.4424674703823257
N=c1nc[nH]c(=N)cn1,1.0339401534365606
N=c1ncc(=O)nc[nH]1,0.7886775828410464
N=c1cnc(=O)nc[nH]1,0.9598023431153706
N=c1ccoc(=N)nc1,0.6665966889049741
N=c1ccoc(=N)cn1,0.5556893668344856
N=c1cnc(=O)cco1,0.4331729272453231
N=c1ccc(=N)ocn1,1.505077961974166
N=c1cnc(=N)ocn1,0.9848386261455744
N=c1ncoc(=N)cn1,1.07999460269275
N=c1ccc(=O)nco1,0.42281662253481045
N=c1ncc(=O)nco1,0.8729088901854993
N=c1cnc(=O)nco1,1.2130361665131204
O=c1cc[nH]c(=O)cc1,0.5146629582559399
O=c1cc[nH]c(=O)cn1,0.5639576592657249
O=c1ccc(=O)[nH]cn1,0.7816484430986748
O=c1cnc(=O)[nH]cn1,0.9348228502694838
O=c1nc[nH]c(=O)cn1,1.0117644687252323
O=c1ccoc(=O)cn1,0.5711467748260475
O=c1ccc(=O)ocn1,0.7505596102200798
O=c1cnc(=O)ocn1,0.9146042093743745
O=c1ncoc(=O)cn1,0.9217816240343382
C#Cc1cc[nH]c(=O)c1,0.23921674196753884
N#Cc1cc[nH]c(=O)c1,0.2472906089551543
C#Cc1cc[nH]c(=O)n1,0.23136113761393062
C#Cc1cc(=O)[nH]cn1,0.29915705928578973
N#Cc1cc(=O)[nH]cn1,0.33562136797809217
C#Cc1nc[nH]c(=O)n1,0.8355522652946092
N#Cc1nc[nH]c(=O)n1,0.8476894744362653
C#Cc1ccoc(=O)c1,0.251497872197433
N#Cc1ccoc(=O)c1,0.29037547823281784
C#Cc1ccoc(=O)n1,0.26109786328561313
N#Cc1ccoc(=O)n1,0.29537462040207174
C#Cc1cc(=O)ocn1,0.29774231143892393
N#Cc1cc(=O)ocn1,0.3632452917863702
C#Cc1ncoc(=O)n1,0.9343559026638104
N#Cc1ncoc(=O)n1,0.9766329199337633
C#CCn1cc[nH]c1=O,0.5976245272959204
N#CCn1cc[nH]c1=O,0.6111399393776082
C#CCn1ccoc1=O,0.620602050301386
N#CCn1ccoc1=O,0.6507563893155748
C#Cc1nccoc1=N,0.3367088987506577
N#Cc1nccoc1=N,0.31430118243952165
C#Cc1ccc[nH]c1=O,0.2566813171724789
N#Cc1ccc[nH]c1=O,0.22315978522419755
C#Cc1ncc[nH]c1=O,0.3085652916433901
C#Cc1cnc[nH]c1=O,0.3461401247441245
N#Cc1cnc[nH]c1=O,0.33297516827042273
C#Cc1cccoc1=O,0.2885847777015442
N#Cc1cccoc1=O,0.2698009122377698
C#Cc1nccoc1=O,0.37965945256655687
N#Cc1nccoc1=O,0.3694590691738995
C#Cc1cncoc1=O,0.36848699636720994
N#Cc1cncoc1=O,0.38494055924820714
N=c1cccc[nH]c1=O,0.36977602754814143
N=c1ccccoc1=O,0.8008142749677063
N=c1ccnc[nH]c1=O,0.8159950246626977
N=c1ccncoc1=O,1.0557641036066343
N=c1cncc[nH]c1=O,0.8174835153986351
N=c1cnccoc1=O,1.181421881517963
N=c1ncccoc1=O,0.758435351008302
N=c1ncnc[nH]c1=O,0.8236530742633477
N=c1ncncoc1=O,1.1422042962640262
N=c1[nH]ccccc1=O,0.6711326114254916
N=c1nccc[nH]c1=N,0.30599163752594905
N=c1[nH]ccncc1=O,0.8752447983060847
N=c1ccnc[nH]c1=N,0.5644304845372972
N=c1[nH]cnccc1=O,0.4665228641133581
N=c1ccccoc1=N,0.5241538860555011
N=c1ncccoc1=N,0.7521354495474952
N=c1cnccoc1=N,1.081912543728322
N=c1occncc1=O,1.0915936247856735
N=c1ccncoc1=N,1.0200841634905373
N=c1ocnccc1=O,0.9111316539037944
N=c1ncncoc1=N,1.3853607317905698
O=c1cncc[nH]c1=O,1.0213374116792693
O=c1ccnc[nH]c1=O,0.8986820034788252
O=c1ccccoc1=O,0.5289814875632146
O=c1cnccoc1=O,1.2329196718164894
O=c1ccncoc1=O,1.0818974686135334
N=C1OCc2occc21,0.2537708131440013
N=C1OCc2ocnc21,0.3938053255478735
O=C1CCc2[nH]ccc21,0.38291896999362507
O=C1CCc2occc21,0.3748283407858253
O=C1CCc2[nH]cnc21,0.23331567798049946
O=C1CCc2ocnc21,0.2127537380765716
O=C1CNc2occc21,0.5350085675399896
O=C1COc2[nH]ccc21,0.5058852956444753
O=C1NCc2[nH]ccc21,0.3711476453263458
O=C1NCc2occc21,0.37747677182960615
O=C1NCc2ocnc21,0.45499587059566693
O=C1OCc2[nH]ccc21,0.37611620188181405
O=C1OCc2occc21,0.36013753233419266
O=C1OCc2[nH]cnc21,0.4106277661594504
O=C1OCc2ocnc21,0.39252875718557334
N=C1OCc2ccoc21,0.29970887924719136
N=C1OCc2ncoc21,0.3663457858019683
O=C1CCc2cc[nH]c21,0.3151464773382031
O=C1CCc2nc[nH]c21,0.42020911743748
O=C1CCc2ccoc21,0.2961668258612917
O=C1CCc2ncoc21,0.43792839133675443
O=C1CNc2ccoc21,0.5479537919618451
O=C1COc2cc[nH]c21,0.4695624045925797
O=C1NCc2cc[nH]c21,0.33166450402677583
O=C1NCc2ccoc21,0.29843135848750535
O=C1NCc2ncoc21,0.34625158263406774
O=C1OCc2cc[nH]c21,0.34258087375201285
O=C1OCc2nc[nH]c21,0.4222955242439639
O=C1OCc2ccoc21,0.3179851976910868
O=C1OCc2ncoc21,0.3977602030699927
O=C1CCc2cccn21,0.5667739302189148
O=C1CCc2cncn21,0.6940869775335159
O=C1CCc2nccn21,0.7101890779886162
O=C1CNc2cccn21,0.7156179969897494
O=C1COc2cccn21,0.6422732356804772
O=C1COc2cncn21,0.718730681712259
O=C1COc2nccn21,0.779354712642089
O=C1NCc2cccn21,0.5318085886519839
O=C1NCc2cncn21,0.6181186563990195
O=C1NCc2nccn21,0.6784554437963379
O=C1OCc2cccn21,0.5258537821500795
O=C1OCc2cncn21,0.6451954678195762
O=C1OCc2nccn21,0.6704624763042375
O=C1CCn2cccc21,0.35658255353155255
O=C1CCn2ccnc21,0.4289938550100487
O=C1CCn2cncc21,0.4939241714691889
O=CC#Cc1ccc[nH]1,0.28533111072283646
O=CC#Cc1ccco1,0.4571076656375226
O=CC#Cc1cnc[nH]1,0.519861179016516
O=CC#Cc1cnco1,0.5878453491477558
O=CC#Cc1ncc[nH]1,0.44560018268930435
O=CC#Cc1ncco1,0.5935340825890307
O=CC#Cc1cc[nH]c1,0.4928999888306862
O=CC#Cc1c[nH]cn1,0.5436265536609426
O=CC#Cc1ccoc1,0.5083591111415444
O=CC#Cc1cocn1,0.6233683339160052
O=CC(=O)c1ccc[nH]1,0.4368664392786741
O=CC(=O)c1ccco1,0.7173827378519491
O=CC(=O)c1cnc[nH]1,0.4506585912859009
O=CC(=O)c1cnco1,1.0398492175754654
O=CC(=O)c1ncc[nH]1,1.0616508543989767
O=CC(=O)c1ncco1,0.6570610255657812
O=CC(=O)c1cc[nH]c1,0.4409033591673506
O=CC(=O)c1c[nH]cn1,1.2745588811048947
O=CC(=O)c1ccoc1,0.4145518675850326
O=CC(=O)c1cocn1,1.3543044437465142
O=CC(=O)n1cccc1,0.6630400229969382
O=CC(=O)n1ccnc1,0.8048839845887414
O=Cc1cc[nH]c1C=O,1.470647814203403
O=Cc1ccoc1C=O,1.4073506987042492
O=Cc1nc[nH]c1C=O,1.6218688510998618
O=Cc1ncoc1C=O,1.3460829549203481
C#Cc1cc[nH]c1C=O,0.3250939035679039
N#Cc1cc[nH]c1C=O,0.29803760954382597
N#Cc1ccoc1C=O,0.3232268206375011
C#Cc1nc[nH]c1C=O,0.3633522597974661
N#Cc1nc[nH]c1C=O,0.38264843426804873
C#Cc1ncoc1C=O,0.5189796657468833
N#Cc1ncoc1C=O,0.5362818161102041
C#Cc1[nH]ccc1C=O,0.4743271205570636
N#Cc1[nH]ccc1C=O,0.4602602150553139
C#Cc1[nH]cnc1C=O,0.3840949106051994
N#Cc1[nH]cnc1C=O,0.41645073342806427
C#Cc1occc1C=O,0.4667673313215346
N#Cc1occc1C=O,0.4547867237833998
C#Cc1ocnc1C=O,0.3715621837764047
N#Cc1ocnc1C=O,0.4471703892577352
O=Cc1cc(=O)cc[nH]1,0.2670475268314476
O=Cc1cc(=O)cco1,0.36530377969756955
O=Cc1cc(=O)nco1,0.2983746227200754
O=Cc1nc(=O)cco1,0.15269728250677872
O=Cc1nc(=O)nco1,0.5526572006474453
O=Cc1cc[nH]c(=O)c1,0.3038855568775034
O=Cc1cc(=O)[nH]cn1,0.4310852687158331
O=Cc1ccoc(=O)c1,0.3641839762094605
O=Cc1cc(=O)ocn1,0.5460608037810744
O=Cc1cc[nH]c(=O)n1,0.26203126869404514
O=Cc1nc[nH]c(=O)n1,0.44605080345718306
O=Cc1ccoc(=O)n1,0.3683718105130538
O=Cc1ncoc(=O)n1,0.44878353541207616
C#Cc1c[nH]c(C=O)c1,0.3489595522150921
N#Cc1c[nH]c(C=O)c1,0.31331346307706553
C#Cc1coc(C=O)c1,0.30261538319609826
N#Cc1coc(C=O)c1,0.3109726841121301
C#Cc1c[nH]c(C=O)n1,0.35692266880869283
N#Cc1c[nH]c(C=O)n1,0.37404895189865783
C#Cc1coc(C=O)n1,0.38330738550575916
N#Cc1coc(C=O)n1,0.32715350714534
O=Cc1c[nH]c(C=O)c1,0.41388848089263774
O=Cc1coc(C=O)c1,0.19912050063794595
O=Cc1c[nH]c(C=O)n1,0.45298565570374194
O=Cc1coc(C=O)n1,0.1873909182522766
C#Cc1ccc(C=O)[nH]1,0.27873267300492444
N#Cc1ccc(C=O)[nH]1,0.2742498943407554
C#Cc1ccc(C=O)o1,0.28892870257368486
N#Cc1ccc(C=O)o1,0.2943305462340504
C#Cc1ncc(C=O)[nH]1,0.3716534235973086
C#Cc1ncc(C=O)o1,0.39508466947336274
N#Cc1ncc(C=O)o1,0.460232105682735
C#Cc1cnc(C=O)[nH]1,0.3155216953200579
C#Cc1cnc(C=O)o1,0.31869998672300426
N#Cc1cnc(C=O)o1,0.35869312406248355
O=Cc1ccc(C=O)[nH]1,0.3321494655810966
O=Cc1ccc(C=O)o1,0.37868863148651144
O=Cc1cnc(C=O)o1,0.1711864485168917
N=c1cncc(C=O)o1,0.35629950055772497
O=Cc1cccc(=O)[nH]1,0.2924044962019252
O=Cc1cccc(=O)o1,0.3572502396255004
O=Cc1ccnc(=O)[nH]1,0.2685427387841628
O=Cc1cncc(=O)[nH]1,0.33761269815477135
O=Cc1cncc(=O)o1,0.7001745212364767
O=Cc1nccc(=O)[nH]1,0.3710675349666417
O=Cc1nccc(=O)o1,0.3260715002888901
O=Cc1ncnc(=O)[nH]1,0.6796574257150496
N=c1occnc1C=O,1.4312610284687253
O=Cc1ccc[nH]c1=O,0.2579129323039524
O=Cc1cccoc1=O,1.1471798733618925
O=Cc1cnc[nH]c1=O,1.4510011841266532
O=Cc1cncoc1=O,1.2263049072553258
O=Cc1ncc[nH]c1=O,0.7398693944305705
O=Cc1nccoc1=O,0.5894268484462373
N=c1cnc(C=O)co1,0.36703943157226604
O=Cc1ccc(=O)[nH]c1,0.3614615029491688
O=Cc1c[nH]c(=O)cn1,0.3384743471087859
O=Cc1cnc(=O)[nH]c1,0.2758339787214936
O=Cc1ccc(=O)oc1,0.42043418291905255
O=Cc1coc(=O)cn1,0.594137359303204
C#Cc1cc(C=O)c[nH]1,0.3514361976958753
N#Cc1cc(C=O)c[nH]1,0.34619941837991064
C#Cc1nc(C=O)c[nH]1,0.4167519091952272
N#Cc1nc(C=O)c[nH]1,0.45478321351038176
C#Cc1cc(C=O)co1,0.3901431610502186
N#Cc1cc(C=O)co1,0.4353659483149386
C#Cc1nc(C=O)co1,0.4350712760751776
N#Cc1nc(C=O)co1,0.4070030989678344
C#Cc1c[nH]cc1C=O,0.508564040184865
N#Cc1c[nH]cc1C=O,0.3789207175068441
C#Cc1cocc1C=O,0.482675686618677
N#Cc1cocc1C=O,0.3317156886696466
O=Cc1c[nH]cc1C=O,1.4501609777562408
O=Cc1cocc1C=O,1.3948635237629787
O=Cc1c[nH]ccc1=O,1.5811056311704306
O=Cc1coccc1=O,1.352422639449287
O=Cc1cocnc1=O,1.3132348234630626
O=Cn1ccc(=O)cc1,0.41733513110921194
O=Cn1ccc(=O)nc1,0.8228441610026493
O=Cn1cnc(=O)nc1,0.9496533892652224
C#Cc1ccn(C=O)c1,0.46869844267348526
N#Cc1ccn(C=O)c1,0.5115969138714718
C#Cc1cn(C=O)cn1,0.47210721462579386
N#Cc1cn(C=O)cn1,0.5929425884078228
O=Cc1ccn(C=O)c1,0.6729246453178348
O=Cc1cn(C=O)cn1,0.743831755084102
C#Cc1cccn1C=O,0.42646341259387555
N#Cc1cccn1C=O,0.4525171026252792
C#Cc1nccn1C=O,0.5355088763208187
N#Cc1nccn1C=O,0.5713760580747476
C#Cc1cncn1C=O,0.6098243226570048
N#Cc1cncn1C=O,0.5693097060666332
O=Cc1cccn1C=O,0.859041471450837
O=Cc1nccn1C=O,0.6423542712273047
O=Cc1cncn1C=O,1.0512236912036315
O=Cn1ccccc1=O,0.4479596014607523
O=Cn1cccnc1=O,0.42537041232935735
O=Cn1ccncc1=O,0.5192946649003716
N=CNc1cnccn1,1.9071289944931777
N=CNc1cncnc1,0.42957424693850044
N=CNc1ccccn1,2.078117262390151
N=CNc1ncccn1,2.1002906885551056
N=CNc1ccncn1,2.2844990704325028
N=CNc1ncncn1,2.3869241096272162
N=COc1ccccc1,0.4653531549138279
N=COc1ccncc1,0.879121443056647
N=COc1cccnc1,0.7846754391212016
N=COc1cnccn1,2.0692002229970967
N=COc1cncnc1,1.267641008769715
N=COc1ccccn1,2.2972808904032718
N=COc1ncccn1,2.4534021832441795
N=COc1ccncn1,2.5164826960080973
N=COc1ncncn1,2.5136138798425236
O=CCc1ccccc1,0.38517147518541606
O=CCc1ccncc1,0.7217191191848542
O=CCc1cccnc1,0.8137947109371453
O=CCc1cnccn1,1.3804890206029086
O=CCc1cncnc1,0.8925973441837414
O=CCc1ncccn1,1.6423072784655233
O=CCc1ccncn1,1.6442287841964571
O=CCc1ncncn1,1.6779657760016562
O=CNc1ccccc1,0.42160016415618884
O=CNc1ccncc1,0.7530887464872649
O=CNc1cccnc1,0.4777645461144857
O=CNc1cnccn1,1.4246044944120513
O=CNc1cncnc1,0.9421356960592675
O=CNc1ccccn1,1.7405376532969967
O=CNc1ncccn1,1.725024815685174
O=CNc1ccncn1,1.841539781225947
O=CNc1ncncn1,1.8253198826223525
O=COc1ccccc1,0.6219573412436148
O=COc1ccncc1,1.2375275412796327
O=COc1cccnc1,0.947376992469799
O=COc1cnccn1,1.2598609704709816
O=COc1cncnc1,1.0424933764261368
O=COc1ccccn1,1.7047392891690833
O=COc1ncccn1,1.5083080910935678
O=COc1ccncn1,1.4192244742935145
O=COc1ncncn1,1.6136569679001695
N=CNc1coc(=O)o1,0.7335055461808224
N=COc1c[nH]c(=O)[nH]1,0.6728062757338193
N=COc1c[nH]c(=O)o1,0.7773816957342206
N=COc1coc(=O)[nH]1,0.7733256462324789
O=CCc1c[nH]c(=O)[nH]1,0.5727758668617753
O=CCc1c[nH]c(=O)o1,0.5885086542111821
O=CCc1coc(=O)[nH]1,0.6049329920515447
O=CCc1coc(=O)o1,0.7858243588107143
O=CNc1c[nH]c(=O)[nH]1,0.5956333059639292
O=CNc1c[nH]c(=O)o1,0.7146470942770975
O=CNc1coc(=O)[nH]1,0.6978616883789073
O=CNc1coc(=O)o1,0.8599353114841506
O=COc1c[nH]c(=O)[nH]1,0.7413337486577802
O=COc1c[nH]c(=O)o1,0.8371358598706138
O=COc1coc(=O)[nH]1,0.8744888112232729
O=COc1coc(=O)o1,1.0593527973287564
O=CCn1cc[nH]c1=O,0.5621540877418738
O=CCn1ccoc1=O,0.5634886708048725
O=CCN=c1[nH]cco1,0.482134424679316
O=CCN=c1occo1,0.34850727155208006
N=COCc1ccc[nH]1,0.5683506947316346
N=COCc1ccco1,0.6215894159176969
N=COCc1cnco1,0.7275448620184761
N=COCc1ncco1,0.7029520159430831
O=CCCc1ccc[nH]1,0.836820153217559
O=CCCc1ccco1,1.0454569971079763
O=CCCc1cnc[nH]1,1.0904893862134486
O=CCCc1cnco1,1.1427015029457834
O=CCCc1ncc[nH]1,0.9670434052350174
O=CCCc1ncco1,1.197866165319283
O=CCNc1ccc[nH]1,1.5729954641792574
O=CCNc1ccco1,0.6732961897632777
O=CCNc1cnco1,0.6957646963401203
O=CCNc1ncco1,0.6638615895553812
O=CCOc1ccc[nH]1,1.1254861025227
O=CCOc1ccco1,1.0010538715996518
O=CCOc1cnc[nH]1,1.31390751645813
O=CCOc1cnco1,1.19214608434595
O=CCOc1ncc[nH]1,0.9594817112010787
O=CCOc1ncco1,0.9489434438637545
O=CNCc1ccc[nH]1,1.117612457012001
O=CNCc1ccco1,0.5034193986666651
O=CNCc1cnc[nH]1,0.6949917565489159
O=CNCc1ncc[nH]1,1.2964488461275323
O=CNCc1ncco1,1.965784906567933
O=COCc1ccc[nH]1,0.4662720566484495
O=COCc1ccco1,0.554599740786216
O=COCc1cnc[nH]1,1.1404449432629917
O=COCc1cnco1,0.624555050238996
O=COCc1ncc[nH]1,1.07692912974926
N=COCc1cc[nH]c1,0.4689495494658331
N=COCc1ccoc1,0.5247506320356479
N=COCc1cocn1,0.6847439708981256
O=CCCc1cc[nH]c1,1.1233318304875866
O=CCCc1ccoc1,0.9920875795705797
O=CCCc1cocn1,1.0496148988750065
O=CCNc1cc[nH]c1,0.7593230412694538
O=CCNc1ccoc1,0.888492096471964
O=CCNc1cocn1,0.8428110692475457
O=CCOc1cc[nH]c1,1.113224891034406
O=CCOc1c[nH]cn1,0.8271282148143655
O=CCOc1ccoc1,1.2454167789219355
O=CCOc1cocn1,0.8205775330989127
O=CNCc1cc[nH]c1,1.3773480360305257
O=CNCc1c[nH]cn1,1.4960387161881954
O=CNCc1ccoc1,1.4788938204983424
O=CNCc1cocn1,1.5264479987999948
O=COCc1cc[nH]c1,0.8739562841437873
O=COCc1c[nH]cn1,1.6935639485582215
O=COCc1ccoc1,1.0592634078875562
O=COCc1cocn1,1.263536577402192
O=CCCn1cccc1,0.8646164068195503
O=CCCn1ccnc1,0.8045993805644684
CC#Cc1[nH]ccc1C,0.31360995848262974
CC#Cc1occc1C,0.3123396215323737
CC#Cc1[nH]cnc1C,0.34232380766661663
CC#Cc1ocnc1C,0.3445484755902726
CC#Cc1[nH]ccc1N,0.5100793885758321
CC#Cc1occc1N,0.4913706537845428
CC#Cc1[nH]cnc1N,0.44489777484704973
CC#Cc1ocnc1N,0.443936722656872
CC#Cc1[nH]ccc1O,0.5108290626158123
CC#Cc1[nH]cnc1O,0.3895915043576679
CC#Cc1ocnc1O,0.4031641964265873
CC#Cc1cc[nH]c1C,0.3517853743669548
CC#Cc1nc[nH]c1C,0.36807185926409147
CC#Cc1ccoc1C,0.314231167511025
CC#Cc1ncoc1C,0.37222984266372805
CC#Cc1cc[nH]c1N,0.7788207705689274
CC#Cc1nc[nH]c1N,0.7669755397382687
CC#Cc1ccoc1N,0.45923654943544534
CC#Cc1ncoc1N,0.4979939083023055
CC#Cc1cc[nH]c1O,0.509066661936231
CC#Cc1nc[nH]c1O,0.571723874176314
CC#Cc1cc(C)c[nH]1,0.3423608423818223
CC#Cc1cc(C)co1,0.339567510638517
CC#Cc1cc(N)c[nH]1,0.5797681079493486
CC#Cc1cc(N)co1,0.5747625983112812
CC#Cc1cc(O)c[nH]1,0.40203669211223314
CC#Cc1nc(C)c[nH]1,0.4281711455732875
CC#Cc1nc(C)co1,0.40855382217341685
CC#Cc1nc(N)c[nH]1,0.5721545762007736
CC#Cc1nc(N)co1,0.6018613965443365
CC#Cc1nc(O)c[nH]1,0.4543094358432427
CC#Cc1nc(O)co1,0.51216584980466
CC#Cc1ccn(C)c1,0.401389523409307
CC#Cc1cn(C)cn1,0.42273357334852335
CC#Cc1ccc(C)[nH]1,0.35041353889937454
CC#Cc1ccc(C)o1,0.3135480797627679
CC#Cc1ccc(N)[nH]1,0.7574781628391065
CC#Cc1ccc(N)o1,0.5077370857688948
CC#Cc1ccc(O)[nH]1,0.4078697820259549
CC#Cc1cnc(C)[nH]1,0.4114381216222682
CC#Cc1cnc(C)o1,0.3851962647677283
CC#Cc1cnc(N)o1,0.5358167733029404
CC#Cc1cnc(O)[nH]1,0.48737414282368263
CC#Cc1cnc(O)o1,0.49966308272814786
CC#Cc1ncc(C)[nH]1,0.4514390142085176
CC#Cc1ncc(C)o1,0.4092127189887833
CC#Cc1ncc(N)[nH]1,0.8431864777103328
CC#Cc1ncc(N)o1,0.569544513231449
CC#Cc1ncc(O)[nH]1,0.48286428882420296
CC#Cc1cccn1C,0.3291133537368296
CC#Cc1cncn1C,0.3723873694507347
CC#Cc1nccn1C,0.4439678252874728
CC#Cc1ccccc1,0.2580037095267471
CC#Cc1ccncc1,0.47391715361845854
CC#Cc1cccnc1,0.30879530960373813
CC#Cc1cnccn1,0.5409663945047214
CC#Cc1cncnc1,0.7058219477730745
CC#Cc1ccccn1,0.2474942318531248
CC#Cc1ncccn1,0.885407956511699
CC#Cc1ccncn1,0.959482745234709
CC#Cc1ncncn1,0.9413221024442464
CC#Cc1c[nH]c(=O)[nH]1,0.39686745148901537
CC#Cc1c[nH]c(=O)o1,0.4328016821291385
CC#Cc1coc(=O)[nH]1,0.46459158949073753
CC#Cc1coc(=O)o1,0.5242798204108112
CC#Cc1c[nH]c(C)c1,0.32948495260097843
CC#Cc1c[nH]c(C)n1,0.37279249276070914
CC#Cc1c[nH]c(N)c1,1.000603305255936
CC#Cc1c[nH]c(N)n1,0.696694292151733
CC#Cc1c[nH]c(O)c1,0.42481807535477856
CC#Cc1c[nH]c(O)n1,0.472707824623285
CC#Cc1coc(C)c1,0.3299105933037936
CC#Cc1coc(C)n1,0.41596713244689454
CC#Cc1coc(N)c1,0.5557118162396364
CC#Cc1coc(N)n1,0.5512108331549825
CC#Cc1c[nH]cc1C,0.3541271873637015
CC#Cc1c[nH]cc1N,0.6634584798939613
CC#Cc1c[nH]cc1O,0.6019357380882866
CC#Cc1cocc1C,0.3181714597194514
CC#Cc1cocc1N,0.6630476149784954
CC#CCc1ccc[nH]1,0.3999510744361032
CC#CCc1ccco1,0.29932898090373783
CC#CCc1cnc[nH]1,0.4717525412543182
CC#CCc1cnco1,0.4351413454278372
CC#CCc1ncc[nH]1,0.4129756472993904
CC#CCc1ncco1,0.40504586467068293
CC#CCc1cc[nH]c1,0.5057395513922529
CC#CCc1c[nH]cn1,0.47643491552480555
CC#CCc1ccoc1,0.5287450749292475
CC#CCc1cocn1,0.4912461072108272
CC#CCn1cccc1,0.45875000962405466
CC#CCn1ccnc1,0.5744086596496345
CC(=O)c1[nH]ccc1C,0.3661135365109658
CC(=O)c1occc1C,0.480931463149318
CC(=O)c1[nH]cnc1C,0.492054312975597
CC(=O)c1ocnc1C,0.6626213756226207
CC(=O)c1[nH]ccc1N,0.5434183592442423
CC(=O)c1occc1N,0.5215636057728261
CC(=O)c1[nH]cnc1N,0.4552733452310349
CC(=O)c1ocnc1N,0.4655613493287092
CC(=O)c1[nH]ccc1O,0.5692248065060994
CC(=O)c1occc1O,0.7235560790977615
CC(=O)c1[nH]cnc1O,0.5761605023035372
CC(=O)c1ocnc1O,0.7981855177677062
Cc1cc[nH]c1C(N)=O,0.3830539385362499
Cc1nc[nH]c1C(N)=O,0.5064274827691406
Cc1ccoc1C(N)=O,0.6769503813229676
Cc1ncoc1C(N)=O,0.9376806458185456
NC(=O)c1[nH]ccc1N,1.3463760761096637
NC(=O)c1occc1N,0.6199965966752643
NC(=O)c1[nH]cnc1N,1.1441192712554766
NC(=O)c1ocnc1N,0.5437442157472105
NC(=O)c1[nH]ccc1O,0.5448326717068994
NC(=O)c1[nH]cnc1O,0.5922946577866242
NC(=O)c1ocnc1O,1.0584077998646535
CC(=O)c1cc[nH]c1C,0.43650401065497135
CC(=O)c1nc[nH]c1C,0.597122504195795
CC(=O)c1ccoc1C,0.484265757506364
CC(=O)c1ncoc1C,0.682384688181628
CC(=O)c1cc[nH]c1N,0.644763378015341
CC(=O)c1nc[nH]c1N,0.6369303046994901
CC(=O)c1ccoc1N,0.4559471266784385
CC(=O)c1ncoc1N,0.45236591609318566
CC(=O)c1cc[nH]c1O,0.5837888642636244
CC(=O)c1nc[nH]c1O,0.5731678198499139
Cc1[nH]ccc1C(N)=O,0.5618111969033635
Cc1occc1C(N)=O,0.6589794564042677
Cc1[nH]cnc1C(N)=O,0.6500297361199046
Cc1ocnc1C(N)=O,0.8538495093107485
NC(=O)c1cc[nH]c1N,0.7547348184380098
NC(=O)c1nc[nH]c1N,0.7711863676777284
NC(=O)c1ccoc1N,0.5356863490669639
NC(=O)c1ncoc1N,0.5500478723824926
NC(=O)c1cc[nH]c1O,0.6770843158301432
CC(=O)c1cc(C)c[nH]1,0.4334284967080748
CC(=O)c1cc(C)co1,0.472578053462712
CC(=O)c1cc(N)c[nH]1,0.7331141374197614
CC(=O)c1cc(N)co1,0.6894769039445237
CC(=O)c1cc(O)c[nH]1,0.5644516277934599
CC(=O)c1nc(C)c[nH]1,0.5024023998394114
CC(=O)c1nc(C)co1,0.5251933342842676
CC(=O)c1nc(N)c[nH]1,0.6594283084323251
CC(=O)c1nc(N)co1,0.6616346086630074
CC(=O)c1nc(O)c[nH]1,0.5578093797194015
CC(=O)c1nc(O)co1,0.6380440672601253
Cc1c[nH]c(C(N)=O)c1,0.4502074262873066
Cc1c[nH]c(C(N)=O)n1,0.5343548953132995
Cc1coc(C(N)=O)c1,0.6316485721526988
Cc1coc(C(N)=O)n1,0.7422505006870779
NC(=O)c1cc(N)c[nH]1,0.7719026805461908
NC(=O)c1cc(N)co1,0.7157799048163724
NC(=O)c1cc(O)c[nH]1,0.6617990199356427
NC(=O)c1nc(N)c[nH]1,0.6970251283401012
NC(=O)c1nc(N)co1,0.6944198545752442
NC(=O)c1nc(O)c[nH]1,0.5885804923018441
NC(=O)c1nc(O)co1,0.7650240470484277
CC(=O)c1ccc(C)[nH]1,0.41371957973751705
CC(=O)c1ccc(C)o1,0.46467401281915954
CC(=O)c1ccc(N)[nH]1,0.6150872793368762
CC(=O)c1ccc(N)o1,0.5469647936661204
CC(=O)c1ccc(O)[nH]1,0.4868699428116088
CC(=O)c1cnc(C)[nH]1,0.5267402478984877
CC(=O)c1cnc(C)o1,0.741498921850507
CC(=O)c1cnc(N)o1,0.594262096359671
CC(=O)c1cnc(O)[nH]1,0.6150904086498485
CC(=O)c1ncc(C)[nH]1,0.5030939503340051
CC(=O)c1ncc(C)o1,0.5604985734389629
CC(=O)c1ncc(N)[nH]1,0.673430450800879
CC(=O)c1ncc(N)o1,0.5233962662823615
Cc1ccc(C(N)=O)[nH]1,0.42968347349415126
Cc1ccc(C(N)=O)o1,0.6242287039294752
Cc1cnc(C(N)=O)[nH]1,0.527074648780399
Cc1cnc(C(N)=O)o1,0.6770270086199162
Cc1ncc(C(N)=O)[nH]1,0.5372325551779795
Cc1ncc(C(N)=O)o1,0.9701895055513887
NC(=O)c1ccc(N)[nH]1,0.7121954288595589
NC(=O)c1ccc(N)o1,0.6168171079734748
NC(=O)c1ccc(O)[nH]1,0.5125259654560068
NC(=O)c1cnc(N)o1,0.754661510925871
NC(=O)c1cnc(O)[nH]1,0.6345290347926493
NC(=O)c1ncc(N)[nH]1,0.8070190181661019
NC(=O)c1ncc(N)o1,0.569569466084431
CC(=O)c1ccccc1,0.5629598444793373
CC(=O)c1ccncc1,0.49144643753061246
CC(=O)c1cccnc1,0.640140759973292
CC(=O)c1cnccn1,0.4648889012369182
CC(=O)c1cncnc1,0.6638265956971736
CC(=O)c1ccccn1,0.3937652975819219
CC(=O)c1ncccn1,0.42096725422379677
CC(=O)c1ccncn1,0.5609401600231649
CC(=O)c1ncncn1,0.6193594145588577
NC(=O)c1ccccc1,0.7927988036408351
NC(=O)c1ccncc1,0.6093193607248395
NC(=O)c1cccnc1,0.7222439454362757
NC(=O)c1cnccn1,0.46222762641264126
NC(=O)c1cncnc1,0.7605232272308058
NC(=O)c1ccccn1,0.42432973958784714
NC(=O)c1ncccn1,0.6241688116369914
NC(=O)c1ccncn1,0.5151344501646236
NC(=O)c1ncncn1,0.4054907166191697
CC(=O)c1c[nH]c(=O)[nH]1,0.4730999408839125
CC(=O)c1c[nH]c(=O)o1,0.6111918043006881
CC(=O)c1coc(=O)[nH]1,0.5332184656581376
CC(=O)c1coc(=O)o1,0.8547015526328323
NC(=O)c1c[nH]c(=O)[nH]1,0.48372474046846037
NC(=O)c1c[nH]c(=O)o1,0.716379916162623
NC(=O)c1coc(=O)[nH]1,0.5328071925723634
NC(=O)c1coc(=O)o1,1.0067111214502802
CC(=O)c1c[nH]c(C)c1,0.49122950825585576
CC(=O)c1c[nH]c(C)n1,0.6932226074422942
CC(=O)c1c[nH]c(N)c1,1.227483786697121
CC(=O)c1c[nH]c(N)n1,0.9007451445395418
CC(=O)c1c[nH]c(O)c1,0.7111007959119888
CC(=O)c1c[nH]c(O)n1,0.7563084536395763
CC(=O)c1coc(C)c1,0.6081109024980833
CC(=O)c1coc(C)n1,0.8076506763718498
CC(=O)c1coc(N)c1,0.7097113546660694
CC(=O)c1coc(N)n1,0.7181895558296674
Cc1cc(C(N)=O)c[nH]1,0.6297226309652615
Cc1cc(C(N)=O)co1,0.6865475424219767
Cc1nc(C(N)=O)c[nH]1,0.7575862465164391
Cc1nc(C(N)=O)co1,0.8747641361587739
NC(=O)c1c[nH]c(N)c1,1.2553687222443841
NC(=O)c1c[nH]c(N)n1,0.9234790438877098
NC(=O)c1c[nH]c(O)c1,0.712498482209412
NC(=O)c1c[nH]c(O)n1,0.8038405907063861
NC(=O)c1coc(N)c1,0.7556340735391132
NC(=O)c1coc(N)n1,0.761541668261998
CC(=O)c1c[nH]cc1C,0.4711544619167398
CC(=O)c1c[nH]cc1N,0.6512353099406027
CC(=O)c1c[nH]cc1O,0.40904202188539784
CC(=O)c1cocc1C,0.4392473822681495
CC(=O)c1cocc1N,0.6595292083002278
CC(=O)c1cocc1O,0.3902868372369994
Cc1c[nH]cc1C(N)=O,0.6356161029725627
Cc1cocc1C(N)=O,0.6920051422403048
NC(=O)c1c[nH]cc1N,0.7528564427757374
NC(=O)c1cocc1N,0.754830656984268
CC(=O)n1ccc(C)c1,0.6706162751306692
CC(=O)n1ccc(N)c1,0.8628659247315227
CC(=O)n1ccc(O)c1,0.8360241925893206
CC(=O)n1cnc(C)c1,0.7459640675224364
CC(=O)n1cnc(N)c1,0.7960400622214365
Cc1ccn(C(N)=O)c1,0.6745054099101253
Cc1cn(C(N)=O)cn1,0.7650845107764326
NC(=O)n1ccc(N)c1,0.9541802776002442
NC(=O)n1ccc(O)c1,0.7808592581022822
NC(=O)n1cnc(N)c1,0.8234003075740475
CC(=O)n1cccc1C,0.5879092959348782
CC(=O)n1cccc1N,0.6391780478879809
CC(=O)n1cccc1O,0.6575016325368779
CC(=O)n1ccnc1C,0.7459288559712149
CC(=O)n1ccnc1N,0.6698473354172165
CC(=O)n1ccnc1O,0.8957361246357323
CC(=O)n1cncc1C,0.6947843240523071
CC(=O)n1cncc1N,0.6845582530968386
Cc1cccn1C(N)=O,0.6045228890579892
Cc1cncn1C(N)=O,0.7210317592453066
Cc1nccn1C(N)=O,0.7863762604047224
NC(=O)n1cccc1N,1.8011866642882524
NC(=O)n1cccc1O,0.5745939692769753
NC(=O)n1ccnc1N,0.7560031145312678
NC(=O)n1ccnc1O,0.9158842880078737
NC(=O)n1cncc1N,2.0004547595563054
CC(=O)n1cc[nH]c1=O,0.7464919142421422
CC(=O)n1ccoc1=O,0.8652797663053207
NC(=O)n1cc[nH]c1=O,0.7628803330353549
NC(=O)n1ccoc1=O,0.8371302543255297
CC(=N)Nc1ccco1,0.46498890312795993
CC(=N)Nc1ncco1,0.42634107014600886
CC(=N)Oc1ccc[nH]1,0.6527593387654633
CC(=N)Oc1ccco1,0.8453240691542305
CC(=N)Oc1cnc[nH]1,0.7402741367804992
CC(=N)Oc1cnco1,0.9749810247467394
CC(=N)Oc1ncc[nH]1,1.7937841025159287
CC(=N)Oc1ncco1,2.164916155708852
CC(=O)Cc1ccc[nH]1,0.40938175619703543
CC(=O)Cc1ccco1,0.581056676535809
CC(=O)Cc1cnc[nH]1,0.4584335138406459
CC(=O)Cc1cnco1,0.6085215225102729
CC(=O)Cc1ncc[nH]1,0.5191995610621234
CC(=O)Cc1ncco1,0.5283419380521082
CC(=O)Nc1ccc[nH]1,0.5871029133377306
CC(=O)Nc1ccco1,0.6421622131729237
CC(=O)Nc1cnc[nH]1,0.6594595199039759
CC(=O)Nc1cnco1,0.7240165503899334
CC(=O)Nc1ncc[nH]1,0.6977483256923733
CC(=O)Nc1ncco1,0.861330630388693
CC(=O)Oc1ccc[nH]1,0.776459800745215
CC(=O)Oc1ccco1,0.9973945370857109
CC(=O)Oc1cnc[nH]1,0.9350784197322355
CC(=O)Oc1cnco1,1.2828578135722637
CC(=O)Oc1ncc[nH]1,0.9423890886100708
CC(=O)Oc1ncco1,2.210044655481397
NC(=O)Cc1ccc[nH]1,0.5075916680543742
NC(=O)Cc1ccco1,0.44877050115246675
NC(=O)Cc1cnc[nH]1,0.5788546757084987
NC(=O)Cc1cnco1,0.46550074954211595
NC(=O)Cc1ncc[nH]1,0.7509811692107178
NC(=O)Cc1ncco1,0.4804126778308273
NC(=O)Nc1ccc[nH]1,0.6488572785710858
NC(=O)Nc1ccco1,1.0326722383033484
NC(=O)Nc1cnc[nH]1,0.6981830005806842
NC(=O)Nc1cnco1,1.0784327228102484
NC(=O)Nc1ncc[nH]1,0.7298925526774838
NC(=O)Nc1ncco1,0.6949073467894777
NC(=O)Oc1ccc[nH]1,0.7722119108839252
NC(=O)Oc1ccco1,0.8885860302216315
NC(=O)Oc1cnc[nH]1,0.8916676667358843
NC(=O)Oc1cnco1,1.0406048237055074
NC(=O)Oc1ncc[nH]1,0.9054902410862269
NC(=O)Oc1ncco1,1.628201134129995
CC(=N)Oc1cc[nH]c1,0.6841414016744238
CC(=N)Oc1c[nH]cn1,1.8878922225103452
CC(=N)Oc1cocn1,1.9479165142038255
CC(=O)Cc1cc[nH]c1,0.750567882483665
CC(=O)Cc1c[nH]cn1,0.42136045894039853
CC(=O)Cc1ccoc1,0.4277913016558159
CC(=O)Cc1cocn1,0.6511692950844008
CC(=O)Nc1cc[nH]c1,0.6340130522439722
CC(=O)Nc1c[nH]cn1,1.0987072287098272
CC(=O)Nc1ccoc1,0.6512612424048712
CC(=O)Nc1cocn1,0.7005295483613736
CC(=O)Oc1cc[nH]c1,0.7841884367153398
CC(=O)Oc1c[nH]cn1,0.9133393691281526
CC(=O)Oc1ccoc1,0.8915322628145077
CC(=O)Oc1cocn1,1.064069240273966
NC(=O)Cc1cc[nH]c1,1.0774549628240493
NC(=O)Cc1c[nH]cn1,0.4136026795640646
NC(=O)Cc1ccoc1,1.1487520119353576
NC(=O)Cc1cocn1,0.41381593529877136
NC(=O)Nc1cc[nH]c1,1.1340808228978858
NC(=O)Nc1c[nH]cn1,0.6819125704096223
NC(=O)Nc1ccoc1,0.7071558233419637
NC(=O)Nc1cocn1,0.8520275973023672
NC(=O)Oc1cc[nH]c1,0.7696934959039936
NC(=O)Oc1c[nH]cn1,1.1346269828882214
NC(=O)Oc1ccoc1,0.7704474149250018
NC(=O)Oc1cocn1,0.9020159712963505
CC(=O)Cn1cccc1,0.9697999199561309
CC(=O)Cn1ccnc1,0.9358780266902613
NC(=O)Cn1cccc1,1.2365876867679617
NC(=O)Cn1ccnc1,1.1871152953208366
C#CC(C)c1ccc[nH]1,0.4022703291830112
C#CC(C)c1ccco1,0.3487153843325359
C#CC(C)c1cnc[nH]1,0.5032928656619333
C#CC(C)c1cnco1,0.6999881503652432
C#CC(C)c1ncc[nH]1,0.4699841812798695
C#CC(C)c1ncco1,0.47382738321357465
CC(C#N)c1ccc[nH]1,0.4207953053937672
CC(C#N)c1ccco1,0.3732600662315235
CC(C#N)c1cnc[nH]1,0.547392665701409
CC(C#N)c1cnco1,0.495137037942186
CC(C#N)c1ncc[nH]1,0.4972842894385394
CC(C#N)c1ncco1,0.6150897283660015
C#CC(N)c1ccco1,0.9698194849479478
C#CC(N)c1cnco1,1.1168563610790443
C#CC(N)c1ncc[nH]1,0.9766836964026879
C#CC(N)c1ncco1,0.9907508195974515
N#CC(N)c1ccc[nH]1,0.47172935714297637
N#CC(N)c1ccco1,0.9446602880270802
N#CC(N)c1cnc[nH]1,0.9491601010249724
N#CC(N)c1cnco1,1.1775534546140989
N#CC(N)c1ncc[nH]1,0.8706102344640385
N#CC(N)c1ncco1,1.0860986092939129
C#CC(O)c1ccc[nH]1,0.6635449849291035
C#CC(O)c1ccco1,0.6492831913856207
C#CC(O)c1cnc[nH]1,0.8163111939065857
C#CC(O)c1cnco1,0.8322880947180238
C#CC(O)c1ncc[nH]1,0.9106782847829891
C#CC(O)c1ncco1,0.6026910448908893
N#CC(O)c1ccc[nH]1,0.667724574179374
N#CC(O)c1ccco1,0.6312623879766761
N#CC(O)c1cnc[nH]1,0.8048972909637087
N#CC(O)c1cnco1,0.7437534951041016
N#CC(O)c1ncc[nH]1,0.9093901787909999
N#CC(O)c1ncco1,0.8699452967193793
C#CC(C)c1cc[nH]c1,0.476903114857123
C#CC(C)c1c[nH]cn1,0.6046205779784941
C#CC(C)c1ccoc1,0.5277744443246775
C#CC(C)c1cocn1,0.6895536673036986
CC(C#N)c1cc[nH]c1,0.3897869094125781
CC(C#N)c1c[nH]cn1,0.4878896355676261
CC(C#N)c1ccoc1,0.37248761625050975
CC(C#N)c1cocn1,0.512932204435856
C#CC(N)c1cocn1,1.1574864628455543
N#CC(N)c1cc[nH]c1,0.6739118476634758
N#CC(N)c1c[nH]cn1,1.029244010198454
N#CC(N)c1ccoc1,0.7616150301946618
N#CC(N)c1cocn1,1.07933358338596
C#CC(O)c1cc[nH]c1,0.6907641663892718
C#CC(O)c1c[nH]cn1,0.7742093636279606
C#CC(O)c1ccoc1,0.6681235205014673
C#CC(O)c1cocn1,0.7653702304669423
N#CC(O)c1cc[nH]c1,0.6987431744382775
N#CC(O)c1c[nH]cn1,0.8652578611290664
N#CC(O)c1ccoc1,0.5896139812375623
N#CC(O)c1cocn1,0.8336172627132328
C#CC(C)n1cccc1,0.4595665420729347
C#CC(C)n1ccnc1,0.6111204832268413
CC(C#N)n1cccc1,0.4544870718564198
CC(C#N)n1ccnc1,0.6301567072023317
CC(N)=Nc1cnco1,0.9618094831166673
CC(N)=Nc1ncco1,1.0601582547442376
CC(C)c1ccccc1,0.38639816505019553
CC(C)c1ccncc1,1.0918274795476464
CC(C)c1cccnc1,0.8862075362594624
CC(C)c1cnccn1,0.6870418374855944
CC(C)c1cncnc1,0.9347800195300806
CC(C)c1ccccn1,0.9405174069524946
CC(C)c1ncccn1,1.0257133311806683
CC(C)c1ccncn1,0.8708584296364279
CC(O)c1ccccc1,0.4843214048160007
CC(O)c1ccncc1,0.9744379396433942
CC(O)c1cccnc1,0.9891623541807348
CC(O)c1cnccn1,1.031028397688715
CC(O)c1cncnc1,1.0990904468435474
CC(O)c1ccccn1,0.7997668810075993
CC(O)c1ncccn1,1.1171284206484415
CC(O)c1ccncn1,1.0836133650100237
CC(O)c1ncncn1,0.741934113751995
CN(C)c1ccccc1,0.19435573025111808
CN(C)c1ccccn1,0.1459863256495737
CC(C)c1coc(=O)o1,0.6816153402978671
CC(O)c1c[nH]c(=O)o1,0.8958760184377752
CC(O)c1coc(=O)[nH]1,0.8738630306779669
CC(O)c1coc(=O)o1,0.8426367530246353
CC(C=O)c1ccc[nH]1,0.40727804294147063
CC(C=O)c1ccco1,0.503782970170505
CC(C=O)c1cnc[nH]1,0.5003027682923857
CC(C=O)c1cnco1,0.5705852676092036
CC(C=O)c1ncco1,0.5621424412620399
CN(C=N)c1ccco1,0.6732586924517818
CN(C=O)c1ccc[nH]1,1.3066242766672076
CN(C=O)c1ccco1,0.6307183776862075
CN(C=O)c1cnc[nH]1,1.2998549241528963
CN(C=O)c1cnco1,0.6839404999191174
CN(C=O)c1ncc[nH]1,0.6381010207187501
CN(C=O)c1ncco1,0.6853501048117323
O=CC(O)c1ccc[nH]1,0.46460764421317435
O=CC(O)c1ccco1,0.47683707279065857
O=CC(O)c1cnc[nH]1,0.5607087814933038
O=CC(O)c1cnco1,0.6197000740612566
O=CC(O)c1ncc[nH]1,0.5758804970100755
O=CC(O)c1ncco1,0.9309766006572318
CC(C=O)c1cc[nH]c1,0.7462142491240229
CC(C=O)c1ccoc1,0.5046529458104487
CN(C=N)c1ccoc1,0.4681486635709007
CN(C=O)c1cc[nH]c1,0.8971691313272459
CN(C=O)c1c[nH]cn1,0.6491725498399319
CN(C=O)c1ccoc1,0.6707267261972447
CN(C=O)c1cocn1,0.6172934707246895
O=CC(O)c1cc[nH]c1,0.42579322305027745
O=CC(O)c1c[nH]cn1,0.5840023104792635
O=CC(O)c1ccoc1,0.6093777019650588
O=CC(O)c1cocn1,1.058964245763491
CC(C=O)n1cccc1,0.8548342082031013
CC(C=O)n1ccnc1,0.8978902878225199
Cc1[nH]ccc(=O)c1C,0.2289790245340555
Cc1occc(=O)c1C,0.4049796321251051
Cc1[nH]cnc(=O)c1C,0.4167334054436651
Cc1ocnc(=O)c1C,0.5669423687795643
Cc1[nH]ccc(=O)c1N,0.5078924628578534
Cc1occc(=O)c1N,0.5977917413438263
Cc1[nH]cnc(=O)c1N,0.5340891215801093
Cc1ocnc(=O)c1N,0.6178080654899532
Cc1c(N)[nH]ccc1=O,0.5630567442676693
Cc1c(N)[nH]cnc1=O,0.6303970382796251
Cc1c(N)occc1=O,0.520307745286118
Cc1c(N)ocnc1=O,0.5454034580143343
Cc1[nH]ccc(=O)c1O,0.42693321740080137
Cc1occc(=O)c1O,0.5405802919667622
Cc1[nH]cnc(=O)c1O,0.513940849357823
Cc1c(O)[nH]ccc1=O,0.3125620202972641
Cc1c(O)[nH]cnc1=O,0.4475998667658132
Cc1c(O)occc1=O,0.5600828648966854
Cc1c(O)ocnc1=O,0.6698456211015582
Nc1[nH]ccc(=O)c1N,1.20389471470844
Nc1occc(=O)c1N,1.1628732313911314
Nc1[nH]cnc(=O)c1N,1.2716595881774992
Nc1ocnc(=O)c1N,1.264146112740491
Nc1[nH]ccc(=O)c1O,0.8784644782499527
Nc1occc(=O)c1O,0.6736102909417241
Nc1[nH]cnc(=O)c1O,0.8867797103448538
Nc1ocnc(=O)c1O,0.6917307969160902
Nc1c(O)[nH]ccc1=O,1.6576977736276604
Nc1c(O)[nH]cnc1=O,1.793073259141238
Nc1c(O)occc1=O,1.922897673675834
Nc1c(O)ocnc1=O,2.032131385862158
O=c1cc[nH]c(O)c1O,0.5137728189711197
O=c1ccoc(O)c1O,0.8226072313500481
Cc1cc[nH]c(=O)c1C,0.2880243317267741
Cc1nc[nH]c(=O)c1C,0.3981444824457867
Cc1ccoc(=O)c1C,0.32949210919832694
Cc1ncoc(=O)c1C,0.4398584142309119
Cc1cc[nH]c(=O)c1N,0.4420926877828606
Cc1nc[nH]c(=O)c1N,0.4639998776219727
Cc1ccoc(=O)c1N,0.42674167636141647
Cc1ncoc(=O)c1N,0.4382819762558938
Cc1c(N)cc[nH]c1=O,0.3457548657552252
Cc1c(N)ccoc1=O,0.3297767676431249
Cc1c(N)nc[nH]c1=O,0.37224260480797966
Cc1c(N)ncoc1=O,0.3660815086950606
Cc1ccoc(=O)c1O,0.4390938555570756
Cc1ncoc(=O)c1O,0.4762322722326644
Cc1c(O)cc[nH]c1=O,0.4704947759692004
Cc1c(O)nc[nH]c1=O,0.29967905555349716
Cc1c(O)ncoc1=O,0.4958880725534982
Nc1cc[nH]c(=O)c1N,0.9113576445724902
Nc1nc[nH]c(=O)c1N,0.9360217573030241
Nc1ccoc(=O)c1N,1.0376513528772193
Nc1ncoc(=O)c1N,1.4955523124317551
Nc1ccoc(=O)c1O,0.4870292111318122
Nc1ncoc(=O)c1O,0.4590305319343315
Nc1c(O)cc[nH]c1=O,1.5757182367615314
Nc1c(O)ccoc1=O,1.6616084598335874
Nc1c(O)nc[nH]c1=O,0.5356516545325576
Nc1c(O)ncoc1=O,0.5358736995458457
O=c1ocnc(O)c1O,0.7214854276899132
C#Cc1c[nH]c(C)c1C,0.3095811475905066
Cc1[nH]cc(C#N)c1C,0.4016232421145105
C#Cc1coc(C)c1C,0.28138725381722907
Cc1occ(C#N)c1C,0.3681499831891415
C#Cc1c[nH]c(C)c1N,0.7901275150270521
Cc1[nH]cc(C#N)c1N,0.7199792223327677
C#Cc1coc(C)c1N,0.6445168699501664
Cc1occ(C#N)c1N,0.6134912219422404
C#Cc1c[nH]c(N)c1C,1.3443649632445158
Cc1c(C#N)c[nH]c1N,1.5169039543488907
C#Cc1coc(N)c1C,0.5967190679984924
Cc1c(C#N)coc1N,0.5904163365503337
C#Cc1c[nH]c(C)c1O,0.5259394436343428
Cc1[nH]cc(C#N)c1O,0.5423469104080141
C#Cc1c[nH]c(O)c1C,0.48202966079225007
Cc1c(C#N)c[nH]c1O,0.4829475284932414
C#Cc1coc(N)c1N,1.591896039331914
N#Cc1coc(N)c1N,1.595075283134065
C#Cc1c[nH]c(N)c1O,1.5956730359357607
N#Cc1c[nH]c(N)c1O,1.6499491644935915
C#Cc1c[nH]c(O)c1N,1.375212594279219
N#Cc1c[nH]c(O)c1N,1.5179001364558644
C#Cc1coc(O)c1N,1.4350369638304983
C#Cc1c[nH]c(O)c1O,0.5581439982943266
N#Cc1c[nH]c(O)c1O,0.5883686243505508
Cc1c(O)oc(O)c1C,0.9722988243556756
Oc1[nH]c(O)c(O)c1O,0.9232221410748025
Cc1[nH]cc(C=O)c1C,0.508469398939269
Cc1occ(C=O)c1C,0.44037823358667083
Cc1[nH]cc(C=O)c1N,0.7040424039150821
Cc1occ(C=O)c1N,0.6635247940703266
Cc1c(C=O)c[nH]c1N,1.596237672467396
Cc1c(C=O)coc1N,0.6918596701016213
Cc1[nH]cc(C=O)c1O,0.6403741793528752
Cc1c(C=O)c[nH]c1O,0.5427777484892431
Nc1occ(C=O)c1N,1.5842296086211718
Nc1[nH]cc(C=O)c1O,1.720281079706183
Nc1occ(C=O)c1O,1.489802979203887
Nc1c(C=O)c[nH]c1O,1.6884647228671383
Nc1c(C=O)coc1O,1.1610383395473036
O=Cc1c[nH]c(O)c1O,0.6875521600613865
Cc1ccn(C=O)c1C,0.5749275810267136
Cc1ncn(C=O)c1C,0.6433374462849315
Cc1c(N)ccn1C=O,0.7333138690846681
Cc1ccn(C=O)c1N,0.6635538830578298
Cc1ncn(C=O)c1N,0.6896789757975057
Cc1c(N)ncn1C=O,0.6855265707326907
Cc1c(O)ccn1C=O,0.6014126805766864
Cc1ccn(C=O)c1O,0.6384527552600048
Cc1ncn(C=O)c1O,0.6706466430514411
Nc1ccn(C=O)c1N,1.5763240985634184
Nc1c(O)ccn1C=O,1.8719474039389752
Nc1ccn(C=O)c1O,0.9216394988961838
Nc1ncn(C=O)c1O,0.8077724745944579
O=Cn1ccc(O)c1O,0.7626998126161197
C#Cc1cc(C)c(C)[nH]1,0.3409134136454668
Cc1cc(C#N)[nH]c1C,0.31850229590781964
C#Cc1cc(C)c(C)o1,0.3308558356711728
Cc1cc(C#N)oc1C,0.3254847408916248
C#Cc1nc(C)c(C)[nH]1,0.4360003548699751
Cc1nc(C#N)[nH]c1C,0.4167652427804569
C#Cc1nc(C)c(C)o1,0.42628659292495286
Cc1nc(C#N)oc1C,0.4100712930485315
C#Cc1cc(N)c(C)[nH]1,0.5777974040101981
Cc1[nH]c(C#N)cc1N,0.6704895788552676
C#Cc1cc(N)c(C)o1,0.5704962319105107
Cc1oc(C#N)cc1N,0.5862203388223861
C#Cc1nc(N)c(C)[nH]1,0.6456779259242467
Cc1[nH]c(C#N)nc1N,0.6200713463913416
C#Cc1nc(N)c(C)o1,0.5855599181686557
Cc1oc(C#N)nc1N,0.5502492639461707
C#Cc1cc(C)c(N)[nH]1,0.8595435217612248
Cc1cc(C#N)[nH]c1N,0.6639446387453063
C#Cc1nc(C)c(N)[nH]1,0.9402368302162358
Cc1nc(C#N)[nH]c1N,0.7535720209343708
C#Cc1cc(C)c(N)o1,0.4869627608968585
Cc1cc(C#N)oc1N,0.41690998021113046
C#Cc1nc(C)c(N)o1,0.5463325640212133
Cc1nc(C#N)oc1N,0.45810265044019616
C#Cc1cc(O)c(C)[nH]1,0.4157232911002211
Cc1[nH]c(C#N)cc1O,0.435628456680206
C#Cc1cc(O)c(C)o1,0.39175532759327325
C#Cc1nc(O)c(C)[nH]1,0.4565884721432667
Cc1[nH]c(C#N)nc1O,0.4462890664653969
C#Cc1nc(O)c(C)o1,0.4631866649615404
Cc1oc(C#N)nc1O,0.45022554908064194
C#Cc1cc(C)c(O)[nH]1,0.4081788218827569
Cc1cc(C#N)[nH]c1O,0.44682077720244706
C#Cc1nc(C)c(O)[nH]1,0.4638763106577244
Cc1nc(C#N)[nH]c1O,0.5286607740144973
N#Cc1cc(N)c(N)[nH]1,1.310273461334873
C#Cc1cc(N)c(N)o1,1.4079172672463756
N#Cc1cc(N)c(N)o1,1.1931104563263943
C#Cc1nc(N)c(N)[nH]1,1.4695311672348907
N#Cc1nc(N)c(N)[nH]1,1.4676439206559735
C#Cc1nc(N)c(N)o1,1.3405301696293463
N#Cc1nc(N)c(N)o1,1.3575609134986735
C#Cc1cc(O)c(N)[nH]1,1.3847216992962785
N#Cc1cc(O)c(N)[nH]1,1.4385374109842815
C#Cc1cc(O)c(N)o1,1.4774166497045371
C#Cc1nc(O)c(N)[nH]1,1.4003528248595103
N#Cc1nc(O)c(N)[nH]1,1.2986562348160078
C#Cc1nc(O)c(N)o1,0.7069608536694432
N#Cc1nc(O)c(N)o1,0.5803636566270143
C#Cc1cc(N)c(O)[nH]1,1.1729324692569207
N#Cc1cc(N)c(O)[nH]1,1.3380066389090643
C#Cc1nc(N)c(O)[nH]1,1.3937850815964339
N#Cc1nc(N)c(O)[nH]1,1.5217383587059885
C#Cc1cc(N)c(O)o1,1.2063558224781445
C#Cc1cc(O)c(O)[nH]1,0.5730618586676428
N#Cc1cc(O)c(O)[nH]1,0.5706839633530763
C#Cc1nc(O)c(O)[nH]1,0.49875351450282324
N#Cc1nc(O)c(O)[nH]1,0.4904862561052141
Cc1cc(C=O)[nH]c1C,0.3732917947218084
Cc1cc(C=O)oc1C,0.3851313927934825
Cc1nc(C=O)[nH]c1C,0.47130268240653095
Cc1nc(C=O)oc1C,0.4649887126452086
Cc1[nH]c(C=O)cc1N,0.761226124879613
Cc1oc(C=O)cc1N,0.6291128235152428
Cc1[nH]c(C=O)nc1N,0.6953960907267174
Cc1oc(C=O)nc1N,0.6323660006873979
Cc1cc(C=O)[nH]c1N,0.5382191588723799
Cc1nc(C=O)[nH]c1N,0.5978959610038146
Cc1cc(C=O)oc1N,0.48340402692156204
Cc1nc(C=O)oc1N,0.4891428293376521
Cc1[nH]c(C=O)cc1O,0.526997205139196
Cc1[nH]c(C=O)nc1O,0.5221510454539384
Cc1oc(C=O)nc1O,0.5232627399491321
Cc1cc(C=O)[nH]c1O,0.4926451540795824
Cc1nc(C=O)[nH]c1O,0.5762958518025698
Nc1cc(C=O)[nH]c1N,1.2844100061956851
Nc1cc(C=O)oc1N,1.2258740691795538
Nc1nc(C=O)oc1N,1.3814913796977635
Nc1[nH]c(C=O)cc1O,0.7194914307929139
Nc1oc(C=O)cc1O,1.5886405219771405
Nc1[nH]c(C=O)nc1O,0.7917957098416082
Nc1oc(C=O)nc1O,0.6064751164594782
Nc1cc(C=O)[nH]c1O,1.4355186600150773
Nc1nc(C=O)[nH]c1O,1.5863039607793326
O=Cc1cc(O)c(O)[nH]1,0.6105210433179309
O=Cc1nc(O)c(O)[nH]1,0.5626386955482303
Cc1ccc(=O)[nH]c1C,0.2694000066967419
Cc1ccc(=O)oc1C,0.3579497902755975
Cc1cnc(=O)[nH]c1C,0.24835228889605787
Cc1cnc(=O)oc1C,0.3934230870236206
Cc1ncc(=N)oc1C,0.4452258898982109
Cc1ncc(=O)[nH]c1C,0.37189217641389405
Cc1ncc(=O)oc1C,0.4880331212752935
Cc1[nH]c(=O)ccc1N,0.7318195823208953
Cc1oc(=O)ccc1N,0.6895169319177512
Cc1[nH]c(=O)ncc1N,0.864994618055789
Cc1oc(=O)ncc1N,0.8543835874370416
Cc1[nH]c(=O)cnc1N,0.690367560247978
Cc1oc(=O)cnc1N,0.6986115528998198
Cc1ccc(=O)[nH]c1N,0.3949068974034162
Cc1ncc(=O)[nH]c1N,0.42972475318856596
Cc1cnc(=O)[nH]c1N,0.3012511941306002
Cc1ccc(=O)oc1N,0.3204992044247774
Cc1ncc(=O)oc1N,0.34512587426615937
Cc1cnc(=O)oc1N,0.2847865017829463
Cc1[nH]c(=O)ccc1O,0.4588982573222893
Cc1oc(=O)ccc1O,0.5180634307271248
Cc1[nH]c(=O)ncc1O,0.4609977528143645
Cc1oc(=N)cnc1O,0.5162910978906439
Cc1[nH]c(=O)cnc1O,0.4684118794339156
Cc1oc(=O)cnc1O,0.5310138253189507
Cc1ccc(=O)[nH]c1O,0.43881621764921874
Cc1ncc(=N)oc1O,0.4936767926392349
Cc1ccc(=O)oc1O,0.3977209098084131
Cc1ncc(=O)oc1O,0.4936023694626783
Nc1ccc(=O)[nH]c1N,1.130111087955811
Nc1ccc(=O)oc1N,1.122419377854385
Nc1cnc(=O)[nH]c1N,1.3196925782522158
Nc1ncc(=O)[nH]c1N,1.2371735209781036
Nc1ncc(=O)oc1N,1.2556036110436253
Nc1[nH]c(=O)ccc1O,0.7939263351727277
Nc1oc(=O)ccc1O,0.7348527281228598
Nc1[nH]c(=O)ncc1O,0.5220608124545834
Nc1oc(=O)ncc1O,0.6511820572341094
N=c1cnc(O)c(N)o1,0.4900006414791278
Nc1[nH]c(=O)cnc1O,0.5541398681416467
Nc1oc(=O)cnc1O,0.4316186121359351
Nc1ccc(=O)[nH]c1O,1.4069162415089522
Nc1ncc(=O)[nH]c1O,1.5387305168096646
Nc1cnc(=O)[nH]c1O,1.6399216006939241
N=c1cnc(N)c(O)o1,1.543734557031712
Nc1ccc(=O)oc1O,0.9127801204540447
Nc1ncc(=O)oc1O,1.6466027610676974
O=c1ccc(O)c(O)[nH]1,0.700295203791029
O=c1ccc(O)c(O)o1,0.5727022872397356
N=c1cnc(O)c(O)o1,0.5305515852869576
Cc1c[nH]c(C)c1C=O,0.530254844979936
Cc1coc(C)c1C=O,0.49355159299193474
Cc1[nH]cc(N)c1C=O,0.6523972366776434
Cc1occ(N)c1C=O,0.6599448079959984
Cc1[nH]cc(O)c1C=O,0.6422208537369443
Cc1c[nH]c(N)c1C=O,0.6194511441844952
Cc1c[nH]c(O)c1C=O,0.6390329294990806
Cc1coc(N)c1C=O,0.4211127535745618
Nc1c[nH]c(N)c1C=O,0.9363798593112733
Nc1coc(N)c1C=O,0.8006678232159175
Nc1[nH]cc(O)c1C=O,0.8642895434932143
Nc1c[nH]c(O)c1C=O,0.9102828759478143
O=Cc1c(O)c[nH]c1O,0.7973589715184062
C#CCc1cc[nH]c1C,0.42720337216996995
C#CCc1ccoc1C,0.4557911509400583
C#CCc1nc[nH]c1C,0.5074016236430907
C#CCc1ncoc1C,0.4765903198222077
Cc1[nH]ccc1CC#N,0.45445444538745505
Cc1occc1CC#N,0.49361741736538534
Cc1[nH]cnc1CC#N,0.5574660807124019
Cc1ocnc1CC#N,0.5517963136153412
C#CCc1cc[nH]c1N,1.3623135476027528
C#CCc1ccoc1N,0.6500415730770328
C#CCc1ncoc1N,0.6875032339685276
N#CCc1cc[nH]c1N,1.5541251208906033
N#CCc1ccoc1N,0.62993060768531
N#CCc1nc[nH]c1N,1.3145494605705608
N#CCc1ncoc1N,0.6404316226198716
C#CCc1cc[nH]c1O,0.4836382354333182
N#CCc1cc[nH]c1O,0.5849764241393132
C#CCc1[nH]ccc1C,0.40956584131163254
C#CCc1[nH]cnc1C,0.5048830998202902
C#CCc1occc1C,0.5165591029599454
C#CCc1ocnc1C,0.6477652579178539
Cc1cc[nH]c1CC#N,0.4348315708612063
Cc1nc[nH]c1CC#N,0.5524255227956019
Cc1ccoc1CC#N,0.5114990072561341
Cc1ncoc1CC#N,0.6537451533276908
C#CCc1[nH]ccc1N,1.0815448633056803
C#CCc1[nH]cnc1N,0.9135951018561173
C#CCc1occc1N,0.7515893167692411
C#CCc1ocnc1N,0.6738311658664315
N#CCc1[nH]ccc1N,1.2883084472705377
N#CCc1[nH]cnc1N,0.9894834758979414
N#CCc1occc1N,0.7247087811683741
N#CCc1ocnc1N,0.6513409718008916
C#CCc1[nH]ccc1O,0.5496459872338164
C#CCc1[nH]cnc1O,0.553324315302234
C#CCc1ocnc1O,0.6792626699516404
N#CCc1[nH]ccc1O,0.5947271391669346
N#CCc1[nH]cnc1O,0.6053504149149376
N#CCc1ocnc1O,0.694691206646894
C#Cc1[nH]c(=O)[nH]c1C,0.3881966208318772
C#Cc1[nH]c(=O)oc1C,0.4416130596655421
C#Cc1oc(=O)[nH]c1C,0.4282049965549959
C#Cc1oc(=O)oc1C,0.5131952842366445
Cc1oc(=O)oc1C#N,0.5391105226699437
C#Cc1[nH]c(=O)[nH]c1N,0.7501970455396076
C#Cc1[nH]c(=O)oc1N,0.6189287941670045
C#Cc1oc(=O)[nH]c1N,0.7831704038526368
C#Cc1oc(=O)oc1N,0.6704762452700379
N#Cc1oc(=O)oc1N,0.6329716175823705
C#Cc1[nH]c(=O)[nH]c1O,0.48443049531488214
C#Cc1[nH]c(=O)oc1O,0.5927438091403019
C#Cc1oc(=O)oc1O,0.7856034566721064
N#Cc1oc(=O)oc1O,0.7139840613272099
Cc1[nH]c(=O)[nH]c1C=O,0.5683936887453456
Cc1oc(=O)[nH]c1C=O,0.49125443390039436
Cc1[nH]c(=O)oc1C=O,0.5995622238078795
Cc1oc(=O)oc1C=O,0.6324228452995158
Nc1[nH]c(=O)[nH]c1C=O,0.6284369195745967
Nc1oc(=O)[nH]c1C=O,0.5721442358699278
Nc1[nH]c(=O)oc1C=O,0.6943565608617064
Nc1oc(=O)oc1C=O,0.6630153150454134
O=Cc1[nH]c(=O)oc1O,0.7319345232699561
O=Cc1oc(=O)oc1O,0.9330183263464278
Cc1[nH]ccc1CC=O,0.5526340437481849
Cc1occc1CC=O,0.5230652940390428
Cc1[nH]cnc1CC=O,0.5986452268753055
Cc1ocnc1CC=O,0.5761403658707422
Cc1ocnc1NC=N,0.3561078778857336
Cc1[nH]ccc1NC=O,1.150358790624523
Cc1occc1NC=O,1.0170475890536181
Cc1[nH]cnc1NC=O,0.5725458489068842
Cc1ocnc1NC=O,0.6167086433379154
Cc1[nH]ccc1OC=N,0.8462246848284849
Cc1occc1OC=N,0.8057897160051652
Cc1[nH]cnc1OC=N,0.6438384625616891
Cc1ocnc1OC=N,0.6383550663358619
Cc1[nH]ccc1OC=O,0.630140598055732
Cc1occc1OC=O,0.6135778358257085
Cc1[nH]cnc1OC=O,0.6234846082224976
Cc1ocnc1OC=O,0.989553599674764
Nc1[nH]ccc1CC=O,1.3739417131037044
Nc1occc1CC=O,0.813017308480994
Nc1ocnc1CC=O,0.7116402891078906
Nc1[nH]ccc1NC=O,1.6881015323233441
Nc1occc1NC=O,1.6288722488643543
Nc1[nH]cnc1NC=O,1.6652938900806475
Nc1ocnc1NC=O,1.5977573474647215
N=COc1ccoc1N,0.8647220958919206
N=COc1ncoc1N,0.8943970244799857
Nc1[nH]ccc1OC=O,0.8703435083334625
Nc1occc1OC=O,0.7775929922445357
Nc1[nH]cnc1OC=O,1.5264569241353456
Nc1ocnc1OC=O,0.8237726683564688
O=CCc1cc[nH]c1O,0.4758052437500737
O=CNc1cc[nH]c1O,0.57273047824674
O=CNc1nc[nH]c1O,1.4636176676376635
N=COc1cc[nH]c1O,0.5500324707318214
N=COc1nc[nH]c1O,0.5822569985593873
O=COc1cc[nH]c1O,0.6271425821669254
O=COc1nc[nH]c1O,0.6865210657306307
Cc1cc[nH]c1CC=O,0.4293207999689912
Cc1nc[nH]c1CC=O,0.5289044793062203
Cc1ccoc1CC=O,0.5357358738110634
Cc1ncoc1CC=O,0.672213965211995
Cc1cc[nH]c1OC=N,0.976955238953451
Cc1cc[nH]c1OC=O,0.6511301923055726
Cc1ccoc1NC=N,1.1783263399793213
Cc1nc[nH]c1OC=O,0.7449276397546782
Cc1cc[nH]c1NC=O,0.5012530719814094
Cc1nc[nH]c1NC=O,0.571295076952083
Cc1ccoc1NC=O,1.3341130686712859
Cc1ncoc1NC=O,1.487924521909008
Cc1ccoc1OC=N,1.0540603979152365
Cc1ncoc1OC=N,1.2196439377439674
Cc1ccoc1OC=O,1.0509666795387602
Cc1ncoc1OC=O,1.2052900336148014
Nc1cc[nH]c1CC=O,1.076086909737569
Nc1nc[nH]c1CC=O,0.9740612794576009
Nc1ccoc1CC=O,0.790453861332935
Nc1ncoc1CC=O,0.7409598912436195
Nc1cc[nH]c1OC=O,0.8843641000348725
Nc1nc[nH]c1OC=O,0.8566427594159904
Nc1cc[nH]c1NC=O,1.3998754824970092
Nc1nc[nH]c1NC=O,1.6104046342807123
Nc1ccoc1NC=O,1.6240045105405443
Nc1ncoc1NC=O,1.6262522537326731
N=COc1occc1N,0.9742157313612552
N=COc1ocnc1N,0.9418875008886971
Nc1ccoc1OC=O,0.900082383705012
Nc1ncoc1OC=O,0.8819934701641614
O=CCc1[nH]ccc1O,0.5745792751185945
O=CCc1[nH]cnc1O,0.5917278443484975
O=CCc1ocnc1O,0.5740397547106113
N=COc1[nH]ccc1O,0.713227666070452
O=COc1[nH]ccc1O,0.817930979645098
N=CNc1ocnc1O,0.5485925251305162
N=COc1[nH]cnc1O,0.7046377076894714
O=COc1[nH]cnc1O,0.7938895997831423
O=CNc1[nH]ccc1O,0.5861024046189414
O=CNc1[nH]cnc1O,0.6253170510426571
O=CNc1ocnc1O,1.5863891324588622
N=COc1occc1O,0.8758075844616542
N=COc1ocnc1O,0.9001776508139301
O=COc1occc1O,1.0856269813248218
O=COc1ocnc1O,1.1579004570703546
Cc1occ2c1C=CC2,0.31105257678063936
Cc1occ2ocnc12,0.26497763734369073
Oc1[nH]cc2c1C=CC2,0.47782324110266927
Cc1occ2c1CC=C2,0.31826699894190824
Cc1occ2ncoc12,0.2654508435753087
Oc1[nH]cc2c1CC=C2,0.42774939610171714
Cc1cc(=O)c(C)c[nH]1,0.1849747909254802
Cc1cc(=O)c(C)co1,0.35812780724518234
Cc1cc(=O)c(N)c[nH]1,0.4239734879502066
Cc1cc(=O)c(N)co1,0.5499997898423317
Cc1cc(=O)c(O)c[nH]1,0.3592638559439365
Cc1cc(=O)c(O)co1,0.5207176033763972
Cc1c[nH]c(N)nc1=O,0.4641164784661669
Cc1c[nH]c(O)cc1=O,0.24592739949730458
Cc1c[nH]c(O)nc1=O,0.42446351082617184
Cc1coc(N)cc1=O,0.48809935381905234
Cc1coc(N)nc1=O,0.6606574201123294
Cc1coc(O)cc1=O,0.5190729464229662
Cc1coc(O)nc1=O,0.6702726767962304
Cc1nc(=O)c(C)c[nH]1,0.315560281082071
Cc1nc(=O)c(C)co1,0.5875194926447875
Cc1nc(=O)c(N)c[nH]1,0.5013556589565269
Cc1nc(=O)c(N)co1,0.6573056288270891
Cc1nc(=O)c(O)c[nH]1,0.5113211263451376
Cc1nc(=O)c(O)co1,0.7335903096882248
Nc1cc(=O)c(N)c[nH]1,0.6607014753681142
Nc1cc(=O)c(N)co1,0.736687130163773
Nc1cc(=O)c(O)c[nH]1,0.5509551004288369
Nc1cc(=O)c(O)co1,0.6634105061930313
Nc1c[nH]c(O)cc1=O,0.5517729118109855
Nc1c[nH]c(O)nc1=O,0.642314406526566
Nc1coc(O)cc1=O,0.6956472791516717
Nc1coc(O)nc1=O,0.7469569298373244
Nc1nc(=O)c(N)c[nH]1,0.7341633001142327
Nc1nc(=O)c(N)co1,0.7551514521655918
Nc1nc(=O)c(O)c[nH]1,0.6761592643160839
O=c1cc(O)[nH]cc1O,0.4775313716381788
O=c1cc(O)occ1O,0.6632235366741952
Cc1cc(=O)cc(C)[nH]1,0.2490601118097402
Cc1cc(=O)cc(C)o1,0.5471773963290616
Cc1cc(=O)cc(N)o1,0.5047129741524259
Cc1cc(=O)cc(O)[nH]1,0.3240283323939366
Cc1cc(=O)cc(O)o1,0.5382954868473462
Cc1cc(=O)nc(C)[nH]1,0.6415647324829479
Cc1cc(=O)nc(C)o1,0.5045107390360499
Cc1cc(=O)nc(N)[nH]1,0.8220038185791054
Cc1cc(=O)nc(N)o1,0.7239316508239426
Cc1cc(=O)nc(O)[nH]1,0.6579785395151703
Cc1cc(=O)nc(O)o1,0.7292274788760551
Cc1nc(=O)cc(N)[nH]1,0.6645660110443714
Cc1nc(=O)cc(N)o1,0.6020543797894788
Cc1nc(=O)cc(O)[nH]1,0.5586607699715387
Cc1nc(=O)cc(O)o1,0.739957668209172
Cc1nc(=O)nc(C)o1,0.832443390168919
Cc1nc(=O)nc(N)[nH]1,0.932647407767945
Cc1nc(=O)nc(N)o1,0.8837377208383259
Cc1nc(=O)nc(O)o1,0.882399845195323
Nc1cc(=O)cc(N)[nH]1,0.7800081943878467
Nc1cc(=O)cc(N)o1,0.5764148744619888
Nc1cc(=O)cc(O)[nH]1,0.6255010817367292
Nc1cc(=O)cc(O)o1,0.5823287550174427
Nc1cc(=O)nc(N)[nH]1,0.9424071297671617
Nc1cc(=O)nc(N)o1,0.759828955600824
Nc1cc(=O)nc(O)[nH]1,0.7524067744034255
Nc1cc(=O)nc(O)o1,0.671207306717406
Nc1nc(=O)cc(O)[nH]1,0.8166770239549805
Nc1nc(=O)nc(N)[nH]1,1.0500274236819678
Nc1nc(=O)nc(N)o1,0.968074145817809
Nc1nc(=O)nc(O)o1,0.8714105217077304
O=c1cc(O)[nH]c(O)c1,0.6242096831610979
O=c1cc(O)oc(O)c1,0.7005601339697023
O=c1nc(O)oc(O)n1,0.8365618081988941
Cc1cc(=N)nccn1,0.9432617853835836
Cc1cncnc(=N)c1,0.9782892233670282
Cc1ccccc(=O)c1,0.43889660012428067
Cc1ccncc(=O)c1,0.6528657353355811
Cc1cccnc(=O)c1,0.6597818117152201
Cc1cncnc(=O)c1,0.6688087307393289
Cc1ncccc(=N)n1,0.6726200409175362
Cc1cnccc(=N)n1,0.896386776395957
Cc1ncncc(=N)n1,0.5173424647146021
Cc1cccnc(=N)n1,1.2733566270762822
Cc1nccnc(=N)n1,0.9311790534648026
Cc1cncnc(=N)n1,0.9116191189059464
Cc1cnccc(=O)n1,0.6873531358905893
Cc1ccncc(=O)n1,0.5635258960010106
Cc1ncncc(=O)n1,0.5953815461016347
Cc1cccnc(=O)n1,0.8154536538786488
Cc1nccnc(=O)n1,0.7404527251910622
Cc1cncnc(=O)n1,0.7121288153539354
N=c1cncnc(N)c1,0.7121877008212323
Nc1ccncc(=O)c1,0.521944429303403
Nc1cccnc(=O)c1,0.6204484419577057
Nc1cncnc(=O)c1,0.6672317213233327
N=c1cnccc(N)n1,0.93829083422861
N=c1cncnc(N)n1,0.8427567008729966
N=c1nccnc(N)n1,1.0014697434089612
N=c1ncncc(N)n1,1.6742749306868063
Nc1cnccc(=O)n1,0.9530760662401008
Nc1ccncc(=O)n1,0.8586212186019111
Nc1ncncc(=O)n1,0.7344175906400778
Nc1cccnc(=O)n1,1.0200318087572668
Nc1nccnc(=O)n1,0.8584448887395411
Nc1cncnc(=O)n1,0.822220176411065
N=c1cncnc(O)c1,0.8331334168251487
O=c1cccnc(O)c1,0.4801349855024455
N=c1ccccc(O)n1,0.8180383830367646
N=c1cccnc(O)n1,1.208952361384945
N=c1cnccc(O)n1,0.7735402625366987
N=c1cncnc(O)n1,0.7877208572645031
N=c1ncccc(O)n1,1.5257169373526267
N=c1nccnc(O)n1,1.4300575227152876
O=c1cnccc(O)n1,0.7956792390723422
O=c1ncccc(O)n1,1.0354776519034203
O=c1nccnc(O)n1,0.8543003749764466
Cc1cc(=N)[nH]c(=O)[nH]1,0.5769548574626242
Cc1cc(=N)[nH]c(=O)o1,0.640231101820973
Cc1cc(=N)oc(=O)[nH]1,0.6754568020514853
Cc1cc(=N)oc(=O)o1,0.7506684013897029
Cc1cc(=O)[nH]c(=N)[nH]1,0.29897191292548086
Cc1cc(=O)[nH]c(=N)o1,0.3933206905312545
Cc1cc(=O)[nH]c(=O)[nH]1,0.5846998746928875
Cc1cc(=O)[nH]c(=O)o1,0.8181481266092305
Cc1cc(=O)oc(=N)[nH]1,0.30383864442410413
Cc1nc(=N)[nH]c(=O)[nH]1,0.856001114627361
Cc1nc(=N)[nH]c(=O)o1,1.174801157663751
Cc1nc(=N)oc(=O)[nH]1,1.5491962929809233
Cc1nc(=N)oc(=O)o1,1.9341256411353243
Cc1nc(=O)[nH]c(=N)[nH]1,0.5821889428498253
Cc1nc(=O)[nH]c(=N)o1,0.9724837802368711
N=c1cc(N)[nH]c(=O)[nH]1,0.7156984338871553
N=c1cc(N)oc(=O)[nH]1,0.6417667771202105
N=c1cc(N)[nH]c(=O)o1,0.8227819285311853
N=c1cc(N)oc(=O)o1,0.7316774571845599
N=c1[nH]c(N)cc(=O)[nH]1,0.6328967046047183
N=c1[nH]c(=O)cc(N)o1,0.44842292995235766
Nc1cc(=O)[nH]c(=O)[nH]1,0.6751781301154551
Nc1cc(=O)[nH]c(=O)o1,0.6088751890620188
N=c1[nH]c(N)cc(=O)o1,0.6225662235083291
N=c1oc(N)cc(=O)o1,0.5626577707371325
N=c1nc(N)[nH]c(=O)[nH]1,0.9206435072719614
N=c1nc(N)oc(=O)[nH]1,0.8734042192791094
N=c1nc(N)[nH]c(=O)o1,1.3055256436473428
N=c1nc(N)oc(=O)o1,1.371402998420308
N=c1[nH]c(N)nc(=O)[nH]1,0.5198770704737399
N=c1[nH]c(=O)nc(N)o1,0.774729944898354
N=c1cc(O)oc(=O)[nH]1,0.7707723190305842
N=c1cc(O)oc(=O)o1,0.8916519657577737
N=c1[nH]c(O)cc(=O)[nH]1,0.3742471597270196
N=c1[nH]c(=O)cc(O)o1,0.47743485280079767
O=c1cc(O)oc(=O)[nH]1,0.7049615233390796
N=c1nc(O)oc(=O)[nH]1,1.1705204236404825
N=c1nc(O)oc(=O)o1,1.9435129751382192
N=c1[nH]c(O)nc(=O)[nH]1,0.6912691555298807
N=c1[nH]c(=O)nc(O)o1,0.9996453551648301
C#Cc1cccc(C)c1,0.23860418616823154
Cc1cccc(C#N)c1,0.267174604063257
C#Cc1ccnc(C)c1,0.7474479595348384
Cc1cc(C#N)ccn1,0.9632833613304683
C#Cc1cncc(C)c1,0.4369199096781813
Cc1cncc(C#N)c1,0.690862834922882
C#Cc1cc(C)ccn1,0.2399999676617881
Cc1ccnc(C#N)c1,0.7126193552448967
C#Cc1cc(C)ncn1,0.94133769457585
Cc1cc(C#N)ncn1,0.9335540099491482
C#Cc1cccc(C)n1,0.257348567887675
Cc1cccc(C#N)n1,0.4804176030920644
C#Cc1ccnc(C)n1,0.9937573798615631
Cc1nccc(C#N)n1,0.989033889163693
C#Cc1cncc(C)n1,0.7108208722511336
Cc1cncc(C#N)n1,0.7167739916421851
C#Cc1nccc(C)n1,0.9206022819980717
Cc1ccnc(C#N)n1,0.9280680014308018
C#Cc1ncnc(C)n1,0.9616532624731917
Cc1ncnc(C#N)n1,1.033503056734844
C#Cc1cccc(N)c1,0.369827538723257
N#Cc1cccc(N)c1,0.34788859318541654
C#Cc1ccnc(N)c1,0.3116752008008916
N#Cc1ccnc(N)c1,0.2553266248869477
C#Cc1cncc(N)c1,0.3498764947289601
N#Cc1cncc(N)c1,0.32787229625137115
N#Cc1cc(N)ccn1,0.25346043992794876
C#Cc1cc(N)ncn1,0.2307645276923722
N#Cc1cc(N)ncn1,0.23475891616180888
C#Cc1cccc(N)n1,0.28241257933404995
N#Cc1cccc(N)n1,0.2509288274231949
C#Cc1ccnc(N)n1,0.20311069855415553
N#Cc1ccnc(N)n1,0.1794330806733342
C#Cc1cncc(N)n1,0.2661978508967877
N#Cc1cncc(N)n1,0.24419095849225414
C#Cc1nccc(N)n1,0.23786098843629588
N#Cc1nccc(N)n1,0.24598789043920988
C#Cc1ncnc(N)n1,0.6219215038308903
N#Cc1ncnc(N)n1,0.7002235561758425
C#Cc1cccc(O)c1,0.3030542214273737
N#Cc1cccc(O)c1,0.3401071398911881
C#Cc1ccnc(O)c1,0.3677215669231373
N#Cc1ccnc(O)c1,0.3605300295512279
C#Cc1cncc(O)c1,0.357835094226175
N#Cc1cncc(O)c1,0.5278081592477974
C#Cc1cc(O)ccn1,0.3218992581132625
N#Cc1cc(O)ccn1,0.6496080138549587
C#Cc1cc(O)ncn1,0.8372314535135956
N#Cc1cc(O)ncn1,1.008634042173071
C#Cc1cccc(O)n1,0.286263073925511
N#Cc1cccc(O)n1,0.3178531407720584
C#Cc1ccnc(O)n1,0.763989905040944
N#Cc1ccnc(O)n1,0.9218491355150036
C#Cc1cncc(O)n1,0.40525433119910304
N#Cc1cncc(O)n1,0.5812353737965168
C#Cc1nccc(O)n1,0.7157192506074352
N#Cc1nccc(O)n1,0.8937394882323133
C#Cc1ncnc(O)n1,1.0975059815009445
N#Cc1ncnc(O)n1,1.0079240423510782
C#Cc1cc(N)[nH]c1C,0.9993720438706077
Cc1[nH]c(N)cc1C#N,1.026480855898626
C#Cc1cc(N)oc1C,0.5669691175844491
Cc1oc(N)cc1C#N,0.5711902858529356
C#Cc1cc(O)[nH]c1C,0.4557671776983625
Cc1[nH]c(O)cc1C#N,0.5014448579204327
Cc1[nH]c(N)nc1C#N,0.7564786337316036
C#Cc1nc(N)oc1C,0.5506464415284427
Cc1oc(N)nc1C#N,0.5549147943638673
C#Cc1nc(O)[nH]c1C,0.4834757289590925
Cc1[nH]c(O)nc1C#N,0.5618484220976825
C#Cc1nc(O)oc1C,0.49462149077589856
C#Cc1cc(C)[nH]c1C,0.3397895556536241
C#Cc1cc(C)oc1C,0.3060607816933043
C#Cc1cc(C)[nH]c1N,0.7446922611561604
C#Cc1cc(C)oc1N,0.4600095708592562
C#Cc1cc(C)[nH]c1O,0.3773079250986484
Cc1cc(C#N)c(C)[nH]1,0.38215947263779526
Cc1cc(C#N)c(C)o1,0.3461748192748928
Cc1cc(C#N)c(N)[nH]1,0.7149355351048143
Cc1cc(C#N)c(N)o1,0.4509089633666008
Cc1cc(C#N)c(O)[nH]1,0.4476632421192335
C#Cc1nc(C)[nH]c1C,0.3903775056151062
C#Cc1nc(C)oc1C,0.39193195678308257
C#Cc1nc(C)[nH]c1N,0.7425125192494306
C#Cc1nc(C)oc1N,0.4964773898245767
C#Cc1nc(C)[nH]c1O,0.5652162953192601
Cc1nc(C#N)c(C)[nH]1,0.4683445312202821
Cc1nc(C#N)c(C)o1,0.43402235827488767
Cc1nc(C#N)c(N)[nH]1,0.7140914647188765
Cc1nc(C#N)c(N)o1,0.46136072566696384
C#Cc1cc(O)[nH]c1N,0.9590177568461513
N#Cc1cc(O)[nH]c1N,0.912417582987473
C#Cc1nc(O)[nH]c1N,0.9567479724228178
N#Cc1nc(O)[nH]c1N,0.9132968377107318
C#Cc1nc(O)oc1N,0.7009503182216577
N#Cc1nc(O)oc1N,0.666330915169965
C#Cc1cc(N)[nH]c1N,1.4821109425702161
C#Cc1cc(N)oc1N,0.9500542131700058
C#Cc1cc(N)[nH]c1O,1.310455560014816
C#Cc1cc(N)oc1O,0.7421543083946744
N#Cc1cc(N)[nH]c1N,1.4711800419554493
N#Cc1cc(N)oc1N,0.942544384064604
N#Cc1cc(N)[nH]c1O,1.2541703866572789
C#Cc1nc(N)oc1N,0.8833737683780782
C#Cc1nc(N)[nH]c1O,0.854550093985381
N#Cc1nc(N)[nH]c1N,1.2076566906216613
N#Cc1nc(N)oc1N,0.8459947212941188
N#Cc1nc(N)[nH]c1O,0.9018658732184122
C#Cc1cc(O)[nH]c1O,0.5218524819847516
N#Cc1cc(O)[nH]c1O,0.5830492584409512
C#Cc1nc(O)[nH]c1O,0.5571224551658815
C#Cc1[nH]c(N)cc1C,0.7125131763659738
Cc1cc(N)[nH]c1C#N,0.6511182465001184
Cc1nc(N)[nH]c1C#N,0.649913625078625
C#Cc1[nH]c(O)cc1C,0.43158184953608725
Cc1cc(O)[nH]c1C#N,0.4451464326139103
C#Cc1[nH]c(O)nc1C,0.4940899433095183
Cc1nc(O)[nH]c1C#N,0.5435661715655442
C#Cc1oc(N)cc1C,0.5179559184962272
Cc1cc(N)oc1C#N,0.46658955925158807
C#Cc1oc(N)nc1C,0.5145377858243592
Cc1nc(N)oc1C#N,0.4908636782092799
C#Cc1oc(O)nc1C,0.4921844923082972
C#Cc1[nH]c(C)cc1C,0.3424177414162841
Cc1cc(C)c(C#N)[nH]1,0.3491186844785261
C#Cc1oc(C)cc1C,0.31897441368346335
Cc1cc(C)c(C#N)o1,0.32796848854741256
C#Cc1[nH]c(C)cc1N,0.502221525674031
Cc1cc(N)c(C#N)[nH]1,0.5169067830047425
C#Cc1oc(C)cc1N,0.4781114098150283
Cc1cc(N)c(C#N)o1,0.4770850502700341
C#Cc1[nH]c(C)cc1O,0.5064575241558487
Cc1cc(O)c(C#N)[nH]1,0.5458326634106925
C#Cc1[nH]c(C)nc1C,0.40136892438022187
Cc1nc(C)c(C#N)[nH]1,0.44414486264759034
C#Cc1oc(C)nc1C,0.3683028296181874
Cc1nc(C)c(C#N)o1,0.4193607476518082
C#Cc1[nH]c(C)nc1N,0.44806923618853034
Cc1nc(N)c(C#N)[nH]1,0.44794447192543885
C#Cc1oc(C)nc1N,0.45443022724430193
Cc1nc(N)c(C#N)o1,0.45011297552446194
C#Cc1[nH]c(C)nc1O,0.4102295817556296
Cc1nc(O)c(C#N)[nH]1,0.4480219427805423
C#Cc1oc(C)nc1O,0.4331443824903545
Cc1nc(O)c(C#N)o1,0.4965860177271679
C#Cc1[nH]c(O)cc1N,0.5820546818067669
C#Cc1[nH]c(O)nc1N,0.5654261768377182
N#Cc1[nH]c(O)nc1N,0.5653356445127429
C#Cc1oc(O)nc1N,0.5704915243368305
C#Cc1[nH]c(N)cc1N,0.762049160852257
N#Cc1[nH]c(N)cc1N,0.7216831729256228
C#Cc1oc(N)cc1N,0.6243341481003881
N#Cc1oc(N)cc1N,0.5759611243865947
C#Cc1[nH]c(N)cc1O,0.8211116928632691
N#Cc1[nH]c(N)cc1O,0.7835104102850892
N#Cc1[nH]c(N)nc1N,0.6695474658008607
C#Cc1oc(N)nc1N,0.6117976933146565
N#Cc1oc(N)nc1N,0.5725185830833652
C#Cc1[nH]c(N)nc1O,0.6833099845916877
N#Cc1[nH]c(N)nc1O,0.6785719357976632
C#Cc1oc(N)nc1O,0.6008326151841175
N#Cc1oc(N)nc1O,0.594337281456319
C#Cc1[nH]c(O)cc1O,0.6146156241593417
N#Cc1[nH]c(O)cc1O,0.6465821062884061
C#Cc1[nH]c(O)nc1O,0.54615661511707
N#Cc1[nH]c(O)nc1O,0.5968768396869564
C#Cc1oc(O)nc1O,0.5771405752602732
Cc1cc(N)[nH]c1C=O,0.5891133731329319
Cc1cc(O)[nH]c1C=O,0.4963389926469972
Cc1nc(O)[nH]c1C=O,0.6137621930520254
Cc1cc(N)oc1C=O,0.5223372802684025
Cc1nc(N)oc1C=O,0.5860581860979437
Cc1cc(C)c(C=O)[nH]1,0.4008628739920823
Cc1cc(C)c(C=O)o1,0.39618667670765717
Cc1cc(N)c(C=O)[nH]1,0.5115768862851837
Cc1cc(N)c(C=O)o1,0.48939034422255645
Cc1cc(O)c(C=O)[nH]1,0.5928112934088858
Cc1nc(C)c(C=O)[nH]1,0.5112225122338714
Cc1nc(C)c(C=O)o1,0.5405213520753023
Cc1nc(N)c(C=O)[nH]1,0.6469199358089099
Cc1nc(N)c(C=O)o1,0.4846962418359908
Cc1nc(O)c(C=O)[nH]1,0.5349002389611996
Cc1nc(O)c(C=O)o1,0.7420979263733898
Nc1cc(O)[nH]c1C=O,0.5897142552403238
Nc1nc(O)[nH]c1C=O,0.7332644259749941
Nc1cc(N)c(C=O)[nH]1,0.7021358644542488
Nc1cc(N)c(C=O)o1,0.5752018175080593
Nc1cc(O)c(C=O)[nH]1,0.6651022932928754
Nc1nc(N)c(C=O)o1,0.5789450447646232
Nc1nc(O)c(C=O)[nH]1,0.7860824045092158
Nc1nc(O)c(C=O)o1,0.7932805270393146
O=Cc1[nH]c(O)cc1O,0.5906250751904736
O=Cc1[nH]c(O)nc1O,0.6739044733731134
Cc1cc(N)[nH]c(=O)c1,0.4878732543056685
Cc1cc(=O)[nH]c(N)n1,0.5615024291601003
Cc1cc(O)[nH]c(=O)c1,0.39002568943942606
Cc1cc(=O)[nH]c(O)n1,0.5463056247372151
Cc1cc(N)oc(=O)c1,0.37453056645063043
Cc1cc(=O)oc(N)n1,0.48103489368077135
Cc1cc(O)oc(=O)c1,0.3642016636167682
Cc1cc(=O)oc(O)n1,0.5976963926041208
Cc1cc(C)[nH]c(=O)c1,0.38140971696157067
Cc1cc(C)oc(=O)c1,0.3465043221040105
Cc1cc(C)[nH]c(=O)n1,0.3125227814580285
Cc1cc(C)oc(=O)n1,0.356607751285992
Cc1cc(N)cc(=O)[nH]1,0.3294872927835968
Cc1cc(N)cc(=O)o1,0.3210185611860652
Cc1cc(N)nc(=[NH2+])[n-]1,0.3845359801707673
Cc1cc(N)nc(=O)[nH]1,0.2864230497416429
Cc1cc(N)nc(=O)o1,0.29629885557187663
Cc1cc(=O)cc(N)[nH]1,0.549982782717052
Cc1cc(O)cc(=O)[nH]1,0.43839406000552117
Cc1cc(O)nc(=O)[nH]1,0.3448303040495375
Cc1cc(N)[nH]c(=O)n1,0.3236665296353749
Cc1nc(N)[nH]c(=O)n1,0.8175039783727698
Cc1cc(N)oc(=O)n1,0.2642656510906818
Cc1nc(N)oc(=O)n1,0.8547112943160755
Cc1nc(O)oc(=O)n1,1.0458777669682604
Cc1cc(=O)[nH]c(C)n1,0.5120053841837944
Cc1cc(=O)oc(C)n1,0.5327606882929103
Cc1nc(C)[nH]c(=O)n1,0.9515789494907949
Cc1nc(C)oc(=O)n1,1.0519582084962167
Cc1nc(N)cc(=O)[nH]1,0.4061490692092775
Cc1nc(N)cc(=O)o1,0.39197530454293883
Cc1nc(N)nc(=O)[nH]1,0.457049705357349
Cc1nc(N)nc(=O)o1,0.5671978021800896
Cc1nc(O)cc(=O)[nH]1,0.5203610252046929
Cc1nc(O)cc(=O)o1,0.5272926937159355
Cc1nc(O)nc(=O)[nH]1,0.9689441214522958
Cc1nc(O)nc(=O)o1,1.19967289336455
Nc1cc(O)[nH]c(=O)c1,0.41399920407093305
Nc1cc(O)oc(=O)c1,0.39003921350376913
Nc1cc(=O)oc(O)n1,0.5032356673018512
Nc1cc(N)[nH]c(=O)c1,0.5066801950342779
Nc1cc(N)oc(=O)c1,0.3941587744084245
Nc1cc(N)[nH]c(=O)n1,0.3677347100310726
Nc1cc(O)cc(=O)[nH]1,0.45237609315881855
Nc1cc(O)nc(=O)[nH]1,0.3896300084870745
Nc1cc(O)nc(=O)o1,0.372384104082812
Nc1cc(O)[n-]c(=[NH2+])n1,0.4536324978707853
Nc1nc(O)oc(=O)n1,0.6435132319202239
Nc1cc(=O)[nH]c(N)n1,0.5277655189856887
Nc1cc(=O)oc(N)n1,0.46361709487246117
Nc1nc(N)[nH]c(=O)n1,0.9569388059626363
Nc1nc(N)oc(=O)n1,0.6621077060444804
Nc1nc(O)nc(=O)[nH]1,0.5824993432779593
Nc1nc(O)nc(=O)o1,0.6503102312199189
Cc1cc(C)cc(C)c1,0.3685583446513192
Cc1cc(C)nc(C)c1,0.8183043744593306
Cc1cc(C)nc(C)n1,0.9615139673242084
Cc1cc(C)nc(N)n1,0.41609570630680537
Cc1cc(C)nc(O)n1,0.9485409056396747
Cc1cc(C)cc(N)c1,0.4612868195054034
Cc1cc(N)cc(N)c1,0.5398855033108703
Cc1cc(N)cc(O)n1,0.499796255311594
Cc1cc(N)nc(C)n1,0.5825582831694192
Cc1cc(N)nc(O)n1,0.41165428897511447
Cc1cc(C)cc(O)c1,0.42241212508997705
Cc1cc(O)cc(C)n1,1.0570111475990416
Cc1cc(N)cc(O)c1,0.5263058995460597
Cc1cc(O)cc(N)n1,0.4066938414143806
Cc1cc(O)cc(O)c1,0.4477429715152539
Cc1cc(O)cc(O)n1,0.5122225583581894
Cc1cc(C)nc(O)c1,0.42478841492993524
Cc1cc(O)nc(C)n1,1.077923515902512
Cc1cc(N)nc(O)c1,0.42670295454263396
Cc1cc(O)nc(N)n1,0.3902086044636235
Cc1cc(O)nc(O)c1,0.37949803454648645
Cc1cc(O)nc(O)n1,0.5803279280589777
Cc1nc(C)nc(C)n1,1.0351868708949041
Cc1nc(C)nc(N)n1,1.0804429921263363
Cc1nc(N)cc(O)n1,0.4054290283802402
Cc1nc(O)cc(O)n1,0.6755070070848888
Cc1nc(C)nc(O)n1,1.1254064275490236
Cc1nc(N)nc(O)n1,0.8017130946882389
Cc1nc(O)nc(O)n1,1.3503838797987555
Nc1cc(N)nc(O)n1,0.4801020052855165
Nc1cc(N)cc(O)c1,0.5732459982009459
Nc1cc(O)cc(N)n1,0.47579041354038054
Nc1cc(O)cc(O)c1,0.5702005256371194
Nc1cc(O)cc(O)n1,0.44878399800654734
Nc1cc(N)nc(O)c1,0.5101609411358368
Nc1cc(O)nc(N)n1,0.4536204704327247
Nc1cc(O)nc(O)c1,0.5087963438963925
Nc1cc(O)nc(O)n1,0.503185026887877
Nc1nc(O)cc(O)n1,0.4737122789974819
Nc1nc(N)nc(O)n1,0.436276523359993
Nc1nc(O)nc(O)n1,0.7970125431984343
Oc1cc(O)cc(O)c1,0.5946342394527164
Oc1cc(O)nc(O)c1,0.5041920663461497
Oc1cc(O)nc(O)n1,0.6358578218278126
Oc1nc(O)nc(O)n1,1.3995169995287142
Cc1[nH]c(N)cc1C=O,1.1720397448934818
Cc1oc(N)cc1C=O,0.6682434139256657
Cc1[nH]c(O)cc1C=O,0.5969072892421536
Cc1oc(N)nc1C=O,0.6605511051766371
Cc1[nH]c(O)nc1C=O,0.6804226646800089
Cc1oc(O)nc1C=O,0.6647212248626602
Cc1cc(C=O)c(C)[nH]1,0.4890616305219737
Cc1cc(C=O)c(C)o1,0.4665853414862795
Cc1cc(C=O)c(N)[nH]1,0.5934811564166012
Cc1cc(C=O)c(N)o1,0.43208496109218686
Cc1cc(C=O)c(O)[nH]1,0.5323082987815724
Cc1nc(C=O)c(C)[nH]1,0.5798667220587959
Cc1nc(C=O)c(C)o1,0.5551614929063362
Cc1nc(C=O)c(N)[nH]1,0.6175175293828943
Cc1nc(C=O)c(N)o1,0.44051309328278876
Nc1[nH]c(O)cc1C=O,0.7465651673264802
Nc1[nH]c(O)nc1C=O,0.7761626522715233
Nc1oc(O)nc1C=O,0.6490513230564829
Nc1cc(C=O)c(N)[nH]1,1.358227456716122
Nc1cc(C=O)c(N)o1,0.9305941716575035
Nc1cc(C=O)c(O)[nH]1,1.1805088574492402
Nc1nc(C=O)c(N)o1,0.827908175146149
Nc1nc(C=O)c(O)[nH]1,0.9525302599995484
O=Cc1cc(O)[nH]c1O,0.6506438429714763
Cc1cccc(C=O)c1,0.3824916149751516
Cc1cc(C=O)ccn1,0.7589795517778839
Cc1cncc(C=O)c1,0.7173352539575717
Cc1ccnc(C=O)c1,0.5860945133117639
Cc1cc(C=O)ncn1,0.7160835023933032
Cc1cccc(C=O)n1,0.6604771445945516
Cc1nccc(C=O)n1,0.8147007961015333
Cc1cncc(C=O)n1,0.6086351028880017
Cc1ccnc(C=O)n1,0.7990377243604598
Cc1ncnc(C=O)n1,0.6390664539394493
Nc1cccc(C=O)c1,0.4106956313844421
Nc1cc(C=O)ccn1,0.31822754241329676
Nc1cncc(C=O)c1,0.39469766895672365
Nc1ccnc(C=O)c1,0.39364695520453097
Nc1cc(C=O)ncn1,0.4392576137506694
Nc1cccc(C=O)n1,0.350278815261845
Nc1nccc(C=O)n1,0.24454628494095232
Nc1cncc(C=O)n1,0.48753879900323227
Nc1ccnc(C=O)n1,0.3234550970628334
Nc1ncnc(C=O)n1,0.6184835340463906
O=Cc1cccc(O)c1,0.46805268896423513
O=Cc1ccnc(O)c1,0.4275200312204106
O=Cc1cncc(O)c1,0.6678458553869859
O=Cc1cc(O)ccn1,0.6407637921656715
O=Cc1cc(O)ncn1,0.7102401809952426
O=Cc1cccc(O)n1,0.4199040504427103
O=Cc1ccnc(O)n1,0.7665058165675873
O=Cc1cncc(O)n1,0.8326793674223154
O=Cc1nccc(O)n1,0.6793575016763498
O=Cc1ncnc(O)n1,0.7811223106982652
Cc1cn(C=O)c(=O)[nH]1,0.6414297367336985
Cc1cn(C=O)c(=O)o1,0.7099504068100941
Nc1cn(C=O)c(=O)[nH]1,1.0590892005111527
Nc1cn(C=O)c(=O)o1,0.9103415981462604
O=Cn1cc(O)[nH]c1=O,0.7601703225955134
O=Cn1cc(O)oc1=O,0.8847426650136185
Cc1cc(N)cn1C=O,0.7560484215118777
Cc1cc(O)cn1C=O,0.7619157705757971
Cc1cc(C)n(C=O)c1,0.5976904605158779
Cc1cn(C=O)c(C)n1,0.6760719973608502
Cc1cc(N)n(C=O)c1,0.6791655796805571
Cc1cn(C=O)c(N)n1,0.6525857300384814
Cc1cc(O)n(C=O)c1,0.6929709292107873
Cc1cn(C=O)c(O)n1,0.8452545984528115
Cc1nc(N)cn1C=O,0.6977383935281978
Nc1cc(O)cn1C=O,0.7439314032271795
Nc1cc(N)n(C=O)c1,0.8254342235923104
Nc1cn(C=O)c(N)n1,0.7987974477055104
Nc1cc(O)n(C=O)c1,0.7900305880211818
Nc1cn(C=O)c(O)n1,0.9228555763165787
O=Cn1cc(O)cc1O,0.8265974564783392
Cc1cn(C=O)cc1C,0.514821246961219
Cc1cn(C=O)cc1N,0.7995869864462293
Cc1cn(C=O)cc1O,0.655704183574926
Nc1cn(C=O)cc1N,0.9419848360666947
Nc1cn(C=O)cc1O,0.831989640091706
O=Cn1cc(O)c(O)c1,0.7602381878277811
C#CCc1c[nH]c(C)c1,0.43219522168146796
C#CCc1coc(C)c1,0.4304440865180368
Cc1cc(CC#N)c[nH]1,0.4102256905280228
Cc1cc(CC#N)co1,0.3921561242914322
C#CCc1c[nH]c(C)n1,0.4717283775280521
C#CCc1coc(C)n1,0.46775197579336236
Cc1nc(CC#N)c[nH]1,0.5272412369631638
Cc1nc(CC#N)co1,0.550425893139618
C#CCc1c[nH]c(N)c1,1.216940376407365
C#CCc1coc(N)c1,0.6903285935277381
N#CCc1c[nH]c(N)c1,1.080510068224612
N#CCc1coc(N)c1,0.671451909980533
C#CCc1coc(N)n1,0.6695989497675328
N#CCc1coc(N)n1,0.6522377234559826
C#CCc1c[nH]c(O)c1,0.5877916882691352
N#CCc1c[nH]c(O)c1,0.5400424858744373
C#CCc1c[nH]c(O)n1,0.624824769623956
N#CCc1c[nH]c(O)n1,0.711140633398827
C#CCn1ccc(C)c1,0.5764250787342462
C#CCn1cnc(C)c1,0.6515296284342185
Cc1ccn(CC#N)c1,0.5831738594351918
Cc1cn(CC#N)cn1,0.5750641550348519
C#CCn1ccc(N)c1,0.8951031330707337
C#CCn1cnc(N)c1,0.8166511731305945
N#CCn1ccc(N)c1,0.8774497379708919
N#CCn1cnc(N)c1,0.6574311822223535
C#CCn1ccc(O)c1,0.7166400571350096
N#CCn1ccc(O)c1,0.6372020921498915
Cc1cc(CC=O)c[nH]1,0.7328691259808693
Cc1cc(CC=O)co1,0.5884511293133983
Cc1cc(NC=N)co1,0.4246927124386275
Cc1cc(NC=O)c[nH]1,0.8861792908264761
Cc1cc(NC=O)co1,0.8228398615992774
Cc1cc(OC=N)c[nH]1,0.8021303542773239
Cc1cc(OC=N)co1,0.7992556876633898
Cc1cc(OC=O)c[nH]1,0.6590152121807478
Cc1cc(OC=O)co1,0.6762415515877365
CC1=Cc2ccoc2C1,0.3637894653438707
Cc1nc(CC=O)c[nH]1,0.6937453384180117
Cc1nc(CC=O)co1,0.6056441075434122
Cc1nc(NC=N)co1,0.4834853345819283
Cc1nc(NC=O)c[nH]1,0.6052373787606484
Cc1nc(NC=O)co1,0.6657316385299055
Cc1nc(OC=N)c[nH]1,0.6332329558590573
Cc1nc(OC=N)co1,0.6973444268933235
Cc1nc(OC=O)c[nH]1,0.7360943026251334
Cc1nc(OC=O)co1,0.8284299809329241
Nc1cc(CC=O)c[nH]1,1.4059383454623458
Nc1cc(CC=O)co1,0.8985268985070434
Nc1cc(NC=O)c[nH]1,1.3985104226667318
Nc1cc(NC=O)co1,0.8879111331043532
N=COc1coc(N)c1,0.8434550270030741
Nc1cc(OC=O)c[nH]1,1.3176616826967802
Nc1cc(OC=O)co1,0.8118371773198305
Nc1nc(CC=O)co1,0.7701123337592435
Nc1nc(NC=O)c[nH]1,0.9709400775718677
Nc1nc(NC=O)co1,0.875419332223828
N=COc1coc(N)n1,0.8578951912677439
Nc1nc(OC=O)c[nH]1,1.0177176425404468
Nc1nc(OC=O)co1,0.8660190728005546
O=CCc1c[nH]c(O)c1,0.8707269169444771
O=CNc1c[nH]c(O)c1,1.0122113343204546
N=COc1c[nH]c(O)c1,0.7685639507344604
O=COc1c[nH]c(O)c1,0.7692890528815042
O=CCc1c[nH]c(O)n1,0.7214849378851795
O=CNc1c[nH]c(O)n1,0.7921852682302415
N=COc1c[nH]c(O)n1,0.8091119284981687
O=COc1c[nH]c(O)n1,0.861819455958539
Cc1ccn(CC=O)c1,0.8729678572872217
Cc1cn(CC=O)cn1,0.5098753575039154
Nc1ccn(CC=O)c1,1.0716473427819437
O=CCn1ccc(O)c1,0.9390871486084507
CC1=Cc2occc2C1,0.3420349314546911
CC1=Cc2ocnc2C1,0.3789253162340174
Cc1cc2occc2[nH]1,0.3650185498136125
Cc1cc2c(o1)C=CC2,0.3394210588885471
Cc1cc2[nH]ccc2o1,0.33833320158009883
Cc1cc2occc2o1,0.3332682350392133
Cc1cc2ocnc2o1,0.3606230381101341
Cc1nc2c(o1)C=CC2,0.3952546318687382
Cc1nc2occc2o1,0.37473878807213623
Cc1nc2ocnc2o1,0.43210490704768745
Nc1cc2occc2o1,0.5828275399617269
Nc1cc2ocnc2o1,0.5742126559416647
Nc1nc2occc2o1,0.5797914281210979
Oc1cc2c([nH]1)C=CC2,0.45331973004795145
Oc1cc2occc2[nH]1,0.4474139857029513
Oc1cc2ocnc2[nH]1,0.4723176675870491
Oc1nc2c(o1)C=CC2,0.5539819876066758
Cc1cc2c(o1)CC=C2,0.3319128896746406
Cc1cc2ccoc2[nH]1,0.3379916713111015
Cc1cc2cc[nH]c2o1,0.34626880744872324
Cc1cc2ccoc2o1,0.3518342732513702
Cc1cc2ncoc2o1,0.4433056903162651
Cc1nc2c(o1)CC=C2,0.45601548171362083
Cc1nc2ccoc2o1,0.49517799109889893
Cc1nc2ncoc2o1,0.5657689044055587
Nc1cc2ccoc2o1,0.714716592185141
Nc1nc2ccoc2o1,0.6224764531034452
Oc1cc2ccoc2[nH]1,0.4927248834774218
Oc1cc2ncoc2[nH]1,0.5595475622558297
Oc1nc2ccoc2[nH]1,0.5220965682347014
CC1=Cc2cocc2C1,0.3908525077986269
Cc1nc2cocc2o1,0.2875349619280314
Nc1nc2cocc2o1,0.5977688021357608
Oc1cn2ccoc2n1,0.6406526880255115
Oc1cc2n(c1)CC=C2,0.4578928505543445
Cc1ccc(C)c(=O)[nH]1,0.3747040935413679
Cc1ccc(C)c(=O)o1,0.3453067484351777
Cc1ccc(N)c(=O)[nH]1,0.4442215987946838
Cc1ccc(N)c(=O)o1,0.4316325715826679
Cc1ccc(N)[nH]c1=O,0.4952853944905655
Cc1ccc(N)oc1=O,0.38274106187054713
Cc1ccc(O)c(=O)o1,0.525189905649313
Cc1ccc(O)[nH]c1=O,0.3763394169873209
Cc1ccc(O)oc1=O,0.35967632632673485
Cc1cnc(C)c(=N)o1,0.38695548171017435
Cc1cnc(C)c(=O)[nH]1,0.443363160789886
Cc1cnc(C)c(=O)o1,0.46819478688848903
Cc1cnc(N)c(=N)o1,0.6693910818921722
Cc1cnc(N)c(=O)[nH]1,0.43339118987933034
Cc1cnc(N)c(=O)o1,0.4638114386834786
Cc1cnc(N)[nH]c1=O,0.5429075196498161
Cc1cnc(N)oc1=O,0.44857950434379745
Cc1cnc(O)c(=N)o1,0.5115258104851819
Cc1cnc(O)c(=O)o1,0.5490312000947597
Cc1cnc(O)[nH]c1=O,0.5083879280118708
Cc1cnc(O)oc1=O,0.5384386188052304
Cc1ncc(C)c(=O)[nH]1,0.4920561361377622
Cc1ncc(C)c(=O)o1,0.5386475751402031
Cc1ncc(N)c(=O)[nH]1,0.5469232962823298
Cc1ncc(N)c(=O)o1,0.4668356047204725
Cc1ncc(N)[nH]c1=O,0.5577745763403072
Cc1ncc(N)oc1=N,0.5113344599303673
Cc1ncc(N)oc1=O,0.42841512297673034
Cc1ncc(O)c(=O)o1,0.6482716620521387
Cc1ncc(O)oc1=N,0.4460862599116808
Cc1ncc(O)oc1=O,0.5368038668002555
Nc1ccc(N)c(=O)[nH]1,0.8626778123289114
Nc1ccc(N)c(=O)o1,0.717048690716183
Nc1ccc(O)c(=O)o1,0.5939473693179025
Nc1ccc(O)[nH]c1=O,0.5869708019945392
Nc1ccc(O)oc1=O,0.635531040137721
Nc1cnc(N)c(=O)[nH]1,0.9120114256420493
Nc1cnc(N)c(=O)o1,0.7116836368677468
N=c1oc(N)cnc1O,0.8197866609989433
Nc1cnc(O)c(=O)o1,0.7316077960040275
Nc1cnc(O)oc1=O,0.659053580257023
Nc1ncc(N)c(=O)[nH]1,0.8453938936036138
Nc1ncc(N)c(=O)o1,0.7236366248362174
Nc1[nH+]cc([O-])c(=O)o1,0.4064286935426935
N=c1oc(O)cnc1N,0.6499743881340692
Nc1ncc(O)oc1=O,0.6337576460518903
O=c1oc(O)ccc1O,0.6453778114027955
N=c1oc(O)cnc1O,0.7713068597513484
O=c1oc(O)cnc1O,0.765749965539726
Cc1cc(N)ccc1N,0.7855411425698549
Cc1cc(N)ccc1O,0.6049176720334799
Cc1cc(N)cnc1C,0.4511978667887888
Cc1cc(N)cnc1O,0.6072283279809199
Cc1cc(O)ccc1N,0.6365370455587254
Cc1cc(O)ccc1O,0.49908124859211966
Cc1cc(O)cnc1C,0.49626848791558587
Cc1cc(O)cnc1N,0.6248169327391224
Cc1cc(O)cnc1O,0.5513061274741631
Cc1cc(O)ncc1N,0.6499546870800259
Cc1cc(O)ncc1O,0.5217735689257097
Cc1ccc(C)c(C)c1,0.346450552380702
Cc1ccc(C)c(C)n1,0.5424370345645002
Cc1ccc(C)c(N)c1,0.47044195864145877
Cc1ccc(C)c(O)c1,0.3592321546639141
Cc1ccc(C)c(O)n1,0.41761241526546655
Cc1ccc(N)c(C)c1,0.484833550557596
Cc1ccc(N)c(C)n1,0.47330617607985914
Cc1ccc(N)c(N)c1,0.811121762424591
Cc1ccc(N)c(O)c1,1.367088631111983
Cc1ccc(N)c(O)n1,0.5243042290348967
Cc1ccc(N)cc1C,0.4529092733064317
Cc1ccc(N)cc1N,0.5411239485038095
Cc1ccc(N)cc1O,0.5075740350657725
Cc1ccc(N)nc1O,0.4432321106924064
Cc1ccc(O)c(C)c1,0.41434059828134195
Cc1ccc(O)c(C)n1,0.4235432213117747
Cc1ccc(O)c(N)c1,0.5537492212988582
Cc1ccc(O)c(O)c1,0.5036423144501896
Cc1ccc(O)c(O)n1,0.47429735128753236
Cc1ccc(O)cc1C,0.39322324651220697
Cc1ccc(O)cc1N,0.4459373047138797
Cc1ccc(O)cc1O,0.4375004648754839
Cc1ccc(O)nc1C,0.3477802646029886
Cc1ccc(O)nc1N,0.43889877703804814
Cc1ccc(O)nc1O,0.3896313146324246
Cc1cnc(C)c(C)c1,0.5965292412784038
Cc1cnc(C)c(C)n1,0.9363451919889485
Cc1cnc(C)c(N)c1,0.46782925616571447
Cc1cnc(C)c(N)n1,0.4184434241778945
Cc1cnc(C)c(O)c1,0.45190136308701767
Cc1cnc(C)c(O)n1,0.5476096221900661
Cc1cc(C)c(C)cn1,0.6493512743090832
Cc1cc(O)c(C)cn1,0.6262680622257903
Cc1ncc(C)c(C)n1,0.9899779614424915
Cc1ncc(C)c(N)n1,0.4166803704283666
Cc1ncc(C)c(O)n1,0.9308802995165024
Cc1cnc(N)c(C)n1,0.40951087428766186
Cc1cnc(N)c(O)n1,0.4807837868884235
Cc1cnc(N)cc1O,0.47076259055575065
Cc1cnc(N)nc1C,0.2935608990228502
Cc1cnc(N)nc1O,0.39431472293836123
Cc1cnc(O)c(C)c1,0.4222771565509902
Cc1cnc(O)c(C)n1,0.4644861181095621
Cc1cnc(O)c(N)c1,0.5436969767597475
Cc1cnc(O)c(N)n1,0.5026944869987346
Cc1cnc(O)c(O)c1,0.5101988194037403
Cc1cnc(O)c(O)n1,0.528693400481643
Cc1cnc(O)cc1C,0.4041605690144934
Cc1cnc(O)cc1N,0.47165790000508423
Cc1cnc(O)cc1O,0.5029062733156024
Cc1cnc(O)nc1C,0.786388342266946
Cc1cnc(O)nc1N,0.4147667560046102
Cc1cnc(O)nc1O,0.5301462987099512
Cc1nc(N)cnc1O,0.5341292856028304
Cc1nc(N)ncc1O,0.48161977548807045
Cc1nc(O)ccc1N,0.6176900224400015
Cc1nc(O)ccc1O,0.5020256308107491
Cc1nc(O)cnc1N,0.5672251768482965
Cc1nc(O)cnc1O,0.4966431072425621
Cc1nc(O)ncc1N,0.6570352563703636
Cc1nc(O)ncc1O,0.5525901245491696
Cc1cc(C)c(N)cn1,0.5020688697240985
Cc1cc(O)c(N)cn1,1.748836830664004
Cc1ncc(N)c(O)n1,0.59054703289803
Cc1ncc(N)cc1O,0.5647789809263486
Cc1ncc(N)nc1O,0.4413009177042113
Cc1cc(C)c(O)cn1,0.44380572698537435
Cc1ncc(O)c(C)n1,0.9781068525735463
Cc1ncc(O)c(N)n1,0.5361035542337049
Cc1cc(O)c(O)cn1,0.6847817947436852
Cc1ncc(O)c(O)n1,0.5914543425751617
Cc1ncc(O)cc1N,0.5287138362436963
Cc1ncc(O)cc1O,0.45296709753165487
Cc1ncc(O)nc1C,0.5200076851888298
Cc1ncc(O)nc1N,0.43746454583015293
Cc1ncc(O)nc1O,0.4809677631565137
Nc1cc(O)ccc1O,0.6271390991096268
Nc1cc(O)cnc1N,0.8548092009277752
Nc1cc(O)cnc1O,0.6327248646175576
Nc1cc(O)ncc1O,0.6085846529549599
Nc1ccc(N)c(O)c1,1.570257344368656
Nc1ccc(N)c(O)n1,0.7788703497390088
Nc1ccc(O)c(N)c1,0.6935902606546733
Nc1ccc(O)c(O)c1,0.7347777335071441
Nc1ccc(O)c(O)n1,0.6162664581024728
Nc1ccc(O)cc1N,0.8863493620719964
Nc1ccc(O)cc1O,1.5098702703016897
Nc1ccc(O)nc1N,0.8972506294703635
Nc1ccc(O)nc1O,0.6799519618980412
Nc1cnc(N)c(O)n1,0.7123087643358303
Nc1cc(O)c(N)cn1,1.674793144567957
Nc1ncc(N)c(O)n1,0.7535592315743997
Nc1cnc(O)c(N)c1,0.6878932277340937
Nc1cnc(O)c(N)n1,0.5871551320105937
Nc1cnc(O)c(O)c1,0.6313970299815992
Nc1cnc(O)c(O)n1,0.6043351304069802
Nc1cnc(O)cc1N,1.0318545901864127
Nc1cnc(O)cc1O,1.865238079770279
Nc1cnc(O)nc1N,1.0523227323992614
Nc1cnc(O)nc1O,0.7069486629625317
Nc1nc(O)ccc1O,0.543623125024169
Nc1nc(O)cnc1O,0.5437663114062161
Nc1nc(O)ncc1O,0.5666053011809709
Nc1ncc(O)c(N)n1,0.5663861677840032
Nc1cc(O)c(O)cn1,0.7693894085223292
Nc1ncc(O)c(O)n1,0.5862595232356398
Nc1ncc(O)cc1O,1.3882725419643975
Nc1ncc(O)nc1N,0.9133030419088755
Nc1ncc(O)nc1O,0.6215665855561383
Oc1ccc(O)c(O)c1,0.6064744361719931
Oc1ccc(O)c(O)n1,0.5765159648090048
Oc1cnc(O)c(O)c1,0.6296679632632731
Oc1cnc(O)c(O)n1,0.5874304569479136
Oc1cc(O)c(O)cn1,0.7919614544734941
Oc1ncc(O)c(O)n1,0.6408105413502199
Cc1ccc(C)n1C=O,0.5336016565743193
Cc1ccc(N)n1C=O,0.6115534982200188
Cc1ccc(O)n1C=O,0.6297990133607527
Cc1cnc(C)n1C=O,0.6442217623280158
Cc1cnc(N)n1C=O,0.6302761652441404
Cc1cnc(O)n1C=O,0.7913387488188164
Cc1ncc(N)n1C=O,0.6690207347492105
Nc1ccc(N)n1C=O,1.5066105623900512
Nc1ccc(O)n1C=O,1.6476756793181266
Nc1cnc(N)n1C=O,1.6496045593394228
Nc1cnc(O)n1C=O,0.9055920117189089
Nc1ncc(O)n1C=O,1.27503584250735
O=Cn1c(O)ccc1O,0.7980734612247034
O=Cn1c(O)cnc1O,0.903408922808012
Cc1ccc(C=O)cc1,0.3835263828441384
Cc1ccc(C=O)nc1,0.579482905275654
Cc1cnc(C=O)cn1,0.5857357582299301
Cc1cnc(C=O)nc1,0.7395691710662504
Cc1ccc(C=O)cn1,0.7182972313348728
Cc1ncc(C=O)cn1,0.9466832650632568
Nc1ccc(C=O)cc1,0.3074110385205131
Nc1ccc(C=O)nc1,0.30282259799787425
Nc1cnc(C=O)cn1,0.3659543770372693
Nc1cnc(C=O)nc1,0.29713070804064046
Nc1ccc(C=O)cn1,0.2710514392929326
Nc1ncc(C=O)cn1,0.23166032694825844
O=Cc1cnc(O)cn1,0.7305269864446018
O=Cc1ccc(O)nc1,0.45698828922832035
O=Cc1cnc(O)nc1,0.9196725229176081
C#Cc1ccc(C)cc1,0.2661058491576114
Cc1ccc(C#N)cc1,0.2805419317082851
C#Cc1ccc(C)cn1,0.2819729247603391
Cc1ccc(C#N)nc1,0.3941712372325128
C#Cc1cnc(C)cn1,0.6166836904812953
Cc1cnc(C#N)cn1,0.7238600848468195
C#Cc1ncc(C)cn1,0.9409116457027267
Cc1cnc(C#N)nc1,0.9512549977862363
C#Cc1ccc(C)nc1,0.3409688704741711
Cc1ccc(C#N)cn1,0.6030350786058989
C#Cc1cnc(C)nc1,0.8552563930588803
Cc1ncc(C#N)cn1,0.9395471845218708
C#Cc1ccc(N)cc1,0.34945172478910536
N#Cc1ccc(N)cc1,0.2728383302310249
C#Cc1ccc(N)cn1,0.3496591028633702
N#Cc1ccc(N)cn1,0.26691898018361826
C#Cc1cnc(N)cn1,0.2754131544370466
N#Cc1cnc(N)cn1,0.20504172827349976
C#Cc1ncc(N)cn1,0.3530483914546494
N#Cc1ncc(N)cn1,0.2663518674180523
C#Cc1ccc(N)nc1,0.29310012840505806
N#Cc1ccc(N)nc1,0.19471279822755605
C#Cc1cnc(N)nc1,0.26098741221903765
N#Cc1cnc(N)nc1,0.19252059350219497
C#Cc1ccc(O)cc1,0.3285330706548848
N#Cc1ccc(O)cc1,0.31753762460175494
C#Cc1ccc(O)cn1,0.36865083620068617
C#Cc1cnc(O)cn1,0.33556719008265645
N#Cc1cnc(O)cn1,0.33842133930011187
C#Cc1ncc(O)cn1,0.3524348832488613
C#Cc1ccc(O)nc1,0.34011315361021843
N#Cc1ccc(O)nc1,0.3260296219432348
C#Cc1cnc(O)nc1,0.38149377297486353
N#Cc1cnc(O)nc1,0.7533086145904235
C#CCc1ccc(C)[nH]1,0.47026075793655764
C#CCc1ccc(C)o1,0.3704793605793384
Cc1ccc(CC#N)[nH]1,0.49955671337011154
Cc1ccc(CC#N)o1,0.42329614180562203
C#CCc1ncc(C)[nH]1,0.536297027279943
C#CCc1ncc(C)o1,0.530807535707936
Cc1cnc(CC#N)[nH]1,0.5513091479388095
Cc1cnc(CC#N)o1,0.5885747506963526
C#CCc1cnc(C)[nH]1,0.5898406521919242
C#CCc1cnc(C)o1,0.4588117250750656
Cc1ncc(CC#N)[nH]1,0.6282019219324866
Cc1ncc(CC#N)o1,0.5256789217000915
C#CCc1ccc(N)[nH]1,1.1628065906770644
C#CCc1ccc(N)o1,0.6378788396432356
N#CCc1ccc(N)[nH]1,1.099129685682783
N#CCc1ccc(N)o1,0.61225157944682
C#CCc1ncc(N)o1,0.7649009698907321
N#CCc1ncc(N)[nH]1,1.1110846056581067
N#CCc1ncc(N)o1,0.7279760810561129
C#CCc1cnc(N)o1,0.6608093685645144
N#CCc1cnc(N)o1,0.6833360531090875
C#CCc1ccc(O)[nH]1,0.6024363734031795
N#CCc1ccc(O)[nH]1,0.6183250548583601
C#CCc1ncc(O)[nH]1,0.622664701561007
N#CCc1ncc(O)[nH]1,0.6405584821604862
C#CCc1cnc(O)[nH]1,0.7263032330920396
N#CCc1cnc(O)[nH]1,0.7517240676170331
Cc1ccc(CC=O)[nH]1,0.4753451806263911
Cc1ccc(CC=O)o1,0.5624538485153607
Cc1ccc(OC=N)[nH]1,0.8265802044497832
Cc1ccc(OC=O)[nH]1,0.6279032224047114
Cc1ccc(NC=N)o1,0.6004335872275988
Cc1ccc(NC=O)[nH]1,1.3161939814690413
Cc1ccc(NC=O)o1,1.0100601915964944
Cc1ccc(OC=N)o1,0.9667928426697472
Cc1ccc(OC=O)o1,0.706103694597914
Cc1cnc(CC=O)[nH]1,0.5856144498138747
Cc1cnc(CC=O)o1,0.4791116464220977
Cc1cnc(OC=N)[nH]1,0.8874436684800457
Cc1cnc(OC=O)[nH]1,0.7773446065966709
Cc1cnc(NC=N)o1,0.5502465428089636
Cc1cnc(NC=O)[nH]1,0.7806748736620648
Cc1cnc(NC=O)o1,0.6832896576761414
Cc1cnc(OC=N)o1,0.9553519188084465
Cc1cnc(OC=O)o1,1.1173864391348616
Cc1ncc(CC=O)[nH]1,0.5716539953045867
Cc1ncc(CC=O)o1,0.652097448693894
Cc1ncc(OC=N)[nH]1,0.9636276127421297
Cc1ncc(OC=O)[nH]1,0.7795298452056159
Cc1ncc(NC=N)o1,0.674239119158301
Cc1ncc(NC=O)[nH]1,1.4464360093516007
Cc1ncc(NC=O)o1,1.2027663940498314
Cc1ncc(OC=N)o1,1.101778851429117
Cc1ncc(OC=O)o1,0.8781223221176333
Nc1ccc(CC=O)[nH]1,1.0179693207701348
Nc1ccc(CC=O)o1,0.8045078142095008
Nc1ccc(OC=O)[nH]1,1.1169156002979435
Nc1ccc(NC=O)[nH]1,1.7403819768824178
Nc1ccc(NC=O)o1,1.4135588161207124
N=COc1ccc(N)o1,0.8699923996518919
Nc1ccc(OC=O)o1,0.8777344508362148
Nc1cnc(CC=O)o1,0.7090407569485251
Nc1cnc(OC=O)[nH]1,1.2066826041718741
Nc1cnc(NC=O)[nH]1,1.498232988980817
Nc1cnc(NC=O)o1,1.0902281023572868
N=COc1ncc(N)o1,1.0674046230815293
Nc1cnc(OC=O)o1,1.2469564543007436
Nc1ncc(CC=O)o1,0.8142619850823394
Nc1ncc(NC=O)o1,1.5439969565522915
N=COc1cnc(N)o1,0.9152768479452789
Nc1ncc(OC=O)o1,0.9500393557464122
O=CCc1ccc(O)[nH]1,0.5909642108563276
N=COc1ccc(O)[nH]1,0.6932831255908241
O=COc1ccc(O)[nH]1,0.7183756001668371
O=CNc1ccc(O)[nH]1,1.390457644516573
O=CCc1ncc(O)[nH]1,0.6480702976987232
N=COc1ncc(O)[nH]1,0.7920194963862741
O=CNc1ncc(O)[nH]1,0.8979228598709597
O=CCc1cnc(O)[nH]1,0.6970667345685797
N=COc1cnc(O)[nH]1,0.8084315074647748
O=COc1cnc(O)[nH]1,0.8671699789247214
N=CNc1cnc(O)o1,1.7263872632192943
O=CNc1cnc(O)[nH]1,1.537960733545333
O=CNc1cnc(O)o1,1.5954802703854511
N=COc1cnc(O)o1,0.8834441642666206
Oc1ccc2n1CC=C2,0.4173773632010125
Oc1ccc2n1C=CC2,0.586798308937432
Oc1cnc2occn12,0.7310618537030678
Cc1ccnc(=N)cn1,0.8938396261819435
Cc1ccnc(=N)nc1,1.2298209465461696
Cc1ccnc(=O)cc1,0.8341577355186018
Cc1ccnc(=O)cn1,0.5450597236213071
Cc1ccnc(=O)nc1,0.8208831715310225
Cc1cncc(=N)cn1,1.4819359460652777
Cc1cncc(=N)nc1,0.6984412367546611
Cc1cncc(=O)cn1,1.54327786812064
Cc1cncc(=O)nc1,0.5629634908073058
Cc1nccc(=N)cn1,1.0570193926560023
Cc1cnc(=N)ccn1,0.8799937860840146
Cc1ncnc(=N)cn1,0.5381148575816042
Cc1ncnc(=O)cn1,0.6431650076483493
Cc1cnc(=O)ncn1,0.7008183157249732
Nc1cccc(=O)cc1,0.32588931997088366
N=c1nccc(N)cn1,0.8336714950310125
Nc1ccnc(=O)cc1,0.39393259326243424
Nc1ccnc(=O)nc1,0.7302526411240251
N=c1cncc(N)nc1,0.8460350758014101
N=c1cncc(N)cn1,0.763100963060424
Nc1ccc(=O)cnc1,0.7824094642928685
Nc1cncc(=O)cn1,0.8561925468184199
Nc1cncc(=O)nc1,0.7933149766686256
Nc1nccc(=O)cn1,0.5479836156555393
Nc1cnc(=O)ccn1,0.5851790674278163
N=c1cnc(N)ncn1,0.6961289753344317
N=c1ncnc(N)cn1,1.2681090448331815
Nc1ncnc(=O)cn1,0.6431006254770182
Nc1cnc(=O)ncn1,0.8117101000843832
N=c1cccc(O)cn1,0.6650270265636209
O=c1cccc(O)cn1,0.4668284209110425
N=c1ccc(O)ccn1,0.66573376101951
N=c1cnc(O)ccn1,0.8151534305143286
O=c1cnc(O)ccn1,0.6067986055695656
O=c1ccc(O)cnc1,0.9720107100656605
N=c1ccnc(O)nc1,0.9260803720007971
O=c1ccnc(O)cc1,0.5488577274245472
N=c1ccc(O)ncn1,0.9408824206566351
N=c1cnc(O)ncn1,0.716665254893087
O=c1cnc(O)ncn1,0.6886011594942829
Cc1cccc(N)c1C,0.4616527584003052
Cc1cncc(N)c1C,0.46460533124809444
Cc1ncnc(N)c1C,0.4087665608894895
Cc1cccc(O)c1C,0.3870331430425722
Cc1nccc(O)c1C,0.7081710534275771
Cc1cncc(O)c1C,0.49917529118829407
Cc1ccnc(O)c1C,0.38006019484055287
Cc1ncnc(O)c1C,0.8975416825924185
Cc1cccc(N)c1N,0.7805644498075708
Cc1cccc(O)c1N,1.2681847741569072
Cc1nccc(O)c1N,1.6887090540185454
Cc1ccnc(O)c1N,0.5307106359123281
Cc1ncnc(O)c1N,0.5435512597177876
Cc1c(N)cccc1N,0.6191585944325197
Cc1c(N)cccc1O,0.451637031557766
Cc1c(N)ccnc1O,0.5294445439376432
Cc1c(N)cncc1O,0.45291740951506654
Cc1c(N)ncnc1O,0.4780523066583555
Cc1cccc(N)c1O,1.1959163869469194
Cc1cncc(N)c1O,1.7090816297968559
Cc1ncnc(N)c1O,0.4676697701561352
Cc1cccc(O)c1O,0.4733681636444089
Cc1nccc(O)c1O,0.6880564417078858
Cc1cncc(O)c1O,0.6570134872490598
Cc1ccnc(O)c1O,0.47109867854669574
Cc1ncnc(O)c1O,0.5286930467336788
Cc1c(O)cccc1O,0.48817647092619154
Cc1c(O)ccnc1N,0.39526246875175275
Cc1c(O)ccnc1O,0.45817078778236464
Cc1c(O)cncc1O,0.5004326210892032
Cc1c(O)ncnc1O,0.5501284181264054
Cc1cccc(C)c1C,0.33849448353976186
Cc1cccc(C)c1N,0.4465416426737647
Cc1cccc(C)c1O,0.39097591149220534
Cc1cncc(C)c1C,0.7368671607782744
Cc1cncc(C)c1O,0.9623132749584329
Cc1ccnc(C)c1C,0.733042326539362
Cc1ccnc(C)c1N,0.4464153545704903
Cc1ccnc(C)c1O,0.4870164489857416
Cc1ncnc(C)c1C,0.9487504606222501
Cc1ncnc(C)c1O,0.9403829282164224
Nc1cccc(O)c1N,1.2390058549535752
Nc1ccnc(O)c1N,0.9813608188778744
Nc1ncnc(O)c1N,0.9786183996602631
Nc1cccc(O)c1O,1.0913589536794461
Nc1cncc(O)c1O,0.5379056563451741
Nc1ccnc(O)c1O,0.5949652389099356
Nc1ncnc(O)c1O,0.5370208777039807
Nc1c(O)cccc1O,1.4405831911717542
Nc1c(O)ccnc1O,1.8773718058509985
Nc1c(O)ncnc1O,0.6055150438769488
Nc1cccc(N)c1O,0.5523121601054299
Nc1cncc(N)c1O,0.7285239553639258
Nc1nccc(O)c1N,1.5597662888048944
Nc1nccc(O)c1O,0.5060116381719126
Oc1cccc(O)c1O,0.5473586242442252
Oc1cncc(O)c1O,0.5058493493870628
Oc1ccnc(O)c1O,0.7804328282691131
Oc1ncnc(O)c1O,0.5957646825972915
C#CCn1cccc1C,0.48274904854770284
Cc1cccn1CC#N,0.4380491555257322
C#CCn1cncc1C,0.5180144229998405
Cc1cncn1CC#N,0.5386943787452765
C#CCn1ccnc1C,0.5689936728813336
Cc1nccn1CC#N,0.6252170219431719
C#CCn1cccc1N,1.1425068598091457
N#CCn1cccc1N,1.3256321735789243
C#CCn1cccc1O,0.651401190629258
N#CCn1cccc1O,0.587784830995588
C#CCn1cncc1O,0.6914784111922927
N#CCn1cncc1O,0.6457800230928115
C#CCn1ccnc1O,0.790342076907109
N#CCn1ccnc1O,0.7220994529070595
Cc1cccn1CC=O,0.7841038636870508
Cc1cncn1CC=O,0.8528800760086597
Cc1nccn1CC=O,0.8715011900894751
Nc1cccn1CC=O,1.1807776516452577
O=CCn1cccc1O,1.1029159613735828
O=CCn1cncc1O,0.8649685495347512
O=CCn1ccnc1O,1.0257905571288575
C#Cc1ccccc1C,0.24995207425490662
Cc1ccccc1C#N,0.2662319467817724
C#Cc1ncccc1C,0.24481360972640687
Cc1cccnc1C#N,0.4856502734855894
C#Cc1cnccc1C,0.4224080705898814
Cc1ccncc1C#N,0.8132043052155495
C#Cc1ccncc1C,0.6293851824048033
Cc1cnccc1C#N,0.8817023898263869
C#Cc1ncncc1C,0.9585117608821747
Cc1cncnc1C#N,0.9485422934212693
C#Cc1cccnc1C,0.40431502091632865
Cc1ncccc1C#N,0.7307580112264986
C#Cc1nccnc1C,0.6954110842088994
Cc1nccnc1C#N,0.7088024939403113
C#Cc1cncnc1C,0.7920224352183141
Cc1ncncc1C#N,0.8832518885210447
C#Cc1ccccc1N,0.28635159260920773
N#Cc1ccccc1N,0.24258866968375514
C#Cc1ncccc1N,0.2852329319975979
N#Cc1ncccc1N,0.22344479741695977
N#Cc1cnccc1N,0.2287459044782736
C#Cc1ccncc1N,0.2908514600239869
N#Cc1ccncc1N,0.23487995246432547
C#Cc1ncncc1N,0.2916630944237113
N#Cc1ncncc1N,0.21626972293961444
C#Cc1cccnc1N,0.20698113909747917
N#Cc1cccnc1N,0.17705624660629837
C#Cc1nccnc1N,0.2286124053534877
N#Cc1nccnc1N,0.1860465390873287
C#Cc1cncnc1N,0.28779243618373584
N#Cc1cncnc1N,0.2576359746817616
C#Cc1ccccc1O,0.2906162446925009
N#Cc1ccccc1O,0.37248277261642215
C#Cc1ncccc1O,0.30531227773826686
N#Cc1ncccc1O,0.3262912867576233
C#Cc1cnccc1O,0.5973272699757217
N#Cc1cnccc1O,0.7564304151310353
C#Cc1ccncc1O,0.3658455314416642
C#Cc1ncncc1O,0.7492036117837415
C#Cc1cccnc1O,0.3005048670911492
N#Cc1cccnc1O,0.307550932324375
C#Cc1nccnc1O,0.31690128603804624
N#Cc1nccnc1O,0.395607618138456
C#Cc1cncnc1O,0.3767219276251126
N#Cc1cncnc1O,0.8518721929995081
Cc1ccccc1C=O,0.35240742694440996
Cc1cccnc1C=O,0.5538731964334147
Cc1ccncc1C=O,0.5539694703602436
Cc1cnccc1C=O,0.6028970351817406
Cc1cncnc1C=O,0.7031111482065171
Cc1ncccc1C=O,0.6812488299656252
Cc1nccnc1C=O,0.5885197836742009
Cc1ncncc1C=O,0.856079973260421
Nc1ccccc1C=O,0.25116202911158325
Nc1cccnc1C=O,0.24564785679831402
Nc1cnccc1C=O,0.260432762270284
Nc1cncnc1C=O,0.2597119323127117
Nc1ncccc1C=O,0.22043812830816023
Nc1nccnc1C=O,0.27623755098102265
Nc1ncncc1C=O,0.4660828285796015
O=Cc1ccccc1O,0.4083341989735345
O=Cc1ncccc1O,0.4150364481793076
O=Cc1cnccc1O,0.8500048379555665
O=Cc1ccncc1O,0.5557851781723002
O=Cc1cccnc1O,0.3705574845043884
O=Cc1nccnc1O,0.7361435008315311
O=Cc1cncnc1O,0.8334141840423399
Cc1cccccc1=O,0.35682674862619024
Cc1ccccnc1=O,0.10526288878463674
Cc1ccnccc1=O,0.7951148746578838
Cc1ccncnc1=N,0.5022381246253644
Cc1ccncnc1=O,0.6778321667061391
Cc1cnccnc1=N,0.7727417712449096
Cc1cnccnc1=O,0.7714375833147642
Cc1ncnccc1=N,0.6674814403322671
Cc1ncnccc1=O,0.7154839264276234
Nc1cccccc1=O,0.19516633061357425
N=c1ncnccc1N,0.427836390941593
Nc1ccncnc1=O,0.8969431950845319
Nc1cncccc1=O,0.6014805185932346
N=c1nccncc1N,0.7202356625566608
Nc1cnccnc1=O,0.9031211894762237
N=c1cncncc1N,0.6907217438183579
Nc1cncncc1=O,0.8299271521045739
N=c1ncccnc1N,0.48744764081493486
N=c1cnccnc1N,0.9025507841324725
N=c1ccncnc1N,0.8353624113642582
Nc1ncnccc1=O,0.8077984070550883
N=c1ncncnc1N,0.7519725621114048
Nc1ncncnc1=O,0.6760419831898616
O=c1cccccc1O,0.26513475596038916
N=c1nccccc1O,0.25882209235351183
O=c1nccccc1O,0.265843966653847
N=c1cncccc1O,0.6079039053856832
O=c1cncccc1O,0.836137691330805
Nc1ccnccc1=O,0.3445289650171617
O=c1ccnccc1O,0.607567926243064
O=c1ncnccc1O,1.024250528002085
O=c1cccncc1O,0.8431894437471783
N=c1cnccnc1O,1.1649150931389158
O=c1cnccnc1O,1.4133654791276058
N=c1ccncnc1O,1.1806880717213062
O=c1ccncnc1O,1.2235908695329272
Cc1c[nH]c(=N)c(=O)[nH]1,0.44610016493606963
Cc1c[nH]c(=N)c(=O)o1,0.5372517664236511
Cc1c[nH]c(=O)c(=N)[nH]1,0.46015330147019995
Cc1c[nH]c(=O)c(=N)o1,0.6291882262994477
Cc1c[nH]c(=O)c(=O)[nH]1,0.49941978561037104
Cc1c[nH]c(=O)c(=O)o1,0.6152498946594278
Cc1coc(=N)c(=N)o1,0.8032913830393227
Cc1coc(=N)c(=O)[nH]1,0.6090392737969523
Cc1coc(=N)c(=O)o1,0.7927041079710762
Cc1coc(=O)c(=N)[nH]1,0.556108068631147
Cc1coc(=O)c(=N)o1,0.8223781113701989
Cc1coc(=O)c(=O)[nH]1,0.6424052925995056
N=c1[nH]cc(N)oc1=O,0.8531408156304678
N=c1[nH]c(N)c[nH]c1=O,1.0324915546134434
N=c1oc(N)c[nH]c1=O,0.9477069306831254
Nc1c[nH]c(=O)c(=O)[nH]1,1.0155998337813799
Nc1c[nH]c(=O)c(=O)o1,0.8526817321180715
N=c1occ(N)oc1=N,1.1818138345097395
N=c1occ(N)[nH]c1=O,1.1856581521169574
N=c1occ(N)oc1=O,1.0930800202440878
N=c1[nH]c(N)coc1=O,1.2072065868705977
N=c1oc(N)coc1=O,1.1832607462329179
Nc1coc(=O)c(=O)[nH]1,1.1949501373765088
Nc1coc(=O)c(=O)o1,1.0697185171848105
N=c1[nH]cc(O)oc1=N,0.8428842951198021
N=c1[nH]cc(O)[nH]c1=O,0.581939849700575
N=c1[nH]c(O)c[nH]c1=O,0.6144048718742852
N=c1oc(O)c[nH]c1=O,0.8436171253069915
O=c1[nH]cc(O)oc1=O,0.7779915576065832
N=c1[nH]c(O)coc1=N,0.7587549488871446
N=c1occ(O)oc1=N,1.0561534715143353
N=c1occ(O)oc1=O,0.9941128967875557
N=c1oc(O)coc1=O,1.0697139456678997
O=c1occ(O)oc1=O,1.029648834182808
Cc1cc(N)c[nH]c1=O,0.6380297268533468
Cc1cc(N)coc1=O,0.7298852056010219
Cc1cc(O)c[nH]c1=O,0.49599797939663404
Cc1cc(O)coc1=O,0.5815957071390585
Cc1c[nH]c(=O)c(C)c1,0.2906711572959466
Cc1c[nH]c(=O)c(C)n1,0.3400840918384347
Cc1c[nH]c(=O)c(N)c1,0.44886941458753427
Cc1c[nH]c(=O)c(N)n1,0.4295381374140561
Cc1coc(=N)c(C)n1,0.36488679222202336
Cc1coc(=N)c(N)n1,0.4879941273411532
Cc1coc(=N)c(O)n1,0.5392603486325243
Cc1coc(=O)c(C)c1,0.3259212661541824
Cc1coc(=O)c(C)n1,0.43750179823473445
Cc1coc(=O)c(N)c1,0.4034142419750424
Cc1coc(=O)c(N)n1,0.47955924671987304
Cc1coc(=O)c(O)c1,0.4341998038125894
Cc1coc(=O)c(O)n1,0.5680409745891666
Cc1nc(N)c[nH]c1=O,0.5703871958376112
Cc1nc(N)coc1=O,0.636217801427847
Cc1nc(O)c[nH]c1=O,0.4476464798954112
Cc1nc(O)coc1=N,0.5003645109572972
Cc1nc(O)coc1=O,0.5457779957105231
Nc1cc(O)c[nH]c1=O,0.5307320240735862
Nc1cc(O)coc1=O,0.5910659270666656
Nc1c[nH]c(=O)c(N)c1,0.695973707093799
Nc1c[nH]c(=O)c(N)n1,0.643531000963776
N=c1occ(N)nc1O,0.8780957637936808
Nc1coc(=O)c(N)c1,0.7342879827447177
Nc1coc(=O)c(N)n1,0.7124061811464344
Nc1coc(=O)c(O)c1,0.7427472175659204
Nc1coc(=O)c(O)n1,0.8518884926252213
Nc1nc(O)c[nH]c1=O,0.5625058767072915
N=c1occ(O)nc1N,0.6638293712603627
Nc1nc(O)coc1=O,0.6465729088358785
N=c1occ(O)nc1O,0.8171804076282569
Cc1c[nH]c(=O)n1C=O,0.63143820082405
Cc1coc(=O)n1C=O,0.7175958575262484
Nc1c[nH]c(=O)n1C=O,0.8526592827165587
Nc1coc(=O)n1C=O,0.9275155283976346
O=Cn1c(O)c[nH]c1=O,0.8146266450421535
Cc1cc(=O)[nH]cc1N,0.6881440624147217
Cc1cc(=O)[nH]cc1O,0.476487324678601
Cc1cc(=O)occ1N,0.7852638584117813
Cc1cc(=O)occ1O,0.4534310518829443
Cc1c[nH]c(N)cc1=O,0.48745770903042285
Cc1c[nH]c(=O)cc1C,0.24774310730754223
Cc1c[nH]c(=O)cc1N,0.28165852425445337
Cc1c[nH]c(=O)cc1O,0.2607639522084355
Cc1c[nH]c(=O)nc1C,0.2429688401407475
Cc1c[nH]c(=O)nc1N,0.23579327586048748
Cc1c[nH]c(=O)nc1O,0.3101843154618109
Cc1coc(=O)cc1C,0.2817477776443411
Cc1coc(=O)cc1N,0.26296241555428423
Cc1coc(=O)nc1C,0.4053868779210461
Cc1nc(=O)[nH]cc1N,0.7090219810816052
Cc1nc(=O)[nH]cc1O,0.4864922485940042
Cc1nc(=O)occ1N,0.8905852789193887
Nc1cc(=O)[nH]cc1O,0.3184410158373794
Nc1cc(=O)occ1O,0.27516833348090586
Nc1c[nH]c(=O)cc1N,0.8137804793768737
Nc1c[nH]c(=O)cc1O,1.336029050487923
Nc1c[nH]c(=O)nc1N,1.0808074343894987
Nc1c[nH]c(=O)nc1O,0.6930685637144052
Nc1coc(=O)cc1N,0.869489723476363
Nc1coc(=O)cc1O,1.4173580716469587
Nc1coc(=O)nc1O,0.924477457330795
Nc1nc(=[NH2+])[n-]cc1O,0.5666206484092982
Nc1nc(=O)[nH]cc1O,0.4671958564340457
O=c1cc(O)c(O)c[nH]1,0.4496401502528897
O=c1nc(O)c(O)c[nH]1,0.5304421410401119
Cc1c[nH]c(=N)[nH]c1=O,0.23424935550247028
Cc1c[nH]c(=N)oc1=O,0.36092100293171825
Cc1c[nH]c(=O)[nH]c1=N,0.44463447734960937
Cc1c[nH]c(=O)[nH]c1=O,0.4871853501390433
Cc1c[nH]c(=O)oc1=N,0.46205126933818974
Cc1coc(=N)[nH]c1=O,0.28540183314908063
Cc1coc(=N)oc1=O,0.3131433374110202
Cc1coc(=O)[nH]c1=N,0.6422039554581715
Cc1coc(=O)[nH]c1=O,0.7365284060706472
Cc1coc(=O)oc1=N,0.6713005601814075
N=c1[nH]cc(N)c(=O)[nH]1,0.6187263685715152
N=c1[nH]cc(N)c(=O)o1,0.7260192277226452
N=c1[nH]c(=O)[nH]cc1N,0.7382889019536378
Nc1c[nH]c(=O)[nH]c1=O,0.7308487340287684
N=c1oc(=O)[nH]cc1N,0.7173855134133191
N=c1[nH]c(=O)c(N)co1,0.6333276243167347
N=c1occ(N)c(=O)o1,0.7076762141332438
N=c1[nH]c(=O)occ1N,0.8534312156843953
Nc1coc(=O)[nH]c1=O,0.8250638492390863
N=c1oc(=O)occ1N,0.8299197506039491
N=c1[nH]cc(O)c(=O)o1,0.5375543571863091
N=c1[nH]c(=O)[nH]cc1O,0.6491658558352356
N=c1oc(=O)[nH]cc1O,0.6441402097661921
N=c1occ(O)c(=O)o1,0.5858658559263858
N=c1[nH]c(=O)occ1O,0.8449222656399797
N=c1oc(=O)occ1O,0.8361168474020815
C#Cc1[nH]cc(N)c1C,0.6266322051706084
Cc1c(N)c[nH]c1C#N,0.671849659001964
C#Cc1[nH]cc(O)c1C,0.3936292133748793
Cc1c(O)c[nH]c1C#N,0.4588877809364931
C#Cc1occ(N)c1C,0.5813752675985597
Cc1c(N)coc1C#N,0.6356263344569015
C#Cc1[nH]cc(C)c1C,0.2583252122076374
C#Cc1[nH]cc(C)c1N,0.5456456938882184
C#Cc1[nH]cc(C)c1O,0.4975564034302806
Cc1c[nH]c(C#N)c1C,0.26800112309683755
Cc1c[nH]c(C#N)c1N,0.5623672618439741
Cc1c[nH]c(C#N)c1O,0.43723379316543287
C#Cc1occ(C)c1C,0.2552833043373539
C#Cc1occ(C)c1N,0.4877549663542595
Cc1coc(C#N)c1C,0.24083421473551425
Cc1coc(C#N)c1N,0.4899083404143312
C#Cc1[nH]cc(O)c1N,1.052995887986981
N#Cc1[nH]cc(O)c1N,1.1066403311306203
C#Cc1[nH]cc(N)c1N,0.6809914917612332
C#Cc1[nH]cc(N)c1O,0.8984710879249178
N#Cc1[nH]cc(N)c1N,0.9287778379821248
C#Cc1occ(N)c1N,0.5258883678361599
N#Cc1occ(N)c1N,0.7379347455953393
C#Cc1[nH]cc(O)c1O,0.49595895825041225
C#Cc1c(N)c[nH]c1C,0.6936964123233338
C#Cc1c(N)coc1C,0.6358062018043711
C#Cc1c(O)c[nH]c1C,0.49366998978985066
Cc1[nH]cc(N)c1C#N,0.6464527432945033
Cc1occ(N)c1C#N,0.63802153621873
Cc1[nH]cc(O)c1C#N,0.5356576682515879
C#Cc1c(C)c[nH]c1C,0.3218721011398884
Cc1c[nH]c(C)c1C#N,0.40639378131891135
C#Cc1c(C)c[nH]c1N,0.7267647928420047
Cc1c[nH]c(N)c1C#N,0.7262041836020217
C#Cc1c(C)c[nH]c1O,0.37144109305336315
Cc1c[nH]c(O)c1C#N,0.5214701074037293
C#Cc1c(C)coc1C,0.2718150183573016
Cc1coc(C)c1C#N,0.3350307445653016
C#Cc1c(C)coc1N,0.4323811571684928
Cc1coc(N)c1C#N,0.43096088541096833
C#Cc1c(O)c[nH]c1N,0.8536736420373927
N#Cc1c(O)c[nH]c1N,0.8403145594475063
C#Cc1c(N)c[nH]c1N,0.9619664112542523
N#Cc1c(N)c[nH]c1N,0.9246853796321375
C#Cc1c(N)c[nH]c1O,0.7390806176081242
N#Cc1c(N)c[nH]c1O,0.757547715173132
C#Cc1c(N)coc1N,0.6822911353920063
N#Cc1c(N)coc1N,0.7229428702194127
C#Cc1c(O)c[nH]c1O,0.5824432333738514
N#Cc1c(O)c[nH]c1O,0.6610259440894879
Cc1c(N)c[nH]c1C=O,0.7714820195287757
Cc1c(O)c[nH]c1C=O,0.6374263412908476
Cc1c(N)coc1C=O,0.6859298436665995
Cc1c[nH]c(C=O)c1C,0.37118125140477787
Cc1c[nH]c(C=O)c1N,0.739212021455387
Cc1c[nH]c(C=O)c1O,0.5631943251028133
Cc1coc(C=O)c1C,0.32661771469975065
Cc1coc(C=O)c1N,0.5103984694378596
Nc1c(O)c[nH]c1C=O,0.9652815487825137
Nc1c[nH]c(C=O)c1N,0.9105566226226074
Nc1c[nH]c(C=O)c1O,0.8058721393317683
Nc1coc(C=O)c1N,0.8071506397009216
O=Cc1[nH]cc(O)c1O,0.609193181468072
C#CCc1cc(C)c[nH]1,0.454273135837866
C#CCc1nc(C)c[nH]1,0.5116624389211211
Cc1c[nH]c(CC#N)c1,0.4744548508642765
Cc1c[nH]c(CC#N)n1,0.5159732687516225
C#CCc1cc(C)co1,0.4004297229457734
C#CCc1nc(C)co1,0.5030750656242162
Cc1coc(CC#N)c1,0.4810683364903525
Cc1coc(CC#N)n1,0.5886245747697103
C#CCc1cc(N)c[nH]1,0.7441540196814458
C#CCc1nc(N)c[nH]1,0.6799525605511008
N#CCc1cc(N)c[nH]1,0.7510629394673742
N#CCc1nc(N)c[nH]1,0.6592024266083172
C#CCc1cc(N)co1,0.7231726704867469
C#CCc1nc(N)co1,0.7372707058293599
N#CCc1cc(N)co1,0.6699922089064785
N#CCc1nc(N)co1,0.6935619607975241
C#CCc1cc(O)c[nH]1,0.5368426158329385
C#CCc1nc(O)c[nH]1,0.5563838833695627
N#CCc1cc(O)c[nH]1,0.6474931167158502
N#CCc1nc(O)c[nH]1,0.5538624479286227
C#CCc1nc(O)co1,0.6285434521996649
N#CCc1nc(O)co1,0.662606572621371
Cc1c[nH]c(CC=O)c1,0.4734271579582128
Cc1c[nH]c(CC=O)n1,0.5771051188075944
Cc1c[nH]c(NC=O)c1,0.5472611257973767
Cc1c[nH]c(NC=O)n1,0.6811446103056369
Cc1c[nH]c(OC=N)c1,0.8667910874028166
Cc1c[nH]c(OC=N)n1,0.8808897213966702
Cc1c[nH]c(OC=O)c1,0.6583045592888084
Cc1c[nH]c(OC=O)n1,0.7563996662483987
Cc1coc(CC=O)c1,0.5747423802440608
Cc1coc(CC=O)n1,0.4772764824647311
Cc1coc(NC=N)c1,0.5211711085539719
Cc1coc(NC=N)n1,0.5628665638014354
Cc1coc(NC=O)c1,0.9372701346510439
Cc1coc(NC=O)n1,0.6862960002508771
Cc1coc(OC=N)c1,0.9465399154105398
Cc1coc(OC=N)n1,0.9603430336119345
Cc1coc(OC=O)c1,0.7594819830464985
Cc1coc(OC=O)n1,1.1287200412389211
Nc1c[nH]c(CC=O)c1,0.7996306063214433
Nc1c[nH]c(CC=O)n1,0.7349670976345806
Nc1c[nH]c(NC=O)c1,0.7782395350859588
Nc1c[nH]c(NC=O)n1,0.8629383342649817
Nc1c[nH]c(OC=O)c1,0.8370041839098121
Nc1c[nH]c(OC=O)n1,0.8190604431820248
Nc1coc(CC=O)c1,0.9220471256521705
Nc1coc(CC=O)n1,0.7278465003746533
Nc1coc(NC=O)c1,1.0550544303205243
Nc1coc(NC=O)n1,0.8649949990140158
N=COc1cc(N)co1,1.0414946636628883
N=COc1nc(N)co1,1.1487374810494657
Nc1coc(OC=O)c1,0.8861052758202277
Nc1coc(OC=O)n1,1.1715253950260376
O=CCc1cc(O)c[nH]1,0.5891412376022345
O=CCc1nc(O)c[nH]1,0.6156983657256205
O=CNc1cc(O)c[nH]1,0.6845421439520578
O=CNc1nc(O)c[nH]1,0.6823741029475059
N=COc1cc(O)c[nH]1,0.6820284365476255
N=COc1nc(O)c[nH]1,0.7553883546079305
O=COc1cc(O)c[nH]1,0.8654237690279842
O=COc1nc(O)c[nH]1,0.7735520722835645
O=CCc1nc(O)co1,0.6068213815105992
N=CNc1cc(O)co1,0.5779672575627046
N=CNc1nc(O)co1,0.7105458466412529
O=CNc1nc(O)co1,0.8343994815877522
N=COc1nc(O)co1,1.1077824751791923
O=COc1nc(O)co1,1.2025249200960388
CC1=CCc2occc21,0.34977477851862204
Cc1c[nH]c2occc12,0.33464823392932885
Cc1coc2c1C=CC2,0.3284459941787645
Cc1coc2[nH]ccc12,0.32821714631063514
Cc1coc2occc12,0.3229230870001629
Cc1coc2ocnc12,0.4406301839298976
Nc1coc2occc12,0.8271474804842001
Oc1c[nH]c2occc12,0.7504674452102336
Oc1c[nH]c2ocnc12,0.6672784977145056
CC1=CCc2ccoc21,0.32701543650728127
CC1=CCc2ncoc21,0.36223539513775904
Cc1c[nH]c2ccoc12,0.3984341477862472
Cc1coc2c1CC=C2,0.3203459770338668
Cc1coc2cc[nH]c12,0.34522408020893636
Cc1coc2ccoc12,0.32976982873879024
Cc1coc2ncoc12,0.3525319190994196
Nc1coc2ccoc12,0.6400440778743359
Oc1coc2nccn12,0.4132705644406087
CC1=CCc2cocc21,0.35236168458686734
Cc1c[nH]cc(C)c1=O,0.15582545051074703
Cc1c[nH]cc(N)c1=O,0.3906252381930244
Cc1c[nH]cc(O)c1=O,0.3147361294395523
Cc1cocc(C)c1=O,0.2619674035413482
Cc1cocc(N)c1=O,0.49426719836264965
Cc1cocc(O)c1=O,0.43968994846363785
Nc1c[nH]cc(N)c1=O,0.5362109032030276
Nc1c[nH]cc(O)c1=O,0.4494912766858761
Nc1cocc(N)c1=O,0.5210292555329943
Nc1cocc(O)c1=O,0.4879185884965409
O=c1c(O)c[nH]cc1O,0.3621264679077285
O=c1c(O)cocc1O,0.4220472746528685
C#CCc1c[nH]cc1C,0.37738142308990064
Cc1c[nH]cc1CC#N,0.3522082939325628
C#CCc1cocc1C,0.36744430997714517
Cc1cocc1CC#N,0.3395143123543676
C#CCc1c[nH]cc1N,0.8714377875312493
N#CCc1c[nH]cc1N,0.9587583505817747
C#CCc1cocc1N,0.8367294848376332
N#CCc1cocc1N,0.9313663767370599
C#CCc1c[nH]cc1O,0.45582170934176247
N#CCc1c[nH]cc1O,0.5852119388000574
Cc1c[nH]cc1CC=O,0.7178945842642861
Cc1c[nH]cc1NC=O,0.9584572564526752
Cc1c[nH]cc1OC=N,0.7948781899103778
Cc1c[nH]cc1OC=O,0.5873954086673621
Cc1cocc1CC=O,0.5718502983381768
Cc1cocc1NC=N,0.755779164721389
Cc1cocc1NC=O,0.8438092922096985
Cc1cocc1OC=N,0.9141265676917101
Cc1cocc1OC=O,0.5513369579894061
Nc1c[nH]cc1CC=O,1.0633730638437555
Nc1c[nH]cc1NC=O,1.398961016222529
Nc1c[nH]cc1OC=O,0.9907448058747832
Nc1cocc1CC=O,1.0283001556126692
Nc1cocc1NC=O,1.3897338213027979
N=COc1cocc1N,1.0653756867523043
Nc1cocc1OC=O,0.9095204397581256
O=CCc1c[nH]cc1O,0.916907654298484
O=CNc1c[nH]cc1O,1.0918004042032408
N=COc1c[nH]cc1O,0.4402737146047002
O=COc1c[nH]cc1O,0.6983649087796948
N=COc1cocc1O,0.369697087278837
O=COc1cocc1O,0.6518670225705137
Cc1cccc(=O)n1C,0.27312554654781707
Cn1c(N)cccc1=O,0.43542763655750605
Cn1c(O)cccc1=O,0.3358817266453116
Cc1cncc(=O)n1C,0.3099502974309871
Cc1ccnc(=O)n1C,0.2060457744719315
Cn1c(N)ccnc1=O,0.2963527069259726
Cc1c(O)oc(=O)n1C,0.7580892220157693
C#Cc1c[nH]c(=O)n1C,0.37710041097125213
C#Cc1coc(=O)n1C,0.4123447510137339
Cn1c(C#N)coc1=O,0.38575407123607874
O=CC1CCOCC1=O,0.9791474981029751
Cn1c(C=O)c[nH]c1=O,0.41368806893478904
Cn1c(C=O)coc1=O,0.43398608548341144
Cn1c(=O)cc[nH]c1=N,0.3193993196782685
Cn1c(=O)nc[nH]c1=N,0.6001879771411041
Cn1c(=O)ccoc1=N,0.5214294807865372
Cn1c(=O)ncoc1=N,0.6936218803020893
Cn1c(=O)cc[nH]c1=O,0.4625439861392806
Cn1c(=O)nc[nH]c1=O,0.9935905195598025
Cn1c(=O)ccoc1=O,0.7382454997732566
Cn1c(=O)ncoc1=O,0.9924817638966488
C#Cc1ccc(C)n1C,0.30862295259794337
Cc1ccc(C#N)n1C,0.30513075049748295
C#Cc1ncc(C)n1C,0.39134451710197027
Cc1cnc(C#N)n1C,0.37718629014489125
C#Cc1cnc(C)n1C,0.3820581918098469
Cc1ncc(C#N)n1C,0.43806961849440995
C#Cc1ccc(N)n1C,0.7395866135739197
Cn1c(N)ccc1C#N,0.6800376505943859
C#Cc1ncc(N)n1C,0.8130772824042651
Cn1c(N)cnc1C#N,0.7242746505107789
Cn1c(C#N)cnc1N,0.6707784822810936
C#Cc1ccc(O)n1C,0.4152217578084674
Cn1c(O)ccc1C#N,0.4283327540706523
C#Cc1ncc(O)n1C,0.4872454329088214
Cn1c(O)cnc1C#N,0.4725895910978579
C#Cc1cnc(O)n1C,0.49954250901828345
Cn1c(C#N)cnc1O,0.5387921493002068
Cc1ccc(C=O)n1C,0.35389989054965554
Cc1cnc(C=O)n1C,0.4392118713949458
Cc1ncc(C=O)n1C,0.4932254371633462
Cn1c(N)ccc1C=O,0.5773997638389119
Cn1c(N)cnc1C=O,0.6162227565946523
Cn1c(O)ccc1C=O,0.4644440492866124
Cn1c(O)cnc1C=O,0.5165459326417476
Cn1c(C=O)cnc1O,0.5878786558987485
C#Cc1cn(C)cc1C,0.3895770006802195
Cc1cn(C)cc1C#N,0.42896286122595484
C#Cc1cn(C)cc1N,0.7184043081906566
Cn1cc(N)c(C#N)c1,0.6976804876721872
C#Cc1cn(C)cc1O,0.6543744441387389
Cn1cc(O)c(C#N)c1,0.5806853769972804
Cc1cn(C)cc1C=O,0.5665675589680177
Cn1cc(N)c(C=O)c1,0.6935979614809185
Cn1cc(O)c(C=O)c1,0.5573068668145424
C#Cc1cc(C)cn1C,0.36339432862041576
Cc1cc(C#N)n(C)c1,0.37858008521288866
C#Cc1nc(C)cn1C,0.4606011194646271
Cc1cn(C)c(C#N)n1,0.4578013114078203
C#Cc1cc(N)cn1C,0.6433708346703497
Cn1cc(N)cc1C#N,0.6637247434318851
C#Cc1nc(N)cn1C,0.6046740755937208
Cn1cc(N)nc1C#N,0.5838036944805935
C#Cc1cc(O)cn1C,0.46097516735426325
Cn1cc(O)cc1C#N,0.5042363664979348
Cc1cc(C=O)n(C)c1,0.43435354821667715
Cc1cn(C)c(C=O)n1,0.47261508817791764
Cn1cc(N)cc1C=O,0.7017861435542727
Cn1cc(N)nc1C=O,0.6598843714800751
Cn1cc(O)cc1C=O,0.5008051179320319
Cc1ccc(=O)n(C)c1,0.2658311772993329
Cc1cnc(=O)n(C)c1,0.2358878626837395
Cc1cn(C)c(=O)cn1,0.3070214257131738
Cn1cc(N)ccc1=O,0.6478666475904902
Cn1cc(N)cnc1=O,0.6240149856021162
Cn1cc(N)ncc1=O,0.5626633490737731
Cn1cc(O)cnc1=O,0.416266811587775
Cc1cc(C=O)cn1C,0.5497913233139116
Cn1cc(C=O)cc1N,1.1852913424572762
Cn1cc(C=O)cc1O,0.6831330832883395
Cc1nc(C=O)cn1C,0.5297626451956603
Cn1cc(C=O)nc1N,0.949547809033902
Cn1cc(C=O)nc1O,0.6886453235947556
C#Cc1cc(C)n(C)c1,0.3470119507583149
Cc1cc(C#N)cn1C,0.3627736910311796
C#Cc1cc(N)n(C)c1,1.0008015402963792
Cn1cc(C#N)cc1N,1.0422102146112593
C#Cc1cc(O)n(C)c1,0.468207059229826
Cn1cc(C#N)cc1O,0.5037673236165574
C#Cc1cn(C)c(C)n1,0.3938857896573609
Cc1nc(C#N)cn1C,0.4318328746903717
C#Cc1cn(C)c(N)n1,0.7894211071052268
Cn1cc(C#N)nc1N,0.8283970007178141
C#Cc1cn(C)c(O)n1,0.5259376204685395
Cn1cc(C#N)nc1O,0.5774102674367896
C#Cc1cn(C)c(=O)[nH]1,0.41327815642034693
C#Cc1cn(C)c(=O)o1,0.4368909023269225
Cn1cc(C#N)oc1=O,0.4161511631409667
Cn1cc(C=O)[nH]c1=O,0.45041613771718403
Cn1cc(C=O)oc1=O,0.5189738152948848
Cc1cn(C)ccc1=O,0.16585617083183024
Cn1ccc(=O)c(N)c1,0.4334874638097972
Cn1ccc(=O)c(O)c1,0.3815896115229407
Cc1cn(C)cnc1=O,0.29538610361123574
Cn1cnc(=O)c(N)c1,0.49927651759389846
Cn1cnc(=O)c(O)c1,0.512708581154584
Cc1cc(=O)ccn1C,0.17940703936619684
Cn1ccc(=O)cc1N,0.4589085432362481
Cn1ccc(=O)cc1O,0.24743999953352613
Cc1nc(=O)ccn1C,0.3945111348202772
Cn1ccc(=O)nc1N,0.7415809370049828
Cn1ccc(=O)nc1O,0.4380311143668223
Cc1cc(=O)ncn1C,0.31596287373031373
Cn1cnc(=O)cc1N,0.5545490187396354
Cn1cnc(=O)cc1O,0.3873979662730562
Cc1nc(=O)ncn1C,0.8548736919456132
Cn1cnc(=O)nc1N,0.934891314151173
Cn1cnc(=O)nc1O,0.9799037573011447
Cn1ccc(=N)[nH]c1=O,0.4556966457512317
Cn1ccc(=N)oc1=O,0.5264922432088497
Cn1ccc(=O)[nH]c1=N,0.18396171053973376
Cn1ccc(=O)[nH]c1=O,0.43793807859583467
Cn1ccc(=O)oc1=N,0.16933166513808828
Cn1cnc(=O)[nH]c1=N,0.4592677337004716
Cn1cnc(=O)oc1=N,0.5589301084000908
CC(=O)c1ccn(C)c1,0.5784392937021039
Cn1ccc(C(N)=O)c1,0.7435273411647358
CC(=O)c1cn(C)cn1,0.6380136449170095
Cn1cnc(C(N)=O)c1,0.8423229239597276
C#Cc1ccn(C)c1C,0.32347379129350884
C#Cc1ccn(C)c1N,0.795062955307003
C#Cc1ccn(C)c1O,0.3898283251637622
Cc1c(C#N)ccn1C,0.3482941518741427
Cn1ccc(C#N)c1N,0.7986240838818048
Cn1ccc(C#N)c1O,0.48278757988919097
C#Cc1ncn(C)c1C,0.35775582742280676
C#Cc1ncn(C)c1N,0.7517355236177536
C#Cc1ncn(C)c1O,0.41778232323849807
Cc1c(C#N)ncn1C,0.3900059883872018
Cn1cnc(C#N)c1N,0.7263351520650758
Cn1cnc(C#N)c1O,0.47205031559133204
C#Cc1c(C)ccn1C,0.32321427618080634
Cc1ccn(C)c1C#N,0.3328925816767878
C#Cc1c(N)ccn1C,0.5121255769299751
Cn1ccc(N)c1C#N,0.56480932163322
C#Cc1c(O)ccn1C,0.36685730568024155
Cn1ccc(O)c1C#N,0.6124119090109161
C#Cc1c(C)ncn1C,0.361856938998244
Cc1ncn(C)c1C#N,0.4082319929566438
C#Cc1c(N)ncn1C,0.430707601708491
Cn1cnc(N)c1C#N,0.42332623761467403
Cc1ccn(C)c1C=O,0.3644668114884553
Cn1ccc(N)c1C=O,0.4681172344025981
Cn1ccc(O)c1C=O,0.5996779266788508
Cc1ncn(C)c1C=O,0.4982619133716071
Cn1cnc(N)c1C=O,0.40313902588604833
Cc1ccn(C)c(=O)c1,0.27298968003015034
Cc1ccn(C)c(=O)n1,0.2042593733403919
Cn1ccc(N)cc1=O,0.34114590783974563
Cn1ccc(N)nc1=O,0.2168229578910541
Cn1ccc([O-])cc1=[NH2+],0.4586525383947446
Cn1ccc(O)nc1=O,0.2613151463065151
Cc1cc(=O)n(C)cn1,0.3841553199090413
Cn1cnc(N)cc1=O,0.368880554828138
Cc1c(C=O)ccn1C,0.49315743587794714
Cn1ccc(C=O)c1N,0.678583582277497
Cn1ccc(C=O)c1O,0.5925431794948963
Cc1c(C=O)ncn1C,0.5232524812527117
Cn1cnc(C=O)c1N,0.634290064286688
Cn1cnc(C=O)c1O,0.5609130846805783
Cn1ccn(C=O)c1=O,0.6221590049208316
C#CCc1ccn(C)c1,0.4796908954704122
Cn1ccc(CC#N)c1,0.4414138994343375
C#CCc1cn(C)cn1,0.5025453141079197
Cn1cnc(CC#N)c1,0.5587387850537198
Cn1ccc(CC=O)c1,0.7462422768639954
Cn1ccc(NC=O)c1,0.9430553052879986
Cn1ccc(OC=N)c1,0.8998131541247858
Cn1ccc(OC=O)c1,0.7798774164057249
Cn1cnc(CC=O)c1,0.6143009515417361
Cn1cnc(NC=O)c1,0.7025773149798624
CC1C=Cc2occc21,0.32786473148189543
OC1C=Cc2occc21,0.5342065931909019
OC1C=Cc2ocnc21,0.5776847760298551
CC1C=Cc2ccoc21,0.34242514291508996
OC1C=Cc2ccoc21,0.5712827773986646
OC1C=Cc2ncoc21,0.6515909629233647
CC1C=Cc2cocc21,0.35476619264773035
OC1C=Cc2cocc21,0.5862788161193748
Cc1cccn(C)c1=O,0.2953434361370455
Cn1cccc(N)c1=O,0.4440779498181655
Cc1nccn(C)c1=O,0.3408181737486302
CC(=O)c1cccn1C,0.37698723876201257
Cn1cccc1C(N)=O,0.6277554100870475
CC(=O)c1nccn1C,0.5012018873421766
Cn1ccnc1C(N)=O,0.5361330513896974
CC(=O)c1cncn1C,0.4966205762048048
Cn1cncc1C(N)=O,0.7684726020652306
C#CCc1cccn1C,0.43934422763959446
Cn1cccc1CC#N,0.4013746387754509
C#CCc1nccn1C,0.5574361209601193
Cn1ccnc1CC#N,0.5307276702496893
C#CCc1cncn1C,0.6329325964343298
Cn1cncc1CC#N,0.5326289034837828
Cn1cccc1CC=O,0.5323123260677676
Cn1cccc1NC=O,1.3530238480980188
Cn1cccc1OC=N,0.868711776793134
Cn1cccc1OC=O,0.7016281541709759
Cn1ccnc1CC=O,0.5863973217619787
Cn1ccnc1NC=O,0.7883886794170394
Cn1ccnc1OC=O,0.9826337953309121
Cn1cncc1CC=O,0.5864237712412432
Cn1cncc1NC=O,1.4561170359866082
Cn1cncc1OC=O,0.8151972408686561
Cn1cc[nH]c(=N)c1=O,0.48223399118978705
Cn1cc[nH]c(=O)c1=O,0.5132951500745548
Cn1ccoc(=N)c1=O,0.5963825990475016
Cn1ccoc(=O)c1=O,0.6039133265112469
CN=C(N)c1ccco1,0.555833532829638
CN=C(N)c1ncco1,1.2313935477177438
CN=C(N)c1cocn1,0.8676917847114964
CN=c1ccncnc1,0.9480927883196273
CN=c1cncccn1,0.905077172050369
CN=c1cnccnc1,1.4312999679805216
CN=c1cncncn1,0.8618280275532015
CN=c1cc(O)[nH]cn1,0.569512893585852
CN=c1ccoc(N)n1,1.16154240349897
CN=c1ncoc(O)n1,1.7449489476111921
CN=c1cc[nH]cc1O,0.2366647481230757
CN=c1ccocc1C,0.7759478726984526
CN=c1ccocc1N,0.5704134004117805
CN=c1ncocc1C,0.8417680018974352
CN=c1cc[nH]c(=O)[nH]1,0.6905671830718347
CN=c1nc[nH]c(=O)[nH]1,0.972590802668492
CN=c1ccoc(=O)[nH]1,1.0321602830426855
CN=c1ncoc(=O)[nH]1,1.305364089572322
CN=c1cc[nH]c(=O)o1,0.5181540174799011
CN=c1nc[nH]c(=O)o1,1.616460830453434
CN=c1ccoc(=O)o1,1.2000249000248004
CN=c1ncoc(=O)o1,1.7916053674307477
CN=c1ccnc(O)[nH]1,0.5326511896219017
CN=c1cncc(C)o1,0.3822504675572418
CN=c1cccc(N)o1,0.4739612360863248
CN=c1ccnc(N)o1,0.5226336124051159
CN=c1cncc(O)o1,0.4993110488576349
CN=c1cnc(C)co1,0.3955106911344046
CN=c1cnc(O)co1,0.5245358252504957
C#Cc1coc(=NC)[nH]1,0.2357281861914089
CN=c1[nH]cc(C#N)[nH]1,0.2942504086659028
C#Cc1c[nH]c(=NC)o1,0.22984059184636862
CN=c1[nH]cc(C#N)o1,0.2047868663103145
C#Cc1coc(=NC)o1,0.28761577978002606
CN=c1occ(C#N)o1,0.24782076863994007
CN=c1[nH]cc(C=O)o1,0.29484641993440164
CN=c1occ(C=O)o1,0.3326676522538037
CN=c1[nH]c(=O)cco1,0.639041092916159
CN=c1[nH]c(=O)nco1,0.9251407351821399
CN=c1[nH]ccc(=O)[nH]1,0.3602935080707539
CN=c1[nH]ccc(=O)o1,0.3451398881388741
CN=c1[nH]cnc(=O)[nH]1,0.8463167682039057
CN=c1occc(=O)o1,1.5065408467871748
CN=c1cc(C)cco1,0.3858005483070883
CN=c1[nH]ccn1C=O,0.5101823020850134
CN=c1occn1C=O,0.4562443295799312
CN=c1occnc1C,0.2779037049422186
CN=c1occnc1O,0.5283614758373005
CN=c1ocncc1C,0.4333723595900665
CN=c1[nH]cc[nH]c1=O,0.3899689536738151
CN=c1[nH]ccoc1=O,0.4665198436487117
CN=c1occ[nH]c1=O,0.6318406846276048
CN=c1occoc1=O,0.6705472942321649
Cc1ncoc1N=CN,0.5222989121957653
NC=Nc1ocnc1O,0.9228027317803935
Cc1coc(N=CN)c1,0.5015923164937703
Cc1coc(N=CN)n1,0.8443527582676325
NC=Nc1nc(O)co1,0.9710435625220271
Cc1cnc(N=CN)o1,0.8405367133054824
Cc1ncc(N=CN)o1,0.5453212523752882
NC=Nc1cnccn1,0.6055674530325632
NC=Nc1ncccn1,0.6138565077635576
NC=Nc1ncncn1,1.2935571723919566
NC=Nc1coc(=O)o1,0.7317154987213144
CN=CNc1ccco1,0.38047772654681467
CN=COc1ccc[nH]1,0.5876158209994173
CN=CNc1ccoc1,0.38776842225706787
CN=COc1cc[nH]c1,0.6649665356217156
CN=COc1ccoc1,0.6474660413714446
CN=COc1cocn1,1.7199157938885037
CCC#Cc1ccc[nH]1,0.3225942100343673
CCC#Cc1ccco1,0.32395295681999414
CCC#Cc1cnc[nH]1,0.37306528703811637
CCC#Cc1cnco1,0.37162286519924237
CCC#Cc1ncc[nH]1,0.4138475821564498
CCC#Cc1ncco1,0.4220744044159801
OCC#Cc1ccc[nH]1,0.5483953241218842
OCC#Cc1ccco1,0.5582650345968432
OCC#Cc1cnc[nH]1,0.601885696325553
OCC#Cc1cnco1,0.6166012943649548
OCC#Cc1ncc[nH]1,0.6260815280857059
OCC#Cc1ncco1,0.643325935860048
CCC#Cc1cc[nH]c1,0.3642839508866018
CCC#Cc1c[nH]cn1,0.3783233184549317
CCC#Cc1ccoc1,0.35825020412084996
CCC#Cc1cocn1,0.4051369412227359
OCC#Cc1cc[nH]c1,0.6041321877910377
OCC#Cc1c[nH]cn1,0.6312337071631191
OCC#Cc1ccoc1,0.5885749139670224
OCC#Cc1cocn1,0.6576269138149655
CCC(=O)c1ccc[nH]1,0.3604077415220672
CCC(=O)c1ccco1,0.5712659335422359
CCC(=O)c1cnc[nH]1,0.47168783254528535
CCC(=O)c1cnco1,0.6387353456393612
CCC(=O)c1ncco1,0.4073320031438925
CNC(=N)c1cnco1,0.4609055605960748
CNC(=N)c1ncco1,0.4750114872422273
CNC(=O)c1ccc[nH]1,0.2905211680645152
CNC(=O)c1ccco1,0.2301705028512515
CNC(=O)c1cnc[nH]1,0.29534953149050125
CNC(=O)c1cnco1,1.018899460810644
CNC(=O)c1ncc[nH]1,0.2869811011132697
CNC(=O)c1ncco1,0.33397135037739645
COC(=O)c1ccc[nH]1,0.40034819759239326
COC(=O)c1ccco1,0.5407950987482764
COC(=O)c1cnc[nH]1,0.5192396706625004
COC(=O)c1cnco1,0.8803973855556251
O=C(CO)c1ccc[nH]1,0.7730984038389579
O=C(CO)c1ccco1,1.0236480132061843
O=C(CO)c1cnc[nH]1,0.8329192359051376
O=C(CO)c1cnco1,1.396975182746246
O=C(CO)c1ncc[nH]1,1.0581081479413115
O=C(CO)c1ncco1,1.258087358695775
CCC(=O)c1cc[nH]c1,0.5870527899405715
CCC(=O)c1c[nH]cn1,0.5764801273962803
CCC(=O)c1ccoc1,0.7337399451716919
CCC(=O)c1cocn1,0.549612870960118
CNC(=N)c1cocn1,0.4818726510202396
CNC(=O)c1cc[nH]c1,0.786731042626343
CNC(=O)c1c[nH]cn1,0.332524601924888
CNC(=O)c1ccoc1,0.8427249995947932
CNC(=O)c1cocn1,0.46747297732144943
COC(=O)c1cc[nH]c1,0.4670537585061538
COC(=O)c1ccoc1,0.5182716251438251
COC(=O)c1cocn1,0.9051635954547237
O=C(CO)c1cc[nH]c1,0.7353343698850949
O=C(CO)c1c[nH]cn1,1.436040329745083
O=C(CO)c1ccoc1,0.7018496005348425
O=C(CO)c1cocn1,1.5552605437278544
CCC(=O)n1cccc1,0.6445067473086965
CCC(=O)n1ccnc1,0.7973250116938289
CNC(=O)n1cccc1,0.588293847427849
CNC(=O)n1ccnc1,0.7083279543530807
COC(=O)n1cccc1,0.6390548074632534
COC(=O)n1ccnc1,0.7747600134971435
O=C(CO)n1cccc1,1.110514336371125
O=C(CO)n1ccnc1,1.1668857970744284
Cc1cc(O)c(CO)o1,0.7954906368668162
CCc1oc(O)nc1O,0.733482498128069
COc1oc(O)nc1O,1.4357936039905326
Cc1oc(=O)[nH]c1CO,0.9196896933153766
Cc1[nH]c(=O)oc1CO,0.9754893881017779
Cc1oc(=O)oc1CO,1.05290203586992
CCc1oc(=O)oc1C,0.6526622757010045
CCc1oc(=O)oc1N,0.9883331956407346
CCc1[nH]c(=O)oc1O,0.9091669908975746
CNc1oc(=O)oc1C,1.0738182137702097
CNc1oc(=O)oc1O,2.2375649582791084
COc1oc(=O)[nH]c1C,1.035198462948756
COc1[nH]c(=O)oc1C,1.1651110696329852
COc1oc(=O)oc1C,1.1757040046704788
COc1oc(=O)oc1N,2.1277297381220706
COc1[nH]c(=O)oc1O,1.2166064925404498
Nc1oc(=O)oc1CO,1.232393267306179
O=c1[nH]c(CO)c(O)o1,1.0991344204612687
Cc1occ(O)c1CO,0.5686675170509261
CCc1[nH]ccc1C=O,0.4751355440093903
CCc1occc1C=O,0.49327488027483923
CCc1[nH]cnc1C=O,0.5055721468652337
CCc1ocnc1C=O,0.5615857776738267
CNc1[nH]ccc1C=O,0.42272124658120447
CNc1occc1C=O,0.40651394685664854
CNc1[nH]cnc1C=O,0.4325780044327985
CNc1ocnc1C=O,0.38355661470814084
COc1[nH]ccc1C=O,0.7518917170473287
COc1occc1C=O,0.6435755460224755
COc1[nH]cnc1C=O,0.709635244385936
COc1ocnc1C=O,0.7530410721174121
O=Cc1cc[nH]c1CO,0.8133032458608795
O=Cc1ccoc1CO,0.625422549639552
O=Cc1nc[nH]c1CO,0.852472503671379
O=Cc1ncoc1CO,0.6779983467204147
C#Cc1cc[nH]c1CC,0.37703368862094067
CCc1[nH]ccc1C#N,0.40777007945871446
C#Cc1ccoc1CC,0.3336477796328836
CCc1occc1C#N,0.3817684176228795
C#Cc1nc[nH]c1CC,0.41920137048873585
CCc1[nH]cnc1C#N,0.4662485732096684
C#Cc1ncoc1CC,0.3839503636518202
CCc1ocnc1C#N,0.47593389924441
C#Cc1cc[nH]c1NC,0.4913851302480907
CNc1[nH]ccc1C#N,0.44297240510059055
C#Cc1ccoc1NC,0.395591835527739
CNc1occc1C#N,0.36892001135856844
C#Cc1nc[nH]c1NC,0.5050431572708476
CNc1[nH]cnc1C#N,0.42856424144338234
C#Cc1ncoc1NC,0.4064986812645657
CNc1ocnc1C#N,0.34730158888487495
C#Cc1cc[nH]c1OC,0.4257951822692121
COc1[nH]ccc1C#N,0.5027282019218546
C#Cc1ccoc1OC,0.42197826654410164
COc1occc1C#N,0.4639906801676261
C#Cc1nc[nH]c1OC,0.4449537759064697
COc1[nH]cnc1C#N,0.5080361118343717
C#Cc1ncoc1OC,0.6274933643144323
COc1ocnc1C#N,0.6452647480400628
N#Cc1ccoc1CN,0.8949900424959196
N#Cc1ncoc1CN,1.1258987361798063
C#Cc1cc[nH]c1CO,0.5767580918363819
N#Cc1cc[nH]c1CO,0.5962947878651903
C#Cc1ccoc1CO,0.7098744053691917
N#Cc1ccoc1CO,0.6808283594273234
C#Cc1nc[nH]c1CO,0.6246556779897219
N#Cc1nc[nH]c1CO,0.6566996037618082
C#Cc1ncoc1CO,0.7308232641589711
N#Cc1ncoc1CO,0.7473860808113386
C#Cc1[nH]ccc1CC,0.3255362520703784
CCc1cc[nH]c1C#N,0.33900219382485375
C#Cc1[nH]cnc1CC,0.38365822207379097
CCc1nc[nH]c1C#N,0.434826917711689
C#Cc1occc1CC,0.3261830670235213
CCc1ccoc1C#N,0.3355503190159652
C#Cc1ocnc1CC,0.35778399121772964
CCc1ncoc1C#N,0.44055241375281184
C#Cc1[nH]ccc1NC,0.39569371500692796
CNc1cc[nH]c1C#N,0.44300320840375207
C#Cc1[nH]cnc1NC,0.44123103883430304
CNc1nc[nH]c1C#N,0.33588706007867586
C#Cc1occc1NC,0.3772736659466318
CNc1ccoc1C#N,0.39257357436326856
C#Cc1ocnc1NC,0.3587806903433375
CNc1ncoc1C#N,0.38214869692637876
C#Cc1[nH]ccc1OC,0.3869450325364596
COc1cc[nH]c1C#N,0.4376497466091678
C#Cc1[nH]cnc1OC,0.39505873700909433
COc1nc[nH]c1C#N,0.4807639769933303
C#Cc1occc1OC,0.5501980520966754
COc1ccoc1C#N,0.5937579235578596
C#Cc1ocnc1OC,0.4122706815851416
COc1ncoc1C#N,0.49833064936319715
N#Cc1ocnc1CN,0.9309826960106875
C#Cc1[nH]ccc1CO,0.538667874843668
N#Cc1[nH]ccc1CO,0.5432246412965469
C#Cc1[nH]cnc1CO,0.6881346744812618
N#Cc1[nH]cnc1CO,0.6830537620608084
C#Cc1occc1CO,0.5946426205628086
N#Cc1occc1CO,0.5432914180710213
C#Cc1ocnc1CO,0.7136893074512045
N#Cc1ocnc1CO,0.7157062707738078
CCc1cc[nH]c1C=O,0.40201530395279406
CCc1nc[nH]c1C=O,0.5245611046411796
CCc1ccoc1C=O,0.383207247557948
CCc1ncoc1C=O,0.5473928833944228
CNc1cc[nH]c1C=O,0.6340236919004383
CNc1nc[nH]c1C=O,0.4578929594008514
CNc1ccoc1C=O,0.42296887031625374
CNc1ncoc1C=O,0.36444664784175984
COc1cc[nH]c1C=O,0.5294473739268142
COc1nc[nH]c1C=O,0.5185079561433668
COc1ccoc1C=O,0.7313252328367525
COc1ncoc1C=O,0.6889305806926131
O=Cc1[nH]ccc1CO,0.7233485377564648
O=Cc1[nH]cnc1CO,0.7394701759967575
O=Cc1occc1CO,0.740734771343341
O=Cc1ocnc1CO,1.44986309457272
CCc1cc(=O)cc[nH]1,0.32450581081320706
CCc1cc(=O)cco1,0.560889193073308
CCc1cc(=O)nc[nH]1,0.5315374270594475
CCc1cc(=O)nco1,0.5201268983273621
CCc1nc(=O)cc[nH]1,0.7109186155976204
CCc1nc(=O)cco1,0.47419128125511634
CCc1nc(=O)nco1,0.8377311908589036
CNc1cc(=O)cc[nH]1,0.5874413687179185
CNc1cc(=O)cco1,0.515036951723232
CNc1cc(=O)nc[nH]1,0.637613610137123
CNc1cc(=O)nco1,0.5365260384169233
CNc1nc(=O)cc[nH]1,0.7989343754652509
CNc1nc(=O)cco1,0.7122264770659967
CNc1nc(=O)nc[nH]1,0.9008496363112499
CNc1nc(=O)nco1,0.825305785789169
COc1cc(=O)cc[nH]1,0.34804067769437097
COc1cc(=O)cco1,0.6863677294968511
COc1cc(=O)nc[nH]1,0.5528815586294513
COc1cc(=O)nco1,0.8764854204109724
COc1nc(=O)cc[nH]1,0.7891217000851611
COc1nc(=O)cco1,0.7733194420361542
COc1nc(=O)nco1,0.9502157672450267
NCc1cc(=O)nc[nH]1,0.5721478005616518
NCc1nc(=O)cco1,0.7766017081921746
O=c1cc[nH]c(CO)c1,0.47467648770725646
O=c1ccoc(CO)c1,0.5809071226885862
O=c1cc(CO)ocn1,0.6856700564403582
O=c1ccoc(CO)n1,0.7497693095592695
O=c1ncoc(CO)n1,1.056284412768946
CCc1cc[nH]c(=O)c1,0.2683994707695092
CCc1cc(=O)[nH]cn1,0.4606239498243667
CCc1ccoc(=O)c1,0.3620199897031853
CCc1cc(=O)ocn1,0.5040814247931849
CCc1cc[nH]c(=O)n1,0.22203829462341673
CCc1nc[nH]c(=O)n1,0.9560256458353251
CCc1ncoc(=O)n1,1.055357293193083
CNc1cc[nH]c(=O)c1,0.35544680415841867
CNc1cc(=O)[nH]cn1,0.4213559146373882
CNc1ccoc(=O)c1,0.37628439553736825
CNc1cc(=O)ocn1,0.4422062409503269
CNc1cc[nH]c(=O)n1,0.31867016302931006
CNc1nc[nH]c(=O)n1,0.3754682168382715
CNc1ccoc(=O)n1,0.3851139230737317
CNc1ncoc(=O)n1,0.4215456052988884
COc1cc[nH]c(=O)c1,0.4642768896628695
COc1cc(=O)[nH]cn1,0.4125959666489507
COc1ccoc(=O)c1,0.5249152065771341
COc1cc(=O)ocn1,0.4326164269259607
COc1cc[nH]c(=O)n1,0.28655290253664134
COc1nc[nH]c(=O)n1,1.0291771790034545
COc1ncoc(=O)n1,1.16189160738395
O=c1cc(CO)cc[nH]1,0.523542418706711
O=c1cc(CO)nc[nH]1,0.5986124643495714
O=c1cc(CO)cco1,0.5576012669407646
O=c1cc(CO)nco1,0.5861374801097554
O=c1nc(CO)cc[nH]1,0.5183006324950838
O=c1nc(CO)nc[nH]1,0.8375240304794715
O=c1nc(CO)cco1,0.5123870512670692
O=c1nc(CO)nco1,0.8744138710299012
C#Cc1c[nH]c(CC)c1,0.33335868572794425
CCc1cc(C#N)c[nH]1,0.41605260345022543
C#Cc1coc(CC)c1,0.33421592643207987
CCc1cc(C#N)co1,0.35980797507545503
C#Cc1c[nH]c(CC)n1,0.3662431171942444
CCc1nc(C#N)c[nH]1,0.4254839927107241
C#Cc1coc(CC)n1,0.43037224842919386
CCc1nc(C#N)co1,0.47530752005332033
C#Cc1c[nH]c(NC)c1,0.7388602324863314
CNc1cc(C#N)c[nH]1,0.7538433730060206
C#Cc1coc(NC)c1,0.5897587186682358
CNc1cc(C#N)co1,0.5697136864964705
C#Cc1c[nH]c(NC)n1,0.6231669695644086
CNc1nc(C#N)c[nH]1,0.6161933954954293
C#Cc1coc(NC)n1,0.49850847585548763
CNc1nc(C#N)co1,0.4578685507767659
C#Cc1c[nH]c(OC)c1,0.47890995553098037
COc1cc(C#N)c[nH]1,0.528639032107094
C#Cc1coc(OC)c1,0.5758275164153019
COc1cc(C#N)co1,0.6429283228990244
C#Cc1c[nH]c(OC)n1,0.5201411298912717
COc1nc(C#N)c[nH]1,0.6283076926374633
C#Cc1coc(OC)n1,0.5645887732425763
C#Cc1coc(CN)n1,0.788124647211589
N#Cc1coc(CN)n1,0.921841353052514
C#Cc1c[nH]c(CO)c1,0.5618611842419341
N#Cc1c[nH]c(CO)c1,0.6137648325566261
C#Cc1coc(CO)c1,0.6040232333525637
N#Cc1coc(CO)c1,0.5268292563814612
C#Cc1c[nH]c(CO)n1,0.31307941783779825
N#Cc1c[nH]c(CO)n1,0.6905827479913569
C#Cc1coc(CO)n1,0.6175613941595657
N#Cc1coc(CO)n1,0.6450722546051111
Cc1oc(CO)cc1O,0.8370364566308126
Cn1cc(CO)oc1=O,0.8834967094771855
COc1cn(C)c(=O)o1,0.8885833090807864
CCc1cc(C=O)c[nH]1,0.6150289108845755
CCc1cc(C=O)co1,0.5292143899278017
CCc1nc(C=O)c[nH]1,0.5441819655243307
CCc1nc(C=O)co1,0.611201192235967
CNc1cc(C=O)c[nH]1,0.9071258366457187
CNc1cc(C=O)co1,0.655851832625558
CNc1nc(C=O)c[nH]1,0.7382164107857534
CNc1nc(C=O)co1,0.5723602671623667
COc1cc(C=O)c[nH]1,0.6914054846401996
COc1cc(C=O)co1,0.802425597958063
COc1nc(C=O)c[nH]1,0.7478547971568332
COc1nc(C=O)co1,0.7884051967357664
O=Cc1c[nH]c(CO)c1,0.8175812587451219
O=Cc1coc(CO)c1,0.8195216491840256
O=Cc1c[nH]c(CO)n1,0.6939796285605553
O=Cc1coc(CO)n1,0.7281182334063487
CCc1ccn(C=O)c1,0.6651892881363892
CCc1cn(C=O)cn1,0.7383750532444537
CNc1ccn(C=O)c1,0.7446680157954688
CNc1cn(C=O)cn1,0.6785962355788797
COc1ccn(C=O)c1,0.884577791148331
O=Cn1ccc(CO)c1,0.8861326504884346
O=Cn1cnc(CO)c1,0.9704936473572161
Cc1ccc(CO)cc1,0.5752250832520076
Cc1ccc(CO)nc1,0.5492777081562963
Cc1cnc(CO)cn1,1.0402844639047544
Cc1cnc(CO)nc1,1.235387010998238
Cc1ccc(CO)cn1,0.943396726712308
Cc1ncc(CO)cn1,1.178174826911345
CCc1ccc(C)cc1,0.3553063389190356
CCc1ccc(N)cc1,0.4471651102467149
CCc1ccc(O)cc1,0.40201973940929747
CCc1ccc(C)nc1,0.7312402788502368
CCc1cnc(C)cn1,0.7196829990407423
CCc1cnc(C)nc1,0.9900971745792049
CCc1ccc(N)nc1,0.437936173799244
CCc1cnc(N)nc1,0.27651788281400513
CCc1ccc(O)nc1,0.4665016120106884
CCc1cnc(O)cn1,0.5962458889771369
CCc1cnc(O)nc1,0.7894507947403326
CCc1ccc(C)cn1,0.6877683818383957
CCc1ncc(C)cn1,1.0159592147265357
CCc1ccc(N)cn1,0.4534614470139786
CCc1ccc(O)cn1,0.5409523534217442
CCc1ncc(O)cn1,1.0214909383939812
CNc1ccc(C)cc1,0.3265584210621455
CNc1ccc(N)cc1,0.6620947806313779
CNc1ccc(O)cc1,0.4954820240582194
CNc1ccc(C)nc1,0.31687891826732084
CNc1ccc(O)nc1,0.49218155347625725
CNc1cnc(O)cn1,0.4557395309166168
CNc1cnc(O)nc1,0.4796589492889325
CNc1ccc(C)cn1,0.29924187721735507
CNc1ccc(O)cn1,0.48567691344396735
CNc1ncc(O)cn1,0.38587706675753
COc1ccc(C)cc1,0.43353015849243093
COc1ccc(N)cc1,0.628161839542372
COc1ccc(O)cc1,0.5447879089570051
COc1ccc(C)nc1,0.49253584588950616
COc1cnc(C)cn1,0.5137500702421676
COc1cnc(C)nc1,0.9365153720773378
COc1ccc(N)nc1,0.6296485071161442
COc1cnc(N)cn1,0.5512478950822697
COc1cnc(N)nc1,0.4989413820021582
COc1ccc(O)nc1,0.5996234222475323
COc1cnc(O)cn1,0.5062726771211601
COc1cnc(O)nc1,0.5627664802741492
COc1ncc(C)cn1,0.7426660459641425
COc1ccc(N)cn1,0.6306314100547752
COc1ncc(N)cn1,0.6316806271788664
COc1ccc(O)cn1,0.5676086126695736
COc1ncc(O)cn1,0.5375094855880889
Nc1ccc(CO)cc1,0.6901972441028192
Nc1ccc(CO)nc1,0.7146016784499807
Nc1cnc(CO)cn1,0.6333428899106366
Nc1cnc(CO)nc1,0.43537759479295346
Nc1ccc(CO)cn1,0.6528984434353333
Nc1ncc(CO)cn1,0.5234830706485809
OCc1ccc(O)cc1,0.6339853510398825
OCc1ccc(O)nc1,0.6827059187471605
OCc1cnc(O)cn1,0.6189023174774775
OCc1cnc(O)nc1,0.9922741409227456
OCc1ccc(O)cn1,0.6385406480821985
OCc1ncc(O)cn1,0.3853118587885547
C#Cc1ccc(CC)[nH]1,0.3805811842867115
CCc1ccc(C#N)[nH]1,0.37746226815579575
C#Cc1ccc(CC)o1,0.3161662517250079
CCc1ccc(C#N)o1,0.3416790879891778
C#Cc1ncc(CC)[nH]1,0.4786691890731163
CCc1cnc(C#N)[nH]1,0.4686625508402358
C#Cc1ncc(CC)o1,0.44641127286013216
CCc1cnc(C#N)o1,0.494432289920951
C#Cc1cnc(CC)[nH]1,0.43421536873029254
CCc1ncc(C#N)[nH]1,0.45401873646733293
C#Cc1cnc(CC)o1,0.4012799975280359
CCc1ncc(C#N)o1,0.4918387986926973
C#Cc1ccc(NC)[nH]1,0.6143127884970454
CNc1ccc(C#N)[nH]1,0.5470459380558168
C#Cc1ccc(NC)o1,0.5045366442882369
CNc1ccc(C#N)o1,0.43152059667954745
C#Cc1ncc(NC)[nH]1,0.6667345146415755
CNc1cnc(C#N)[nH]1,0.5704766941253183
C#Cc1ncc(NC)o1,0.544455385663241
CNc1cnc(C#N)o1,0.4433338269027445
CNc1ncc(C#N)[nH]1,0.47597136934382434
C#Cc1cnc(NC)o1,0.4643694356291235
CNc1ncc(C#N)o1,0.3918147844997293
C#Cc1ccc(OC)[nH]1,0.4501184722266771
COc1ccc(C#N)[nH]1,0.45867414424355957
C#Cc1ccc(OC)o1,0.5467530073474336
COc1ccc(C#N)o1,0.43503766999674554
C#Cc1ncc(OC)[nH]1,0.5196387802516256
C#Cc1ncc(OC)o1,0.6468706015402859
COc1cnc(C#N)o1,0.6405962243716203
C#Cc1cnc(OC)[nH]1,0.5849265456472494
C#Cc1cnc(OC)o1,0.6121783535727445
COc1ncc(C#N)o1,0.6375627248235105
C#Cc1cnc(CN)o1,0.715531764069965
N#Cc1cnc(CN)o1,0.8958678005947149
C#Cc1ccc(CO)[nH]1,0.6003639260452474
N#Cc1ccc(CO)[nH]1,0.5735213231400849
C#Cc1ccc(CO)o1,0.6093126395098807
N#Cc1ccc(CO)o1,0.47917020534987387
C#Cc1ncc(CO)[nH]1,0.7081420732865809
N#Cc1ncc(CO)[nH]1,0.674221186847717
C#Cc1ncc(CO)o1,0.7112649078590039
N#Cc1ncc(CO)o1,0.705518703942289
C#Cc1cnc(CO)[nH]1,0.5947195743974589
N#Cc1cnc(CO)[nH]1,0.38384119152215135
C#Cc1cnc(CO)o1,0.6881263205814321
N#Cc1cnc(CO)o1,0.6714901147879573
CCc1ccc(C=O)[nH]1,0.43361916697904235
CCc1ccc(C=O)o1,0.38804589689243585
CCc1cnc(C=O)[nH]1,0.5146983874947182
CCc1cnc(C=O)o1,0.542399292353366
CCc1ncc(C=O)[nH]1,0.5129043127508339
CCc1ncc(C=O)o1,0.5483304521494574
CNc1ccc(C=O)[nH]1,0.4330281898164685
CNc1ccc(C=O)o1,0.4969265683866979
CNc1cnc(C=O)[nH]1,0.5789056154462742
CNc1cnc(C=O)o1,0.4738493972363358
CNc1ncc(C=O)[nH]1,0.5037829973771295
CNc1ncc(C=O)o1,0.4724710854534351
COc1ccc(C=O)[nH]1,0.510811511261636
COc1ccc(C=O)o1,0.612910285783073
COc1cnc(C=O)[nH]1,0.5513972040225781
COc1cnc(C=O)o1,0.5287133464371436
COc1ncc(C=O)o1,0.7286644206069468
O=Cc1ccc(CO)[nH]1,0.6327588788644789
O=Cc1ccc(CO)o1,0.5511791862973041
O=Cc1ncc(CO)[nH]1,0.7268408487034321
O=Cc1ncc(CO)o1,0.7303025740402518
O=Cc1cnc(CO)[nH]1,0.6675569519611599
O=Cc1cnc(CO)o1,0.7140919545236102
CCc1cccc(=O)[nH]1,0.4034783248207532
CCc1cccc(=O)o1,0.4478817224389786
CCc1ccnc(=O)[nH]1,0.3423890606009081
CCc1ccnc(=O)o1,0.4313472328540229
CCc1cncc(=N)o1,0.4888558579223172
CCc1cncc(=O)[nH]1,0.4633451985719148
CCc1cncc(=O)o1,0.4781917378659273
CCc1nccc(=O)[nH]1,0.5391667958447215
CCc1nccc(=O)o1,0.5956948309376457
CCc1ncnc(=O)[nH]1,0.9677048327102966
CCc1ncnc(=O)o1,0.9981489459114528
CNc1cccc(=O)o1,0.3930797063821956
CNc1ccnc(=O)[nH]1,0.33697494459920563
CNc1ccnc(=O)o1,0.35161549360418576
CNc1cncc(=O)[nH]1,0.4837271350697847
CNc1cncc(=O)o1,0.42294467937972513
CNc1nccc(=O)[nH]1,0.3705154701056017
CNc1nccc(=O)o1,0.40035410246673564
CNc1ncnc(=O)[nH]1,0.3936373223714327
CNc1ncnc(=O)o1,0.40421523671466275
COc1cccc(=O)[nH]1,0.40394451050815405
COc1cccc(=O)o1,0.412009071196735
COc1ccnc(=O)[nH]1,0.3401745153169031
COc1ccnc(=O)o1,0.36855053498220514
COc1cncc(=N)o1,0.48388509724281903
COc1cncc(=O)[nH]1,0.46556009760388406
COc1cncc(=O)o1,0.48177044500698685
COc1nccc(=O)[nH]1,0.5354511065197585
COc1nccc(=O)o1,0.6549072433317633
COc1ncnc(=O)[nH]1,0.7851857072764687
COc1ncnc(=O)o1,0.9151004092345829
O=c1cccc(CO)[nH]1,0.5633120416150632
O=c1cccc(CO)o1,0.5146935438660876
O=c1nccc(CO)[nH]1,0.47183493736702076
O=c1nccc(CO)o1,0.49984363035946444
N=c1cncc(CO)o1,0.6978777158929006
O=c1cncc(CO)[nH]1,0.6218729859083396
O=c1cncc(CO)o1,0.6816344699109322
O=c1ccnc(CO)[nH]1,0.8992893619051756
O=c1ccnc(CO)o1,0.7826425299263065
O=c1ncnc(CO)[nH]1,0.7088734068474878
O=c1ncnc(CO)o1,0.9412318422328099
Cc1cccc(CO)c1,0.5956394013210229
Cc1cc(CO)ccn1,1.1450633979566192
Cc1cncc(CO)c1,0.9931203882206319
Cc1ccnc(CO)c1,0.77923071029727
Cc1cc(CO)ncn1,1.1638787470055831
Cc1cccc(CO)n1,0.7471181573746435
Cc1nccc(CO)n1,1.2761169241784955
Cc1cncc(CO)n1,1.0502239988272777
Cc1ccnc(CO)n1,1.272656559411189
Cc1ncnc(CO)n1,0.9612807384219195
CCc1cccc(C)c1,0.41379628867071006
CCc1cccc(C)n1,0.8349351379765722
CCc1cccc(N)c1,0.477415015693623
CCc1cccc(O)c1,0.43316217874416907
CCc1cccc(O)n1,0.46453863610804547
CCc1ccnc(C)c1,0.9107327620058641
CCc1ccnc(C)n1,0.9538018214643671
CCc1ccnc(N)n1,0.24151142482151045
CCc1ccnc(O)c1,0.3760451529196871
CCc1ccnc(O)n1,1.009484507234447
CCc1cncc(C)c1,0.7966060865346662
CCc1cncc(C)n1,0.70922291005445
CCc1cncc(N)c1,0.47383165540304617
CCc1cncc(O)c1,0.6035746262259636
CCc1cncc(O)n1,0.6948226649146818
CCc1cc(C)ccn1,0.9170723376882961
CCc1nccc(C)n1,0.997210234279919
CCc1nccc(N)n1,0.4887250255160325
CCc1cc(O)ccn1,0.8619422337942524
CCc1nccc(O)n1,1.2757930541065434
CCc1cc(C)ncn1,0.891851506949024
CCc1ncnc(C)n1,1.0052662505877379
CCc1cc(N)ncn1,0.4645387449563714
CCc1cc(O)ncn1,1.2154541986383265
CCc1ncnc(O)n1,1.0793157327098015
CNc1cccc(C)c1,0.30055569798241777
CNc1cccc(N)c1,0.42489954628217674
CNc1cccc(O)c1,0.29805943308201677
CNc1cccc(O)n1,0.32609792255607317
CNc1ccnc(O)c1,0.24744938746698608
CNc1ccnc(O)n1,0.3833638491578313
CNc1cncc(C)c1,0.30293772942968644
CNc1cncc(O)c1,0.28835805232301936
CNc1cncc(O)n1,0.38778047690720996
CNc1nccc(C)n1,0.21598811216972535
CNc1cc(O)ccn1,0.263965727048344
CNc1cc(O)ncn1,0.25310614751469984
CNc1ncnc(O)n1,0.2242982013103756
COc1cccc(C)c1,0.45019798393332167
COc1cccc(C)n1,0.41774343815450266
COc1cccc(N)c1,0.5938853273291897
COc1cccc(N)n1,0.4274698806093511
COc1cccc(O)c1,0.42764182943938067
COc1cccc(O)n1,0.38524015675466217
COc1ccnc(C)c1,0.8352413750617416
COc1ccnc(C)n1,1.0186043531884934
COc1ccnc(N)n1,0.3478463338833535
COc1ccnc(O)c1,0.48390428128186613
COc1ccnc(O)n1,0.4734600565425353
COc1cncc(C)c1,0.5493588797617122
COc1cncc(C)n1,0.6303073767212481
COc1cncc(N)c1,0.5906766680000146
COc1cncc(N)n1,0.42353383337831474
COc1cncc(O)c1,0.5370711643718096
COc1cncc(O)n1,0.4806210355109215
COc1cc(C)ccn1,0.42915753157467407
COc1nccc(C)n1,0.9285494255000231
COc1cc(N)ccn1,0.3970452507674054
COc1nccc(N)n1,0.4829057317801926
COc1cc(O)ccn1,0.49921877500491973
COc1nccc(O)n1,0.7843197861348017
COc1cc(C)ncn1,0.9471412873299414
COc1cc(N)ncn1,0.35085128867285675
COc1ncnc(N)n1,0.7175886737186374
COc1cc(O)ncn1,0.6673366484756116
COc1ncnc(O)n1,1.1182487139449222
Nc1cccc(CO)c1,0.6670094858272932
Nc1cc(CO)ccn1,0.5671615565988759
Nc1cncc(CO)c1,0.6575320820902562
Nc1cc(CO)ncn1,0.5021107752763783
Nc1cccc(CO)n1,0.5767145808076748
Nc1nccc(CO)n1,0.4761985845234449
Nc1cncc(CO)n1,0.6664041954663844
Nc1ccnc(CO)n1,0.3950778666203405
Nc1ncnc(CO)n1,0.6509856725660939
NCc1nccc(O)n1,1.602578663139866
NCc1ncnc(O)n1,1.051489600993591
OCc1cccc(O)c1,0.6432820710870146
OCc1cccc(O)n1,0.5538832102283777
OCc1ccnc(O)c1,0.6132100193444785
OCc1ccnc(O)n1,0.8816819268540712
OCc1cncc(O)c1,0.7294436190168199
OCc1cncc(O)n1,0.832133615602288
OCc1cc(O)ccn1,0.7733484221753315
OCc1nccc(O)n1,1.1554264238839096
OCc1cc(O)ncn1,0.8981951643381763
OCc1ncnc(O)n1,0.8283193938059412
CCc1cccn1C=O,0.5618207753177558
CCc1cncn1C=O,0.6572011642692814
CCc1nccn1C=O,0.7187724512095883
CNc1cccn1C=O,0.5788517096643773
CNc1cncn1C=O,0.6552879580158333
CNc1nccn1C=O,0.5889711119343701
COc1cccn1C=O,0.7435408380188164
COc1cncn1C=O,0.8332125203633041
COc1nccn1C=O,0.9101494040351099
NCc1nccn1C=O,1.1267660995181359
O=Cn1cccc1CO,0.9081982650914142
O=Cn1cncc1CO,1.167074317649167
O=Cn1ccnc1CO,1.1297527954648103
Cc1ccccc1CO,0.5626828324348025
Cc1cccnc1CO,0.7183388375633513
Cc1ccncc1CO,1.25515889514827
Cc1cnccc1CO,1.042197017079161
Cc1cncnc1CO,1.2780154090614815
Cc1ncccc1CO,0.8245268594928348
Cc1nccnc1CO,1.0504204107055557
Cc1ncncc1CO,1.1538377679862606
CCc1ccccc1C,0.3431934295567771
CCc1ccccc1N,0.4839728812203248
CCc1ccccc1O,0.42593872240286146
CCc1cccnc1C,0.7565075322345365
CCc1cccnc1N,0.40932779599461355
CCc1cccnc1O,0.416061855326916
CCc1ccncc1C,0.8742504121564707
CCc1ccncc1N,0.48914805392450944
CCc1ccncc1O,0.5489722057809558
CCc1cnccc1C,0.8879345893292339
CCc1cnccc1O,0.7782988559338264
CCc1cncnc1C,0.975880007734304
CCc1cncnc1O,0.9377555587998359
CCc1ncccc1C,0.7208178232285718
CCc1ncccc1N,0.4360376344884571
CCc1ncccc1O,0.518435165655319
CCc1nccnc1C,1.042602793460901
CCc1nccnc1O,0.6081562911094807
CCc1ncncc1C,0.9286730196745339
CCc1ncncc1O,0.9946210152429558
CNc1ccccc1C,0.32423772411129903
CNc1ccccc1N,0.7146295429247402
CNc1ccccc1O,0.3727565465032967
CNc1cccnc1C,0.3062535472417949
CNc1cccnc1O,0.3633398241872783
CNc1cnccc1C,0.3191190694778925
CNc1cnccc1O,0.3692716642690357
CNc1cncnc1O,0.3657781832298497
CNc1ncccc1C,0.29014774603638216
CNc1ncccc1O,0.37248032359275385
CNc1nccnc1O,0.3856930904876208
CNc1ncncc1O,0.3748496745265584
COc1ccccc1C,0.41199862201574433
COc1ccccc1N,0.5378443218523898
COc1ccccc1O,0.605286685815372
COc1cccnc1C,0.4408772634324123
COc1cccnc1N,0.48449011549200804
COc1cccnc1O,0.5007884101341915
COc1ccncc1C,0.6388634296927194
COc1ccncc1N,0.5472409077301563
COc1ccncc1O,0.5295865602292906
COc1cnccc1C,0.5493165932475677
COc1cnccc1O,0.737464124451435
COc1cncnc1C,0.9450387985853013
COc1cncnc1N,0.5019671535137604
COc1cncnc1O,0.56236454070131
COc1ncccc1C,0.3837324547712342
COc1ncccc1N,0.5261124537119031
COc1ncccc1O,0.5944072691709152
COc1nccnc1C,0.5787130675889784
COc1nccnc1N,0.4874363208691648
COc1nccnc1O,0.5111619396593596
COc1ncncc1C,0.8185268004363024
COc1ncncc1N,0.5465062543789827
COc1ncncc1O,0.5459395225752814
Nc1ccccc1CO,0.7352149662656302
Nc1cccnc1CO,0.7632251558843564
Nc1cnccc1CO,0.7279793192137731
Nc1cncnc1CO,0.7400333703208162
Nc1ncccc1CO,0.7241811793519446
Nc1nccnc1CO,0.7060665238259389
Nc1ncncc1CO,0.7679518031018233
OCc1ccccc1O,0.4718628562641243
OCc1cccnc1O,0.9529866767970816
OCc1ccncc1O,0.7553999738720449
OCc1cnccc1O,0.9513487682688719
OCc1cncnc1O,1.0482591453401255
OCc1ncccc1O,0.7165712667210755
OCc1nccnc1O,0.33836019528826
OCc1ncncc1O,0.9191867178124085
CCc1ccc[nH]c1=O,0.2976184995750373
CCc1cccoc1=O,0.3530914126749849
CCc1cnc[nH]c1=O,0.4097343615048885
CCc1cncoc1=O,0.4567471962309355
CCc1ncc[nH]c1=O,0.35856065896950895
CCc1nccoc1=N,0.38145388106386235
CCc1nccoc1=O,0.5826983130282315
CNc1ccc[nH]c1=O,0.3147608373892581
CNc1cccoc1=O,0.3082336391144054
CNc1cnc[nH]c1=O,0.3150417134511372
CNc1cncoc1=O,0.38101085227390286
CNc1ncc[nH]c1=O,0.4259446816977288
CNc1nccoc1=O,0.4569043692754349
COc1ccc[nH]c1=O,0.5136167888085765
COc1cccoc1=O,0.5673163894571189
COc1cnc[nH]c1=O,0.62934556260916
COc1cncoc1=O,0.6647597289938858
COc1ncc[nH]c1=O,0.510169158978897
COc1nccoc1=N,0.5543658860242431
COc1nccoc1=O,0.5979015393386362
O=c1occcc1CO,0.7320725394874898
O=c1[nH]cncc1CO,0.7706834466007422
O=c1ocncc1CO,0.8032724166951084
O=c1[nH]ccnc1CO,0.3564425236727402
N=c1occnc1CO,0.8994906718344282
O=c1occnc1CO,0.4154036932213785
Cn1c(CO)coc1=O,0.8245087639152189
CCc1ccc(=O)[nH]c1,0.26634060189644515
CCc1c[nH]c(=O)cn1,0.30545753218757454
CCc1cnc(=O)[nH]c1,0.2626956349995453
CCc1coc(=N)cn1,0.3370611503123655
CCc1ccc(=O)oc1,0.40886868526831677
CCc1coc(=O)cn1,0.4128641077768407
CNc1ccc(=O)[nH]c1,0.5663331327668857
CNc1c[nH]c(=O)cn1,0.5644398724707571
CNc1cnc(=O)[nH]c1,0.5563227937818738
CNc1ccc(=O)oc1,0.7134494117581198
CNc1coc(=O)cn1,0.6266667092222633
CNc1cnc(=O)oc1,0.6808791631101485
COc1ccc(=O)[nH]c1,0.587585480287089
COc1c[nH]c(=O)cn1,0.43349973614931514
COc1cnc(=O)[nH]c1,0.5715513811173878
COc1coc(=N)cn1,0.47479594574906514
COc1ccc(=O)oc1,0.6935366541983967
COc1coc(=O)cn1,0.5020438896626729
COc1cnc(=O)oc1,0.7876728019327857
O=c1ccc(CO)c[nH]1,0.5875903511278011
O=c1cnc(CO)c[nH]1,0.6790631287622091
O=c1ncc(CO)c[nH]1,0.4580446357394976
N=c1cnc(CO)co1,0.6885763971222332
O=c1ccc(CO)co1,0.6339984669339174
O=c1cnc(CO)co1,0.7746061330344673
C#Cc1cc(CC)c[nH]1,0.35798557326234004
CCc1c[nH]c(C#N)c1,0.3643845786427846
C#Cc1nc(CC)c[nH]1,0.44891613656182017
CCc1c[nH]c(C#N)n1,0.44806934503503726
C#Cc1cc(CC)co1,0.35132223635991977
CCc1coc(C#N)c1,0.35618009694007924
C#Cc1nc(CC)co1,0.47385992804811394
CCc1coc(C#N)n1,0.4854644468450715
C#Cc1cc(NC)c[nH]1,0.5991243107637274
CNc1c[nH]c(C#N)c1,0.5806349814847636
C#Cc1nc(NC)c[nH]1,0.5673727714747656
CNc1c[nH]c(C#N)n1,0.5241686074205063
CNc1coc(C#N)c1,0.646524173220314
C#Cc1nc(NC)co1,0.6002062087809463
CNc1coc(C#N)n1,0.5320796686046378
C#Cc1cc(OC)c[nH]1,0.5685652021911665
COc1c[nH]c(C#N)c1,0.6097570016572718
C#Cc1nc(OC)c[nH]1,0.4312783335935819
COc1c[nH]c(C#N)n1,0.4260515680707613
C#Cc1cc(OC)co1,0.5722355301131756
COc1coc(C#N)c1,0.6238439347471285
C#Cc1nc(OC)co1,0.4808478425220528
COc1coc(C#N)n1,0.5229369922908518
C#Cc1cc(CO)c[nH]1,0.5078541219936596
N#Cc1cc(CO)c[nH]1,0.47974790335501893
C#Cc1nc(CO)c[nH]1,0.7047996155124565
N#Cc1nc(CO)c[nH]1,0.6886677185757435
C#Cc1cc(CO)co1,0.5929406019786256
N#Cc1cc(CO)co1,0.5931976952761033
C#Cc1nc(CO)co1,0.723834315647764
N#Cc1nc(CO)co1,0.7214791962760501
CCc1c[nH]c(C=O)c1,0.45244866595567146
CCc1c[nH]c(C=O)n1,0.5181070778144203
CCc1coc(C=O)c1,0.41613255054107867
CCc1coc(C=O)n1,0.5563915841994458
CNc1c[nH]c(C=O)c1,0.6596932113989169
CNc1c[nH]c(C=O)n1,0.5944744813295983
CNc1coc(C=O)c1,0.6925710849154711
CNc1coc(C=O)n1,0.6043370624138333
COc1c[nH]c(C=O)c1,0.5510844634172827
COc1c[nH]c(C=O)n1,0.5768741484534985
COc1coc(C=O)c1,0.6934539315479924
COc1coc(C=O)n1,0.6085492237143626
O=Cc1cc(CO)c[nH]1,0.5885023411647126
O=Cc1nc(CO)c[nH]1,0.747666521490828
O=Cc1cc(CO)co1,0.5560978099347267
O=Cc1nc(CO)co1,0.749901829072769
C#Cc1c[nH]cc1CC,0.3413192988737137
CCc1c[nH]cc1C#N,0.36458352118097537
C#Cc1cocc1CC,0.2899472796580085
CCc1cocc1C#N,0.33285511157919245
C#Cc1c[nH]cc1NC,0.6489663146439852
CNc1c[nH]cc1C#N,0.6127565413771663
C#Cc1cocc1NC,0.677955597608161
CNc1cocc1C#N,0.6163702967987774
C#Cc1c[nH]cc1OC,0.6648362746582279
COc1c[nH]cc1C#N,0.7732764480224432
C#Cc1cocc1OC,0.6551986502036016
COc1cocc1C#N,0.76642744774108
C#Cc1c[nH]cc1CO,0.6498263581252104
N#Cc1c[nH]cc1CO,0.5129658921450755
C#Cc1cocc1CO,0.6127205134853284
N#Cc1cocc1CO,0.4752981049095979
CCc1c[nH]cc1C=O,0.4792230770999595
CCc1cocc1C=O,0.44406537815302727
CNc1c[nH]cc1C=O,0.5587694250898494
CNc1cocc1C=O,0.5839263090401801
COc1c[nH]cc1C=O,0.9663976515221293
COc1cocc1C=O,0.9686973957013834
O=Cc1c[nH]cc1CO,0.8345219873044698
O=Cc1cocc1CO,0.8675347749394859
CCc1c[nH]ccc1=O,0.19120943945199542
CCc1c[nH]cnc1=O,0.2817757509619696
CCc1coccc1=O,0.5429661602156557
CCc1cocnc1=O,0.7447667115429795
CNc1c[nH]ccc1=O,0.2748680284821603
CNc1c[nH]cnc1=O,0.41102388249419164
CNc1coccc1=O,0.440474072134748
CNc1cocnc1=O,0.49076506410165166
COc1c[nH]ccc1=O,0.5802498585599096
COc1c[nH]cnc1=O,0.6279106511174177
COc1coccc1=O,0.67942392470286
COc1cocnc1=O,0.7462844817455334
O=c1cc[nH]cc1CO,0.5962447460988187
O=c1ccocc1CO,1.8076709501892765
CCn1cc(O)oc1=O,0.6323905725785153
CCn1ccc(=O)cc1,0.169196560542332
CCn1ccc(=O)nc1,0.3124263986828737
CCn1cnc(=O)nc1,0.840444140127147
C#Cc1ccn(CC)c1,0.3853770300884207
CCn1ccc(C#N)c1,0.37373191188817145
C#Cc1cn(CC)cn1,0.4119783223140985
CCn1cnc(C#N)c1,0.5007450623761542
CCn1ccc(C=O)c1,0.46707022140253684
CCn1cnc(C=O)c1,0.5170632757599378
C#Cc1cccn1CC,0.32330331187949923
CCn1cccc1C#N,0.31843663480140094
C#Cc1nccn1CC,0.41750857656734297
CCn1ccnc1C#N,0.47538120852004795
C#Cc1cncn1CC,0.38034354714000074
CCn1cncc1C#N,0.41027812689208076
CCn1cccc1C=O,0.3661190060010995
CCn1ccnc1C=O,0.44690796252689324
CCn1cncc1C=O,0.48411731932355906
CCn1ccccc1=O,0.26541092445040704
CCn1cccnc1=O,0.19285668149314006
CCn1ccncc1=O,0.29450573321992124
CCN=c1ccocn1,1.1844913273234852
CCN=c1cccco1,0.36533749462250853
CCN=c1cncco1,0.3987475686808466
CNC=Nc1cnco1,0.49964504157105694
CNC=Nc1ncco1,0.8194860838848399
COC=Nc1ccc[nH]1,0.5947335610580922
COC=Nc1ccco1,0.6712870905394084
COC=Nc1cnco1,0.8238270911569998
COC=Nc1ncc[nH]1,0.6713465202337829
COC=Nc1ncco1,0.771114611216035
COC=Nc1cc[nH]c1,0.8014875121880323
COC=Nc1ccoc1,0.8872780871151917
COC=Nc1cocn1,0.821486801998617
OCCc1occc1O,0.6492770144013775
CCCc1ccccc1,0.3752909889954026
CCCc1ccncc1,1.0797344072943815
CCCc1cccnc1,0.8268984961832757
CCCc1cnccn1,0.7375490512258693
CCCc1cncnc1,0.9472586773081275
CCCc1ncccn1,1.0111941994346125
CCCc1ccncn1,0.9430148691517388
CCNc1ccccc1,0.30905730094855244
CCNc1cccnc1,0.28966841724468395
CCNc1ccccn1,0.22547422355273739
CCOc1ccccc1,0.4335158452959149
CCOc1ccncc1,1.0234680370140268
CCOc1cccnc1,0.5325566027968307
CCOc1cnccn1,0.6758064957411989
CCOc1cncnc1,0.9779117468387994
CCOc1ccccn1,0.4218689583522064
CCOc1ncccn1,0.9569980179694539
CCOc1ccncn1,1.0519817735694232
CCOc1ncncn1,1.1284562811488286
COCc1ccccc1,0.557825869829685
COCc1ccncc1,0.6674965698693995
COCc1cccnc1,0.7071958785218158
COCc1cnccn1,0.7948559309825214
COCc1cncnc1,0.7968039406150638
COCc1ccncn1,0.9813596487856557
OCCc1ccccc1,0.6689503388606681
OCCc1ccncc1,1.0130836773478222
OCCc1cccnc1,1.0872187665336241
OCCc1cnccn1,1.3829691491446283
OCCc1cncnc1,1.2082581713839318
OCCc1ccncn1,1.7162503912295506
CCCc1coc(=O)o1,0.6826243117593549
CCNc1coc(=O)o1,1.0192988697272085
CCOc1c[nH]c(=O)o1,1.100657578526807
CCOc1coc(=O)[nH]1,0.8480538894928031
CCOc1coc(=O)o1,1.1556932044404675
COCc1coc(=O)o1,0.64839963725899
O=c1[nH]cc(CCO)o1,1.0074113795944868
O=c1[nH]c(CCO)co1,0.6718844895913207
O=c1occ(CCO)o1,1.0819121627682762
O=c1occn1CCO,1.0491083042579703
C#CC#CC#CC1CC1,0.4192218334592326
C#CC#CC#CC1CN1,0.38708451816637535
C#CC#CC#CC1CO1,0.3039117614553106
N#CC#CC#CC1CC1,0.4993862883766269
N#CC#CC#CC1CN1,0.48131781059601053
N#CC#CC#CC1CO1,0.37416492688134895
C#CC#CC1(C#C)CC1,0.5123100157943554
C#CC#CC1(C#N)CC1,0.5154304285515536
C#CC#CC1(C#C)CN1,0.666919524941477
C#CC#CC1(C#N)CN1,0.5649990667188831
C#CC#CC1(C#C)CO1,0.5661269792053645
C#CC#CC1(C#N)CO1,0.47307291996548884
C#CC1(C#CC#N)CC1,0.5981898441132216
C#CC1(C#CC#N)CO1,0.8137428732225089
N#CC#CC1(C#N)CC1,0.6387275903889531
N#CC#CC1(C#N)CO1,0.7925968134277355
N#CC#CC12CCC1C2,1.220309174814247
C#CC#CC1=CCCC1,0.2835495532181085
C#CC#CC1=CCOC1,0.20398042928900395
C#CC#CC1=NCCN1,0.633501423521011
C#CC#CC1=NCCO1,0.40040082443738356
N#CC#CC1=CCCC1,0.300765416237482
N#CC#CC1=CCOC1,0.1901672156582208
N#CC#CC1=NCCN1,0.6142676447889244
N#CC#CC1=NCCO1,0.45436554574553156
N#CC#CC1C2CCC12,0.8286867476927
C#CC#CC1CC1C#C,0.8020101887432247
C#CC#CC1CC1C#N,0.5499313531727239
C#CC#CC1NC1C#C,0.8600122381085384
C#CC#CC1NC1C#N,0.5287568846761133
C#CC#CC1OC1C#C,0.6078222167652712
C#CC#CC1OC1C#N,0.4209363692862098
C#CC1CC1C#CC#N,1.007968206449732
C#CC1OC1C#CC#N,0.8664064814911399
N#CC#CC1CC1C#N,0.8514625798106863
N#CC#CC1OC1C#N,0.7200322845601477
C#CC#CC1CC2OC12,0.3970420398272836
N#CC#CC1CC2OC12,0.5105680508750083
C#CC#CC1CC=CC1,0.2505152685807843
C#CC#CC1CN=CO1,0.417672008228692
N#CC#CC1CC=CC1,0.36968462446020567
N#CC#CC1CN=CO1,0.5612180972511851
C#CC#CC1C=CCC1,0.2903008101548039
C#CC#CC1COC=N1,0.33020771457086084
C#CC#CC1C=CCO1,0.4909850954718422
N#CC#CC1C=CCC1,0.4050057278582244
N#CC#CC1COC=N1,0.42944529212036286
N#CC#CC1C=CCO1,0.5240180195396533
C#CC#CC1CCCC1,0.44723346527825925
C#CC#CC1CCCO1,0.33834079356165603
C#CC#CC1CCOC1,0.33581236478858045
C#CC#CC1COCO1,0.3438783676810999
C#CC#CC1OCCO1,0.4183470141942962
N#CC#CC1CCCC1,0.7016150654890225
N#CC#CC1CCCO1,0.39173236117494525
N#CC#CC1CCOC1,0.3987382079594681
N#CC#CC1COCO1,0.4831798322065879
N#CC#CC1OCCO1,0.5194731716783281
C#CC#CCC1CCC1,0.5225704819586099
C#CC#CCC1CCO1,0.37596017172108986
C#CC#CCC1COC1,0.6294444216218835
N#CC#CCC1CCC1,0.6691881392762298
N#CC#CCC1CCO1,0.3394976861873147
N#CC#CCC1COC1,0.5370643343103438
N#CC#CCN1CCC1,1.0622495595980581
C#CC#CCCC1CC1,0.41859988972464635
C#CC#CCCC1CO1,0.3394366782340512
N#CC#CCCC1CC1,1.0791231304265239
N#CC#CCCC1CO1,0.26493543246579065
N#CC#CCCN1CC1,1.0897278752145212
C#CC(C#C)C1CCC1,0.7029262195355841
C#CC(C#C)C1COC1,0.5008546154658688
C#CC(C#N)C1CCC1,0.8554184913627978
C#CC(C#N)C1CCO1,0.5867456004580163
C#CC(C#N)C1COC1,0.6737932059622835
C#CC(C#N)N1CCC1,1.0664011483222566
N#CC(C#N)C1CCC1,1.7855065582098177
N#CC(C#N)N1CCC1,1.069078287389857
C#CC(C#C)CC1CC1,0.7128658633064333
C#CC(C#N)CC1CC1,1.030269009179392
C#CC(C#N)CN1CC1,1.1997971678247268
N#CC(C#N)CC1CC1,2.013051297113634
N#CC1(C#N)C2CCC21,1.3188649979729234
N#CC1(C#N)CC2CC21,1.6920722196682618
N#CC1(C#N)CC2OC21,1.9123101264995057
C#CC1(C#C)CC=CC1,0.4058055252953636
C#CC1(C#N)CC=CC1,0.4525201503001881
C#CC1(C#C)CN=CN1,0.6137014572086628
C#CC1(C#N)CN=CN1,0.6629790966781002
C#CC1(C#N)CN=CO1,0.7799898266912351
N#CC1(C#N)CC=CC1,0.5428165791581705
N#CC1(C#N)CN=CN1,0.650200487651091
N#CC1(C#N)CN=CO1,0.8258811708201392
C#CC1(C#C)C=CCC1,1.008641906268167
C#CC1(C#N)C=CCC1,1.0386113710374048
C#CC1(C#C)CNC=N1,0.5063754001530469
C#CC1(C#N)CNC=N1,0.574886138065267
C#CC1(C#C)COC=N1,0.29068974268011516
C#CC1(C#N)COC=N1,0.8319127406812186
C#CC1(C#N)C=CCN1,0.6512875558273663
C#CC1(C#C)C=CCO1,0.17974666483678448
C#CC1(C#N)C=CCO1,0.6711590609065752
N#CC1(C#N)C=CCC1,0.6101161376991513
N#CC1(C#N)CNC=N1,0.4245649549211521
N#CC1(C#N)COC=N1,0.6816969200699532
N#CC1(C#N)C=CCN1,0.5600265645116451
N#CC1(C#N)C=CCO1,0.31447438299437636
C#CC1(C#C)CCCC1,0.36454988789046183
C#CC1(C#N)CCCC1,0.5309380415747
C#CC1(C#N)CCCN1,1.0787630419836205
C#CC1(C#C)CCCO1,0.3670873508472141
C#CC1(C#N)CCCO1,0.5786062628449145
C#CC1(C#N)CCOC1,0.3384983203468437
C#CC1(C#C)COCO1,0.4054683216418198
C#CC1(C#N)COCO1,0.5976165815700369
C#CC1(C#N)OCCO1,0.3553336319491791
N#CC1(C#N)CCCN1,0.765276024603736
N#CC1(C#N)CCCO1,0.5339108052812662
N#CC1(C#N)CCNC1,1.0764647944379249
N#CC1(C#N)CCOC1,0.48400131713242445
N#CC1(C#N)COCO1,0.8006414009487344
N#CC1(C#N)OCCO1,0.8291983492072177
N#CC12CC(C#N)(C1)O2,0.5187862471248081
C#CC12C=CC(C=C1)C2,0.90938797466697
C#CC12C=CC(C=C1)O2,0.3337672376746923
N#CC12C=CC(C=C1)C2,0.886684742561556
N#CC12C=CC(C=C1)O2,0.3804502702441823
C#CC1=C(C#C)CCC1,0.27381943721957214
C#CC1=C(C#N)CCC1,0.2956140262886038
C#CC1=C(C#C)COC1,0.21076725152488507
C#CC1=C(C#N)COC1,0.20709580793663918
N#CC1=C(C#N)CCC1,0.3338670218727202
N#CC1=C(C#N)CNC1,0.9951180042335181
N#CC1=C(C#N)COC1,0.2174082478741184
C#CC1=CC2C=CC1C2,0.5943599213369453
C#CC1=CC2C=CC1O2,0.32401733898950624
N#CC1=CC2C=CC1C2,0.7052714611709234
N#CC1=CC2C=CC1N2,0.8382916912560177
N#CC1=CC2C=CC1O2,0.30573356461718504
N#CC1=CC2COC1O2,0.42665713054520893
N#CC1=CC2OCC1O2,0.5945763608051493
C#CC1=CC=CC=CC1,0.6561186403905594
N#CC1=CC=CC=CC1,0.7437636177419336
C#CC1=CC=CCC=C1,0.7120111532658484
N#CC1=CC=CCC=C1,0.7890052080838359
C#CC1=CC=CCCC1,0.33025661345527624
C#CC1=CC=CCOC1,0.32042989699039026
N#CC1=CC=CCCC1,0.35297263491702324
N#CC1=CC=CCOC1,0.3375324789540173
C#CC1=CCC=CC=C1,0.8004695609633927
N#CC1=CCC=CC=C1,0.8775883800462907
C#CC1=CCC=CCC1,0.933815184956984
C#CC1=CCN=COC1,0.5476868753503368
C#CC1=NCC=CCO1,1.1626965205668967
N#CC1=CCC=CCC1,0.9709374380654481
N#CC1=CCN=COC1,0.9027033584443416
N#CC1=NCC=CCN1,1.1445342723036447
N#CC1=NCC=CCO1,1.0216569007207
C#CC1=CCCC=CC1,0.5981805922365311
C#CC1=CCOC=NC1,0.5142747060144757
C#CC1=NCCN=CN1,0.8998107050974795
N#CC1=CCCC=CC1,0.871106325481378
N#CC1=CCOC=NC1,1.2380666535154887
N#CC1=NCCC=CN1,0.4383012691341719
N#CC1=NCCN=CN1,0.9688352214361657
C#CC1=CCCCC=C1,0.3389209677989129
C#CC1=CCOCC=C1,0.35101657071209047
N#CC1=CCCCC=C1,0.3951012140059902
N#CC1=CCOCC=C1,0.39253286610801297
C#CC1=CCOCOC1,0.39080627563089365
C#CC1=NCCOCO1,1.280820741032585
N#CC1=CCCCCC1,0.49542283926894015
N#CC1=CCCCOC1,0.6680281989702053
N#CC1=CCCOCC1,0.4526187916217168
N#CC1=CCOCCC1,0.7517975383943849
N#CC1=CCOCOC1,0.48953402040751826
N#CC1=NCCCCO1,1.3356203624862246
N#CC1=NCCOCO1,1.1728945365684922
C#CC1C(C#C)C1C#C,0.6608750568830146
C#CC1C(C#C)C1C#N,1.2488223127202218
C#CC1C(C#N)C1C#N,0.8175851227624662
N#CC1C(C#N)C1C#N,0.9446631452228758
C#CC1C2C=CC1C=C2,0.8641220301215071
N#CC1C2C=CC1C=C2,0.9254416660442075
N#CC1C2OC1C2C#N,0.4781550024763419
C#CC1C(C#N)C2OC12,0.49208307541994145
N#CC1C(C#N)C2OC12,1.6115783163422748
N#CC1C2CCC12C#N,1.5423707761347032
C#CC1C=CC=CC=C1,0.8078432242309646
N#CC1C=CC=CC=C1,0.8141072338585218
C#CC1C=CCCC=C1,1.2462539104017196
C#CC1C=CCOC=N1,1.0563004130690388
N#CC1C=CCCC=C1,1.3414113563630963
N#CC1C=CCNC=N1,1.0873750143855432
N#CC1C=CCOC=N1,1.1273011300490907
C#CC1C=CC(C#C)C1,0.37979009449372825
C#CC1C=CC(C#N)C1,0.866019154436799
C#CC1C=CC(C#N)N1,0.6635099910672579
C#CC1C=CC(C#C)O1,0.6138877464472898
C#CC1C=CC(C#N)O1,0.6739318208292389
N#CC1C=CC(C#N)C1,0.4865283581202675
N#CC1C=CC(C#N)N1,0.6015666154598875
N#CC1C=CC(C#N)O1,0.5298334492563299
N#CC1CC2(C#N)CC12,1.4879759786654176
N#CC1CC2CC12C#N,1.5521399132758233
C#CC1=CCC(C#N)C1,0.3998045410535269
C#CC1=NCC(C#N)N1,0.7119628802447551
C#CC1=NCC(C#N)O1,0.5867240762399888
C#CC1=CCC(C#C)C1,0.3507565930067358
C#CC1CC=C(C#N)C1,0.302080951318203
C#CC1=NCC(C#C)N1,0.7440791067037935
C#CC1CN=C(C#N)N1,0.6741906284460129
C#CC1=NCC(C#C)O1,0.5835052126403752
C#CC1CN=C(C#N)O1,0.5501013155717374
N#CC1=CCC(C#N)C1,0.43457453198789153
N#CC1=NCC(C#N)N1,0.6415324597655854
N#CC1=NCC(C#N)O1,0.605281025844306
C#CC1C=CCC1C#N,0.5283726597190253
C#CC1C=CCC1C#C,0.8686263874205906
C#CC1CC=CC1C#N,0.41317026322576567
C#CC1N=CNC1C#N,0.595497303393131
C#CC1N=COC1C#N,0.4520754071963893
C#CC1N=CNC1C#C,0.7422849503182078
C#CC1NC=NC1C#N,0.679752992149588
N#CC1C=CCC1C#N,0.6136720961094397
N#CC1N=CNC1C#N,0.6108020282226789
C#CC1CC=CC=CC1,0.4358125690068846
N#CC1CC=CC=CC1,0.5282641406629409
C#CC1C=CCC=CC1,0.944149557277342
C#CC1CN=CNC=N1,1.0760819844763319
C#CC1C=CCN=CO1,1.042142376592892
N#CC1C=CCC=CC1,1.0816984172288358
N#CC1CN=CNC=N1,0.9049408701503125
N#CC1C=CCN=CO1,1.0853791671142972
C#CC1=CC(C#N)CC1,0.32570420082447527
C#CC1=CC(C#N)NC1,0.4531120254432608
C#CC1=CC(C#N)OC1,0.26015079775606864
C#CC1=NC(C#N)CN1,0.619963371558697
C#CC1=CC(C#C)CC1,0.3281658800333389
C#CC1C=C(C#N)CC1,0.3629413132512127
C#CC1=NC(C#C)CN1,0.6440719091551728
C#CC1CNC(C#N)=N1,0.5682675911193655
C#CC1=NC(C#C)CO1,0.47663881053631485
C#CC1COC(C#N)=N1,0.4695451797779242
C#CC1C=C(C#N)CN1,0.6245049540520995
C#CC1=CC(C#C)OC1,0.4198331647494342
C#CC1C=C(C#N)CO1,0.557107543316306
N#CC1=CC(C#N)CC1,0.39616545181888796
N#CC1=NC(C#N)CN1,0.5312172305293643
N#CC1=CC(C#N)NC1,0.587621399330601
N#CC1=CC(C#N)OC1,0.3277586614494794
C#CC1CC(C#N)CO1,0.6211500062472624
C#CC1CCC(C#C)C1,0.3801179102192691
C#CC1CCC(C#N)C1,0.4577289290864428
C#CC1CCC(C#N)N1,0.8188385614339495
C#CC1CCC(C#C)O1,0.4664886049595225
C#CC1CCC(C#N)O1,0.580633648127332
C#CC1CNC(C#N)C1,0.7354626988435484
C#CC1COC(C#C)C1,0.4394214535877836
C#CC1COC(C#N)C1,0.506262037464694
C#CC1COC(C#C)O1,0.4910433822860796
C#CC1COC(C#N)O1,0.26440867420205905
C#CC1OCC(C#N)O1,0.8260509971623833
N#CC1CCC(C#N)C1,0.4204984834559582
N#CC1CCC(C#N)N1,0.8486830986694258
N#CC1CCC(C#N)O1,0.6167191197237116
N#CC1CNC(C#N)C1,0.8854323651339655
N#CC1COC(C#N)C1,0.5768662299360585
N#CC1COC(C#N)O1,0.5990223768640135
C#CC1=CCCC1C#N,0.32531526829734503
C#CC1=CCNC1C#N,0.43096259973026463
C#CC1=CCOC1C#N,0.27835832578239206
C#CC1=CCCC1C#C,0.3327810965729441
C#CC1CCC=C1C#N,0.35451856891813804
C#CC1NCC=C1C#N,0.602032610669994
C#CC1=CCOC1C#C,0.3092780398183095
C#CC1OCC=C1C#N,0.4671078547689831
N#CC1=CCCC1C#N,0.4554916350716667
N#CC1=CCNC1C#N,0.5740700137866952
N#CC1=CCOC1C#N,0.3099973459411558
C#CC1C=CC=CCC1,0.49843274653358094
C#CC1C=CC=CCO1,0.5097598451138765
N#CC1C=CC=CCC1,0.4357226897554938
N#CC1C=CC=CCN1,1.1737700361227326
N#CC1C=CC=CCO1,0.5416240395970817
C#CC1OCC=CCO1,0.6285647043041536
N#CC1CCC=CCO1,0.7153404135096935
N#CC1CCN=COC1,1.4807121406029182
N#CC1OCC=CCO1,0.6418039478940045
C#CC1CCCC1C#C,0.46583683753306104
C#CC1CCCC1C#N,0.4715975451235863
C#CC1CCNC1C#N,0.7449489734935923
C#CC1CCOC1C#N,0.32558349105966045
C#CC1COCC1C#C,0.26553821937523026
C#CC1COCC1C#N,0.3486078176720184
C#CC1OCCC1C#N,0.4268874750378018
C#CC1OCOC1C#C,0.5507653553395357
C#CC1OCOC1C#N,0.6288886287948117
N#CC1CCCC1C#N,0.43406796458293684
N#CC1CCNC1C#N,0.9649562092981796
N#CC1CCOC1C#N,0.565414285454608
N#CC1CNCC1C#N,1.1499793548773596
N#CC1COCC1C#N,0.47804351737613615
N#CC1OCOC1C#N,0.5419737604952388
N#CC1CC=CCCO1,0.6532161093073228
N#CC1CCOC=NC1,1.2694646350973926
N#CC1CN=COCO1,1.239233206193603
N#CC1CC=CCOC1,0.9194930093181028
N#CC1OC=NCCO1,1.2659470719736419
C#CC1C=CCOCO1,0.7683108303008339
N#CC1C=CCOCC1,0.913039907682105
N#CC1C=CCCOC1,0.5388694568846404
N#CC1COCOC=N1,1.3324707791107357
N#CC1C=CCCCO1,0.9219866891344282
N#CC1C=CCOCO1,0.5648722615987936
C#CCC#CC1CCC1,0.5050658515738178
C#CCC#CC1CCO1,0.32385905028240813
C#CCC#CC1COC1,0.19889878216235957
N#CCC#CC1CCC1,0.9941236180820852
N#CCC#CC1CCO1,0.4087679758831655
N#CCC#CC1COC1,0.3621310938433453
C#CCC#CCC1CC1,0.3818997670459794
C#CCC#CCC1CO1,0.3009285757852922
N#CCC#CCC1CC1,0.9722836131841177
N#CCC#CCC1CN1,1.0039124018549046
N#CCC#CCC1CO1,0.3696229362140002
N#CCC#CCN1CC1,1.1908666315757728
C#CC(CC#N)C1CC1,1.3932430577406194
C#CC(CC#N)C1CN1,1.040495678782463
C#CC(CC#N)C1CO1,0.5128935914544854
C#CC(CC#N)N1CC1,1.2649856660355
C#CCC(C#C)C1CC1,0.5851615432875406
C#CCC(C#C)C1CO1,0.9314108401631529
C#CCC(C#N)C1CC1,0.8572459000715753
C#CCC(C#N)C1CN1,0.9119174374718568
C#CCC(C#N)C1CO1,1.3393418206233036
C#CCC(C#N)N1CC1,1.06542001411799
N#CCC(C#N)C1CC1,2.020642488305384
N#CCC(C#N)C1CN1,1.4310309560896712
N#CCC(C#N)C1CO1,0.9150397550274647
N#CCC(C#N)N1CC1,1.2478131507741637
C#CCC1(CC#C)CC1,1.101011707669386
C#CCC1(CC#C)CO1,0.863284109513188
C#CCC1(CC#N)CC1,1.5500951943358814
C#CCC1(CC#N)CN1,1.192938072112156
C#CCC1(CC#N)CO1,0.9822987685856788
N#CCC1(CC#N)CC1,2.1831881747548323
N#CCC1(CC#N)CN1,1.2808183464276226
N#CCC1(CC#N)CO1,0.4353280428349535
C#CC1(CC#N)CCC1,1.511566139108254
C#CC1(CC#N)CCN1,0.8817074511480314
C#CC1(CC#N)CCO1,0.4197183598571428
C#CCC1(C#C)CCC1,0.9081380734769482
C#CCC1(C#N)CCC1,0.6580894803901174
C#CCC1(C#N)CCN1,0.9173659486823453
C#CCC1(C#C)CCO1,0.6139032297342055
C#CCC1(C#N)CCO1,0.5952202913504152
C#CCC1(C#C)COC1,0.6777718662451662
C#CCC1(C#N)COC1,0.4081214330435614
N#CCC1(C#N)CCN1,0.9260862768751394
N#CCC1(C#N)CCO1,0.5276751499332022
N#CCC1(C#N)CNC1,1.0071734431203367
N#CCC1(C#N)COC1,0.4506610947319132
N#CCC1=CCCCC1,0.5981674763406772
N#CCC1=CCCOC1,0.7558856973446382
N#CCC1=CCOCC1,0.5866187137035013
N#CCC1=NCCCO1,1.2187959489165223
C#CC1CC(CC#N)C1,1.0946176275574544
C#CC1CC(CC#N)N1,1.0282681005846825
C#CC1CC(CC#N)O1,0.6907535539430683
C#CC1CN(CC#N)C1,0.9922837737576629
C#CCC1CC(C#C)C1,0.3680716687813401
C#CCC1CC(C#N)C1,0.6674546915273822
C#CCC1CC(C#N)N1,0.9573663786741236
C#CCC1CC(C#C)O1,0.6827878794811113
C#CCC1CC(C#N)O1,0.557665268153869
C#CCN1CC(C#N)C1,1.118225448197336
N#CCC1CC(C#N)C1,1.4325780329691042
N#CCC1CC(C#N)N1,1.0547361657991132
N#CCC1CC(C#N)O1,0.6657244547222945
N#CCN1CC(C#N)C1,1.1063448969689489
C#CCC1CC1CC#C,1.1259840983384493
C#CCC1CC1CC#N,1.48457806406077
C#CCC1CN1CC#N,0.9374705738173361
C#CCC1NC1CC#N,1.1834194158964237
C#CCC1OC1CC#C,0.455337047114881
C#CCC1OC1CC#N,0.4722909459924267
C#CCN1CC1CC#N,1.3483814201608766
N#CCC1CC1CC#N,2.126422665782229
N#CCC1CN1CC#N,1.290278797461724
N#CCC1NC1CC#N,1.3597741526355094
N#CCC1OC1CC#N,0.5368193500871712
C#CC1CCC1CC#N,1.3845865130660968
C#CC1CCN1CC#N,1.1442001979576162
C#CC1CNC1CC#N,0.8996549470502941
C#CC1OCC1CC#N,0.6197846198792831
C#CCC1CCC1C#C,0.7045595293402585
C#CCC1CCC1C#N,1.0041390728056285
C#CCC1CNC1C#N,1.0634190511045745
C#CCC1COC1C#C,0.6146596249927825
C#CCC1COC1C#N,0.7652614937160251
C#CCC1NCC1C#N,0.8472731944566476
C#CCC1OCC1C#C,0.4599589576591825
C#CCC1OCC1C#N,0.4868595752705005
C#CCN1CCC1C#N,1.1322716458253126
N#CCC1CNC1C#N,1.0971114706389926
N#CCC1COC1C#N,0.6541667667424917
N#CCC1NCC1C#N,1.0021550080709858
N#CCC1OCC1C#N,0.4023834741819883
N#CCN1CCC1C#N,1.1170017787972029
N#CCC1CC=CCO1,1.012629410255613
N#CCC1CC=CCC1,1.218091745120546
N#CCC1CCN=CO1,1.1720951473034802
N#CCC1CN=COC1,1.123484649704551
N#CCC1C=CCCC1,0.7116492688692233
N#CCC1CCOC=N1,1.2589892260930355
N#CCC1C=CCOC1,0.7069346763000794
N#CCC1C=CCCO1,0.5768235352516058
C#CCN=C1CN=CN1,0.6763337710199266
N#CCN=C1CN=CN1,0.5872417186837993
C#CCN=C1C=CCO1,0.9369647139083099
N#CCN=C1C=CCO1,1.253600335057854
C#CCN=C1COCO1,1.133483396630254
N#CCN=C1CCCO1,1.6595171277640475
N#CCN=C1COCO1,1.6018574250083475
C#CCCC#CC1CC1,0.6063565291788109
C#CCCC#CC1CO1,0.36540070670343994
N#CCCC#CC1CC1,1.1669708871213516
N#CCCC#CC1CN1,1.302626894947025
N#CCCC#CC1CO1,1.0376763601543644
C#CC1(CCC#N)CC1,1.2337356872521923
C#CC1(CCC#N)CN1,1.2308931300885888
C#CC1(CCC#N)CO1,1.088011298528727
C#CCCC1(C#C)CC1,0.8325391742946522
C#CCCC1(C#N)CC1,0.9525566822703695
C#CCCC1(C#C)CO1,0.800285720750253
C#CCCC1(C#N)CO1,1.414559406473927
N#CCCC1(C#N)CC1,1.460619706174839
N#CCCC1(C#N)CN1,1.3887704561420833
N#CCCC1(C#N)CO1,1.0437604208018456
N#CCCC1=CCCC1,0.7546577557568526
N#CCCC1=CCOC1,0.6361435143062408
N#CCCC1=NCCO1,0.9855877559602959
N#CCOC1=NCCC1,1.4044965494886128
C#CC1CC1CCC#N,1.4644876432757883
C#CC1CN1CCC#N,1.1160699244355783
C#CC1NC1CCC#N,1.177537563156875
C#CC1OC1CCC#N,1.2445157822912734
C#CCCC1CC1C#C,0.8971752811030456
C#CCCC1CC1C#N,0.7584851478677592
C#CCCC1NC1C#N,0.6520787816753
C#CCCC1OC1C#C,0.7210675422338682
C#CCCC1OC1C#N,1.3168106189841637
C#CCCN1CC1C#N,1.1233458987826452
N#CCCC1CC1C#N,1.8528810297320888
N#CCCN1CC1C#N,1.125966601406617
C#CCOC1CN=CO1,0.8905705847610079
N#CCCC1CN=CO1,0.8449981582307373
N#CCOC1CC=CC1,0.6478388919640565
N#CCOC1CN=CO1,1.2852161711016379
C#CCOC1C=CCO1,0.5324698256463307
N#CCCC1COC=N1,1.2737223754902516
N#CCCC1C=CCO1,0.7520063858810317
N#CCOC1C=CCC1,0.69110234965774
N#CCOC1C=CCO1,0.8598458131909865
C1#CC=CCC=CC=C1,0.3624243238809868
C1#CCC=CC=CC=C1,0.3752226339584013
C1#CCCC=CCC=C1,0.3773030542597553
C1#CC=CCCCC=C1,0.3283045493262762
C1#CC=CCOCC=C1,0.3830462649202673
C1#CCC=CCCC=C1,0.574183539743899
C1#CCN=COCC=C1,0.2716505798744038
C1=CC=CCOCC=C1,0.6193957417781348
C#CC(=O)C#CC1CC1,1.052699637484693
C#CC(=O)C#CC1CN1,0.8653606385814783
C#CC(=O)C#CC1CO1,0.7549332439557475
N#CC(=O)C#CC1CC1,1.0861834272218402
N#CC(=O)C#CC1CN1,1.0011564041506062
N#CC(=O)C#CC1CO1,0.9167185350761429
C#CC(=O)C(=N)N1CC1,1.0698303016124555
N#CC(=O)C(=N)N1CC1,1.0648022065179248
C#CC(=O)C(=O)C1CN1,1.8188348620133183
C#CC(=O)C(=O)C1CO1,1.2339378135238803
C#CC(=O)C(=O)N1CC1,1.0695314932399924
N#CC(=O)C(=O)C1CN1,1.724382463400616
N#CC(=O)C(=O)C1CO1,0.9110520877729869
N#CC(=O)C(=O)N1CC1,0.8131371474828484
C#CC(=O)C1(C#C)CC1,0.8186177137213235
C#CC(=O)C1(C#N)CC1,0.5084120645242365
C#CC(=O)C1(C#C)CN1,1.0786682918951556
C#CC(=O)C1(C#N)CN1,1.2782242293396848
C#CC(=O)C1(C#C)CO1,0.9481258773794252
C#CC1(C(=O)C#N)CC1,1.0190949747120612
N#CC(=O)C1(C#N)CC1,0.15636758321124944
N#CC(=O)C1(C#N)CN1,1.296320353902047
C#CC1(C(=O)C#N)CO1,0.4819438904632989
N#CC(=O)C1(C#N)CO1,0.7052686583992909
C#CC(=O)C1=CCCC1,0.8851480060147878
C#CC(=O)C1=CCOC1,0.29515826256647415
C#CC(=O)C1=CNCC1,0.5632524758639192
C#CC(=O)C1=NCCN1,0.5746041463371512
C#CC(=O)C1=NCCO1,0.7409725173347397
N#CC(=O)C1=CCCC1,0.7353561934269237
N#CC(=O)C1=CCOC1,0.31838272902132303
N#CC(=O)C1=CNCC1,0.46557530877726094
N#CC(=O)C1=NCCN1,0.552057597467865
N#CC(=O)C1=NCCO1,0.5296723305618798
C#CC(=N)N1CC(=O)C1,0.4438573197930964
N#CC(=N)N1CC(=O)C1,0.3542686050077464
C#CC(=O)C1CC(=N)O1,0.4717393437258579
N#CC(=O)C1CC(=N)O1,1.415048340886642
C#CC(=O)C1CC(=O)C1,0.327620209849556
C#CC(=O)C1CC(=O)N1,0.8600472591806465
C#CC(=O)C1CC(=O)O1,1.3503393619521376
C#CC(=O)N1CC(=O)C1,0.5110880334959802
N#CC(=O)C1CC(=O)C1,0.4379557115807984
N#CC(=O)C1CC(=O)N1,0.682899473427824
N#CC(=O)C1CC(=O)O1,0.45445074463714263
N#CC(=O)N1CC(=O)C1,0.5755373612664698
C#CC(=O)C1CC1C#C,0.5940079691044957
C#CC(=O)C1CC1C#N,0.5216609409471857
C#CC(=O)C1NC1C#C,1.1531558231145027
C#CC(=O)C1NC1C#N,1.3689052913177875
C#CC(=O)C1OC1C#C,0.5164540941732412
C#CC(=O)C1OC1C#N,0.7421611656664027
C#CC(=O)N1CC1C#C,0.9077338753559161
C#CC(=O)N1CC1C#N,0.8240711774051306
C#CC1CC1C(=O)C#N,0.6560090600905824
N#CC(=O)C1CC1C#N,0.6641230911009188
N#CC(=O)C1NC1C#N,1.3466878915314737
C#CC1OC1C(=O)C#N,0.455582902104652
N#CC(=O)C1OC1C#N,0.5654253877091833
C#CC1CN1C(=O)C#N,0.7381054154921003
N#CC(=O)N1CC1C#N,0.8133074908382696
N#CC(=N)N1CC=CC1,0.1960014212418173
C#CC(=O)C1CC=CC1,1.2374477846697118
C#CC(=O)C1CN=CO1,0.8561116473301809
C#CC(=O)N1CC=CC1,0.41850693558626517
N#CC(=O)C1CC=CC1,1.0620572294319572
N#CC(=O)C1CN=CO1,0.7863708453369327
N#CC(=O)N1CC=CC1,0.385598177130305
C#CC(=N)N1CCC1=O,1.6597798266102473
N#CC(=N)N1CCC1=N,2.0741434729516186
N#CC(=N)N1CCC1=O,1.6336892651361268
C#CC(=O)N1CCC1=N,1.8503943704599806
N#CC(=O)N1CCC1=N,1.7291417915057536
C#CC(=O)C1COC1=N,1.3497655279679748
N#CC(=O)C1COC1=N,1.5421013288596441
C#CC(=O)C1CNC1=O,0.4396286683877406
C#CC(=O)C1COC1=O,0.5668112098373967
C#CC(=O)N1CCC1=O,1.1011902144455235
N#CC(=O)N1CCC1=O,1.300874752965683
C#CC(=N)N1C=NCC1,0.2653371815576975
N#CC(=N)N1C=CCC1,0.38242140956754156
N#CC(=N)N1C=NCC1,0.30837007706759323
C#CC(=O)C1C=CCC1,0.6824950031932531
C#CC(=O)C1COC=N1,1.0304608223286778
C#CC(=O)N1C=CCC1,0.5981561564003641
C#CC(=O)N1C=NCC1,0.6015178254219791
N#CC(=O)C1C=CCC1,0.5660070857848041
N#CC(=O)C1COC=N1,0.7375369149413018
N#CC(=O)C1C=CCN1,0.6984303521985566
N#CC(=O)N1C=CCC1,0.5774643909098813
N#CC(=O)N1C=NCC1,0.5938206186219759
C#CC(=O)C1CCCC1,1.167555170279229
C#CC(=O)C1CCOC1,1.0301726808229432
C#CC(=O)N1CCCC1,0.518790818638081
N#CC(=O)C1CCCN1,0.8913200683236937
N#CC(=O)C1CCCO1,0.9934838780864084
N#CC(=O)C1CCOC1,0.7641521938257938
N#CC(=O)C1COCO1,0.7017863068231236
N#CC(=O)N1CCCC1,0.47974316857107624
C#CC#CC(=O)C1CC1,0.7333819792183931
C#CC#CC(=O)C1CN1,1.1983234256658761
C#CC#CC(=O)C1CO1,0.7436793440374458
C#CC#CC(=O)N1CC1,0.7911524595783703
N#CC#CC(=O)C1CC1,0.6186767349809088
N#CC#CC(=O)C1CN1,1.3895479674447415
N#CC#CC(=O)C1CO1,0.8069678335232311
N#CC#CC(=O)N1CC1,0.8233547829022427
C#CCC(=O)C1CCO1,0.6989780632356997
C#CCC(=O)C1COC1,0.4813254569980927
N#CCC(=O)C1CCC1,0.453999225896041
N#CCC(=O)C1CCO1,0.6621442781652149
N#CCC(=O)C1COC1,0.574552145353664
N#CCC(=O)N1CCC1,0.4751696671046375
C#CCC(=O)CC1CO1,0.8400387447072717
N#CCC(=O)CC1CC1,1.0363201984509942
N#CCC(=O)CC1CO1,1.3093370898823196
N#CCC(=O)OC1CC1,2.6089053419491393
N#CC(=O)CC1CCC1,1.3156819717860344
C#CC(=O)CC1CCO1,1.2301801642261125
N#CC(=O)CC1CCO1,1.0063215902755474
C#CC(=O)CC1COC1,1.5347472033809026
N#CC(=O)CC1COC1,1.1915281678993779
C#CC(=O)OC1COC1,1.457472218076873
N#CC(=O)OC1COC1,1.1824704999889946
C#CCCC(=O)C1CC1,1.3412743741810118
C#CCCC(=O)C1CO1,1.0600411640916718
N#CCCC(=O)C1CC1,0.7289777054429578
N#CCCC(=O)C1CO1,0.6193404210007429
C#CCNC(=O)C1CO1,0.5198012323053263
N#CCNC(=O)C1CC1,1.3188769982007216
N#CCNC(=O)C1CO1,0.9300262425495021
C#CCOC(=O)C1CC1,0.5747945717084804
C#CCOC(=O)C1CN1,0.9794929740219231
N#CCOC(=O)C1CC1,1.1981888652990165
N#CCOC(=O)C1CN1,1.3098843655407109
N#CCOC(=O)C1CO1,0.845911236723623
N#CCOC(=O)N1CC1,1.3761220264495932
C#CC(=O)CCC1CO1,1.4144906432666176
N#CC(=O)OCC1CN1,1.8394471157935186
N#CC(=O)OCC1CO1,1.3208724917221843
C#CC1CC(C#C)C1=O,0.4155446482636762
C#CC1CC(C#N)C1=O,1.1513012302166317
N#CC1CC(C#N)C1=O,0.41426443357704557
C#CC1NC(C#C)C1=O,0.7603828436240292
C#CC1NC(C#N)C1=O,0.9065994593438518
N#CC1NC(C#N)C1=O,0.8766283891000057
C#CC1OC(C#C)C1=O,0.4624089359676873
N#CC1OC(C#N)C1=O,0.5249561325199466
O=C1C(=O)C2C=CC1C2,0.47213137835206
O=C1C(=O)C2C=CC1N2,1.2366042585126706
O=C1C(=O)C2C=CC1O2,0.6778207379175001
N#CC12C=CC(N1)C2=O,1.2579743769674678
O=C1C=CC2CC1C2=O,0.2533389682430425
C#CC1=CC2NC1C2=O,0.7041994136870926
N#CC1=CC2NC1C2=O,0.9812002988310269
O=C1C2C=CC=CC1O2,0.5718621625092055
N#CC1=CC2CN2C1=N,0.6680391923764546
C#CC1=CC2CC2C1=O,0.5247246995713795
N#CC1=CC2CC2C1=O,0.5057617558941274
C#CC1=CC2NC2C1=O,0.7594365400109382
N#CC1=CC2NC2C1=O,1.0744153951327462
C#CC1=CC2OC2C1=O,0.40034890509195975
N#CC1=CC2OC2C1=O,0.5949213469193637
C#CC1=CC2CN2C1=O,0.5060488089420687
N#CC1=CC2CN2C1=O,0.7328875753100874
N#CC1CC2OC2C1=O,0.42436174019167083
O=C1C2C=CCC1C=C2,0.415233839665234
O=C1C2C=CC1OC=N2,0.7245201517525857
C#CC1=CC(=O)C2CC12,0.307273512111351
C#CC1=CC(=O)N2CC12,0.40217443621622806
C#CC1=CC(=O)C2NC12,1.0068932201338612
C#CC1=CC(=O)C2OC12,0.5738071516716445
N#CC1=CC(=O)C2CC12,0.30263075763650704
N#CC1=CC(=O)C2NC12,1.1513505372731743
N#CC1=CC(=O)C2OC12,0.6557795863609499
O=C1C=CC(=O)C12CC2,0.2681543232756667
O=C1C=CC(=O)C12CN2,0.9277922683249926
O=C1C=CC(=O)C12CO2,0.5453226673726022
C#CC1C(=O)C=CC1=O,0.4045063714729622
O=C1C=CC(=O)C2CC12,0.13466722722114355
O=C1C=CC(=O)C2NC12,0.7338493077841122
O=C1C=CC(=O)C2OC12,0.020554021388306865
C#CC1C=CC(=O)C1=O,0.550990747360629
N#CC1C=CC(=O)C1=O,0.7081384541706939
C#CC12C=CC(=O)C1C2,0.5055730992662575
N#CC12C=CC(=O)C1C2,0.3693678021427331
C#CC12C=CC(=O)C1N2,1.2275611214936362
N#CC12C=CC(=O)C1N2,1.1522975211719313
C#CC12C=CC(=O)C1O2,0.5214037388032011
N#CC12C=CC(=O)C1O2,0.5693262778113422
O=C1C=CC2(CC2)C1=O,1.1107929538848111
O=C1C=CC2(CN2)C1=O,0.9189019233126601
O=C1C=CC2(CO2)C1=O,0.7154622117323015
O=C1C=CC2=CCCC12,0.32878632714528067
O=C1C=CC2=CCCN12,0.3828066141322779
O=C1C=CC2=NCCN12,0.44093236651679035
N#CC1C2C=CC(=O)C12,0.3530005266002263
O=C1C=CC2C=CCC12,0.216284743626602
O=C1C=CC2C=CCN12,0.556143878835428
O=C1C=CC2N=COC12,0.648188014210973
C#CC12CC1C=CC2=O,0.5455653930512199
N#CC12CC1C=CC2=O,0.29627017475650064
C#CC12NC1C=CC2=O,1.1790211558418378
N#CC12NC1C=CC2=O,1.215691373192385
C#CC12OC1C=CC2=O,0.6320778047593194
N#CC12OC1C=CC2=O,0.7020330053655925
C#CC12CN1C=CC2=O,0.4464383209888183
N#CC12CN1C=CC2=O,0.5231275265086879
O=C1C=CC2C=CC1C2,0.5418634454817948
O=C1C=CC2C=CC1O2,1.308941572198819
O=C1C=CC2CC2C1=O,0.9525181237149809
O=C1C=CC2CN2C1=O,0.8542021146167826
O=C1C=CC2NC2C1=O,1.0240436941585358
O=C1C=CC2OC2C1=O,1.0208013471219601
O=C1C=CC2CC=CC12,0.7713093632009986
O=C1C=CC2CC=CN12,0.7431424631395203
O=C1C=CC2OC=NC12,1.0121001213337877
O=C1C=CC2CCC=C12,0.33025661345345725
O=C1C=CC2OCC=C12,0.3427080870424106
O=C1C=CC=CC2CC12,0.8491445223644405
O=C1C=CC=CC2OC12,0.8266360150300898
C#CCC1CC=CC1=O,0.9455944009314408
N#CCC1CC=CC1=O,0.5289018397998007
C#CCN1CC=CC1=O,0.6224783851121174
N#CCN1CC=CC1=O,0.6606797334588919
O=C1C=CCC=CC1=O,1.1946094506638474
O=C1C=CC=CCC=C1,0.7293313719965226
C#CC1CCC=CC1=O,0.489251212340605
N#CC1CCC=CC1=O,0.3500816414671135
C#CC1NCC=CC1=O,1.4826707082575012
N#CC1NCC=CC1=O,1.3573101060355839
C#CC1OCC=CC1=O,1.068210107705454
N#CC1OCC=CC1=O,0.9584534196419554
C#CC1CNC=CC1=O,0.5219216533623694
N#CC1CNC=CC1=O,0.4392558722247486
O=C1C=CCOCC=C1,0.7609807869048382
N=C1C=CC(=O)C(=N)N1,0.2616456559590006
N=C1C=CC(=O)C(=O)N1,0.7473785160400439
N=C1NC(=O)C=CC1=O,1.1291054362827708
N=C1C=CC(=O)C(=O)O1,0.9577652977859543
N=C1OC(=O)C=CC1=O,1.3257152227688493
O=C1C=CC(=O)C(=O)N1,0.8257828016157873
N#CC1=CC(=N)NC1=N,0.3099019971978123
C#CC1=CC(=N)NC1=O,0.5338902334624436
N#CC1=CC(=N)NC1=O,1.3018941191839986
C#CC1=CC(=O)NC1=N,1.016058563543993
N#CC1=CC(=O)NC1=N,1.3343941080001969
C#CC1=CC(=N)OC1=O,0.3292510162045801
N#CC1=CC(=N)OC1=O,1.4181682094149437
C#CC1=CC(=O)OC1=N,0.21581458507898788
N#CC1=CC(=O)OC1=N,1.578471023520251
C#CC1=CC(=O)CC1=O,0.3563146300984954
C#CC1=CC(=O)NC1=O,0.2632339036845224
N=C1CC(=N)NC(=O)N1,0.8270305803162046
N=C1CC(=N)OC(=O)N1,1.2160080594530882
N=C1CC(=O)CC(=O)N1,0.6451085001881438
N=C1CC(=O)NC(=O)N1,1.0104144023734989
O=C1CC(=O)NC(=O)C1,0.2103390529500757
C#CC1=CC(=O)C(=N)N1,0.34714340902428376
N#CC1=CC(=O)C(=N)N1,0.29591849463213293
C#CC1=CC(=O)C(=O)C1,0.8760249763290631
N#CC1=CC(=O)C(=O)C1,0.9682768435286562
C#CC1=CC(=O)C(=O)N1,0.9518383013364655
N#CC1NC(=N)CC1=O,1.0297977893787902
C#CC1OC(=N)CC1=O,0.5078718366203248
C#CC1CC(=N)NC1=O,0.9240568235236424
C#CC1CC(=N)OC1=O,0.7381613077031943
N#CC1CC(=N)NC1=O,1.6385876434924285
C#CC1OC(=N)NC1=N,0.5073905213939724
C#CC1OC(=N)NC1=O,0.8464564443147538
C#CC1CC(=O)NC1=N,0.9425032948511216
N#CC1CC(=O)NC1=N,1.4102648218449758
C#CC1NC(=O)NC1=N,0.7672385651221703
C#CC1OC(=O)NC1=N,1.1502215091168182
C#CC1NC(=N)NC1=O,0.6230662057532754
C#CC1CC(=O)OC1=N,1.1860173697914433
N#CC1CC(=O)OC1=N,1.9297702390340419
C#CC1NC(=O)OC1=N,0.9665216538705863
C#CC1OC(=O)OC1=N,1.0967955735086434
C#CC1NC(=O)CC1=O,0.2518236470677948
C#CC1CC(=O)CC1=O,0.25501543532482174
C#CC1CC(=O)NC1=O,0.22059355981764384
C#CC1OC(=O)C12CO2,0.5906838518112636
N#CC1OC(=O)C12CC2,0.9036471313957009
N#CC1OC(=O)C12CO2,1.140722145781183
C#CC1NC(=N)C1C#N,0.8495327746059047
C#CC1C(=N)NC1C#N,0.8961450303268066
N#CC1NC(=N)C1C#N,1.1469460730186256
C#CC1OC(=N)C1C#C,0.8949028299630299
C#CC1OC(=N)C1C#N,1.049323927383739
C#CC1C(=N)OC1C#N,1.3077088141890272
N#CC1OC(=N)C1C#N,1.3757808227164787
C#CC1CC(=O)C1C#N,0.2707803593348217
C#CC1NC(=O)C1C#C,0.5045560460148408
C#CC1OC(=O)C1C#C,0.5187001774684177
C#CC1OC(=O)C1C#N,0.29278395916117006
C#CC1C(=O)OC1C#N,1.020985187333281
N#CC1CC(=O)C2OC12,0.5147813006315118
C#CC1OC(=O)C2CC12,0.39121605209038535
C#CC1OC(=O)C2OC12,0.3641772822011262
N#CC1OC(=O)C2CC12,0.7153923056484928
N#CC1OC(=O)C2OC12,0.6641961264976999
C#CC1(C#C)CC(=N)N1,0.9661965048635466
C#CC1(C#N)CC(=N)N1,1.137420559531165
N#CC1(C#N)CC(=N)N1,1.322377173242785
C#CC1(C#C)CC(=N)O1,1.4904949650808703
C#CC1(C#N)CC(=N)O1,1.395628191281503
N#CC1(C#N)CC(=N)O1,1.734097177743024
C#CC1(C#C)CC(=O)C1,0.10288665336702252
C#CC1(C#N)CC(=O)C1,0.1421062522676948
N#CC1(C#N)CC(=O)C1,0.19728065631898062
C#CC1(C#C)CC(=O)N1,0.4927835784674244
C#CC1(C#C)CC(=O)O1,0.2567485565396055
C#CC1(C#N)CC(=O)O1,0.2805725989564962
N#CC1(C#N)CC(=O)O1,0.45477132212909055
C#CC#CC1CC(=N)O1,0.4577851206249761
N#CC#CC1CC(=N)O1,1.0501075884621969
C#CC#CC1CC(=O)C1,0.1345994980474643
N#CC#CC1CC(=O)C1,0.10262202251396957
C#CC#CC1CC(=O)N1,0.1653405964570993
N#CC#CC1CC(=O)N1,0.20236224902691902
C#CC#CC1CC(=O)O1,0.16712068454398832
N#CC#CC1CC(=O)O1,0.1961124165354704
C#CCC1C=CC(=N)O1,0.2976663372137409
N#CCC1C=CC(=N)O1,1.505769294777565
C#CCC1C=CC(=O)C1,0.19944899664733384
N#CCC1C=CC(=O)C1,0.31525382630752574
C#CCC1C=CC(=O)N1,0.2821293630913715
N#CCC1C=CC(=O)N1,0.5479456285429478
C#CCC1C=CC(=O)O1,0.4457544985325512
C#CC1CC(=O)C(=N)N1,0.9744187556098041
N#CC1CC(=O)C(=N)N1,1.164758682018146
C#CC1CC(=O)C(=N)O1,1.2200526529559284
N#CC1CC(=O)C(=N)O1,1.359529685425514
C#CC1OC(=N)C(=N)O1,1.4375025342687877
C#CC1OC(=N)C(=O)O1,1.3751107964380935
C#CC1CC(=O)C(=O)C1,1.130689520663509
N#CC1CC(=O)C(=O)C1,1.2693527146166161
C#CC1CC(=O)C(=O)N1,0.6621569586768601
C#CC1CC(=O)C(=O)O1,0.929434231351479
N#CC1CC(=O)C(=O)O1,1.0316665866321273
C#CC1OC(=O)C(=O)O1,0.8970911434589652
C#CC1CC=CC(=N)O1,1.087231719160627
N#CC1CC=CC(=N)O1,1.1940945021488005
C#CC1CC=CC(=O)C1,0.3239242215804552
N#CC1CC=CC(=O)C1,0.3433855420353211
C#CC1CC(=O)C=CN1,0.45768454729477526
N#CC1CC(=O)C=CN1,0.5302442053234699
C#CC1CC=CC(=O)N1,0.3957995945584116
C#CC1CC=CC(=O)O1,0.3647934571181395
N#CC1CC=CC(=O)O1,0.6225630125627504
N#CCCC1CC(=N)O1,2.015952086669131
C#CCOC1CC(=O)C1,0.5852416536454257
N#CCOC1CC(=O)C1,0.4983598471953883
C#CCCC1CC(=O)O1,1.263215537317592
N#CCCC1CC(=O)C1,0.9222226935980871
N#CCCC1CC(=O)N1,0.8247141283391102
N#CCCC1CC(=O)O1,0.8035577554237534
N#CC12CC(C1)C(=O)O2,1.0076534794116014
N=C1OC2C(=O)C=CC12,0.7077473991557781
O=C1NC2C(=O)C=CC12,0.8267063292860257
O=C1OC2C(=O)C=CC12,0.8238600713739288
N=C1OC2C=CC(=O)C12,0.39544924779875146
O=C1C=CC2CC(=O)C12,0.24703278094966663
O=C1C=CC2CC(=O)N12,0.25447830951998185
O=C1C=CC2NC(=O)C12,0.3021188023758441
O=C1C=CC2OC(=O)C12,0.19701986226937152
O=C1CC2C=CC1C=C2,0.7716241446651111
O=C1OC2C=CC1C=C2,0.6741524236422265
O=C1C=C2CC=CC2C1,0.17669147780179628
O=C1C=C2CC=CC2N1,0.288803747827842
O=C1C=C2CC=CC2O1,0.26385348002986575
O=C1CC2OC(=O)C2O1,2.098019815675798
N#CC12CC(C1)OC2=O,0.5971401371825777
O=C1CC2CC1C(=O)O2,0.2850440032525512
O=C1CC2OC(=O)C1O2,0.6609291803542874
N#CC1C2CC1C(=O)O2,0.4623239003449271
O=C1OC2CC1CC2=O,1.43885066861003
O=C1OC2CC1OC2=O,1.1491252706964588
N#CC12CC(=O)CC1O2,0.1999654962128261
N#CC1C(=O)CC2OC21,0.31802364739996847
C#CC1C(=O)OC2CC21,0.5985786405817635
O=C1C=C2C=CCC2C1,0.37279747244974715
O=C1C=C2C=CCC2N1,0.40285782328828645
O=C1C=C2C=CCC2O1,0.4104625657564611
O=C1OC2C=CCC2O1,0.31566349391869153
C#CC1=CNC(=N)C1=O,0.38900395583004865
N#CC1=CNC(=N)C1=O,0.32224171356938314
C#CC1=CCC(=O)C1=O,0.632294162594917
N#CC1=CCC(=O)C1=O,0.8117209574356821
C#CC1=CNC(=O)C1=O,0.5086971855598676
C#CCC1=NCC(=N)N1,0.3771526024374907
N#CCC1=NCC(=N)N1,0.3660075753232377
C#CCC1=CNC(=O)C1,0.567670464180992
N#CCC1=CNC(=O)C1,0.6300644333477976
C#CCC1=CCC(=O)C1,0.5355964153914101
C#CCC1=CCC(=O)N1,0.7562519083530788
N#CCC1=CCC(=O)C1,0.6019074654450378
N#CCC1=CCC(=O)N1,0.6512635281596886
C#CCC1=NCC(=O)N1,0.7221816857527301
C#CCC1=NCC(=O)O1,0.7119818193768879
N#CCC1=NCC(=O)N1,0.8063354950354551
N#CCC1=NCC(=O)O1,0.6906723279189464
O=C1CC=C2C=CCC12,0.4760577927427221
O=C1CC=C2C=CCN12,0.4652970722218015
O=C1CN=C2C=CCN12,0.512289906568185
O=C1NC=C2C=CCC12,0.5804912508774578
O=C1CC=C2CC=CC12,0.6163125814236992
O=C1CC=C2CC=CN12,0.3496273199471034
O=C1CN=C2CC=CN12,0.40440990706520097
O=C1NC=C2CC=CC12,0.6449896680078382
N=C1NC=CC(=O)C1=O,0.6336917672579148
O=C1C=CCC(=O)C1=O,0.9076010837306967
O=C1C=CNC(=O)C1=O,0.8500749345166696
C#CC1C=CCC(=N)O1,1.0896157098231924
N#CC1C=CCC(=N)O1,1.4476876792814437
C#CC1C=CNC(=O)C1,0.760434082689244
N#CC1C=CNC(=O)C1,0.6616122136820195
C#CC1CC(=O)NC=N1,0.8026293297025404
N#CC1CC(=O)NC=N1,1.1981588239123084
C#CC1CC(=O)OC=N1,0.8032710833340388
C#CC1C=CCC(=O)C1,0.5327097485533159
N#CC1C=CCC(=O)C1,0.6416931158655643
C#CC1C=CCC(=O)N1,0.6337484485975438
C#CC1C=CCC(=O)O1,0.5338517837571999
N#CC1C=CCC(=O)O1,0.6039215443524881
C#CC1C=CNC(=O)N1,0.6402402720596001
C#CC1C=CNC(=O)O1,0.6507348106806603
C#CCN1C=NCC1=N,0.25865746338968165
N#CCN1C=NCC1=N,0.3047676143796707
C#CCC1N=CNC1=N,0.6607321154006058
N#CCC1N=CNC1=N,0.6840440120813582
C#CCC1C=CCC1=O,0.7460769131921552
N#CCC1C=CCC1=O,0.694309022548623
C#CCN1C=CCC1=O,0.6804472637832077
N#CCN1C=CCC1=O,0.7178087867250724
C#CCN1C=NCC1=O,0.6010223874782241
N#CCN1C=NCC1=O,0.75178515720836
C#CCC1C=CNC1=O,0.6508095876051812
N#CCC1C=CNC1=O,0.73479084939936
C#CCC1N=CNC1=O,0.8714982784713357
N#CCC1N=CNC1=O,0.8902844296917465
C#CCC1N=COC1=O,0.7862884492187732
O=C1C=CC=CC=CN1,1.0531915923675115
N=C1CC=CCC(=O)N1,0.38202183738394524
N=C1CC=CCC(=O)O1,0.4621434887703799
N=C1CC=CNC(=O)N1,0.7124852030447073
N=C1CC=CNC(=O)O1,0.8189130118225876
N=C1CN=CNC(=O)N1,1.162780549368108
N=C1CN=CNC(=O)O1,1.17988392046027
N=C1CN=COC(=O)N1,1.2196787139127991
N=C1CN=COC(=O)O1,1.243481096054893
N=C1NC=CCC(=O)N1,0.36847951323034067
N=C1NC=CNC(=O)N1,0.783089803691837
O=C1CC=CCC(=O)C1,0.41108856398750504
O=C1CC=CCC(=O)N1,0.48797856242163107
O=C1CC=CNC(=O)C1,0.7151146405303734
O=C1CC=CNC(=O)N1,0.7067638431381056
O=C1CN=CNC(=O)C1,1.0975427713146928
O=C1CN=CNC(=O)N1,1.063875086940243
O=C1CN=COC(=O)N1,1.1037929847625492
O=C1NC=CNC(=O)N1,0.9759120083381276
N#CC1CN=CNC1=N,0.6526231457100948
C#CC1CC=CCC1=O,0.5199446635888307
N#CC1CC=CCC1=O,0.5978094831789349
C#CC1NC=NCC1=O,0.8568537293922418
N#CC1NC=NCC1=O,0.9066181263642648
C#CC1OC=NCC1=O,0.6816193947961438
C#CC1CC=CNC1=O,0.6851653121957497
N#CC1CC=CNC1=O,0.7433080717091798
C#CC1CN=CNC1=O,0.8276893410748016
N#CC1CN=CNC1=O,1.1085387615912623
C#CC1CN=COC1=O,0.7636260886374657
O=C1CC=CCN=CO1,1.0263710306917346
O=C1NC=CCC=CN1,1.2319896678345685
O=C1C=CNCC=CC1,0.7787298844978068
O=C1C=CCCN=CO1,0.9828268874189234
N=C1CC(=O)C(=O)CO1,0.7973128209887363
N=C1CCC(=O)C(=O)N1,0.8139021687529748
N=C1CCC(=O)C(=O)O1,1.422704458476801
N=C1CNC(=N)C(=O)N1,0.4601046202769794
N=C1CNC(=N)C(=O)O1,0.5510751843303296
N=C1CNC(=O)C(=N)N1,0.22823985409195302
N=C1CNC(=O)C(=O)N1,0.48974561624891066
N=C1CNC(=O)C(=O)O1,0.6980666990584723
N=C1COC(=N)C(=O)N1,0.9892966968582186
N=C1COC(=N)C(=O)O1,1.2357381196816277
N=C1COC(=O)C(=N)N1,0.28171947779082984
N=C1COC(=O)C(=O)N1,0.9161539801825711
N=C1COC(=O)C(=O)O1,1.3165760839347058
N=C1NC(=O)CCC1=O,1.089967498792248
N=C1NC(=O)CNC1=O,0.8292415064843226
N=C1NC(=O)COC1=N,0.8497497582975484
N=C1NC(=O)COC1=O,1.0996715190558461
N=C1NCC(=O)NC1=O,0.5341985930335795
N=C1NCC(=O)OC1=N,0.6121077672069077
N=C1OC(=O)CCC1=O,1.4313386353805981
N=C1OC(=O)CNC1=O,1.0242481334007607
N=C1OC(=O)COC1=O,1.53937237928767
N=C1OCC(=O)NC1=O,1.1304598292445007
N=C1OCC(=O)OC1=N,1.2752918473488535
O=C1CC(=O)C(=O)CN1,0.4782314665062586
O=C1CCC(=O)C(=O)N1,0.7724486772640375
O=C1COC(=O)C(=O)N1,1.0371218190539366
N#CC1C(=N)NCC1=O,0.5623617379260395
C#CC1C(=N)OCC1=O,0.7500846352486406
N#CC1C(=N)OCC1=O,0.8709697242575203
C#CC1C(=O)CCC1=O,0.3844290121614904
C#CC1C(=O)CNC1=O,0.458817629949408
C#CC1C(=O)COC1=O,0.45526324979982746
N=C1CC=CC(=O)CO1,0.42546429165849986
N=C1C=CCC(=O)CO1,0.4911077100368857
N=C1C=CNC(=O)CO1,0.6735053909942508
O=C1C=CCC(=O)NC1,0.631979517185755
O=C1C=CCC(=O)OC1,0.5956841368570167
O=C1C=CCC(=O)CC1,0.28102863479216467
O=C1C=CNC(=O)CC1,0.5694474773827096
O=C1CC=CC(=O)NC1,0.3342233551447862
O=C1C=CNC(=O)CN1,0.5911407039911865
O=C1CC=CC(=O)OC1,0.27136496903221996
O=C1COC(=O)C=CN1,0.6690321091136866
O=C1C=CNC(=O)OC1,0.5197024549288471
O=C1C=CNC(=O)NC1,0.7010109452185134
C#CC1=CCC(=N)OC1,0.3375291863721941
N#CC1=CCC(=N)OC1,1.0451332903030561
N#CC1=CNC(=N)OC1,0.4181417313975544
C#CC1=CCC(=O)NC1,0.6065303555951687
N#CC1=CCC(=O)NC1,0.5770162735916529
C#CC1=CCC(=O)OC1,0.44944036416200106
N#CC1=CCC(=O)OC1,0.49921861173788784
C#CC1=CCC(=O)CC1,0.5461725065761129
N#CC1=CCC(=O)CC1,0.5248842400033027
C#CC1=CNC(=O)CC1,0.5441741014274157
N#CC1=CNC(=O)CC1,0.5540540433921706
C#CC1=NCC(=O)CN1,0.9507058445415169
N#CC1=NCC(=O)CN1,0.9006860141689685
C#CC1=NCC(=O)CO1,0.8041927606300305
N#CC1=NCC(=O)CO1,0.7687479814248945
C#CC1=CNC(=O)OC1,0.5328769081752398
N#CC1=CNC(=O)OC1,0.5461019202048192
C#CC1=CNC(=O)NC1,0.4794741294645064
N#CC1=CNC(=O)NC1,0.45797677050904895
C#CC1CNC(=N)C1=O,0.8207142431674583
N#CC1CNC(=N)C1=O,0.9929662628564984
C#CC1COC(=N)C1=O,0.8203381544208241
C#CC1CCC(=O)C1=O,0.6362769317966013
C#CC1NCC(=O)C1=O,1.2590075393654843
C#CC1OCC(=O)C1=O,0.6581535088116652
C#CC1CNC(=O)C1=O,0.43777799393137684
C#CC1COC(=O)C1=O,0.5139311621041998
C#CC1C=CC(=N)OC1,0.8559837537541171
N#CC1C=CC(=N)OC1,1.381753615947673
C#CC1C=CC(=O)CC1,0.24977449266589247
N#CC1C=CC(=O)CC1,0.31653537435340695
C#CC1C=CC(=O)CN1,1.151935174180835
N#CC1C=CC(=O)CN1,1.1736300334741827
C#CC1C=CC(=O)CO1,0.760590956402666
N#CC1C=CC(=O)CO1,0.7192990189923876
C#CC1C=CC(=O)NC1,0.3699997868807259
N#CC1C=CC(=O)NC1,0.4211343594270147
C#CC1C=CC(=O)OC1,0.5219719944489043
N#CC1C=CC(=O)OC1,0.6694286336187361
C#CCC1=CC(=N)OC1,0.48916813593677944
N#CCC1=CC(=N)OC1,0.680186714636875
C#CCC1=CC(=O)CC1,0.1688967453483201
N#CCC1=CC(=O)CC1,0.20857972715748474
C#CCC1=CC(=O)NC1,0.4091476565336052
N#CCC1=CC(=O)NC1,0.4623862144508166
N#CCC1COC(=N)C1,2.5045875594714744
N#CCC1CCC(=N)O1,2.0847261765011353
C#CCC1OCC(=N)O1,0.7857199486716127
N#CCC1OCC(=N)O1,1.82798877663663
C#CCC1COC(=N)O1,1.7201667101999192
N#CCC1COC(=N)O1,2.163908925776923
C#CCC1CNC(=O)C1,0.7886422352312366
C#CCC1COC(=O)C1,0.37623160542352707
N#CCC1CNC(=O)C1,0.6093696473908494
N#CCC1COC(=O)C1,0.7295945606456371
C#CCC1CCC(=O)C1,0.1875727176102373
C#CCC1CCC(=O)N1,0.2942547624861618
C#CCC1CCC(=O)O1,0.2920287067790923
N#CCC1CCC(=O)C1,0.35707521590848046
N#CCC1CCC(=O)N1,0.5609670720969007
N#CCC1CCC(=O)O1,0.8346530374037684
N#CCN1CCC(=O)C1,1.1611099871588522
N#CCC1CC(=O)CN1,1.2562697188768652
C#CCC1CC(=O)CO1,0.6489890089524124
C#CCC1OCC(=O)O1,0.9314210716493108
N#CCC1CC(=O)CO1,0.8024309858155902
N#CCC1OCC(=O)O1,0.7489093477142887
C#CCC1COC(=O)N1,0.6480801482266543
N#CCC1COC(=O)N1,0.46611771359494014
C#CCC1CNC(=O)N1,0.8114088154779893
C#CCC1CNC(=O)O1,0.9825255483847286
N#CCC1CNC(=O)N1,0.7591943857714796
N#CCC1CNC(=O)O1,1.0171671287316713
C#CCC1COC(=O)O1,0.8160089841112494
N#CCC1COC(=O)O1,1.3203514750639442
N#CC1CCC(=N)OC1,2.175401007070832
C#CC1COC(=N)CO1,1.2037038539547211
N#CC1COC(=N)CO1,1.4904336033741856
C#CC1COC(=N)OC1,1.8456697640995117
N#CC1COC(=N)OC1,2.1361113660314004
C#CC1CCC(=O)CC1,0.19921326429721375
N#CC1CCC(=O)CC1,0.26757371365420113
C#CC1CCC(=O)NC1,0.3799760299807531
N#CC1CCC(=O)NC1,0.6257882436293585
C#CC1CCC(=O)OC1,0.41052458053491137
N#CC1CCC(=O)OC1,0.8239039361469622
N#CC1CCC(=O)CN1,1.2262281711155083
C#CC1CCC(=O)CO1,0.7556797342658683
N#CC1CCC(=O)CO1,0.7618604225917807
N#CC1CNC(=O)CN1,1.1936153910446592
C#CC1COC(=O)CN1,1.2192298890968232
N#CC1COC(=O)CN1,1.2414833167749748
C#CC1CNC(=O)CO1,0.6520612031108612
N#CC1CNC(=O)CO1,0.6928920161553833
C#CC1COC(=O)CO1,0.699632143632698
N#CC1COC(=O)CO1,0.8501670178939094
C#CC1OCC(=O)CO1,0.7311653114447836
N#CC1OCC(=O)CO1,0.7209297437075293
C#CC1CNC(=O)NC1,0.4735176086469437
N#CC1CNC(=O)NC1,0.6907961125743896
C#CC1CNC(=O)OC1,0.5659647448446776
N#CC1CNC(=O)OC1,0.7820839615378645
C#CC1COC(=O)OC1,0.7783038900452084
N#CC1COC(=O)OC1,1.5968098465527873
N#CC1(C#N)CNC1=N,0.8743443186904187
N#CC1CC12COC2=O,0.6173061512345157
C#CC1OC12COC2=O,0.7634627113984607
N#CC1OC12COC2=O,1.348347732448019
C#CC#CC1COC1=N,0.8193749797428609
N#CC#CC1COC1=N,1.0972893243415456
C#CC#CC1OCC1=O,0.9844467547900422
C#CC#CC1CNC1=O,0.7825670727197576
C#CC#CC1COC1=O,0.614094689135527
C#CCCC1CCC1=O,0.9593872060104331
N#CCCN1CCC1=O,0.5093069385893614
C#CCCC1OCC1=O,0.9432983575061371
C#CCCC1COC1=O,0.6664839248678618
C#CCNC1COC1=O,1.823178971382731
N#CCNC1COC1=O,2.0157747227713116
C#CCOC1COC1=O,1.8023199918479804
N#CC12CCC(=O)C1C2,0.2383077451831923
N#CC12CCC(=O)C1O2,0.45857049602273037
N#CC12CC1C(=O)CO2,0.5700012293527834
C#CC12COC(=O)C1C2,0.5542819660640816
N#CC12COC(=O)C1C2,0.5095510792634741
N#CC12COC(=O)N1C2,1.4164790074028133
C#CC12COC(=O)C1O2,0.506407591237803
N#CC12COC(=O)C1O2,0.5517556325721671
C#CC1C2COC(=O)C12,0.7526250914597767
N#CC1C2COC(=O)C12,0.4192868959162297
N#CC12OC1CCC2=O,0.48897039070288884
C#CC12CC1COC2=O,0.6370087007380789
N#CC12CC1COC2=O,0.5731401186494622
C#CC12OC1COC2=O,0.4630068520345958
N#CC12OC1COC2=O,0.5565061169763794
C#CC1=CCOC(=N)C1,0.4151133203813515
N#CC1=CCOC(=N)C1,1.0229452516141464
N#CC1=NCCC(=N)N1,0.49346125114789174
C#CC1=CCOC(=N)N1,0.4487303643418272
N#CC1=CCOC(=N)N1,0.3608001843185775
C#CC1=CCNC(=O)C1,0.3716824853727303
N#CC1=CCNC(=O)C1,0.4218874076814245
C#CC1=CCOC(=O)C1,0.43518243463950057
N#CC1=CCOC(=O)C1,0.5227357095736807
C#CC1=CCCC(=O)C1,0.3978246396600298
N#CC1=CCCC(=O)C1,0.4261124399708933
C#CC1=CCCC(=O)N1,0.5809359939830756
N#CC1=CCCC(=O)N1,0.6098331391513057
C#CC1=NCCC(=O)N1,0.9316836616490036
C#CC1=NCCC(=O)O1,1.1345528862493666
N#CC1=NCCC(=O)O1,1.3251970633082237
C#CC1=CCOC(=O)N1,0.617916611758119
N#CC1=CCOC(=O)N1,0.6257396712826448
C#CC1=CCNC(=O)N1,0.5184607171540847
N#CC1=CCNC(=O)N1,0.49538659368408844
C#CCC1=CCOC1=N,0.34759348556326586
N#CCC1=CCOC1=N,0.399708375967748
C#CCC1=CCCC1=O,1.1164314550824201
N#CCC1=CCCC1=O,0.6316916750074597
C#CCC1=CCNC1=O,1.6244314573905285
N#CCC1=CCNC1=O,1.0868776716451976
C#CCC1=CCOC1=O,1.582910917015397
N#CCC1=CCOC1=O,1.2161293406588811
N=C1CC(=O)C=CCO1,0.6747912112332415
N=C1CCC=CC(=O)N1,1.4977832389758987
N=C1CCC=CC(=O)O1,1.9357013716162328
N=C1CNC=CC(=O)N1,0.44530466689684545
N=C1CNC=CC(=O)O1,0.46216033262680867
N=C1NC(=O)C=CCO1,1.2937539652302803
N=C1C=CCCC(=O)N1,0.851092423148657
N=C1C=CNCC(=O)N1,0.4394376443706278
N=C1C=CCNC(=O)N1,0.6602936853414576
N=C1C=CCOC(=O)N1,0.905138833079036
N=C1NCC=CC(=O)N1,0.9638941211815109
N=C1C=CCCC(=O)O1,1.3182228905916418
N=C1C=CNCC(=O)O1,0.4964091164220008
N=C1C=CCNC(=O)O1,1.5866765120426862
N=C1C=CCOC(=O)O1,1.5694654654453188
O=C1C=CCNC(=O)C1,0.3207381477168383
O=C1C=CCOC(=O)C1,0.35175669355703576
O=C1C=CCCC(=O)C1,0.43291286790736194
O=C1C=CCCC(=O)N1,0.21955198909745377
O=C1C=CNCC(=O)N1,0.34132079549999617
O=C1C=CCOC(=O)N1,0.3201766132879129
O=C1C=CCNC(=O)N1,0.5780868516631017
C#CC1C=CCOC1=N,1.3149673188145243
N#CC1C=CCOC1=N,1.2168458712167194
C#CC1C=CCCC1=O,0.6904575755597762
N#CC1C=CCCC1=O,0.6589802999569656
C#CC1N=CNCC1=O,0.8450292880716006
N#CC1N=CNCC1=O,0.8189341822908318
C#CC1N=COCC1=O,0.8475183419504901
C#CC1C=CCNC1=O,0.49732442624917894
N#CC1C=CCNC1=O,0.5071270878397627
C#CC1C=CCOC1=O,0.6895286600301915
N#CC1C=CCOC1=O,0.7601771526606171
N=C1CC=CC=CCO1,0.3518550355511252
O=C1CC=CC=CCN1,0.4003606332025811
O=C1CC=CC=CCO1,0.4458930045566376
O=C1CC=CC=CCC1,0.4351869789443299
O=C1CCC=CC=CN1,0.8021823008402862
O=C1NC=CC=CCO1,0.7400130434070888
O=C1NC=CC=CCN1,0.7312483606328897
N=C1NC=CCCC1=O,0.5921029534820264
N=C1NC=CCOC1=O,0.7188544391519827
N=C1NCC=CNC1=O,0.5907849149480171
N=C1OCC=CCC1=O,0.6747888166300982
N=C1OCC=CNC1=O,0.9651528388640145
O=C1CC=CCNC1=O,0.6977782582271175
O=C1CC=CCOC1=O,1.0487353992448334
O=C1CC=CCCC1=O,0.751049633090588
O=C1CCC=CNC1=O,0.690658558949508
O=C1CCN=CNC1=O,0.5666075869357883
O=C1CCN=COC1=O,1.3962820539891254
O=C1CN=COCC1=O,0.9823731917622354
O=C1NC=CCOC1=O,0.9156373989844724
O=C1NC=CCNC1=O,0.7252730367381446
O=C1C=CCN=COC1,0.7887049575092533
O=C1C=CCC=CCN1,0.8213184178584925
N=C1NCCC(=O)C1=O,0.9466809248824575
N=C1OCCC(=O)C1=O,1.1740905591886985
N=C1OCOC(=N)C1=O,1.294040474047506
N=C1OCOC(=O)C1=O,1.2289675154406723
O=C1CCCC(=O)C1=O,1.0242254390923335
O=C1CCNC(=O)C1=O,0.9615889347278426
O=C1CCOC(=O)C1=O,1.1403780576420104
O=C1CNCC(=O)C1=O,1.3679327287063643
O=C1COCC(=O)C1=O,1.191404845836587
O=C1OCOC(=O)C1=O,1.0603281082967442
N=C1C=CC(=O)CCO1,0.901998011771866
N=C1C=CC(=N)OCO1,0.4849291169903154
N=C1C=CC(=O)OCO1,1.3604947104795428
O=C1C=CC(=O)CCC1,0.294031438535967
O=C1C=CC(=O)NCC1,0.25590124799600744
O=C1C=CC(=O)OCC1,0.2625437681817857
O=C1C=CC(=O)CNC1,0.5636932733141293
O=C1C=CC(=O)COC1,0.2774793431744911
O=C1C=CC(=O)OCO1,0.5041470859014225
N=C1COC(=O)OCO1,1.7528413145664672
N=C1OCOC(=O)CO1,2.306751464078843
O=C1CCC(=O)COC1,0.3063220655421901
O=C1CCC(=O)OCO1,0.3762497826392064
O=C1CCCC(=O)OC1,1.2208513619425503
O=C1CCNC(=O)OC1,0.707313839935523
O=C1CCOC(=O)CC1,0.24085369809654367
O=C1CCOC(=O)CN1,0.581557665604123
O=C1CCOC(=O)CO1,0.931343981756072
O=C1CCOC(=O)NC1,0.7639198901124473
O=C1CCOC(=O)OC1,0.7250420119617047
O=C1CNC(=O)OCO1,0.7640238648673403
O=C1COC(=O)CCN1,0.6192925289378763
O=C1COC(=O)OCO1,0.7901090384839335
O=C1COCC(=O)OC1,0.45115209721552674
C#CC1=CC(=N)OCC1,0.5096698842298792
N#CC1=CC(=N)OCC1,0.8870305722321064
C#CC1=CC(=O)CCC1,0.23844636005014763
N#CC1=CC(=O)CCC1,0.32289995731298404
C#CC1=CC(=O)CCN1,0.4855307065990928
N#CC1=CC(=O)CCN1,0.4685194460907951
C#CC1=CC(=O)CNC1,0.8823208232915931
N#CC1=CC(=O)CNC1,0.8693258836428868
C#CC1=CC(=O)COC1,0.6761571962524613
N#CC1=CC(=O)COC1,0.7054341581279004
C#CC1=CC(=O)NCC1,0.4333186714993644
N#CC1=CC(=O)NCC1,0.44510637743405823
C#CC1=CC(=O)OCC1,0.4676572801272414
N#CC1=CC(=O)OCC1,0.5392396407551132
N#CC1CCOC(=N)C1,2.434174173329666
C#CC1CC(=N)OCO1,1.7531896748969302
N#CC1CC(=N)OCO1,2.1191056838597433
N#CC1CCCC(=N)O1,2.0140397239701997
N#CC1OCCC(=N)O1,2.0668002864495065
C#CC1COCC(=N)O1,0.9101632818492362
N#CC1COCC(=N)O1,1.1237032116623595
C#CC1CCOC(=N)O1,1.8309981396741932
N#CC1CCOC(=N)O1,2.032118269968123
C#CC1CCNC(=O)C1,0.4528008903071168
N#CC1CCNC(=O)C1,0.5643378025124548
C#CC1CCOC(=O)C1,0.5566278607748245
N#CC1CCOC(=O)C1,0.756421517002309
C#CC1CC(=O)OCO1,0.6322599850736879
N#CC1CC(=O)OCO1,0.8011758056145482
C#CC1CCCC(=O)C1,0.3039667012708378
N#CC1CCCC(=O)C1,0.36555714503447234
C#CC1CCCC(=O)N1,0.3703807192578097
C#CC1CCCC(=O)O1,0.3366940685409645
N#CC1CCCC(=O)O1,0.7137729008718452
N#CC1CC(=O)CCN1,0.7562381938078033
C#CC1CC(=O)CCO1,0.37585363909420266
N#CC1CC(=O)CCO1,0.2607561969598464
C#CC1OCCC(=O)O1,0.5067970679920109
N#CC1OCCC(=O)O1,0.867854508873279
N#CC1CNCC(=O)C1,1.2075672467526601
C#CC1CNCC(=O)O1,0.7866550411872595
N#CC1CNCC(=O)O1,0.7709344989707461
C#CC1COCC(=O)C1,0.5826729792133847
N#CC1COCC(=O)C1,0.7930800606627599
C#CC1COCC(=O)N1,0.42145344029268017
C#CC1COCC(=O)O1,0.5179625852852041
N#CC1COCC(=O)O1,0.7805556877374329
C#CC1CCOC(=O)N1,0.6178588419588777
N#CC1CCOC(=O)N1,0.7642859106381366
N#CC1CCNC(=O)N1,0.7092213045816607
C#CC1CCNC(=O)O1,0.66501967948534
N#CC1CCNC(=O)O1,0.7093542594793689
C#CC1CCOC(=O)O1,0.9685696109700075
N#CC1CCOC(=O)O1,1.4732525165254629
N#CCC1CCOC1=N,2.087334987747454
C#CCC1OCOC1=N,0.6729753945801349
N#CCC1OCOC1=N,1.8312818185077049
C#CCC1CCCC1=O,0.846249583259123
N#CCC1CCCC1=O,0.5275784406185267
C#CCN1CCCC1=O,1.3231722358978004
N#CCN1CCCC1=O,0.6678246032843163
N#CCC1NCCC1=O,1.2895258308399207
C#CCC1OCCC1=O,0.7298451232109073
N#CCC1OCCC1=O,0.9446381379493687
N#CCC1CNCC1=O,1.2743486186263908
C#CCC1COCC1=O,0.6568049390880333
N#CCC1COCC1=O,0.7995929729549971
C#CCC1CCNC1=O,1.2807966861546447
N#CCC1CCNC1=O,0.8183859270229732
N#CCN1CCNC1=O,0.7621111484222638
C#CCC1CCOC1=O,1.4381676897064608
N#CCC1CCOC1=O,1.0589048160691164
C#CCN1CCOC1=O,0.8099297670923988
N#CCN1CCOC1=O,0.8182275022591057
C#CCC1OCOC1=O,1.1871007644349447
N#CCC1OCOC1=O,0.8523581613753777
C#CC1=CCCOC1=N,0.29818735387198103
N#CC1=CCCOC1=N,1.157404474901341
C#CC1=CCCCC1=O,0.262339002405497
N#CC1=CCCCC1=O,0.2822401406992867
C#CC1=CNCCC1=O,0.4352389255036542
N#CC1=CNCCC1=O,0.37224505383528594
C#CC1=CCNCC1=O,0.8413971649551968
N#CC1=CCNCC1=O,0.8417120280519157
C#CC1=CCOCC1=O,0.2850596498064988
N#CC1=CCOCC1=O,0.6610729925960186
C#CC1=CCCNC1=O,0.26905251713469625
N#CC1=CCCNC1=O,0.3736820606063702
C#CC1=CCCOC1=O,0.3727065319508256
N#CC1=CCCOC1=O,0.3209573627482314
N=C1NCCC=CC1=O,0.7592910134499107
N=C1OCCC=CC1=O,1.3127957947526738
O=C1C=CCCCC1=O,1.246338673910941
O=C1C=CNCCC1=O,0.9785222889986471
O=C1C=CCNCC1=O,0.8497503841626894
O=C1C=CCOCC1=O,1.008416867998676
O=C1C=CCCNC1=O,0.88153591048831
O=C1C=CCCOC1=O,1.1670903451649792
O=C1C=CC=CCCC1,0.4524602580113424
O=C1C=CC=CCNC1,0.9354282494768995
O=C1C=CC=CCOC1,0.7081259097176371
O=C1C=CC=CCCN1,0.6277061030305049
O=C1C=CC=CCCO1,0.6301444892851578
N=C1CCCOC(=O)O1,1.9322604357912496
O=C1CC(=O)OCCN1,0.5604395247009961
O=C1CCCCC(=O)N1,0.17371264595203684
O=C1CCCOC(=O)C1,0.5031960475043888
O=C1CCCOC(=O)N1,0.3311296095562284
O=C1CCOCC(=O)N1,0.3463908505727886
O=C1COCOC(=O)C1,0.34627912056748755
O=C1COCOC(=O)N1,0.7518506822543713
O=C1NCCOC(=O)N1,0.8797344070280815
N#CC1CCCOC1=N,2.044544709069669
N#CC1OCCOC1=N,1.4428018998023617
C#CC1COCOC1=N,1.4170137658147723
N#CC1COCOC1=N,2.0686883221587777
C#CC1CCCCC1=O,0.47176614695126773
N#CC1CCCCC1=O,0.3302046396820515
N#CC1NCCCC1=O,1.3798748321187304
C#CC1OCCCC1=O,1.127335824583497
N#CC1OCCCC1=O,1.0551374795104493
N#CC1CNCCC1=O,0.9443024853408133
C#CC1COCCC1=O,0.5618191970534099
N#CC1COCCC1=O,0.4293202013177506
N#CC1CCNCC1=O,1.167525020049652
C#CC1CCOCC1=O,0.49124344049232604
N#CC1CCOCC1=O,0.7105782009948598
C#CC1OCOCC1=O,0.7721642637188779
N#CC1OCOCC1=O,0.6431584497004224
C#CC1CCCNC1=O,0.44552559624571586
N#CC1CCCNC1=O,0.45460470673424425
N#CC1NCCNC1=O,1.2461585072360322
C#CC1OCCNC1=O,0.902225199743043
C#CC1CCCOC1=O,0.7840189913331415
N#CC1CCCOC1=O,0.7059048064857052
C#CC1NCCOC1=O,1.4754059994338604
N#CC1NCCOC1=O,1.3955495231293753
C#CC1OCCOC1=O,1.1141177242479898
N#CC1OCCOC1=O,1.1026588952845486
C#CC1COCOC1=O,0.7994511199322005
N#CC1COCOC1=O,0.811693800456851
O=C1CCCCOC1=O,1.0901711761107435
O=C1CCOCOC1=O,1.3006709123765177
O=C1COCCOC1=O,0.8090209880028851
O=C1COCOCC1=O,0.7837857896411151
O=C1NCCCOC1=O,0.9564584159234073
O=C1OCCCOC1=O,1.3355558442563051
O=CC#CC#CC1CC1,0.7227871938048338
O=CC#CC#CC1CN1,0.6517576871665369
O=CC#CC#CC1CO1,0.6129800830221939
O=CC#CC(=O)C1CC1,0.5737129458084382
O=CC#CC(=O)C1CN1,1.273990543824766
O=CC#CC(=O)C1CO1,0.5616405814307655
O=CC#CC(=O)N1CC1,0.8149443381244055
C#CC1(C#CC=O)CC1,0.7428806622665434
N#CC1(C#CC=O)CC1,0.8300195075935335
C#CC1(C#CC=O)CO1,0.7928750227674755
N#CC1(C#CC=O)CO1,0.738250615517245
O=CC#CC1(C=O)CC1,0.7823325920890056
O=CC#CC1(C=O)CO1,0.42024547186883865
O=CC#CC1=CCCC1,0.5692192553779023
O=CC#CC1=CCOC1,0.39691479932116636
O=CC#CC1=NCCN1,0.7119437778401334
O=CC#CC1=NCCO1,0.6383646719605167
N=C1CC(C#CC=O)O1,0.7176127830189216
O=CC#CC1CC(=O)C1,0.10308189515490085
O=CC#CC1CC(=O)N1,0.28971073096727196
O=CC#CC1CC(=O)O1,0.11711190200185229
C#CC1CC1C#CC=O,1.2019374259907636
N#CC1CC1C#CC=O,0.9465401058932912
C#CC1OC1C#CC=O,0.9041319568914332
N#CC1OC1C#CC=O,0.43343045592700946
O=CC#CC1CC1C=O,0.5282127927512192
O=CC#CC1CN1C=O,0.6055363231916999
O=CC#CC1OC1C=O,0.3841141490647715
O=CC#CC1CC=CC1,0.2635794612397149
O=CC#CC1CN=CO1,0.4787946608321363
N=C1OCC1C#CC=O,1.0295244780882058
O=CC#CC1COC1=O,0.8593096397853515
O=CC#CC1C=CCC1,0.3793410519883764
O=CC#CC1COC=N1,0.22673351267985709
O=CC#CC1C=CCO1,0.308133827700658
O=CC#CC1CCCC1,0.5602748141045595
O=CC#CC1CCCO1,0.36061762304416334
O=CC#CC1CCOC1,0.43974959584738826
O=CC#CC1COCO1,0.38379591174998495
O=CC#CC1OCCO1,0.37770229990746884
O=CC#CCC1CCO1,1.1891518508455192
O=CC#CCC1COC1,0.4375897998979781
O=CC#CCCC1CO1,1.213074616218364
O=CC(=O)C#CC1CC1,1.4255544987736357
O=CC(=O)C#CC1CN1,0.7447521806570876
O=CC(=O)C#CC1CO1,1.3017267962877668
O=CC(=O)C(=O)C1CC1,0.9042408297027578
O=CC(=O)C(=O)C1CN1,1.329425007217651
O=CC(=O)C(=O)C1CO1,0.8290270534471347
O=CC(=O)C(=O)N1CC1,1.0838683630336163
C#CC1(C(=O)C=O)CC1,0.9071372382222762
N#CC1(C(=O)C=O)CC1,0.6362583736226952
C#CC1(C(=O)C=O)CN1,1.1134863109473372
N#CC1(C(=O)C=O)CN1,1.2970775655030593
C#CC1(C(=O)C=O)CO1,0.7753402965809073
N#CC1(C(=O)C=O)CO1,0.9134694396143459
O=CC(=O)C1(C=O)CN1,1.2468602892167837
O=CC(=O)C1(C=O)CO1,0.8675289789134695
O=CC(=O)C1=CCCC1,0.6722746194172942
O=CC(=O)C1=CCOC1,0.28537312512344215
O=CC(=O)C1=CNCC1,0.4089179379025154
O=CC(=O)C1=NCCN1,0.8074821017526119
O=CC(=O)C1=NCCO1,0.9189393934084364
N=C(C=O)N1CC(=O)C1,0.3307116152573144
N=C1CC(C(=O)C=O)O1,0.7517963410900848
O=CC(=O)C1CC(=O)C1,0.5460304358566646
O=CC(=O)C1CC(=O)N1,0.9036312127282145
O=CC(=O)C1CC(=O)O1,0.9682574690104957
O=CC(=O)N1CC(=O)C1,0.32908916280211997
C#CC1CC1C(=O)C=O,0.40153170296980534
N#CC1CC1C(=O)C=O,0.8564702935673267
C#CC1NC1C(=O)C=O,0.9653496317023382
N#CC1NC1C(=O)C=O,1.1487067049583857
C#CC1OC1C(=O)C=O,0.6791661239058158
N#CC1OC1C(=O)C=O,0.8464221035301307
C#CC1CN1C(=O)C=O,0.6287921915973129
N#CC1CN1C(=O)C=O,0.9085000122940983
O=CC(=O)C1CC=CC1,0.7907262202261336
O=CC(=O)C1CN=CO1,0.5614623739784292
O=CC(=O)N1CC=CC1,0.4342756147689215
N=C(C=O)N1CCC1=O,1.5864970800776064
N=C1OCC1C(=O)C=O,0.42984034721121134
O=CC(=O)C1CNC1=O,1.4368312562692154
O=CC(=O)N1CCC1=O,0.8126375461961288
N=C(C=O)N1C=CCC1,0.4110368079091131
O=CC(=O)C1C=CCC1,0.8882734800936305
O=CC(=O)C1COC=N1,0.9531586528373737
O=CC(=O)C1C=CCO1,0.5773716816747765
O=CC(=O)N1C=CCC1,0.5852676677441195
O=CC(=O)N1C=NCC1,0.6154229863677756
O=CC(=O)C1COCO1,1.0351224070909666
O=CC(=O)C1OCCO1,1.2755486413207109
O=CC(=O)OC1COC1,0.6115371441683237
O=CC(=O)OCC1CO1,1.1805022178668878
C#CC(C=O)C1CCO1,0.7702460505734052
C#CC(C=O)C1COC1,0.8112778742197406
N#CC(C=O)C1CCC1,0.8791919750019588
N#CC(C=O)C1CCO1,0.8506458296687924
N#CC(C=O)C1COC1,0.995854426322694
C#CCC(C=O)C1CO1,1.094942313968204
N#CCC(C=O)C1CC1,0.9649070110899629
N#CCC(C=O)C1CO1,1.4089822397672833
N#CC(C=O)CC1CC1,1.7938607298146962
C#CC(C=O)CC1CO1,0.8680506758519186
N#CC(C=O)CC1CO1,1.0624649922447134
C#CCC1(C=O)CCO1,0.7858581553682598
C#CCC1(C=O)COC1,0.8024196386613767
N#CCC1(C=O)CCC1,0.6601573562329577
N#CCC1(C=O)CCO1,0.9105826367176633
N#CCC1(C=O)COC1,0.6762699058654107
N#CC1(C=O)CC(=N)N1,0.6066587389777851
C#CC1(C=O)CC(=N)O1,0.7399000344648812
N#CC1(C=O)CC(=N)O1,1.0759249474922399
C#CC1(C=O)CC(=O)C1,0.25036508887023956
N#CC1(C=O)CC(=O)C1,0.3170688266181969
C#CC1(C=O)CC(=O)N1,0.9012018062367133
C#CC1(C=O)CC(=O)O1,1.160542983239793
N#CC1(C=O)CC(=O)O1,1.3802987857143307
N=C1CC(C=O)(C=O)O1,0.8296540585033654
O=CC1(C=O)CC(=O)C1,1.0645816309151996
O=CC1(C=O)CC(=O)N1,0.8904008672670898
O=CC1(C=O)CC(=O)O1,1.078060525296678
C#CC#CC1(C=O)CC1,0.5714087117521558
N#CC#CC1(C=O)CC1,0.5427589182036172
C#CC#CC1(C=O)CN1,0.47883727388762054
C#CC#CC1(C=O)CO1,0.3008295262934553
N#CC#CC1(C=O)CO1,0.3237176054299198
N#CC(=O)C1(C=O)CC1,1.3788572618541366
C#CC(=O)C1(C=O)CN1,1.1662627920941304
N#CC(=O)C1(C=O)CN1,1.0857903313572024
C#CC(=O)C1(C=O)CO1,1.0576739900661778
N#CC(=O)C1(C=O)CO1,0.9511452270053269
C#CC1NC1(C#N)C=O,0.8331218247694778
N#CC1NC1(C#N)C=O,0.835303172148997
C#CC1OC1(C#C)C=O,0.6370306875487586
C#CC1OC1(C#N)C=O,0.4531404069293785
C#CC1(C=O)OC1C#N,0.36160463490887196
N#CC1OC1(C#N)C=O,0.424182988514076
C#CC1CC1(C=O)C=O,1.2357658208857174
N#CC1CC1(C=O)C=O,1.2690591852551734
C#CC1NC1(C=O)C=O,0.6127047853005934
N#CC1NC1(C=O)C=O,1.103396759579482
C#CC1OC1(C=O)C=O,0.8774995892526931
N#CC1OC1(C=O)C=O,0.939911164192381
C#CC1(C=O)CC=CC1,1.0023499777471443
N#CC1(C=O)CC=CC1,1.0676787235061056
C#CC1(C=O)CN=CN1,0.9046980084149254
N#CC1(C=O)CN=CN1,0.9330558236542856
C#CC1(C=O)CN=CO1,0.7464233143036836
N#CC1(C=O)CN=CO1,0.798902646976785
O=CC1(C=O)CC=CC1,0.9766576550937316
O=CC1(C=O)CN=CN1,0.7608313419023034
O=CC1(C=O)CN=CO1,0.8268638560748514
C#CCCC1(C=O)CO1,1.1284332603045186
N#CCCC1(C=O)CC1,1.0335319280311523
N#CCCC1(C=O)CO1,1.0878869968582876
N#CC1(C=O)CNC1=N,1.217464440738695
N#CC1(C=O)COC1=N,1.0984172096195834
C#CC1(C=O)NCC1=O,1.241975543773151
N#CC1(C=O)NCC1=O,1.3339908078542067
N=C1OCC1(C=O)C=O,1.218960605092434
O=CC1(C=O)COC1=O,1.5836792852878716
O=CC1(C=O)NCC1=O,1.043405801849076
O=CC1(C=O)OCC1=O,0.9480202971517429
C#CC1(C=O)C=CCC1,0.8434812860068632
N#CC1(C=O)C=CCC1,0.6941330736426607
C#CC1(C=O)CNC=N1,0.8585147403991868
N#CC1(C=O)CNC=N1,0.7479757246146619
C#CC1(C=O)COC=N1,1.2531280812272598
N#CC1(C=O)COC=N1,1.1817831672651664
O=CC1(C=O)C=CCC1,0.4778924941128935
O=CC1(C=O)CNC=N1,0.6268042356332444
O=CC1(C=O)COC=N1,0.7541786718647927
O=CC1(C=O)C=CCN1,0.7771583173616818
O=CC1(C=O)C=CCO1,0.5851227942566766
C#CC1(C=O)CCCC1,0.555335999611998
N#CC1(C=O)CCCC1,0.47972594375278277
N#CC1(C=O)CCCN1,0.9897714813450875
C#CC1(C=O)CCOC1,0.7069397376199049
N#CC1(C=O)CCOC1,0.8522948676600208
C#CC1(C=O)COCO1,1.5677026838056918
N#CC1(C=O)COCO1,0.5668994836141792
O=CC1(C=O)COCO1,0.9434610000371322
O=CC1(C=O)OCCO1,1.09880197880193
O=CC12C=CC(=O)C1C2,0.26309403709092294
O=CC12C=CC(=O)N1C2,0.5439651450979
O=CC12C=CC(=O)C1N2,0.8252646149412612
O=CC12C=CC(=O)C1O2,0.48973718071465555
O=CC12CC1C=CC2=O,0.9325896379668848
O=CC12CN1C=CC2=O,0.6056738768129435
O=CC12NC1C=CC2=O,0.9304964555212791
O=CC12OC1C=CC2=O,0.6528056253537216
C#CC1=C(C=O)CCC1,0.30929833951995533
N#CC1=C(C=O)CCC1,0.26019985990751593
C#CC1=C(C=O)COC1,0.24517241923240363
N#CC1=C(C=O)COC1,0.2563036501651368
C#CC1=C(C=O)CCN1,0.48000918720390473
N#CC1=C(C=O)CCN1,0.4581524745117349
O=CC1=C(C=O)CCC1,1.6349378057548165
O=CC1=C(C=O)COC1,1.2426937614345661
O=CC1=C(C=O)NCC1,0.5505912568114582
N=C1NC(C=O)=CC1=O,0.32461022094685177
O=CC1=CC(=O)C(=O)C1,0.9832034387600288
O=CC1=CC(=O)C(=O)N1,1.4414819292560423
O=CC1=CC(=O)C2CC12,0.2377048494272458
O=CC1=CC(=O)C2NC12,1.138231377586635
O=CC1=CC(=O)C2OC12,0.3370412043568649
N=C1C=C(C=O)C(=N)N1,1.5988861307159823
N=C1C=C(C=O)C(=O)N1,1.0821206565069588
N=C1NC(=O)C=C1C=O,1.7323900978390157
N=C1C=C(C=O)C(=O)O1,1.0284949892302393
N=C1OC(=O)C=C1C=O,1.7724499847408879
O=CC1=CC(=O)CC1=O,0.6165950629547297
O=CC1=CC(=O)NC1=O,0.8709813435234537
N=C1C=C(C=O)CCO1,1.0601093286441028
O=CC1=CC(=O)CCC1,0.1980707392885961
O=CC1=CC(=O)CCN1,0.48473847392961034
O=CC1=CC(=O)CNC1,1.0434772317712486
O=CC1=CC(=O)COC1,0.4512618135777302
O=CC1=CC(=O)NCC1,0.2628727267856448
O=CC1=CC(=O)OCC1,0.3141312472525897
C#CC1C=C(C=O)CC1,0.7585990819952713
N#CC1C=C(C=O)CC1,0.24372863682401658
N#CC1C=C(C=O)CN1,0.6214336034481676
C#CC1C=C(C=O)CO1,0.40347519550959987
N#CC1C=C(C=O)CO1,0.2694144559518463
C#CC1CNC(C=O)=N1,0.5564331360055803
N#CC1CNC(C=O)=N1,0.518073907122016
C#CC1COC(C=O)=N1,0.367014369872777
O=CC1=CC2CC2C1=O,0.8875082411304902
O=CC1=CC2CN2C1=O,0.80792363391447
O=CC1=CC2NC2C1=O,0.9197505924239522
O=CC1=CC2OC2C1=O,0.6280097278213361
O=CC1=CC=CC=CC1,0.7209278661248391
O=CC1=CC=CCC=C1,0.782770750034615
O=CC1=CC=CCCC1,0.4038000179807568
O=CC1=CC=CCOC1,0.4038058140067733
N=C1NC=C(C=O)C1=O,0.8653643665438722
O=CC1=CCC(=O)C1=O,0.6974126730838179
O=CC1=CNC(=O)C1=O,0.6185385010721802
N=C1CC=C(C=O)CO1,0.8656321539201599
O=CC1=CCC(=O)CC1,0.33794546635544975
O=CC1=CCC(=O)NC1,0.3994210508026299
O=CC1=CCC(=O)OC1,0.334610056333986
O=CC1=CNC(=O)CC1,0.7396891461230553
O=CC1=CNC(=O)NC1,0.6105876024012105
O=CC1=CNC(=O)OC1,0.728421177909695
O=CC1=NCC(=O)CN1,0.8473840536971693
O=CC1=NCC(=O)CO1,0.712246123695877
C#CC1CC=C(C=O)C1,0.15569407387374667
N#CC1CC=C(C=O)C1,0.6512636914303584
C#CC1CC(C=O)=CN1,0.6606978290365078
N#CC1CC(C=O)=CN1,0.6689084605168318
C#CC1CN=C(C=O)N1,0.6585392031793162
N#CC1CN=C(C=O)N1,0.6240216796049936
C#CC1CN=C(C=O)O1,0.4938349997119076
N#CC1CN=C(C=O)O1,0.47305498765490483
O=CC1=CCC=CC=C1,0.8548916786803602
O=CC1=CCC=CCC1,0.8662683020083932
O=CC1=CCN=COC1,0.7772140190918435
O=CC1=NCC=CCO1,0.9669239199811273
N=C1CC(C=O)=CCO1,1.0347522232204938
N=C1CCN=C(C=O)N1,0.4957280695271038
N=C1NC(C=O)=CCO1,0.5020850332948612
O=CC1=CCCC(=O)C1,0.31191819859486714
O=CC1=CCCC(=O)N1,0.6397438000858529
O=CC1=CCNC(=O)C1,0.3462894881104148
O=CC1=CCNC(=O)N1,0.5151064496349136
O=CC1=CCOC(=O)C1,0.3399075714914943
O=CC1=CCOC(=O)N1,0.6611565860166593
O=CC1=CNCC(=O)C1,0.5630324717021722
O=CC1=CNCC(=O)N1,0.5250418756404542
O=CC1=NCCC(=O)N1,0.8982279540723539
O=CC1=NCCC(=O)O1,0.7719040139036224
C#CC1CCC=C1C=O,1.0044589155895665
N#CC1CCC=C1C=O,0.6228472084112582
N#CC1NCC=C1C=O,0.5607416528655449
C#CC1OCC=C1C=O,0.3176867974907509
N#CC1OCC=C1C=O,0.30560060972311476
C#CC1CNC=C1C=O,0.5982102798734559
N#CC1CNC=C1C=O,0.5652423910487414
O=CC1=CCCC=CC1,0.8176067558233626
O=CC1=CCOC=NC1,0.8367959894967498
O=CC1=CNCC=CC1,0.4987690250036394
O=CC1=NCCC=CN1,0.4785916365854064
O=CC1=CCCCC1=O,1.0720165198308678
O=CC1=CCCNC1=O,1.4524969675185275
O=CC1=CCCOC1=O,1.4599847553890868
O=CC1=CCNCC1=O,0.8987504945707769
O=CC1=CCOCC1=O,0.8047975339759432
O=CC1=CNCCC1=O,1.3499648786801117
O=CC1=CCCCC=C1,0.46314171172889473
O=CC1=CCOCC=C1,0.5272735913149518
O=CC1=CNCCC=C1,0.5333055421306199
N=C1C=CC(=O)N1C=O,1.8396767800040834
N=CN1C(=O)C=CC1=O,2.211847192971618
O=CC1C(=O)C=CC1=O,0.6830244009615853
O=CN1C(=O)C=CC1=O,1.0930806188935094
N=C1CCC(=N)N1C=O,1.7849427108103555
N=C1CCC(=O)N1C=O,1.8925311673901888
N=C1COC(=N)N1C=O,2.0811710888556263
N=C1COC(=O)N1C=O,2.0127322162461496
N=C1OCC(=O)C1C=O,1.8000656090734992
N=CN1C(=N)COC1=O,2.934094322139572
N=CN1C(=N)OCC1=O,2.9387113618431613
N=CN1C(=O)CCC1=O,1.8801730833201873
N=CN1C(=O)COC1=O,1.8321385149847629
O=CN1C(=O)CCC1=O,1.0776519461396674
O=CN1C(=O)COC1=O,1.0242586642107199
C#CC1C(C#C)C1C=O,0.9381341782063828
C#CC1C(C#N)C1C=O,0.557690329847901
N#CC1C(C#N)C1C=O,0.42137107138478314
N#CC1C(C#N)N1C=O,1.1466886531834461
C#CC1C(C=O)N1C=O,1.0618758926702867
N#CC1C(C=O)N1C=O,1.168044104697401
C#CC1C(C=O)C1C=O,0.6886558544065338
N#CC1C(C=O)C1C=O,0.3647057819944166
O=CC1C(C=O)C1C=O,1.1540237578992674
O=CC1C(C=O)N1C=O,1.4075349742997787
C#CC1CC(=N)N1C=O,1.7801458037611155
N#CC1CC(=N)N1C=O,1.9443730186158064
N#CC1NC(=N)C1C=O,1.4329728975790204
C#CC1OC(=N)C1C=O,1.2597256481858494
N#CC1OC(=N)C1C=O,1.4161902672440192
C#CC1CC(=N)N1C=N,2.36811605323237
N#CC1CC(=N)N1C=N,2.4585466070693656
C#CC1CC(=O)N1C=N,1.9148112622369808
N#CC1CC(=O)N1C=N,2.032137263524419
C#CC1NC(=O)C1C=O,0.41081337511423044
C#CC1OC(=O)C1C=O,0.16304610408224107
C#CC1CC(=O)N1C=O,0.8171056579121796
N#CC1CC(=O)N1C=O,0.9083343220845563
O=CC1C2C=CC(=O)C12,0.47483553833444603
O=CN1C2C=CC(=O)C21,0.7724233434528287
N=C1C(=O)C=CN1C=O,0.9613440865614393
N=CN1C=CC(=O)C1=N,0.26517475671789725
N=CN1C=CC(=O)C1=O,0.9858997890733008
O=CC1C=CC(=O)C1=O,0.8243138214511418
O=CN1C=CC(=O)C1=O,1.3221831015453063
O=CC1C=CC=CC=C1,1.0835424248944037
O=CN1C=CC=CC=C1,0.8118944845246006
C#CC1CN=CN1C=N,0.23572941070779052
N#CC1CN=CN1C=N,0.4623732346099132
C#CC1CC=CC1C=O,0.4524338629562408
N#CC1CC=CC1C=O,0.574023727198437
C#CC1NC=NC1C=O,0.6828454587994202
N#CC1NC=NC1C=O,0.6788577371207793
C#CC1OC=NC1C=O,0.6767757929846994
N#CC1OC=NC1C=O,0.7490216491587489
C#CC1CC=CN1C=O,0.5586181024991674
N#CC1CC=CN1C=O,0.6410625189037091
C#CC1CN=CN1C=O,0.5632141894257074
N#CC1CN=CN1C=O,0.6403039739470842
N=C1CCC=CN1C=O,0.6534508348358941
N=C1CCN=CN1C=O,1.9494265291577904
N=C1NCC=CN1C=O,0.5413828649652714
N=C1OCC=CN1C=O,0.5901178547137533
N=CN1C=CCCC1=O,0.6133839818157867
N=CN1C=CCNC1=O,0.45280638700751297
N=CN1C=CCOC1=O,0.5259494574293058
N=CN1C=NCCC1=O,2.057953098716098
O=CC1C=CCCC1=O,0.6956469798260514
O=CC1C=CCNC1=O,0.4338782739232556
O=CC1C=CCOC1=O,0.6008057575345447
O=CN1C=CCCC1=O,0.797407217331056
O=CN1C=CCNC1=O,0.6539185987858218
O=CN1C=CCOC1=O,0.7266552125383896
O=CN1C=NCCC1=O,0.7790560403263953
O=CC1C=CCCC=C1,0.8436268669865967
O=CC1C=CCOC=N1,0.9139360062599735
O=CN1C=CCCC=C1,0.4239635830035695
O=CN1C=CCCN=C1,0.589161292404242
N=C1NC(C=O)CC1=O,1.1044889162913023
N=C1OC(C=O)CC1=O,1.3904398482591205
O=CC1CC(=O)C(=O)C1,1.199333757700515
O=CC1CC(=O)C(=O)N1,0.8894739925926842
O=CC1CC(=O)C(=O)O1,1.1172544366363582
O=CN1CC(=O)C(=O)C1,1.029833762848284
N#CC1C(=N)NC1C=O,0.5786215284388163
C#CC1C(=N)OC1C=O,0.8540119885692548
N#CC1C(=N)OC1C=O,0.6807869164676958
C#CC1C(=O)CN1C=N,0.5907025732558395
N#CC1C(=O)CN1C=N,0.6719990495839738
C#CC1C(=O)OC1C=O,0.5851622779973695
N=C1CC(C=O)N1C=O,1.6499562938824965
N=C1OC(C=O)C1C=O,0.9035046253029577
O=CC1CC(=O)N1C=O,1.1675132647269493
O=CC1NC(=O)C1C=O,0.3320062247785245
N=C1CC(=O)CN1C=O,2.0582140288206574
N=C1CC(C=O)C(=O)N1,1.0264676311562653
N=C1CC(C=O)C(=O)O1,0.7928858801205934
N=C1CN(C=O)C(=O)N1,1.0151431992944708
N=C1CN(C=O)C(=O)O1,1.833369259349638
N=C1NC(=N)C(C=O)O1,0.5038865367550898
N=C1NC(=O)C(C=O)O1,0.5269569594765926
N=C1NC(=O)CC1C=O,1.7598239500275668
N=C1NC(=O)CN1C=O,2.315709483838873
N=C1NC(=O)NC1C=O,1.0267474459742516
N=C1NC(=O)C(C=O)N1,0.593529456649776
N=C1OC(=O)CC1C=O,1.9096943763488525
[NH2+]=c1oc(=O)o[c-]1C=O,0.6629865253871685
N=CN1CC(=N)NC1=O,2.049723065510989
N=CN1CC(=N)OC1=O,2.3067973152828927
N=CN1CC(=O)CC1=O,2.081587151147687
N=CN1CC(=O)NC1=O,2.2638255365800433
O=CC1CC(=O)NC1=O,0.795095146391759
O=CN1CC(=O)CC1=O,0.9442516272374633
O=CN1CC(=O)NC1=O,1.3914169823874545
N=C1CC=CC(C=O)O1,0.5779632302765094
O=CC1C=CCC(=O)C1,0.5434415433555841
O=CC1C=CNC(=O)C1,0.6796345137190656
O=CC1CC(=O)NC=N1,0.827014253474772
O=CC1CC(=O)OC=N1,0.8819251967597665
O=CC1C=CCC(=O)N1,0.7915652837164089
O=CC1C=CNC(=O)N1,0.6781256688536814
O=CC1C=CCC(=O)O1,0.7799718671685696
O=CC1C=CNC(=O)O1,0.7410576345901063
O=CN1C=CCC(=O)C1,0.5811688147132372
O=CN1C=NCC(=O)C1,0.8388932264406321
O=CN1C=CNC(=O)C1,0.7676751448070718
C#CC1CN(C=O)C1=N,1.3172701106668683
N#CC1CN(C=O)C1=N,1.8952920631436427
C#CC1CN(C=N)C1=O,1.2314380927782622
N#CC1CN(C=N)C1=O,1.9013769401299214
C#CC1CN(C=O)C1=O,0.693268757977421
N#CC1CN(C=O)C1=O,0.6018493691062758
N=C1C(C=O)CN1C=O,1.6724296168740693
N=CN1CC(C=O)C1=O,0.4380111684131407
O=CC1CN(C=O)C1=O,0.15313587583477783
O=CC1C=CC(C=O)C1,0.42858647315551934
O=CC1C=CN(C=O)C1,0.5809177079227084
O=CC1CN(C=O)C=N1,0.6765826736864256
O=CC1C=CC(C=O)N1,0.8401460936747753
O=CC1C=CC(C=O)O1,0.5693876667264703
C#CC1C=CC(C=O)C1,0.5535032574625802
N#CC1C=CC(C=O)C1,0.5964462465126417
N#CC1C=CC(C=O)N1,1.018526664644014
C#CC1C=CC(C=O)O1,0.9079097426274529
N#CC1C=CC(C=O)O1,0.9124248756379529
C#CC1C=CN(C=O)C1,0.5123907792294631
N#CC1C=CN(C=O)C1,0.5127892085292842
C#CC1CN(C=O)C=N1,0.5020661485814344
N#CC1CN(C=O)C=N1,0.4985289932501473
C#CCC1CC(C=O)O1,0.472752179208328
N#CCC1CC(C=O)C1,0.6695431936113891
N#CCC1CC(C=O)O1,0.6754523121708189
N#CCC1CN(C=O)C1,0.49700578076954116
C#CC1(C#C)CC1C=O,0.5873962250079785
C#CC1(C#N)CC1C=O,0.3640238915486407
N#CC1(C#N)CC1C=O,0.4623012332504004
C#CC1(C#C)OC1C=O,0.6786902781714161
C#CC1(C#N)OC1C=O,0.3821744933320588
N#CC1(C#N)OC1C=O,0.4228457387343951
N#CC1(C#N)CN1C=O,0.6981844155725412
C#CC1(C=O)CC1C=O,0.9247944157068559
N#CC1(C=O)CC1C=O,1.1286295089139458
C#CC1(C=O)NC1C=O,0.7677355541145516
N#CC1(C=O)NC1C=O,1.1389901946586178
C#CC1(C=O)OC1C=O,0.7129507356603426
N#CC1(C=O)OC1C=O,1.4178050188747875
C#CC1(C=O)CN1C=O,0.6943412136333791
N#CC1(C=O)CN1C=O,0.6254704144885181
O=CC1CC1(C=O)C=O,1.09040494924011
O=CC1NC1(C=O)C=O,1.132484711079087
O=CC1OC1(C=O)C=O,1.0190088506333268
O=CN1CC1(C=O)C=O,0.980412175082165
C#CC#CC1CC1C=O,0.3832908409749507
N#CC#CC1CC1C=O,0.3191191511123179
C#CC#CC1NC1C=O,0.5590920706454199
N#CC#CC1NC1C=O,0.6746858214846725
C#CC#CC1OC1C=O,0.2701480208452267
N#CC#CC1OC1C=O,0.2784407219005516
C#CC#CC1CN1C=O,0.5375622212795861
N#CC#CC1CN1C=O,0.7613794611115736
C#CC(=O)C1CC1C=O,0.2789368945504975
N#CC(=O)C1CC1C=O,0.22423762873768283
C#CC(=O)N1CC1C=O,1.144596912945417
N#CC(=O)N1CC1C=O,1.05294911159217
C#CC(=O)C1NC1C=O,1.2039144973969087
N#CC(=O)C1NC1C=O,1.1103727010395232
C#CC(=O)C1OC1C=O,0.6981418297327764
N#CC(=O)C1OC1C=O,0.6642408076131687
C#CC(=O)C1CN1C=O,1.1801734769578616
N#CC(=O)C1CN1C=O,1.1228979991519736
O=CC(=O)C1CC1C=O,0.4591499899743212
O=CC(=O)N1CC1C=O,0.8782065686100395
O=CC(=O)C1NC1C=O,1.3724677260415774
O=CC(=O)C1OC1C=O,0.7913426672585047
N#CCCC1CC1C=O,0.7549686459879013
C#CCCC1OC1C=O,0.884392862484674
N#CCCC1OC1C=O,0.9460984648867452
C#CC1=CCC(C=O)C1,0.8605478400731954
N#CC1=CCC(C=O)C1,0.9473987615892838
C#CC1=NCC(C=O)N1,0.6800651613193622
N#CC1=NCC(C=O)N1,0.8659928410143038
C#CC1=NCC(C=O)O1,0.7321802422065957
N#CC1=NCC(C=O)O1,0.6877388846824033
C#CC1=CCN(C=O)C1,0.2687404295975284
N#CC1=CCN(C=O)C1,0.30335107058090216
O=CC1=CNC(C=O)C1,0.702375107073749
O=CC1=CCC(C=O)C1,0.7725113723281538
O=CC1=NCC(C=O)N1,0.8406787023868674
O=CC1=NCC(C=O)O1,0.6271041596719442
O=CC1=CCN(C=O)C1,0.3626905602104671
N=C1C=CCC(C=O)O1,0.9997267172475404
O=CC1CC(=O)C=CN1,0.6973264129519521
O=CC1CC=CC(=O)C1,0.2827787087062461
O=CC1CC=CC(=O)N1,0.9345903560788429
O=CC1CC=CC(=O)O1,0.8068497360527545
O=CN1CC=CC(=O)C1,0.6054419268457423
C#CC1C=CCC1C=O,1.057993288624857
N#CC1C=CCC1C=O,1.0869483124388353
C#CC1N=CNC1C=O,0.7870932535570319
N#CC1N=CNC1C=O,0.6853030290894822
C#CC1N=COC1C=O,0.901910499915175
C#CC1C=CCN1C=O,0.4176158166901587
N#CC1C=CCN1C=O,0.37811694720221567
O=CC1C=CCN1C=O,0.7379777123951499
O=CC1C=CCC1C=O,0.9321327041561744
O=CC1CC=CN1C=O,0.7150405166830751
O=CC1CN=CN1C=O,0.6421378045470192
O=CC1N=CNC1C=O,0.5920886130752478
O=CC1N=COC1C=O,0.45411822134337854
O=CC1CC=CC=CC1,1.111155899528967
O=CN1CC=CC=CC1,0.6633125723692501
N=C1CC=CCN1C=O,2.440327813519616
N=CN1CC=CCC1=O,2.4041529252681357
N=CN1CC=CNC1=O,0.5532498377033335
O=CC1CC=CCC1=O,0.8321129893611214
O=CC1CC=CNC1=O,1.047900852849125
O=CC1CN=CNC1=O,0.7780018707271665
O=CC1CN=COC1=O,0.6511129402770166
O=CN1CC=CCC1=O,1.513797827572489
O=CN1CC=CNC1=O,0.6826034134064685
O=CC1C=CCC=CC1,1.375297221731671
O=CC1C=CCN=CO1,1.1357837394589296
O=CN1C=CCC=CC1,0.6079728318563866
O=CN1C=NCC=CC1,1.1800284946220927
N=C1C(=O)CCN1C=O,1.9727830797437491
N=CN1CCC(=O)C1=O,1.5091328685975895
O=CN1CCC(=O)C1=O,0.7145710112035886
N=C1C=CC(C=O)CO1,0.7121871838062361
O=CC1C=CC(=O)CC1,0.3062404585598415
O=CC1C=CC(=O)NC1,1.02822072554045
O=CC1C=CC(=O)OC1,0.49201994497707346
O=CC1C=CC(=O)CN1,0.8491250662154926
O=CC1C=CC(=O)CO1,0.7827549946359795
O=CN1C=CC(=O)CC1,0.5301922043363447
O=CC1CCC(=O)CO1,0.7953727570857154
O=CC1CCC(=O)OC1,0.4405589444868383
O=CC1CNC(=O)OC1,1.071323554344417
O=CC1COC(=O)CO1,0.7995175973792357
O=CC1COC(=O)OC1,0.6711625167536113
O=CC1OCC(=O)CO1,0.8087257443203271
C#CC1=CC(C=O)CC1,0.4101099876588705
N#CC1=CC(C=O)CC1,0.4497002602347493
C#CC1=NC(C=O)CN1,0.7235738481413136
N#CC1=NC(C=O)CN1,0.7103890273483557
C#CC1=NC(C=O)CO1,0.6572417908882926
N#CC1=NC(C=O)CO1,0.7100800419138977
N#CC1=CC(C=O)NC1,0.8344927622620162
C#CC1=CC(C=O)OC1,0.5496162451727287
N#CC1=CC(C=O)OC1,0.724498164940087
C#CC1=CN(C=O)CC1,0.46393440699648636
N#CC1=CN(C=O)CC1,0.4509840940390859
N#CC1CNC(C=O)C1,1.0962940946374147
C#CC1COC(C=O)C1,0.6023269835841347
N#CC1COC(C=O)C1,0.8911638476820372
C#CC1CCC(C=O)C1,1.0179050474471296
N#CC1CCC(C=O)C1,0.5087923438204598
N#CC1CCC(C=O)N1,1.1197298303923162
C#CC1CCC(C=O)O1,0.7848333740821545
N#CC1CCC(C=O)O1,1.026526734318395
N#CC1CC(C=O)CN1,1.4357323783387983
C#CC1CC(C=O)CO1,1.2895600899901183
N#CC1CC(C=O)CO1,0.8476503988658806
C#CC1OCC(C=O)O1,0.7319882385727396
N#CC1OCC(C=O)O1,1.0130389962323534
N#CC1COC(C=O)O1,2.2708929627606267
C#CC1CCN(C=O)C1,0.4210456230557611
N#CC1CCN(C=O)C1,0.461579886272375
O=CC1COC(C=O)O1,1.1245892148126586
O=CC1=CC(C=O)CC1,0.5415245547210361
O=CC1=NC(C=O)CN1,0.6584386842696404
O=CC1=NC(C=O)CO1,0.6149225687404396
O=CC1=CC(C=O)OC1,0.7175474484502047
O=CC1=CN(C=O)CC1,0.6091116833304113
N#CCC1CCC1C=O,0.9539455792855733
C#CCC1OCC1C=O,0.7069200093592372
N#CCC1OCC1C=O,0.6995061548550439
C#CCC1COC1C=O,0.7514847433594696
N#CCC1COC1C=O,0.8236351147352252
N#CCC1CCN1C=O,0.3619218653984717
N#CC1=NCCN1C=N,0.40417662374238716
C#CC1=CCCC1C=O,0.4424847224072437
N#CC1=CCCC1C=O,0.3828954049258755
N#CC1=CCNC1C=O,0.8614167000450834
C#CC1=CCOC1C=O,0.5070302696803992
N#CC1=CCOC1C=O,0.6556977072632435
C#CC1=CCCN1C=O,0.45277599187465967
N#CC1=CCCN1C=O,0.44665791698207613
C#CC1=NCCN1C=O,0.5063481071210845
N#CC1=NCCN1C=O,0.46304960114503046
O=CC1=CCCC1C=O,1.1011987044021225
O=CC1=CNCC1C=O,0.4423505974209547
O=CC1=CCOC1C=O,0.8803225542069413
N=C1C=CCCN1C=O,2.3821181683942996
N=CN1CCC=CC1=O,2.4378896177458955
O=CC1CCC=CC1=O,1.2073592156066297
O=CN1CCC=CC1=O,1.7471707039185276
O=CC1C=CC=CCC1,0.7187874718983949
O=CC1C=CC=CCO1,0.5279260934512422
O=CN1C=CC=CCC1,0.6386895216437551
O=CC1CC(=O)CCO1,0.7102482899917959
O=CC1CC(=O)OCO1,0.9170289355079149
O=CC1CCCC(=O)O1,0.21679563764701015
O=CC1CCNC(=O)O1,1.2350402561423834
O=CC1CCOC(=O)C1,0.4080194991420285
O=CC1CCOC(=O)N1,0.8400075060180825
O=CC1CCOC(=O)O1,0.6362833808962023
O=CC1COCC(=O)C1,0.5173014027132012
O=CC1COCC(=O)O1,0.39030155860018567
O=CN1CCOC(=O)C1,0.5857006555270345
C#CC1CCCC1C=O,0.8350947328290204
N#CC1CCCC1C=O,0.5726987769667176
C#CC1OCCC1C=O,0.9852079664633493
N#CC1OCCC1C=O,0.7179884363795281
C#CC1COCC1C=O,0.5977343252925493
N#CC1COCC1C=O,0.8853124172874232
N#CC1CCNC1C=O,0.9544796029913414
C#CC1CCOC1C=O,0.5514907023916749
N#CC1CCOC1C=O,0.7533873915908771
C#CC1OCOC1C=O,0.45772286094506853
N#CC1OCOC1C=O,0.6852224017147819
N#CC1CCCN1C=O,0.4980370927933109
O=CC1OCOC1C=O,0.5553238089014485
O=CC1CCCOC1=O,1.5360187920559838
O=CC1COCCC1=O,1.035756976913035
O=CC1COCOC1=O,1.4695862975295313
O=CC1OCCCC1=O,0.5576840712274134
O=CC1OCCOC1=O,0.5424291160470602
O=CN1CCCOC1=O,2.101656428676506
O=CN1CCOCC1=O,1.1176804582974
O=CCC#CC1CCO1,0.38350083134173474
O=CCC#CC1COC1,0.3482359466943308
O=CCC#CCC1CO1,0.4810312473509839
C#CC(CC=O)C1CO1,1.1207651424865617
N#CC(CC=O)C1CO1,1.1763243157220131
N#CC(NC=O)C1CC1,1.8621620215908479
N#CC(OC=O)C1CN1,2.0740678796828433
N#CC(OC=O)C1CO1,1.3203542506307713
C#CCC1(CC=O)CO1,0.91602510699704
N#CCC1(CC=O)CC1,0.9353956230097538
N#CCC1(CC=O)CO1,1.3712354850504198
N#CC1(CC=O)CCC1,0.7879510657003266
C#CC1(CC=O)CCO1,1.044052453533368
N#CC1(CC=O)CCO1,1.096523786054604
C#CC1(CC=O)COC1,1.0124235015973682
N#CC1(CC=O)COC1,1.0720696364842297
N#CC1(OC=O)CNC1,1.5231731069288799
N#CC1(OC=O)COC1,1.459630299708806
O=COC1(C=O)COC1,0.8238154174650845
N=C1C=C(CC=O)CO1,0.4598604251823417
N=C1C=C(NC=O)CO1,0.5821141931355669
O=CCC1=CC(=O)CC1,0.22909480903399526
O=CCC1=CC(=O)NC1,0.29663423605961725
O=CNC1=CC(=O)CC1,0.6342845403723913
O=CNC1=CC(=O)NC1,0.5358777268338599
N=C1CN=C(NC=O)N1,0.5042002569734905
O=CCC1=CCC(=O)C1,0.49386585743741307
O=CCC1=CCC(=O)N1,0.6776736603060272
O=CCC1=CNC(=O)C1,0.6673995340206602
O=CCC1=NCC(=O)N1,1.2674128411927086
O=CCC1=NCC(=O)O1,1.4737883906072966
O=CNC1=CCC(=O)C1,0.7026643370336387
O=CNC1=CNC(=O)C1,0.8253914472752513
O=CNC1=NCC(=O)C1,1.3119986640267598
O=CNC1=NCC(=O)N1,0.7986189409257349
O=COC1=NCC(=O)C1,1.0234038725357095
N=CNC1=NCCC1=O,2.1938227704449673
O=CCC1=CCCC1=O,1.403301969068707
O=CNC1=CCCC1=O,0.5733190880200709
O=CNC1=CCNC1=O,0.5886547522131877
O=CNC1=CCOC1=O,0.5619712271382014
O=CNC1=NCCC1=O,1.3567936608924356
O=COC1=NCCC1=O,1.1689652377663151
N=COC1C=CCC1=O,1.1338710502277536
N=COC1C=CNC1=O,0.6973558012596186
O=CCC1C=CCC1=O,1.2922316779331595
O=CCC1C=CNC1=O,1.3031446734457859
O=CCC1N=CNC1=O,1.1954826916662569
O=CCC1N=COC1=O,1.504697247293734
O=CCN1C=CCC1=O,0.5959866459797922
O=CCN1C=NCC1=O,0.5499960618781188
O=CNC1C=CCC1=O,0.9200639588925696
O=CNC1C=CNC1=O,0.5955477533261728
O=COC1C=CCC1=O,0.7716624855256669
O=COC1C=CNC1=O,0.6887922651476401
N=C1C=CC(CC=O)O1,0.7909310404265852
O=CCC1C=CC(=O)C1,0.20629764317891386
O=CCC1C=CC(=O)N1,1.184465585343787
O=CNC1C=CC(=O)C1,0.49107508356610197
O=COC1C=CC(=O)C1,0.47629483124364924
N#CC1CC(CC=O)C1,0.583960078387463
C#CC1CC(CC=O)O1,0.9510373065932072
N#CC1CC(CC=O)O1,0.9672858315861959
N#CCC1CC1CC=O,1.1295816085530532
C#CCC1OC1CC=O,0.8138727260229643
N#CCC1OC1CC=O,1.3195233777714748
C#CCC1CC1OC=O,2.0948739330488024
N=COC1CC=CC1=O,1.4810785965146351
O=CCC1CC=CC1=O,1.2869699457642128
O=CNC1CC=CC1=O,1.4647530632628332
O=COC1CC=CC1=O,0.826375520306101
N=C1CCC(OC=O)O1,2.1295109962993592
N=C1OCC(OC=O)O1,2.2036937870634574
N=COC1COC(=O)O1,2.2261985664390522
O=CCC1CC(=O)CO1,0.6739878490989213
O=CCC1CCC(=O)O1,0.22350610469766252
O=CCC1CNC(=O)O1,1.191267210579099
O=CCC1COC(=O)C1,0.2687017077769269
O=CCC1COC(=O)N1,1.3351527073828038
O=CCC1COC(=O)O1,1.0848487897383166
O=CCC1OCC(=O)O1,0.7714047391546046
O=COC1CC(=O)CO1,0.7393882696833316
O=COC1CCC(=O)C1,0.6890370316850749
O=COC1CCC(=O)O1,0.7114050193540606
O=COC1CNC(=O)C1,1.179363529663533
O=COC1CNC(=O)O1,1.2664593537683686
N#CC1CCC1CC=O,0.770360311238619
C#CC1OCC1CC=O,1.4638563388180046
N#CC1OCC1CC=O,1.4202996238818741
C#CC1COC1CC=O,0.3594759143798001
N#CC1COC1CC=O,0.914597052778845
C#CC1CCC1OC=O,1.3687038453299465
N#CC1NCC1OC=O,1.2948587752380263
C#CC1OCC1OC=O,1.7094573647973448
O=COC1COC1C=O,0.7886693105738232
O=CCC1CCOC1=O,2.12901289164256
O=CCC1COCC1=O,0.922133140884398
O=CCC1OCCC1=O,0.43090336051136546
O=CCC1OCOC1=O,1.2881412060141884
O=CCN1CCOC1=O,0.7600655587139045
O=CNC1CCOC1=O,1.959729608372072
O=COC1CCCC1=O,0.9903992211093282
O=COC1CCNC1=O,1.370362842695613
O=COC1CCOC1=O,1.518421806184051
O=COC1COCC1=O,0.7923200734985585
O=COC1OCCC1=O,1.8689019857974927
O=CCN=C1C=CCO1,0.8540034986144747
O=CCCC#CC1CO1,1.1340716526574397
O=CNCC#CC1CO1,0.3628539102355717
O=COCC#CC1CC1,1.6543026073741203
O=COCC#CC1CO1,0.6287307482598408
O=COCC(=O)C1CC1,1.2879063988511916
O=COCC(=O)C1CO1,0.6574227194778359
N#CC1(CCC=O)CC1,1.2039502803872892
C#CC1(CCC=O)CO1,1.0379900531625026
N#CC1(CCC=O)CO1,1.162627077073921
N#CC1(CNC=O)CC1,1.437513527673218
C#CC1(COC=O)CC1,1.2090681186764414
N#CC1(COC=O)CC1,1.5718076321900298
N#CC1(COC=O)CN1,1.8819416337755683
C#CC1(COC=O)CO1,1.147628153947153
O=COCC1(C=O)CO1,1.5897641078536253
O=CCCC1CC(=O)O1,1.1186479323769163
O=COCC1CC(=O)C1,0.8921923841426178
O=COCC1CC(=O)O1,0.7128642578354629
O=COCC1OC1C=O,0.5088239362576132
O=CCCC1COC1=O,0.6637788669031579
O=CNCC1COC1=O,0.9185322836692649
O=COCC1COC1=O,1.0476051737859962
O=COCC1OCC1=O,1.0659021728970401
CC#CC#CC1(C)CC1,0.5644164978766639
CC#CC#CC1(C)CN1,0.537066266319016
CC#CC#CC1(C)CO1,0.4563260998347687
CC#CC#CC1CC1C,0.6465139145220746
CC#CC#CC1CN1C,0.6175857483613072
CC#CC#CC1NC1C,0.5816600620983081
CC#CC#CC1OC1C,0.5190775995724835
CC#CC#CC1CCC1,0.41042212961474434
CC#CC#CC1CCO1,0.27134837007542956
CC#CC#CC1COC1,0.37892496248423413
CC#CC#CCC1CC1,0.3006894147965795
CC#CC#CCC1CN1,0.6215694155398523
CC#CC#CCC1CO1,0.3604751441580447
CC#CC#CCN1CC1,0.7163592082870309
CC#CC(=O)C1(C)CC1,0.6396851323097508
CC#CC(=O)C1(C)CO1,1.0142279438896367
CC#CC(=O)C1CC1C,0.7265874833665293
CC#CC(=O)C1OC1C,0.8629654912419937
CC#CC(=O)C1CCC1,0.8777352943907317
CC#CC(=O)C1CCO1,1.234903110691448
CC#CC(=O)C1COC1,0.9127078197689116
CC#CC(=O)CC1CC1,0.8798791172466736
CC#CC(=O)CC1CO1,1.5436410858746967
C#CC(C#CC)C1CC1,0.8177586770671041
C#CC(C#CC)C1CO1,0.3719791168350639
CC#CC(C#N)C1CC1,0.8845960772068793
CC#CC(C#N)C1CN1,0.8973484000234748
CC#CC(C#N)C1CO1,0.4302956483406888
CC#CC(C#N)N1CC1,1.1067506461404264
CC#CC(C=O)C1CO1,0.5417243952360877
CC#CC1(C)CC(=O)C1,0.18169094650511397
CC#CC1(C)CC(=O)N1,0.27414562026206113
CC#CC1(C)CC(=O)O1,0.26886481290239317
CC#CC1(C)OC1C=O,0.46672390193089086
CC#CC1(O)CC=CC1,0.6543387699966843
CC#CC1(C)COC1=O,1.2138907677108364
CC#CC1(C)C=CCO1,0.5612666968081612
C#CCC1(C#CC)CC1,0.7702271386515349
C#CCC1(C#CC)CO1,0.5043438243137643
CC#CC1(CC#N)CC1,0.8420477350809961
CC#CC1(CC#N)CN1,0.839471985687851
CC#CC1(CC#N)CO1,0.7491712030077906
CC#CC1(C#CC)CC1,0.6263490977707988
CC#CC1(C#CC)CN1,0.916417985177759
CC#CC1(C#CC)CO1,0.793535171309486
CC#CC1(C(C)=O)CC1,0.6465530717250658
CC#CC1(C(N)=O)CC1,0.8006007743279042
CC#CC1(C(C)=O)CO1,0.3952483188277256
CC#CC1(C(N)=O)CO1,0.29392830733559094
C#CC1(C#CC)CC1C,1.2342167575734493
CC#CC1(C#N)CC1C,1.2493181860427285
CC#CC1(C#N)CN1C,0.6382997999880899
CC#CC1(C=O)CC1C,1.1798137966852664
CC#CC1(C=O)OC1C,0.7674661612636555
CC#CC1(OC=O)CC1,1.0990884059901873
CC#CC1(CC=O)CO1,0.9085811022650887
C#CC1(C#CC)CCC1,1.0463841438904637
CC#CC1(C#N)CCC1,0.9824438325540541
CC#CC1(C#N)CCN1,0.8835624794301111
C#CC1(C#CC)CCO1,0.9054415054688434
CC#CC1(C#N)CCO1,0.6503992397047114
CC#CC1(C#N)CNC1,0.6931610008359712
CC#CC1(C=O)CCO1,1.0512818419629184
CC#CC1(C=O)COC1,0.546497220197125
CC#CC1=C(C)COC1,0.2705274021700461
CC#CC1=CC(=N)OC1,0.3690830892719532
CC#CC1=CC(=O)CC1,0.21606599119695602
CC#CC1=CC(=O)NC1,0.3018547973824752
CC#CC1=CC(C)OC1,0.2663871333897987
CC#CC1=CC(O)CC1,0.5367797302878898
CC#CC1=NC(C)CO1,0.5157253729048534
CC#CC1=CCC(=O)C1,0.3818413985973166
CC#CC1=CCC(=O)N1,0.4999134548124857
CC#CC1=CNC(=O)C1,0.5065742338429118
CC#CC1=NCC(=N)N1,0.3710020099188114
CC#CC1=NCC(=O)N1,0.6353552545006096
CC#CC1=NCC(=O)O1,0.6585659247721196
CC#CC1=CCC(O)C1,0.5870830218063929
CC#CC1=NCC(C)O1,0.5549992857595498
CC#CC1=CCCC1=O,0.33727026991255116
CC#CC1=CCNC1=O,0.29977181921276497
CC#CC1=CCOC1=N,0.22148552226281026
CC#CC1=CCOC1=O,0.31184078216392663
CC#CC1=CCCC1O,0.5966545225601294
CC#CC1=CCOC1C,0.25172756361644133
CC#CC1=CCCOC1,0.4175338015338639
CC#CC1=CCOCC1,0.3730483615454432
C#CC1C(C)C1C#CC,0.94066745060627
CC#CC1C(C)C1C#N,0.7783898236430105
CC#CC1C(C)C1C=O,0.7958487932992284
CC#CC1C(=O)NC1C,0.9634333233498182
CC#CC1C(=O)OC1C,0.9104620902216993
CC#CC1C(=O)CC1O,0.8811117664117774
CC#CC1C=CCC1=O,0.4643418432715407
CC#CC1C=CNC1=O,0.5871320839560212
CC#CC1N=CNC1=N,0.5727649823038519
CC#CC1N=CNC1=O,0.5606249975953688
CC#CC1N=COC1=O,0.5439197020623396
CC#CC1CC(=O)C1C,0.23131321833898255
CC#CC1CC(=O)C1O,1.2015084927079442
CC#CC1CC(=O)N1C,0.3730305925018911
CC#CC1NC(=O)C1C,0.29229001784369757
CC#CC1NC(=O)C1O,1.0108245325809548
CC#CC1OC(=N)C1O,1.3028409126000042
CC#CC1OC(=O)C1C,0.2970839044301101
CC#CC1OC(=O)C1N,1.1281896094369586
CC#CC1OC(=O)C1O,0.7683139868240687
CC#CC1C=CC(=O)C1,0.2522868939249747
CC#CC1C=CC(=O)N1,0.3741506681071769
CC#CC1C=CC(=N)O1,1.146760491279565
CC#CC1C=CC(=O)O1,0.2372404052712227
CC#CC1CC(C)C1=O,1.4226480492488918
CC#CC1CC(O)C1=O,0.9618805592890567
CC#CC1CN(C)C1=O,1.1527760608314566
CC#CC1OC(C)C1=O,1.3225728776251344
CC#CC1C=CC(O)C1,0.7309775255780551
CC#CC1C=CC(C)O1,0.6211399108160549
C#CC1CC(C#CC)C1,0.28028524658293463
CC#CC1CC(C#N)C1,0.5421457365391689
CC#CC1CC(C#N)N1,0.7156449634876481
C#CC1CC(C#CC)O1,0.24460190504032653
CC#CC1CC(C#N)O1,0.3834608850083896
CC#CC1CC(C=O)O1,0.7060325640031806
C#CC1(C)OC1C#CC,1.7330847776447627
CC#CC1OC1(C)C#N,1.5024307826588483
CC#CC1CC1(C)C=O,1.0307906244852347
CC#CC1OC1(C)C=O,0.509848744757619
CC#CC1CC1C#CC,1.1214344884810998
CC#CC1OC1C#CC,0.911124959897279
CC#CC1CC1C(C)=O,0.44194808640895644
CC#CC1CC1C(N)=O,0.5611347759459022
CC#CC1OC1C(C)=O,0.4307593577887019
CC#CC1OC1C(N)=O,0.3012114927005314
C#CCC1CC1C#CC,0.8580156017069385
CC#CC1CC1CC#N,0.9807996381914563
CC#CC1CN1CC#N,0.8927709529089043
CC#CC1NC1CC#N,0.8593702667822072
C#CCC1OC1C#CC,0.5871716493311396
CC#CC1OC1CC#N,0.7913725453727238
CC#CC1OC1CC=O,0.5945143732387805
CC#CC1CN=C(C)O1,0.6479225670154847
CC#CC1CC=CC1=O,0.5408078881082474
CC#CC1CC=CC1O,1.0073613378299342
CC#CC1CC(=O)CO1,0.44987264444898756
CC#CC1CCC(=N)O1,1.5222951039304462
CC#CC1CCC(=O)C1,0.32673300939677574
CC#CC1CCC(=O)N1,0.1635724541702075
CC#CC1CCC(=O)O1,0.2519622891450126
CC#CC1CNC(=O)C1,0.39627043339532975
CC#CC1CNC(=O)N1,0.5651068510687765
CC#CC1CNC(=O)O1,0.34223488081443065
CC#CC1COC(=N)C1,0.6890300927752833
CC#CC1COC(=N)O1,1.3678167265115917
CC#CC1COC(=O)C1,0.4111207006499171
CC#CC1COC(=O)N1,0.5022043552780815
CC#CC1COC(=O)O1,0.38543460941218655
CC#CC1OCC(=N)O1,1.2624884215256316
CC#CC1OCC(=O)O1,0.324927478650352
CC#CC1COC(C)=N1,0.5116878543667553
CC#CC1C=C(C)CO1,0.6376095556388464
CC#CC1CCC1C#N,0.7687756282048213
CC#CC1CNC1C#N,0.7380091687718959
CC#CC1NCC1C#N,0.6723370967902156
CC#CC1OCC1C#N,0.3458662692246435
CC#CC1COC1C=O,0.5226778309279325
CC#CC1OCC1C=O,0.5420449999401171
CC#CC1OCC=C1C,0.528948697825399
CC#CC1CC=CCO1,0.44664259696037334
CC#CC1CCCC1=O,0.5466466379875783
CC#CC1CCNC1=O,0.448727806468014
CC#CC1CCOC1=N,0.9663069831440225
CC#CC1CCOC1=O,0.580883748098131
CC#CC1COCC1=O,0.41904095929021423
CC#CC1OCCC1=O,1.1880412992286438
CC#CC1OCOC1=N,1.0281680714833783
CC#CC1OCOC1=O,0.812353404768146
CC#CC1C=CCOC1,0.7278199420488818
CC#CCC#CC1CC1,0.7732952511014446
CC#CCC#CC1CN1,0.49822079694604327
CC#CCC#CC1CO1,0.7385942410619464
CC#CCC(=O)C1CC1,0.4847739575925516
CC#CCC(=O)C1CO1,0.9052861011714413
C#CC1(CC#CC)CC1,0.5656259357183444
CC#CCC1(C#N)CC1,0.5612093079689657
CC#CCC1(C#N)CN1,0.8545555362652522
C#CC1(CC#CC)CO1,0.3336240240787447
CC#CCC1(C#N)CO1,0.38947814166749595
CC#CCC1(C=O)CC1,0.5987019626390975
CC#CCC1(C=O)CO1,1.1549703336258972
CC#CCC1=CCOC1,0.39192009261569183
CC#CCC1CC(=O)C1,0.2818641880112409
CC#CCC1CC(=O)N1,0.3247435023804428
CC#CCC1CC(=O)O1,0.48186625634116353
C#CC1CC1CC#CC,0.6529564309275884
CC#CCC1CC1C#N,0.5391321557308402
CC#CCC1NC1C#N,0.7913441094642621
C#CC1OC1CC#CC,0.44992616926901974
CC#CCC1OC1C#N,0.43302454348850006
CC#CCN1CC1C#N,1.0390217189342366
CC#CCC1OC1C=O,0.48101772328482184
CC#CCC1CCC1=O,0.7002249711695185
CC#CCC1CNC1=O,1.16589190072591
CC#CCC1COC1=O,0.8897999035216344
CC#CCC1OCC1=O,0.5655673767887492
CC(=O)C#CC1(C)CC1,1.0745978475624725
CC(=O)C#CC1(C)CO1,0.8517980963588343
CC1(C#CC(N)=O)CO1,0.9839433439083223
CC(=O)C#CC1CCC1,0.7752895745325077
CC(=O)C#CC1CCO1,0.40141624500392936
CC(=O)C#CC1COC1,0.33404816815891536
NC(=O)C#CC1CCO1,0.6153211341006681
NC(=O)C#CC1COC1,0.5836987945349392
CC(=O)C#CCC1CC1,0.6948351549453946
CC(=O)C#CCC1CO1,0.49405258205842983
NC(=O)C#CCC1CO1,0.7007439197641361
CC(=O)C(=O)OC1CC1,1.4586137090536795
NC(=O)C(=O)OC1CC1,1.7053129326723138
C#CC(C(C)=O)C1CO1,0.9050404094487021
CC(=O)C(C#N)C1CC1,0.8676970093019918
CC(=O)C(C#N)C1CO1,1.1781622008238628
C#CC(C(N)=O)C1CO1,1.4574240266883862
N#CC(C(N)=O)C1CC1,0.7818049086417886
CC(=O)C1(C)CC(=O)O1,1.1990736711486534
CC(=O)C1(O)CC(=O)C1,0.7171405291883275
CC1(C(N)=O)CC(=O)O1,0.8175739933030854
CC(=O)C1(C)CC1C#N,0.42638999623886775
C#CC1OC1(C)C(C)=O,0.4251406120674801
CC(=O)C1(C)OC1C#N,0.550848077995397
CC1(C(N)=O)CC1C#N,0.8539008027964883
C#CC1OC1(C)C(N)=O,0.36753623008553404
CC1(C(N)=O)OC1C#N,0.5908398275532818
CC(=O)C1(C)COC1=O,0.4406170136135188
CC1(C(N)=O)COC1=O,0.6598265472584899
C#CCC1(C(C)=O)CO1,1.002072884070003
CC(=O)C1(CC#N)CC1,0.7877803141709592
CC(=O)C1(CC#N)CO1,0.6386214659341931
C#CCC1(C(N)=O)CO1,1.334739583922783
N#CCC1(C(N)=O)CC1,1.0837617215565842
N#CCC1(C(N)=O)CO1,0.830213742559863
CC(=O)C1(C#N)CCC1,0.5003722662077053
C#CC1(C(C)=O)COC1,0.7241175863164244
CC(=O)C1(C#N)COC1,0.7599846864322899
N#CC1(C(N)=O)CCC1,0.9935593897189392
C#CC1(C(N)=O)CCO1,0.9570490937621798
N#CC1(C(N)=O)CCO1,0.8137610504381882
C#CC1(C(N)=O)COC1,0.8818087047638983
N#CC1(C(N)=O)COC1,1.0264065415667574
CC(=O)C1=CC(=N)OC1,0.9269139387888572
CC(=O)C1=CC(=O)CC1,0.17388225460126705
N=C1C=C(C(N)=O)CO1,0.8262045238734572
NC(=O)C1=CC(=O)CC1,0.25710246799280867
NC(=O)C1=CC(=O)NC1,0.358173440761675
[NH2+]=C1C=C(C(=O)[O-])CN1,1.2858493531457498
CC(=O)C1=CCC(=O)C1,0.4825062412346597
CC(=O)C1=CCC(=O)N1,0.5936732688951452
CC(=O)C1=CNC(=O)C1,0.8040632343709149
CC(=O)C1=NCC(=N)N1,0.3845078435842879
CC(=O)C1=NCC(=O)N1,0.41410097470543406
CC(=O)C1=NCC(=O)O1,0.21803718493902124
NC(=O)C1=CCC(=O)C1,0.7390375147515442
NC(=O)C1=CCC(=O)N1,0.5870863143845781
NC(=O)C1=CNC(=O)C1,0.9491835028256901
N=C1CN=C(C(N)=O)N1,0.2832487039922853
NC(=O)C1=NCC(=O)N1,0.561854163704993
NC(=O)C1=NCC(=O)O1,0.23764283465061453
[NH2+]=C1CC(C(=O)[O-])=CN1,1.2841347084704466
CC(=O)C1=CCCC1=O,1.0860072878385836
CC(=O)C1=CCNC1=O,1.414033927143464
CC(=O)C1=CCOC1=O,1.3148074518467183
NC(=O)C1=CCCC1=O,1.516879083126696
NC(=O)C1=CCNC1=O,1.8709523102916137
N=C1OCC=C1C(N)=O,2.4012856057324825
NC(=O)C1=CCOC1=O,1.7767631275401072
CC(=N)N1C=CCC1=O,0.5186362034673948
CC(=N)N1C=NCC1=O,1.925620038091438
CC(=O)C1C=CCC1=O,0.7722048903415271
CC(=O)C1C=CNC1=O,0.87836357838205
CC(=O)C1N=CNC1=O,0.7671138552796037
CC(=O)N1C=CCC1=N,0.6231426153626671
CC(=O)N1C=CCC1=O,0.8089972052384837
CC(=O)N1C=NCC1=N,1.9542491237716604
CC(=O)N1C=NCC1=O,0.8116187242085289
NC(=O)C1C=CCC1=O,0.43827351350773824
NC(=O)C1N=CNC1=O,0.42492605018560425
NC(=O)C1N=COC1=O,0.38506020777276717
N=C1CC=CN1C(N)=O,0.6263931802386651
NC(=O)N1C=CCC1=O,0.8038032022432162
NC(=O)N1C=NCC1=O,0.8937868360662833
CC(=O)C1C=CC(=O)C1,0.23985256351807038
CC(=O)[c-]1ccc(=[NH2+])o1,0.5470016106883122
NC(=O)C1C=CC(=O)C1,0.27981650302353955
NC(=O)C1C=CC(=O)N1,0.5106098747946817
N=C1C=CC(C(N)=O)O1,0.33896660131540557
C#CC1CC(C(C)=O)C1,0.5585625096118747
CC(=O)C1CC(C#N)C1,0.5239436779975222
C#CC1CC(C(C)=O)O1,0.7977937824671244
CC(=O)C1CC(C#N)O1,0.9232856796897977
CC(=O)N1CC(C#N)C1,0.3960423474509298
N#CC1CC(C(N)=O)C1,1.2502161077882192
C#CC1CC(C(N)=O)O1,0.5941695231776976
N#CC1CC(C(N)=O)O1,0.6899894306443457
C#CC1(C)CC1C(C)=O,0.5137298793833907
CC(=O)C1CC1(C)C#N,0.26021732962544775
C#CC1(C)OC1C(C)=O,0.406676045158747
CC(=O)C1OC1(C)C#N,0.6392074634131859
CC(=O)N1CC1(C)C#N,0.6291210413564841
CC1(C#N)CC1C(N)=O,0.6739317664068949
C#CC1(C)OC1C(N)=O,0.3594436688690621
CC1(C#N)OC1C(N)=O,0.5578367271773459
C#CCC1CC1C(C)=O,0.161071127955438
CC(=O)C1CC1CC#N,0.2895086319076654
C#CCC1OC1C(C)=O,0.5473384605975298
CC(=O)C1OC1CC#N,0.7205182801462797
N#CCC1CC1C(N)=O,1.2139875586544804
C#CCC1OC1C(N)=O,0.643640690113898
N#CCC1OC1C(N)=O,0.8372625561460154
CC(=O)C1CC1OC=O,0.6905541760243068
CC(=N)N1CC=CC1=O,2.448713523135666
CC(=O)C1CC=CC1=O,1.1187940575910034
CC(=O)N1CC=CC1=N,2.3107581520980602
CC(=O)N1CC=CC1=O,1.7974709477548458
NC(=O)C1CC=CC1=O,1.4498657340791397
NC(=O)C1NC=CC1=O,0.5993233077260811
N=C1C=CCN1C(N)=O,2.468435583217797
NC(=O)N1CC=CC1=O,2.1985128455417
CC(=O)C1CC(=O)CO1,0.7638018470606767
CC(=O)C1CCC(=O)O1,1.464554882642915
CC(=O)C1CNC(=O)O1,0.9685235148608626
CC(=O)C1COC(=O)C1,0.2749334174714022
CC(=O)C1COC(=O)N1,1.2495600137481233
CC(=O)C1COC(=O)O1,1.4355681575489143
NC(=O)C1CC(=O)CO1,0.7880685100990377
NC(=O)C1CCC(=O)O1,1.0134542693940602
NC(=O)C1CNC(=O)O1,1.3532265186004224
NC(=O)C1COC(=O)C1,0.3792272539158148
NC(=O)C1COC(=O)N1,0.924629514629487
NC(=O)C1COC(=O)O1,0.9427691774308187
NC(=O)C1OCC(=O)O1,1.6179385182640544
CC(=O)C1CCC1C#N,0.5812037813575444
C#CC1OCC1C(C)=O,0.5538130048189487
CC(=O)C1COC1C#N,0.6905283524047263
C#CC1COC1C(C)=O,0.6587322952673276
CC(=O)C1OCC1C#N,0.8297949319166946
CC(=O)N1CCC1C#N,0.39955359753002995
N#CC1CCC1C(N)=O,0.857201872029691
C#CC1COC1C(N)=O,0.48811927256429044
N#CC1COC1C(N)=O,0.6116642486122146
CC(=O)C1CCCC1=O,1.056863634608817
CC(=O)C1CCOC1=O,1.365418232171578
CC(=O)C1COCC1=O,0.5232860329051618
CC(=O)C1OCCC1=O,0.6718164338835777
CC(=O)C1OCOC1=O,0.9944936658939696
CC(=O)N1CCCC1=O,1.7441901305392093
CC(=O)N1CCOC1=O,1.9727151056686125
NC(=O)C1CCOC1=O,1.7772650962160697
NC(=O)C1COCC1=O,0.5852719127251476
NC(=O)C1OCCC1=O,0.7059372968942625
NC(=O)C1OCOC1=O,0.7065325734620274
NC(=O)N1CCOC1=O,0.5522278864045802
CC(=O)CC#CC1CC1,0.6275390250393684
CC(=O)CC#CC1CO1,0.5613080853472638
NC(=O)CC#CC1CC1,0.65839193508873
NC(=O)CC#CC1CO1,0.51086027409292
CC(=O)CC1(C#N)CC1,0.53192886303259
CC(=O)CC1(C#N)CO1,1.2745424726344936
N#CC1(CC(N)=O)CC1,0.5647763686283724
C#CC1(CC(N)=O)CO1,1.5012907883101434
CC(=O)OC1(C=O)CC1,1.8685497886599478
CC(=O)CC1CC(=O)O1,1.0182747415128688
CC(=O)OC1CC(=O)C1,0.7897393716266379
NC(=O)CC1CC(=O)O1,0.39342344077522284
NC(=O)OC1CC(=O)C1,0.8363253411389451
CC(=O)CC1CC1C#N,0.6290977483986353
C#CC1OC1CC(C)=O,0.6748754033014848
CC(=O)CC1OC1C#N,1.1645684199156676
N#CC1CC1CC(N)=O,0.7755776071917353
CC(=O)OC1CN=CO1,0.9472396293276688
NC(=O)OC1CN=CO1,1.1418910930624406
CC(=O)CC1COC1=O,1.2760001056412875
CC(=O)NC1COC1=O,1.7474354980386124
NC(=O)CC1COC1=O,1.4917177365077805
CC(=O)OC1C=CCO1,0.726218741699995
NC(=O)OC1C=CCO1,1.4581588977289357
C#CC(C)(C#C)C1CC1,1.137490030232584
C#CC(C)(C#C)C1CO1,0.3675618360139197
C#CC(C)(C#N)C1CC1,1.5808198298473144
C#CC(C)(C#N)C1CN1,0.9665663349860552
C#CC(C)(C#N)C1CO1,0.431316919355595
C#CC(C)(C#N)N1CC1,1.1858311349806172
CC(C#N)(C#N)C1CC1,1.857138443587246
CC(C#N)(C#N)C1CN1,1.1717950055699475
CC(C#N)(C#N)C1CO1,0.3532891579125135
CC(C#N)(C#N)N1CC1,1.2218232986888324
C#CC(N)(C#N)C1CC1,1.3482184238800983
N#CC(N)(C#N)C1CC1,1.54095532079009
C#CC(O)(C#C)C1CC1,1.2774999979537824
C#CC(O)(C#C)C1CN1,0.9610743671728414
C#CC(O)(C#N)C1CC1,1.5332333244041365
C#CC(O)(C#N)C1CN1,0.9522926772770006
N#CC(O)(C#N)C1CC1,1.8760442705370224
N#CC(O)(C#N)C1CN1,1.0878810103495198
C#CC(C)C#CC1CC1,0.7706878276349016
C#CC(C)C#CC1CO1,0.744676342486855
CC(C#N)C#CC1CC1,0.8076044169938541
CC(C#N)C#CC1CN1,0.8080338400814071
CC(C#N)C#CC1CO1,0.7292726225878141
N#CC(N)C#CC1CC1,1.1920319597375055
N#CC(N)C#CC1CO1,1.1712940165016335
C#CC(O)C#CC1CC1,0.7654816883568856
C#CC(O)C#CC1CN1,0.7142887201498525
C#CC(O)C#CC1CO1,0.5874818864904228
N#CC(O)C#CC1CC1,0.9981394491351239
N#CC(O)C#CC1CN1,0.9807620864612545
N#CC(O)C#CC1CO1,0.8083980374431121
C#CC(C)C(=O)C1CO1,0.850988393969601
CC(C#N)C(=O)C1CC1,0.509994189684221
CC(C#N)C(=O)C1CO1,0.5436979835812963
N#CC(O)C(=O)C1CN1,1.5857752432948473
C#CC(C)C1(C#C)CC1,0.789432318202671
C#CC(C)C1(C#N)CC1,0.647702698910507
C#CC(C)C1(C#N)CN1,0.996727694539004
C#CC(C)C1(C#C)CO1,0.47157011603485444
C#CC(C)C1(C#N)CO1,0.3574889380197419
C#CC1(C(C)C#N)CC1,1.0424671446380671
CC(C#N)C1(C#N)CC1,1.363919809275103
C#CC1(C(C)C#N)CN1,0.9848517420414282
CC(C#N)C1(C#N)CN1,1.1166927661506634
C#CC1(C(C)C#N)CO1,0.9268779108915624
CC(C#N)C1(C#N)CO1,1.1327433010028471
C#CC(N)C1(C#N)CC1,0.9701798999267339
C#CC(N)C1(C#N)CO1,0.974476171657443
C#CC1(C(N)C#N)CC1,1.0062235203931778
N#CC(N)C1(C#N)CC1,1.1730461040606315
N#CC(N)C1(C#N)CN1,1.2145140175925917
N#CC(N)C1(C#N)CO1,1.0629325385034463
C#CC(O)C1(C#C)CC1,1.1516883123658772
C#CC(O)C1(C#N)CC1,1.1381796487203246
C#CC(O)C1(C#C)CN1,1.0121328566438024
C#CC(O)C1(C#N)CN1,1.0352036875410704
C#CC1(C(O)C#N)CC1,1.3472325548937079
N#CC(O)C1(C#N)CC1,1.5029867115408706
C#CC1(C(O)C#N)CN1,1.3685502097723656
N#CC(O)C1(C#N)CN1,1.1903663227931247
C#CC1(C(O)C#N)CO1,0.8354886994675326
C#CC(C)C1(C=O)CO1,1.0994727669985878
CC(C#N)C1(C=O)CC1,0.8734639210870228
CC(C#N)C1(C=O)CO1,0.7368165475782007
C#CC(O)C1(C=O)CO1,0.973142078400997
N#CC(O)C1(C=O)CC1,1.4285920528200222
N#CC(O)C1(C=O)CN1,1.1614245781438512
N#CC(O)C1(C=O)CO1,0.798405902885861
CC(C#N)C1=CCCC1,0.5376692709214694
CC(C#N)C1=CCOC1,0.38045636560127605
CC(C#N)C1=NCCO1,0.7589937833381555
C#CC(O)C1=CCOC1,0.5992332924197399
C#CC(O)C1=NCCO1,0.8381106538181484
N#CC(O)C1=CCCC1,0.9055650180107477
N#CC(O)C1=CCOC1,0.6122057826632954
N#CC(O)C1=NCCO1,1.0825029222414742
C#CC(C)C1CC(=O)C1,0.31705856792359555
C#CC(C)C1CC(=O)O1,0.4535421832351858
CC(C#N)C1CC(=N)O1,1.5242367733044375
CC(C#N)C1CC(=O)C1,0.5782020919359638
CC(C#N)C1CC(=O)N1,0.4922810927746468
CC(C#N)C1CC(=O)O1,0.5398937755762745
C#CC(O)C1CC(=O)C1,0.38174615869684203
N#CC(O)C1CC(=N)O1,1.7999794849929458
N#CC(O)C1CC(=O)C1,0.5998439434242755
N#CC(O)C1CC(=O)N1,0.7655386418136914
N#CC(O)C1CC(=O)O1,0.6698169674946257
C#CC(C)C1CC1C#C,1.010960644000079
C#CC(C)C1CC1C#N,0.9937053244575509
C#CC(C)C1OC1C#C,0.5316566674118803
C#CC(C)C1OC1C#N,0.4173774720475194
C#CC(C)N1CC1C#N,1.1085688846123958
C#CC1CC1C(C)C#N,1.119001136339648
CC(C#N)C1CC1C#N,1.5169281724938628
C#CC1NC1C(C)C#N,1.0124731351897935
C#CC1OC1C(C)C#N,0.9695213296527072
CC(C#N)C1OC1C#N,1.3740695794658677
C#CC1CN1C(C)C#N,0.9957183693295519
CC(C#N)N1CC1C#N,1.1741601931589685
C#CC1CC1C(N)C#N,1.0355509594137402
N#CC(N)C1CC1C#N,1.063277878365625
N#CC(N)C1NC1C#N,1.3878411868663534
C#CC1OC1C(N)C#N,0.9321410036318412
N#CC(N)C1OC1C#N,1.125541423300092
C#CC(O)C1CC1C#C,0.8581619718206639
C#CC(O)C1CC1C#N,0.720953036665378
C#CC(O)C1NC1C#C,1.0321009894014423
C#CC(O)C1NC1C#N,1.019270216122095
C#CC(O)C1OC1C#C,0.6163523100676684
C#CC(O)C1OC1C#N,0.6554642334594973
C#CC1CC1C(O)C#N,1.2195673376536433
N#CC(O)C1CC1C#N,1.2774958073987364
C#CC1NC1C(O)C#N,1.3104483489933045
N#CC(O)C1NC1C#N,1.20882122965304
C#CC1OC1C(O)C#N,0.7929661537473294
N#CC(O)C1OC1C#N,0.754799880891369
C#CC(C)C1OC1C=O,0.5189098140835995
CC(C#N)C1CC1C=O,0.2915738954579865
CC(C#N)C1OC1C=O,0.6281024914806039
C#CC(O)C1CC1C=O,0.2916071750005358
C#CC(O)C1OC1C=O,0.5686433533319359
N#CC(O)C1CC1C=O,0.2799494579194288
N#CC(O)C1CN1C=O,1.1298817230708664
N#CC(O)C1NC1C=O,1.0255033680259658
N#CC(O)C1OC1C=O,0.7412235697011056
CC(C#N)C1CN=CO1,0.6526646703077859
C#CC(O)C1CN=CO1,0.8364339418349118
N#CC(O)C1CC=CC1,1.1688222146494809
N#CC(O)C1CN=CO1,0.9517414559650206
C#CC(C)C1COC1=O,0.9386784061844082
C#CC(C)C1OCC1=O,0.5597793217402796
CC(C#N)C1CCC1=O,0.8851584551921405
CC(C#N)C1CNC1=O,0.5032020068010752
CC(C#N)C1COC1=O,0.7972408740497485
CC(C#N)N1CCC1=O,0.6551967454070109
N#CC(N)C1COC1=O,1.656625916622943
C#CC(O)C1CCC1=O,0.8230992406570294
C#CC(O)C1CNC1=O,0.8327334636815067
C#CC(O)C1COC1=O,0.6433561949361319
N#CC(O)C1CCC1=O,1.120195281371707
N#CC(O)C1CNC1=O,1.0493389480743645
N#CC(O)C1COC1=N,1.7924377369145077
N#CC(O)C1COC1=O,0.8222709528836276
N#CC(O)C1NCC1=O,1.0472269081292325
CC(C#N)C1COC=N1,0.6296623305061075
CC(C#N)C1C=CCO1,0.45569267288919946
N#CC(O)C1C=CCC1,0.6573469901577482
C#CC#CC(C)C1CC1,0.5992591432459449
C#CC#CC(C)C1CN1,0.7124835975791939
C#CC#CC(C)C1CO1,0.30358253073973174
CC(C#CC#N)C1CC1,1.0373225575440301
CC(C#CC#N)C1CN1,0.7802334231382702
CC(C#CC#N)C1CO1,0.32983878242703213
CC(C#CC#N)N1CC1,1.1318866861602146
N#CC#CC(N)C1CO1,1.0220156013765518
C#CC#CC(O)C1CC1,0.903699186801532
C#CC#CC(O)C1CN1,0.6698216478562244
C#CC#CC(O)C1CO1,0.5388989268321893
N#CC#CC(O)C1CC1,1.168412655886641
N#CC#CC(O)C1CN1,0.9660420529635303
N#CC#CC(O)C1CO1,0.9459202846464905
CC(C#CC=O)C1CO1,0.23570742389529187
O=CC#CC(O)C1CC1,1.3087910115264094
O=CC#CC(O)C1CO1,0.7658678453208267
CC(O)C1=NCC(=O)O1,0.707594198980587
CC(C(=O)C#N)C1CC1,1.1330965865981852
C#CC(=O)C(C)C1CO1,1.4732346930595668
CC(C(=O)C#N)C1CO1,1.4897087461322371
N#CC(=O)C(O)C1CN1,2.00332561657342
C#CC(C)(C=O)C1CO1,0.8856670362420118
CC(C#N)(C=O)C1CC1,0.9383302363348776
CC(C#N)(C=O)C1CO1,1.1396130091616214
CC(C#CC1CO1)C=O,0.5055565819438925
O=CC(O)C#CC1CC1,0.9795712067971181
O=CC(O)C#CC1CO1,1.2276262927916832
CC(C=O)C1(C#N)CC1,0.7116314181930647
C#CC1(C(C)C=O)CO1,1.0569516906944045
CC(C=O)C1(C#N)CO1,1.1353109413994389
CN(C=O)C1(C#N)CC1,1.2797006382152176
C#CC1(C(O)C=O)CC1,1.1134027719544974
N#CC1(C(O)C=O)CC1,1.3419270395861531
N#CC1(C(O)C=O)CN1,1.8783236333765672
C#CC1(C(O)C=O)CO1,0.9992301636375487
N#CC1(C(O)C=O)CO1,1.2868928830848745
CC(C=O)C1CC(=O)O1,0.9274049140603893
O=CC(O)C1CC(=O)O1,1.2354645906962105
CC(C=O)C1CC1C#N,0.779841442936231
C#CC1OC1C(C)C=O,0.5780970559371781
CC(C=O)C1OC1C#N,1.124771340706502
C#CC1CC1C(O)C=O,0.9830121970426262
N#CC1CC1C(O)C=O,1.2924041437818232
C#CC1OC1C(O)C=O,0.9821833650439658
N#CC1OC1C(O)C=O,1.3379079431651917
CC(C=O)C1COC1=O,1.197534376728072
O=CC(O)C1COC1=O,1.5858744016350101
O=CC(O)C1OCC1=O,1.1225030256973696
CC1(C)C(=O)C=CC1=O,0.4320111909892148
CC1(O)C(=O)C=CC1=O,1.1625789129011537
CC1(C)C(=O)CCC1=O,0.3790513050080335
CC1(C)C(=O)COC1=O,0.4289460990057705
CC1(O)C(=O)CCC1=O,1.2301135235084075
CC1(O)C(=O)CNC1=O,1.2660161617131962
CC1(O)C(=O)COC1=O,1.2648539900728792
C#CC1C(C#C)C1(C)C,1.2571182247193065
C#CC1CC(=O)C1(C)C,1.3507358048263995
CC1(C)C(=O)CC1C#N,1.5999294973862561
CC1(C)C(=N)OC1C#N,1.3083586496104544
C#CC1OC(=O)C1(C)C,0.8792873237453023
CC1(C)C(=O)OC1C#N,1.5565731399819924
C#CC1OC(=O)C1(C)N,1.8709436570679827
C#CC1OC(=N)C1(C)O,1.9657404159315774
CC1(O)C(=N)OC1C#N,2.14080095132158
C#CC1OC(=O)C1(C)O,1.9805354168365739
CC1(C)C(=O)OC1C=O,0.6569423838627699
CC1(C)C=CC(=O)C1=O,0.8681333985059609
CC1(O)C=CC(=O)C1=O,0.9453437567372021
CC1(C)C=CC=CC=C1,0.7175374618655042
CC1(O)C=CC=CC=C1,0.8914340568753687
CC1(C)C=CCC1C#N,0.6229463395393395
CC1(C)N=COC1C#N,0.6915283985290444
CC1(O)C=CCC1C#N,0.5397059625029215
CC1(O)C=CCOC1=O,1.7040573442973255
CC1(C)CC(=O)C(=O)O1,1.1294991852282692
CC1(C)OC(=N)C(=O)O1,1.6224295964002522
CC1(C)OC(=O)C(=O)O1,1.1062252756619273
CC1(O)CC(=O)C(=O)C1,1.2038314482088026
CC1(C)OC(=N)C1C#N,1.5173908479082456
C#CC1C(=O)CC1(C)O,0.7485025645128189
CC1(C)OC(=O)C1C=O,0.4424310887407046
CC1(C)CC(=O)NC1=O,0.1591769152582856
CC1(C)NC(=O)NC1=O,0.680911381406986
CC1(C)OC(=O)CC1=O,0.32610614039913344
CC1(C)OC(=O)OC1=N,2.0902101441643026
CC1(O)CC(=N)OC1=O,2.148060898152835
CC1(O)CC(=O)NC1=O,1.5474640153188375
CC1(O)CC(=O)OC1=N,1.7900698554003611
CC1(C)CC(C#N)C1=O,1.1768124882200937
CC1(C)C=CC(C#N)C1,0.6952742108696839
CC1(C)C=CC(C#N)O1,0.4312235842589871
C#CC1C=CC(C)(O)C1,0.48277196054550586
CC1(O)C=CC(C#N)C1,0.9250235628987866
C#CC#CC1CC1(C)C,1.2627134597969416
C#CC#CC1NC1(C)C,1.2535425924706942
C#CC#CC1OC1(C)C,1.0488911845059192
C#CC(=O)C1OC1(C)C,0.9578591498975584
CC1(C)CC=C(C#N)C1,0.400320578022729
CC1(C)CN=C(C#N)O1,0.5285394111742789
C#CC1=CCC(C)(O)C1,0.6633382055060792
CC1(O)CC=C(C#N)C1,0.7128790608330746
CC1(C)CC=CC1C#N,0.4673641045119439
CC1(C)OC=NC1C#N,0.7118425242279045
CC1(O)CN=COC1=O,1.4555332426298264
CC1(C)COC(=O)C1=O,0.8380871703793673
CC1(C)OCC(=O)C1=O,0.7156576439974742
CC1(O)CCC(=O)C1=O,0.9628697752796143
CC1(O)CNC(=O)C1=O,1.0232229167304467
CC1(O)COC(=O)C1=O,1.2242373307399248
CC1(O)C=CC(=O)OC1,1.6359942339004192
CC1(C)C=C(C#N)CC1,0.49770998456187954
CC1(C)COC(C#N)=N1,0.49413331827781803
C#CC1=CC(C)(C)OC1,0.23245987947848334
CC1(C)C=C(C#N)CO1,0.2517577138478373
C#CC1=CC(C)(O)CC1,0.8461804935159307
CC1(O)C=C(C#N)CC1,0.5029239063005662
CC1(C)CCC=C1C#N,0.4189551345371001
C#CC1=CCOC1(C)C,0.21328991148220666
CC1(C)OCC=C1C#N,0.23708089204956195
C#CC1=CCCC1(C)O,0.5581756179399235
CC1(O)CCC=C1C#N,0.5612169543710479
CC1(C=O)C=CCC1=O,0.5119999146900227
CC1(C=O)C=CNC1=O,0.8054536280142202
CC1(C=O)N=CNC1=O,0.7113171537439484
CC1(C=O)N=COC1=O,0.5810647855341813
N=C1NC=CC1(O)C=O,0.5702331521042652
O=CC1(O)C=CNC1=O,0.931220768539788
C#CC1(C)C=CCC1=O,0.5403538114915136
C#CC1(C)C=CNC1=O,0.6277885807812709
CC1(C#N)C=CNC1=O,0.6123063015729713
C#CC1(C)N=CNC1=N,0.8568375386093976
CC1(C#N)N=CNC1=N,0.6188357583960169
C#CC1(C)N=CNC1=O,0.8392068922385079
CC1(C#N)N=CNC1=O,0.8792463977970328
C#CC1(C)N=COC1=O,0.8918541736638872
CC1(C#N)N=COC1=O,1.0251676609932474
N#CC1(N)C=CNC1=N,0.5925290023551497
C#CC1(O)C=CNC1=N,0.6733462043121108
N#CC1(O)C=CNC1=N,0.6992337687515828
N#CC1(O)C=CNC1=O,0.810134614506751
C#CCC1(C)CC(=O)C1,0.308075731365534
C#CCC1(C)CC(=O)O1,0.4520393520924699
CC1(CC#N)CC(=N)O1,1.8294266269604122
CC1(CC#N)CC(=O)C1,0.5633750087908993
CC1(CC#N)CC(=O)N1,0.6232633795480069
CC1(CC#N)CC(=O)O1,0.7622494095376169
C#CCC1(O)CC(=O)C1,0.3530423777338001
N#CCC1(O)CC(=O)C1,0.5713100976445276
C#CCC1(C)OC1C#C,0.9475509821531887
C#CCC1(C)OC1C#N,0.5110744822231936
C#CC1CC1(C)CC#N,1.7643461307907273
C#CC1OC1(C)CC#N,1.6602466925833141
C#CCC1(C)OC1C=O,0.42091677708049247
CC1(CC#N)CC1C=O,0.4568785728661169
CC1(CC#N)OC1C=O,0.9051140162846423
CC1(CC#N)CC=CC1,1.1317550374187704
CC1(CC#N)CN=CO1,0.7995895443182235
C#CCC1(O)CC=CC1,1.1599129849291785
N#CCC1(O)CC=CC1,1.2867454789338808
C#CCC1(C)COC1=O,0.7294920553085831
C#CCC1(C)OCC1=O,0.6002615295510623
CC1(CC#N)C=CCC1,0.6565052871628723
CC1(CC#N)COC=N1,0.5684039746502094
CC1(CC#N)C=CCO1,0.34855573505592474
C#CC#CCC1(C)CC1,0.6726858108686429
C#CC#CCC1(C)CN1,0.7872642499878566
C#CC#CCC1(C)CO1,0.30846844627376413
CC1(CC#CC#N)CC1,1.667187259223283
CC1(CC#CC#N)CN1,0.9688566912300303
CC1(CC#CC#N)CO1,0.33252345905020775
CC1(CC#CC=O)CO1,0.2262679528503213
C#CC(=O)CC1(C)CO1,1.6192371278593782
CC1(CC(=O)C#N)CC1,1.5554846023878781
CC1(CC(=O)C#N)CO1,1.4779700207182032
C#CC1(C)C=CC(=O)C1,0.2442429050533974
CC1(C#N)C=CC(=O)C1,0.18351035506384505
C#CC1(C)C=CC(=O)N1,0.4250613180502114
C#CC1(C)C=CC(=N)O1,1.325691385585742
CC1(C#N)C=CC(=N)O1,1.5512116508252802
C#CC1(C)C=CC(=O)O1,0.39561169985063316
CC1(C#N)C=CC(=O)O1,0.7278897120759211
C#CC1(O)C=CC(=O)C1,0.42959873720064934
N#CC1(O)C=CC(=O)C1,0.44636953057488427
CC1(C=O)C=CC(=O)C1,0.28873226348332537
CC1(C=O)C=CC(=N)O1,0.5117691348168592
O=CC1(O)C=CC(=O)C1,0.3824210830298398
C#CC1CC(C)(C#C)C1,0.39799016660253983
C#CC1CC(C)(C#N)C1,0.7613659098369681
C#CC1(C)CC(C#N)C1,1.275726386178576
CC1(C#N)CC(C#N)C1,1.7144279894164356
C#CC1CC(C)(C#N)N1,0.8845244840194937
C#CC1(C)CC(C#N)N1,0.8649809579310386
CC1(C#N)CC(C#N)N1,0.7988358702004916
C#CC1CC(C)(C#C)O1,0.21395397846390551
C#CC1CC(C)(C#N)O1,0.40201661009996315
C#CC1(C)CC(C#N)O1,0.37779808403138304
CC1(C#N)CC(C#N)O1,0.43348925975988095
C#CC1CC(N)(C#N)C1,1.3762567772973853
C#CC1CC(O)(C#N)C1,1.0213059553043422
CC1(C=O)CC(C#N)C1,0.42275694793897856
C#CC1CC(C)(C=O)O1,0.8112288664942753
CC1(C=O)CC(C#N)O1,1.0573506642267603
C#CC1CC(O)(C=O)C1,1.1592038014459831
N#CC1CC(O)(C=O)C1,1.658124693265563
CC1(C#N)CC(C=O)C1,0.4109770516770368
C#CC1(C)CC(C=O)O1,0.7492033396702027
CC1(C#N)CC(C=O)O1,0.9025917100752849
CC1(C#N)CN(C=O)C1,0.3259012929866003
N#CC1(O)CN(C=O)C1,0.3949436600032641
CC1(C#N)OC1(C)C=O,0.6119122260897711
C#CCC#CC1(C)CC1,0.7785691467634024
CC1(C#CCC#N)CC1,0.9880533264022233
CC1(C#CCC#N)CN1,1.4309003957951063
C#CCC#CC1(C)CO1,0.6356756687255256
CC1(C#CCC#N)CO1,1.0430202707484568
CC1(C#CCC=O)CO1,0.6776545034790615
CC1(C(=O)CC#N)CC1,0.879253309496562
C#CCC(=O)C1(C)CO1,0.8787582525128528
CC1(C(=O)CC#N)CO1,0.7337467752331577
C#CC(C#C)C1(C)CC1,1.3701852066842548
C#CC(C#N)C1(C)CC1,1.7417664112272178
CC1(C(C#N)C#N)CC1,2.1370279820057476
C#CC(C#N)C1(C)CN1,1.092130560109581
C#CC(C#C)C1(C)CO1,0.551232411795354
C#CC(C#N)C1(C)CO1,0.40415003820089623
CC1(C(C#N)C=O)CC1,1.307413053491473
C#CC(C=O)C1(C)CO1,1.0005196029906074
CC1(C(C#N)C=O)CO1,1.224762537949573
C#CCC1CC1(C)C#C,1.4000704521713487
C#CCC1CC1(C)C#N,1.487887133447657
C#CC1(C)CC1CC#N,1.5403104922697821
C#CCN1CC1(C)C#N,0.8097513419525058
C#CC1(C)CN1CC#N,0.8473398351670767
CC1(C#N)CN1CC#N,0.9158226813997317
C#CC1(C)NC1CC#N,1.0932822825743642
C#CCC1OC1(C)C#C,1.2144062332390604
C#CCC1OC1(C)C#N,0.8308595234793756
C#CC1(C)OC1CC#N,1.9515415895675687
C#CCC1OC1(C)C=O,0.4471858997567324
CC1(C=O)OC1CC#N,1.058648811227613
CC1(C#N)CC1CC=O,1.2894578295563406
CC1(C#N)OC1CC=O,1.2479555208155944
CC1(OC=O)CC(=O)C1,0.7135277533780027
CC1(CC=O)CC(=O)O1,0.4739771547556302
C#CC1OC1(C)CC=O,1.003902415268385
CC1(CC=O)OC1C#N,1.2487097935845668
CC1(OC=O)CN=CO1,1.0298857094112464
CC1(CC=O)COC1=O,0.7493747714815981
C#CC1(C)NC=CC1=O,0.3291008637042978
CC1(C#N)NC=CC1=O,0.383399360032854
CC1(C=O)CC=CC1=O,0.8139001278996147
CC1(C=O)NC=CC1=O,0.8111022246430366
CC1(C#N)CC(=O)CN1,1.1535101155313896
C#CC1(C)CC(=O)CO1,0.5643472992906027
CC1(C#N)CC(=O)CO1,0.675076522753443
CC1(C#N)CCC(=N)O1,1.970468505354802
C#CC1(C)CCC(=O)C1,0.37666979058303696
CC1(C#N)CCC(=O)C1,0.209390164256547
C#CC1(C)CCC(=O)N1,0.3116257576893986
C#CC1(C)CCC(=O)O1,0.3898361076226138
CC1(C#N)CCC(=O)O1,0.7760437928791362
C#CC1(C)CNC(=O)C1,0.42983991182882164
CC1(C#N)CNC(=O)C1,0.49356215101579437
C#CC1(C)CNC(=O)N1,0.5758955449127825
CC1(C#N)CNC(=O)N1,0.5942798381893226
C#CC1(C)CNC(=O)O1,0.4737678990968561
CC1(C#N)CNC(=O)O1,0.5804606380515906
CC1(C#N)COC(=N)C1,1.9392096012325055
C#CC1(C)COC(=N)O1,1.6327029607691657
CC1(C#N)COC(=N)O1,1.885456366915605
C#CC1(C)COC(=O)C1,0.47559830106001755
CC1(C#N)COC(=O)C1,0.5639411419506359
C#CC1(C)COC(=O)N1,0.5001676909105299
C#CC1(C)COC(=O)O1,0.5842000012944482
CC1(C#N)COC(=O)O1,1.3074606462323572
C#CC1(C)OCC(=N)O1,1.6197418993087922
CC1(C#N)OCC(=N)O1,1.7911363245475513
C#CC1(C)OCC(=O)O1,0.7662300562515156
CC1(C#N)OCC(=O)O1,0.9152822358082631
N#CC1(N)CNC(=O)C1,1.1598010372308636
N#CC1(N)COC(=O)C1,1.1939399414022773
C#CC1(O)CCC(=O)C1,0.415972874054205
N#CC1(O)CCC(=O)C1,0.5134921061780915
C#CC1(O)CNC(=O)C1,0.8135583255170786
N#CC1(O)CNC(=O)C1,0.8120328000677546
C#CC1(O)COC(=N)C1,1.3718342446718452
N#CC1(O)COC(=N)C1,1.970446219216683
C#CC1(O)COC(=O)C1,0.5690190339046239
N#CC1(O)COC(=O)C1,0.7884733068694914
CC1(C=O)CC(=O)CO1,0.6572497366159951
CC1(C=O)CCC(=O)O1,1.4577515158762253
CC1(C=O)CNC(=O)O1,1.0234639553036686
CC1(C=O)COC(=O)C1,0.4086003264528699
CC1(C=O)COC(=O)N1,1.2123918822180713
CC1(C=O)COC(=O)O1,1.5140865949397266
O=CC1(O)CCC(=O)C1,0.6263594108932011
O=CC1(O)CNC(=O)C1,0.6813511992477288
O=CC1(O)COC(=O)C1,0.8672950969375961
C#CC#CC1(C)CCC1,0.6634754053811776
CC1(C#CC#N)CCC1,1.319664360031311
C#CC#CC1(C)CCO1,0.21406551798281725
CC1(C#CC#N)CCO1,0.28197014919533103
C#CC#CC1(C)COC1,0.5747423258217168
CC1(C#CC=O)CCO1,0.4230491167290893
CC1(C#CC=O)COC1,0.3190167001921509
CC1(C(=O)C#N)CCC1,1.003915313473044
C#CC(=O)C1(C)COC1,0.9268600602172228
CC1(C(=O)C#N)COC1,0.8208509804462665
N#CC(=O)C1(O)CNC1,1.4261417479756346
C#CC1NCC1(C)C#N,0.7608375733125285
C#CC1(C)CNC1C#N,0.8525184093032294
CC1(C#N)CNC1C#N,0.9408752640611056
C#CC1CNC1(C)C#N,0.7039260207602638
C#CC1(C)NCC1C#N,0.8196439372113673
CC1(C#N)NCC1C#N,0.965734183195309
CC1(C#N)OCC1C#N,0.33655939932395995
N#CC1NCC1(O)C#N,0.8914055121167621
CC1(C=O)CCC1C#N,0.7704409930356633
C#CC1OCC1(C)C=O,0.8485539533739939
CC1(C=O)COC1C#N,0.667997014706998
C#CC1COC1(C)C=O,0.6291371232910024
CC1(C=O)OCC1C#N,0.8147046873327781
N#CC1CCC1(O)C=O,1.3263770584144368
CC1(C#N)CCC1C=O,0.7835814592472161
CC1(C#N)CCN1C=O,0.3321132199962449
C#CC1(C)COC1C=O,0.5554477568239236
CC1(C#N)COC1C=O,0.7881358038830513
C#CC1(C)OCC1C=O,0.4039159113290225
CC1(C#N)OCC1C=O,0.44318201450732886
N#CC1(O)CCC1C=O,1.2796079834024567
N#CC1(O)CNC1C=O,1.2860187985243101
N#CC1(O)COC1C=O,1.0879504538424953
O=CC1OCC1(O)C=O,0.72693638792407
CC1(C#N)CC=CCO1,0.5862358765334648
CC1(C#N)CC=CCC1,0.6094100018963218
CC1(C#N)CCN=CO1,1.113124589819563
CC1(C#N)CN=COC1,1.0719705053561484
C#CC1(O)CC=CCC1,0.6360061239538481
N#CC1(O)CC=CCC1,0.6798677154092729
C#CC1(O)CN=COC1,1.233154016388653
N#CC1(O)CN=COC1,1.2662371454862296
C#CC1(C)CCNC1=O,0.5779744141600531
CC1(C#N)CCNC1=O,0.4797380528270878
CC1(C#N)CCOC1=N,1.6965250929988542
C#CC1(C)CCOC1=O,0.9277125389253342
CC1(C#N)CNCC1=O,0.6316083264900954
C#CC1(C)COCC1=O,0.43263386943363
CC1(C#N)COCC1=O,0.42636931557717617
C#CC1(C)OCOC1=N,1.3278300654892519
CC1(C#N)OCOC1=N,1.6462461284718302
N#CC1(O)CCOC1=N,1.9666814405336481
C#CC1(O)CNCC1=O,1.0435955741431826
N#CC1(O)CNCC1=O,1.1241171514648158
CC1(C=O)CCOC1=O,1.1660344340361917
CC1(C=O)COCC1=O,0.5073402891503065
CC1(C=O)OCCC1=O,0.6378646352950454
CC1(C=O)OCOC1=O,0.7484834076858533
O=CC1(O)CCNC1=O,1.2881723086393322
O=CC1(O)COCC1=O,0.7363181163800618
CC1(C#N)C=CCCC1,0.7373830889046076
CC1(C#N)CCOC=N1,1.0256053019274987
CC1(C#N)C=CCOC1,0.6079487497681839
CC1(C#N)C=CCCO1,0.6499343601644796
N#CC1(O)C=CCCC1,1.08629983758874
C#CC1=C(C)COC1=N,0.25181284414429683
C#CC1=C(C)CCC1=O,0.3413059924987465
C#CC1=C(C)CNC1=O,0.3567056851115922
C#CC1=C(C)COC1=O,0.3286128272648057
CC1=C(C#N)C(=N)OC1,0.4210456230539421
CC1=C(C#N)C(=O)CC1,0.1827900965436129
CC1=C(C#N)C(=O)NC1,0.39221873771930404
CC1=C(C#N)C(=O)OC1,0.33335852246091235
C#CC1=C(N)COC1=N,0.3339443294589728
C#CC1=C(N)CCC1=O,0.3509500388408924
C#CC1=C(N)CNC1=O,0.3844099641792127
C#CC1=C(N)COC1=O,0.3692940320343041
N#CC1=C(N)COC1=N,0.3391073658840469
N#CC1=C(N)CCC1=O,0.3231264377845946
N#CC1=C(N)COC1=O,0.3398490669860621
CC1=C(C)C(=O)C(=N)N1,0.526978538116964
CC1=C(C)C(=O)C(=O)C1,0.7182171209769876
CC1=C(C)C(=O)C(=O)N1,0.6738250705111568
CC1=C(N)CC(=O)C1=O,0.7494168130942853
CC1=C(C)C(=O)CC1=O,0.32641469045120175
CC1=C(C)C(=O)NC1=N,0.43712372305526515
CC1=C(C)C(=O)NC1=O,0.504422438047186
CC1=C(C)C(=O)OC1=N,0.3860679819335928
CC1=C(N)C(=N)NC1=O,0.5847337800951209
CC1=C(N)C(=N)OC1=O,0.5372628142540634
CC1=C(N)C(=O)CC1=O,0.3627126014416717
CC1=C(N)C(=O)NC1=N,0.4252155794711143
CC1=C(N)C(=O)NC1=O,0.4049698088092555
CC1=C(N)C(=O)OC1=N,0.3722971908773616
NC1=C(N)C(=O)CC1=O,0.7237349396218633
N=C1NC(=O)C(N)=C1N,0.9865687268938927
NC1=C(N)C(=O)NC1=O,0.932673204175444
N=C1OC(=O)C(N)=C1N,0.9103467411005113
CC1=C(C)C(=O)OCC1,0.5813513487755699
CC1=C(C)C(C#N)CC1,0.5223371442134521
CC1=C(C)C(C#N)OC1,0.44624226286032354
CC1=C(C)CC=CC=C1,0.8737921994052158
CC1=C(C)C=CCC=C1,0.8201260959904175
CC1=C(C)CC(C#N)C1,0.6160533928486984
CC1=C(C=O)C(=O)CC1,0.9437195899627113
CC1=C(C=O)C(=O)NC1,1.2483905494536884
CC1=C(C=O)C(=O)OC1,1.2323491304141498
NC1=C(C=O)C(=O)CC1,1.457884443561852
NC1=C(C=O)C(=O)NC1,0.3278032065118168
NC1=C(C=O)C(=O)OC1,0.3466414131326019
CC1=C(CC#N)CCC1,0.6642949310880795
CC1=C(CC#N)COC1,0.417808174073798
C#CC1=C(C)CC(=O)C1,0.4059054999761429
CC1=C(C#N)CC(=O)C1,0.45064016916694527
C#CC1=C(C)NC(=O)C1,0.5411661805937911
CC1=C(C#N)CC(=O)N1,0.5862760133459233
C#CC1=C(C)CC(=O)N1,0.48535328828074853
CC1=C(C#N)NC(=O)C1,0.4981486595261231
CC1=C(C=O)CC(=O)C1,0.46107957748972694
CC1=C(C=O)CC(=O)N1,0.6169016537878633
CC1=C(C=O)NC(=O)C1,0.5466273451074812
NC1=C(C=O)CC(=O)C1,0.4202297708925471
NC1=C(C=O)NC(=O)C1,0.6206241187483101
C#CC1=C(C)C(=O)CC1,0.3339880581770558
CC1=C(C#N)CCC1=O,0.18041239171179768
C#CC1=C(C)C(=O)NC1,0.3248753688239958
CC1=C(C#N)CNC1=O,0.3919471135341155
C#CC1=C(C)C(=N)OC1,0.35063623698806623
CC1=C(C#N)COC1=N,0.3261087526934716
C#CC1=C(C)C(=O)OC1,0.3179108833610371
CC1=C(C#N)COC1=O,0.3167784537836269
CC1=C(C=O)CCC1=O,0.19269899143364455
CC1=C(C=O)CNC1=O,0.26690768745174864
CC1=C(C=O)COC1=N,0.4552698893821798
CC1=C(C=O)COC1=O,0.28561770117994456
NC1=C(C=O)CCC1=O,0.35466793228806637
NC1=C(C=O)CNC1=O,0.34929732731143304
N=C1OCC(C=O)=C1N,0.3161318293077784
NC1=C(C=O)COC1=O,0.3374201502992946
CC1=C(C#N)CCCC1,0.4938077610986511
C#CC1=C(C)COCC1,0.4070972776171402
CC1=C(C#N)CCOC1,0.4803405404127261
C#CC1=C(C)CCOC1,0.42792232454121404
CC1=C(C#N)COCC1,0.46026631040695065
CC1=CC(=O)C(=N)NC1,0.612848053313428
CC1=CC(=O)C(=N)OC1,1.1839063638835796
CC1=CC(=O)C(=O)CC1,0.9236876736849808
CC1=CC(=O)C(=O)NC1,1.293891301160329
N=C1NCC(N)=CC1=O,0.7350551809286117
N=C1OCC(N)=CC1=O,0.7748715530215122
NC1=CC(=O)C(=O)CC1,0.7685857470605697
NC1=CC(=O)C(=O)NC1,0.6905165970783855
C#CC1CC(C)=CC1=O,0.4837417203852965
CC1=CC(=O)C(C#N)C1,0.21017439677234506
C#CC1CC(N)=CC1=O,0.3868697930174676
N#CC1CC(N)=CC1=O,0.38307597976745456
CC1=CC(=N)N(C=O)C1,2.134794960180443
CC1=CC(=O)C(C=O)C1,0.9062833989428327
CC1=CC(=O)N(C=N)C1,2.4691085755330278
CC1=CC(=O)N(C=O)C1,1.5417255394422682
N=C1C=C(N)CN1C=O,0.5450865540624363
NC1=CC(=O)C(C=O)C1,0.3039198432416015
N=CN1CC(N)=CC1=O,0.25403343035577564
NC1=CC(=O)N(C=O)C1,0.41331627959152684
CC1=CC(=O)C=CCC1,0.6125409454652981
CC1=CC(=O)C=CCN1,0.6687127017139574
CC1=CC(=O)C=CNC1,0.5327544024567032
NC1=CC(=O)C=CCC1,0.6766458585552755
NC1=CC(=O)C=CNC1,0.5910397769093834
CC1=CC(=N)NC(=O)C1,0.8657478567911312
CC1=CC(=N)OC(=O)C1,1.5998945035316865
Cc1cc(=O)[cH-]c(=[NH2+])[nH]1,0.5499953815960907
CC1=CC(=O)CC(=O)C1,0.38151570536319923
CC1=CC(=O)NC(=N)C1,0.7508276969238068
CC1=CC(=O)OC(=N)C1,1.923505848446439
N=C1C=C(N)CC(=O)N1,0.657396025095295
N=C1C=C(N)CC(=O)O1,0.6913465175402962
NC1=CC(=O)CC(=O)C1,0.41817664362497453
N=C1CC(N)=CC(=O)N1,0.38639359353146574
N=C1CC(N)=CC(=O)O1,0.5770918668586091
CC1=CC(=O)OC1(C)C,0.6362166857616103
C#CC1OC(=N)C=C1C,0.9998998633818701
Cc1cc(=[NH2+])o[c-]1C#N,0.46697854620288126
C#CC1CC(=O)C=C1C,0.21703134278686775
CC1=CC(=O)CC1C#N,0.19623554811732902
C#CC1NC(=O)C=C1C,0.3301965851114801
C#CC1OC(=O)C=C1C,0.4180823561273428
C#CC1OC(=N)C=C1N,0.5864073899792857
C#CC1CC(=O)C=C1N,0.4033336146003421
N#CC1CC(=O)C=C1N,0.3414357636575005
C#CC1NC(=O)C=C1N,0.5373485573727521
C#CC1OC(=O)C=C1N,0.49972594105747703
Cc1cc(=[NH2+])o[c-]1C=O,0.5224096898036805
CC1=CC(=O)CC1C=O,0.29360084535801434
Nc1cc(=[NH2+])o[c-]1C=O,0.5752125115868694
NC1=CC(=O)CC1C=O,0.45386504648377013
CC1=CC(=O)CC=CC1,0.4338554163423396
CC1=CC(=O)NC=CC1,0.7660503793867974
CC1=CC(=O)NC=NC1,1.0558481596181082
CC1=CC(=O)OC=NC1,1.025014732935233
NC1=CC(=O)CC=CC1,0.5554082730850496
NC1=CC(=O)NC=CC1,0.6720585881230363
NC1=CC(=O)NC=NC1,0.5342665943226166
NC1=CC(=O)OC=NC1,0.6115369536855724
Cc1cc(=[NH2+])o[cH-]c1=O,0.3528184007082018
CC1=CC(=O)CCC1=O,0.17648823586205253
Cc1cc(=O)[cH-]oc1=[NH2+],0.3732205008564051
NC1=CC(=O)CCC1=O,0.44766473874369694
CC1=CC(=N)OCC=C1,0.5565829347560793
CC1=CC(=O)CCC=C1,0.580434242996489
CC1=CC(=O)NCC=C1,0.4541726441402716
CC1=CC(=O)OCC=C1,0.4894666721975227
N=C1C=C(N)C=CCO1,0.7405473664384772
NC1=CC(=O)CCC=C1,0.647091231565355
NC1=CC(=O)NCC=C1,0.7320799409862957
NC1=CC(=O)OCC=C1,0.6756646971389273
CC1=CC(=O)OCOC1,0.7744664841357007
C#CC1C=C(C)CC1=O,0.48966947875669575
C#CC1C=C(C)NC1=O,0.6475390223458817
Cc1c[c-](C#N)c(=[NH2+])[nH]1,0.7155547577003745
CC1=CC(C#N)C(=O)C1,0.5615190553235152
C#CC1N=C(C)NC1=N,0.579890096652889
C#CC1N=C(C)NC1=O,0.6394121747671306
C#CC1N=C(C)OC1=O,0.6671250254275947
C#CC1N=C(N)CC1=O,0.8010380615105532
C#CC1N=C(N)NC1=O,0.7796677797869052
N#C[C-]1[NH+]=C(N)CC1=O,0.3251311831845669
N#C[c-]1[nH+]c(N)[nH]c1=O,0.42907608786117635
CC1=CC(C)(C)OC1=O,0.3751474216533097
CC1(C#N)COC(N)=N1,0.7419143310653453
CC1=CC(C)(C#N)CC1,0.5961188117453275
CC1=CC(C)(C#N)OC1,0.35271812670180225
CC1=CC(O)(C#N)CC1,0.6508189483247406
CC1=NC(C)(C#N)CO1,0.7608755060027761
CC1=CC=CCC(C)=C1,0.7580853307863435
CC1=CC(C=O)C(=O)C1,0.5364305808288918
CC1=CC(C=O)C(=O)N1,0.7234802953498729
CC1=CN(C=N)C(=O)C1,0.5117208617939468
CC1=CN(C=O)C(=N)C1,0.5238592954483465
CC1=CN(C=O)C(=O)C1,0.6722890414584981
CC1=NC(C=O)C(=N)N1,0.4720406283340708
CC1=NC(C=O)C(=O)N1,0.7975204439644585
NC1=NC(C=O)C(=O)N1,1.0622791656023765
CC1=CC(CC#N)CC1,0.5820471714614541
CC1=CC(CC#N)OC1,0.3511183413429535
CC1=NC(CC#N)CO1,0.7579311509962281
N#CCC1COC(N)=N1,0.8295136476863263
C#CC1C=C(C)C(=O)C1,0.1973786173548433
CC1=CC(C#N)CC1=O,0.16485332193587965
C#CC1C=C(C)C(=O)N1,0.22542556957159832
C#CC1C=C(C)C(=N)O1,0.7683401097656315
Cc1c[c-](C#N)oc1=[NH2+],0.4169093543496274
C#CC1C=C(C)C(=O)O1,0.6492554357610061
C#CC1CC(=O)C(N)=N1,0.49992409446531383
N#CC1CC(=O)C(N)=N1,0.6621465095013264
CC1=CC(C=O)CC1=O,0.30952716017600324
CC1=CC(C=O)NC1=O,0.7019333300104336
Cc1c[c-](C=O)oc1=[NH2+],0.48333659707350307
NC1=NC(C=O)CC1=O,0.5259583283441316
CC1=CC(OC=O)OC1,1.6189791365832207
CC1=CC(C#N)CCC1,0.6508690172977367
CC1=CC(C#N)COC1,0.7079866961994412
CC1=CC(C#N)OCC1,0.7974317620137299
CC1=NC(C#N)CCO1,1.1353627246953693
N#CC1CCOC(N)=N1,0.8697696471372183
CC1=CC2C=CC1C2=O,0.9715435447669734
CC1=CC=C(C)CC=C1,0.7413095577230706
CC1=CC=CC(=O)CC1,0.49010009914309194
CC1=CC=CC(=O)NC1,0.4458861472830904
CC1=CC=CC(=O)OC1,0.4330691701852629
CC1=CCC(C)=CC=C1,0.7851032023118023
CC1=CC=CC=C(C)C1,0.6823518168112059
CC1=CC=CC=CC=C1,0.7419250251441554
CC1=CC=CC=CCC1,0.5627396770487394
CC1=CC=CCC(=O)C1,0.7857067239328899
CC1=CC=CCC(=O)N1,0.8466502166884311
CC1=CC=CNC(=O)C1,0.6816441027458495
CC1=CC=CNC(=O)N1,0.822512753373303
CC1=CC=CCCC1=O,0.5725549375147239
CC1=CC=CCNC1=O,0.6011187974690984
CC1=CC=CCOC1=N,0.39287559367949143
CC1=CC=CCOC1=O,0.789372752455165
CC1=CC=CCCC=C1,0.459627713296868
CC1=CCC(=O)C(=N)N1,0.5316932395307958
CC1=CCC(=O)C(=O)C1,0.7203861688049074
CC1=CNC(=N)C(=O)C1,0.4288440562613687
C#CC1C(=O)CC=C1C,0.5316129931143223
CC1=CCC(=O)C1C#N,0.6030968212726293
C#CC1C(=O)NC=C1C,0.6030400310828554
C#CC1C(=O)CN=C1N,0.7317464652933268
N#CC1C(=O)CN=C1N,0.7763591457824077
CC1=CCC(=N)N1C=O,0.5452541218564875
CC1=CCC(=O)C1C=O,0.48461441716244735
CC1=CCC(=O)N1C=N,0.5073635276858113
CC1=CCC(=O)N1C=O,0.6789047584206855
CC1=CNC(=O)C1C=O,0.6654972667511174
CC1=NCC(=N)N1C=O,1.7114667361311149
CC1=NCC(=O)N1C=N,0.9940933317939198
CC1=NCC(=O)N1C=O,0.9288589551651967
N=C1CN=C(N)N1C=O,0.679110585444505
NC1=NCC(=O)N1C=O,0.7607075028263353
CC1=CCC(=O)C=CC1,0.47489254621723376
CC1=CNC(=O)C=CC1,0.7629182929358649
CC1=CCC(=N)NC1=O,0.376483338075559
CC1=CCC(=N)OC1=O,1.5444245020498784
CC1=CCC(=O)CC1=O,0.3425405192483595
CC1=CCC(=O)NC1=N,1.0634895558414428
CC1=CCC(=O)NC1=O,0.5449198842416081
CC1=CCC(=O)OC1=N,0.5260214043664746
Cc1c[nH]c(=[NH2+])[cH-]c1=O,0.4877670210044016
CC1=CNC(=O)CC1=O,0.5527081948057457
N=C1CN=C(N)C(=O)N1,0.7350099827999657
N=C1CN=C(N)C(=O)O1,0.6761525703132065
N=C1NC(=O)CN=C1N,0.8546289254081785
NC1=NCC(=O)NC1=O,0.8986142470948835
N=C1OC(=O)CN=C1N,0.7758161695237504
CC1=CCC(=O)CC=C1,0.8035991983852
CC1=CCC(=O)NC=C1,0.6810673299332848
CC1=CNC(=O)CC=C1,0.7195136897171324
CC1=CNC(=O)NC=C1,0.8418001929840102
C#CC1CC=C(C)C1=O,0.4304421817214461
CC1=CCC(C#N)C1=O,0.200726299715825
C#CC1CN=C(N)C1=O,0.5920823000324162
N#CC1CN=C(N)C1=O,0.6196841009696072
CC1(C#N)CN=C(N)O1,0.9061713968239928
CC1=CCC(C)(C#N)C1,0.6097984718289808
C#CC1(O)CC=C(C)C1,0.6352661915916542
CC1=CCC(O)(C#N)C1,0.6407984050620144
CC1=NCC(C)(C#N)O1,0.8745670167827484
CC1=CCC(C=O)C1=O,0.849933135918036
CC1=CCN(C=N)C1=O,2.421403618875047
CC1=CCN(C=O)C1=N,2.187895012077206
CC1=CCN(C=O)C1=O,1.48217989625482
[NH2+]=C1NC[C-](C=O)C1=O,0.34880276013427647
CC1=CCC(CC#N)C1,1.0005365284814616
CC1=NCC(CC#N)O1,0.9606364541286894
CC1=CCC(C#N)CC1,0.7383945366036642
CC1=CCC(C#N)OC1,0.6543878049396881
CC1=NCC(C#N)CO1,1.1948302983782924
CC1=NCC(OC=O)O1,1.1547295943801146
CC1=CCC=C(C)C=C1,0.8803427994898811
CC1=CCC=CC(=O)C1,0.4224242341624631
CC1=CCC=CC(=O)N1,0.9603061077450548
CC1=NCC=CC(=O)N1,1.4708583487972646
CC1=NCC=CC(=O)O1,1.2838309748331085
NC1=NCC=CC(=O)N1,1.3746686656304519
CC1=CCC=CC(C)=C1,0.847255398199195
CC1=CC=CCC=C1C,0.8936946166340931
CC1=CCC=CCC1=O,0.42232039546252054
CC1=CCC=CNC1=O,0.8227369480919151
CC1=CCN=CNC1=O,0.7992432792671025
CC1=CCN=COC1=O,0.7826220397419092
NC1=NCC=CCC1=O,0.8319248769639671
NC1=NCC=CNC1=O,0.6567322030186915
CC1=CCCC(=O)C1=O,0.915113824456057
CC1=CCNC(=N)C1=O,0.47713049330377544
CC1=CCNC(=O)C1=O,1.1061979009919014
CC1=CCOC(=N)C1=O,1.231979844518719
CC1=CCOC(=O)C1=O,0.903074032121367
NC1=NCCC(=O)C1=O,0.8775244332628063
CC1=CCCC(=O)C=C1,0.5335618462995626
CC1=CCNC(=O)C=C1,0.47720445388949884
CC1=CCOC(=O)C=C1,0.3922049143293407
CC1=CCOC(=O)OC1,0.7451054118246248
CC1=CCCC(C#N)C1,0.7407164580672543
CC1=CCOC(C#N)C1,0.5827460418222472
CC1=NCCC(C#N)O1,1.1623142276221188
CC1=CCCC1(C)C#N,0.5620052141784981
C#CC1(O)CCC=C1C,0.7800625627623958
CC1=CCCC1(O)C#N,0.6408368003467331
CC1=CCOC1(C)C#N,0.35307203815500543
CC1=CCCC1CC#N,0.6513772718080872
CC1=CCOC1CC#N,0.3411644932239142
CC1=CCOC1OC=O,1.2203703188279178
CC1=CCCC=CC1=O,0.4631034525027644
CC1=CCNC=CC1=O,0.555777531770218
CC1=CNCC=CC1=O,0.5862728568226885
NC1=NCCC=CC1=O,1.0169491926353658
CC1=CCCC=CC=C1,0.4003357891979249
CC1=NCCOC(=O)O1,1.1436173570036772
CC1=CCCCC1C#N,0.6899974580101116
CC1=CCCOC1C#N,0.798930021641354
CC1=CCOCC1C#N,0.5584413644610322
CC1=CCOCOC1=O,0.6259977713998524
CC1=CC(=O)C(O)C1=O,1.2158465598004113
CC1=CC(=O)C(C)C1=O,0.39292705043590104
CC1C(=O)C=C(N)C1=O,0.3838104698515963
CC1=CC(=N)N(C)C1=O,0.46445019906059315
CN1C(=N)C=C(N)C1=O,0.3490660848437983
CC1=CC(=O)N(C)C1=N,0.6369898976608965
CC1=CC(=O)N(C)C1=O,0.4792376624081953
CN1C(=N)C(N)=CC1=O,0.2844739516531263
CN1C(=O)C=C(N)C1=O,0.29680871555319754
NC1=CC(=O)C(O)C1=O,1.1883565977077524
CC1(O)C=CC(=O)C1O,1.444165816752502
C#CC1(C)NC(=O)C1O,1.3024678987403604
C#CC1(C)OC(=N)C1O,1.5738525688266236
CC1(C#N)OC(=N)C1O,1.9893586585367302
C#CC1(C)OC(=O)C1N,1.4904341203928198
CC1(C#N)OC(=O)C1N,1.9361069575170404
C#CC1(C)OC(=O)C1O,1.4355712868582486
CC1(C#N)OC(=O)C1O,2.044832143077656
CC1C(=N)OC1(C)C#N,1.6150568311113602
C#CC1(C)CC(=O)C1C,0.3174571060753806
CC1C(=O)CC1(C)C#N,0.95310159053588
C#CC1(O)CC(=O)C1C,0.39987131782436336
CC1C(=O)CC1(O)C#N,0.7998512907670374
C#CC1(C)OC(=O)C1C,0.4378246614833188
CC1C(=O)OC1(C)C#N,0.9000245866936893
CN1C(=O)CC1(C)C#N,0.4884209109204676
CC1(C=O)OC(=O)C1O,2.0064661929773138
CC1C(=O)OC1(C)C=O,0.45791483736502414
C#CC1=CCC(=O)C1C,0.4293140243316884
CC1C(=O)CC=C1C#N,0.46968738654686604
C#CC1=CNC(=O)C1C,0.5099773186138918
CC1C(=O)NC=C1C#N,0.501858117440861
C#CC1=NCC(=N)N1C,0.2247487132317474
CN1C(=N)CN=C1C#N,0.29841557587496936
C#CC1=CCC(=O)N1C,0.45466952428614604
CN1C(=O)CC=C1C#N,0.4460679466374131
C#CC1=NCC(=O)N1C,0.4957472807764134
CN1C(=O)CN=C1C#N,0.4410869816856575
C#CC1=CNC(=O)C1N,0.6410761246024776
N#CC1=CNC(=O)C1N,0.6896042260832473
C#CC1=CNC(=N)C1O,0.5171021336391277
N#CC1=CNC(=N)C1O,0.5531462166964047
C#CC1=CCC(=O)C1O,0.695813840124174
N#CC1=CCC(=O)C1O,1.1756552418428328
C#CC1=CNC(=O)C1O,0.6618367077226139
N#CC1=CNC(=O)C1O,0.6836050922138384
CC1C(=O)CC=C1C=O,0.28168222538261034
CC1C(=O)NC=C1C=O,0.6606490934227622
CN1C(=O)CC=C1C=O,0.49656101045366086
CN1C(=O)CN=C1C=O,0.4915160170785384
N=C1NC=C(C=O)C1O,0.4080575951029459
O=CC1=CCC(=O)C1O,1.6315574697127886
O=CC1=CNC(=O)C1O,0.8544036694493116
C[c-]1c(=O)cc[nH]c1=[NH2+],0.5630487441176228
CC1C(=O)C=CCC1=O,0.5059063572662126
CC1C(=O)C=CNC1=O,0.5404226563296106
CN1C(=N)C=CCC1=O,1.1272359315371432
CN1C(=N)CC=CC1=O,0.6760536840902205
[NH2+]=c1[nH]ccc(=O)[c-]1O,0.8784792268270394
CC1=CCOC(=O)C1O,0.8020344340966403
CC1C(=N)OCOC1=O,1.3617370741121704
CC1C(=O)CCCC1=O,0.5172240407046047
CC1C(=O)CCOC1=O,0.649869161654351
CC1C(=O)OCOC1=O,1.1120523246408993
CN1C(=O)CCCC1=O,0.2311222759544762
CN1C(=O)CCOC1=O,0.44528112903572037
CN1C(=O)COCC1=O,0.5601345393424708
CN1C(=O)OCOC1=O,0.6429749360249843
NC1C(=O)OCOC1=O,1.3029210501681519
N=C1OCOC(=O)C1O,1.165251752567201
O=C1CCNC(=O)C1O,1.1664313667133683
O=C1CCOC(=O)C1O,1.4712331041864672
C#CC1C(C)C(=O)C1C,0.35590292163033155
C#CC1C(C)C(=O)C1O,1.9675030343041726
CC1C(=O)C(C)C1C#N,0.6602517525752774
CC1C(=O)N(C)C1C#N,0.5214833049321896
C#CC1C(O)C(=O)N1C,1.7313096148209297
CN1C(=O)C(O)C1C#N,1.9448463608987367
C#CC1C(O)C(=O)C1O,1.2304890952364076
N#CC1C(O)C(=O)C1O,1.3582762467558496
C#CC1C(C)C1(C)C#N,1.3708448382058123
C#CC1N(C)C1(C)C#N,1.2713581402986165
CN1C(C#N)C1(C)C#N,0.7239985092328425
CC1C(C#N)C1(C)C=O,0.8660030452883802
C#CC1C(C)C1C(C)=O,0.8815915033774218
CC(=O)C1C(C)C1C#N,0.47031224190141074
CC1C(C#N)C1C(N)=O,1.1632186528895545
CC(=O)N1C(C)C1C#N,0.5831929074138316
CC1=CC(=O)C(=O)C1O,0.9382368740225502
CC1=CC(=O)C(=O)C1C,0.822578033519676
CC1C(=O)C(=O)C=C1N,0.6682437404651864
CC1=CC(=O)C(=N)N1C,0.30277367190501536
CC1=CC(=O)C(=O)N1C,0.7302751993702259
NC1=CC(=O)C(=O)C1O,0.903854182930445
CC1C(C#N)C(=O)N1C,0.42913475563545944
C#CC1C(=O)C(O)C1C,1.8277804461631604
CC1=CC(=O)C(O)C1O,1.8533151331812405
CC1C(=O)NC(=O)C1C,0.1565174635998119
CC1C(=O)OC(=N)C1O,1.633635141663035
CC1C(=O)CC(=O)C1O,0.7212959275075264
CC1C(=O)NC(=O)C1O,1.0909357620039373
CC1C(=N)OC(=O)C1O,1.6377227291759482
NC1C(=O)NC(=O)C1O,1.222656321246177
O=C1CC(=O)C(O)C1O,1.8808518988807919
O=C1NC(=O)C(O)C1O,1.2885240159721434
N=C1OC(=O)C(O)C1O,1.8051486167714756
C#CC1(C#C)C(C)C1C,1.1058718540098198
C#CC1(C#N)C(C)C1C,1.2347024810460425
CC1C(C)C1(C#N)C=O,1.2447773654694174
C#CC#CC1C(C)N1C,0.9484070527651056
CC1C(C#CC#N)N1C,1.085872673047561
C#CC#CC1C(C)C1C,0.7274384110241954
CC1C(C)C1C#CC#N,0.9607054350235558
CC1C(C)C1C(=O)C#N,1.9447760466482578
C#CC(=O)C1C(C)C1O,2.272438869546022
CC1C(C=O)C1(C)C#N,1.2340869047802698
CC1C(=O)C=CC1C=O,0.3221848417451838
O=CC1C=CC(=O)C1O,1.838921037817272
C#CC1C=CC(=O)C1C,0.24089759008529654
CC1C(=O)C=CC1C#N,0.25615445006587834
C#CC1C=CC(=O)N1C,0.47997383959955187
C#CC1C=CC(=O)C1O,1.5811266111613804
N#CC1C=CC(=O)C1O,1.763279035780215
C#CC1C(C)N1CC#N,1.2791497978632833
C#CCN1C(C)C1C#N,0.7934839050321898
CC1C(C#N)N1CC#N,1.225913852245867
C#CCC1C(C)C1C#C,0.83569390062803
C#CCC1C(C)C1C#N,0.7344020801410807
C#CC1C(C)C1CC#N,1.3434665789063729
CC1C(C#N)C1CC#N,1.6307551416157366
C#CCC1C(C#N)N1C,1.0648473230157833
C#CC1C(CC#N)N1C,1.2581209103518631
CN1C(C#N)C1CC#N,0.9226704027460073
CC1C(C=O)C1CC#N,0.9070442296579131
C#CCC1C(O)C1C=O,1.7665855745071894
C#CCC1CC(=O)C1C,1.1344666533241252
C#CCC1OC(=O)C1C,0.5300716034162178
CC1C(=O)CC1CC#N,1.2451161745993886
CC1C(=O)NC1CC#N,0.879129361572268
CC1C(=N)OC1CC#N,1.651761579725644
CC1C(=O)OC1CC#N,1.3317323433693673
CN1C(=O)CC1CC#N,0.48900696281998535
C#CCC1OC(=O)C1N,1.8549544022807822
N#CCC1OC(=O)C1N,1.994266887422782
C#CCC1OC(=O)C1O,1.9247306879387907
N#CCC1OC(=N)C1O,2.068512863059368
N#CCC1OC(=O)C1O,2.2054223911873123
CC(=O)C1OC(=O)C1O,0.8312318570533535
CC(=O)C1OC(=O)C1C,0.9547103828645049
CC1C(=O)OC1C(N)=O,0.6723996830114629
C#CC1CC(C#C)C1C,0.5683183948058286
C#CC1CC(C#N)C1C,1.4318907818760636
C#CC1NC(C#N)C1C,0.8267167784633784
CC1C(C#N)NC1C#N,0.9064445720614458
C#CC1OC(C#C)C1C,0.31275851380814856
C#CC1OC(C#N)C1C,0.864044123885833
C#CC1CC(C#N)N1C,0.9200884219444561
CN1C(C#N)CC1C#N,0.8784487500633986
CC1C(C#N)CC1C=O,0.38893516541247664
CC1C(C#N)CN1C=O,0.3209986152287456
C#CC1OC(C=O)C1C,0.6527832031606522
CC1C(C#N)OC1C=O,0.8608977514522849
N#CC1CC(C=O)C1O,1.1905154684736772
N#CC1NC(C=O)C1O,1.3977972391112417
N#CC1OC(C=O)C1O,1.3075878867275605
CC1C(=O)OC1CC=O,0.5528050945995346
C#CC1CC=C(C)C1O,0.5779821966225427
CC1=CCC(C#N)C1O,0.7933130718720349
CC1=CCC(C#N)C1C,0.6275294738406956
C#CC1CCC(=O)C1C,0.3328914387984696
CC1C(=O)CCC1C#N,0.3076271242425719
C#CC1CNC(=O)C1C,0.4324926422741555
CC1C(=O)NCC1C#N,0.43998225330688
CC1C(=N)OCC1C#N,1.7290978723085573
C#CC1COC(=O)C1C,0.47192451729642926
CC1C(=O)OCC1C#N,0.5802662398182292
CC1C(=O)CNC1C#N,1.1129873627360212
C#CC1OCC(=O)C1C,0.35409556772174255
CC1C(=O)COC1C#N,0.5295972815238201
C#CC1CCC(=O)N1C,0.5855456866065651
CN1C(=O)CCC1C#N,0.39924986389632977
CN1C(=O)NCC1C#N,0.6309788996204588
C#CC1COC(=O)N1C,0.7071383808342944
CN1C(=O)OCC1C#N,0.6779577200995845
N#CC1CNC(=O)C1N,1.6203782922984828
C#CC1COC(=O)C1N,1.3823900089391827
N#CC1COC(=O)C1N,1.7149258219615149
C#CC1CCC(=O)C1O,1.2702498744383774
N#CC1CCC(=O)C1O,2.0102850951334403
C#CC1CNC(=O)C1O,1.1205339544449089
N#CC1CNC(=O)C1O,1.3364103638232336
C#CC1COC(=N)C1O,1.3419869590888993
N#CC1COC(=N)C1O,1.9822196663772047
C#CC1COC(=O)C1O,1.134109857463045
N#CC1COC(=O)C1O,1.6134754950799106
C#CC1NCC(=O)C1O,1.4054581186919677
N#CC1NCC(=O)C1O,1.5129897578681266
C#CC1OCC(=O)C1O,1.0857319629030826
N#CC1OCC(=O)C1O,1.2668040949847637
CC1C(=O)OCC1C=O,0.38543145288895175
CC1C(=O)COC1C=O,0.7166099613314145
CN1C(=O)OCC1C=O,0.9706569701775152
O=CC1CCC(=O)C1O,1.6516395365997596
O=CC1CNC(=O)C1O,0.976841250403595
O=CC1COC(=O)C1O,1.038397435017032
O=CC1OCC(=O)C1O,1.2222042310640973
CC1=CC(O)C(=O)C1=O,0.901879669398113
CC1=CC(C)C(=O)C1=O,0.7959644689562992
CC1N=C(N)C(=O)C1=O,0.7589007475671679
CC1=CN(C)C(=N)C1=O,0.3921185725612304
CC1=CN(C)C(=O)C1=O,0.557504612055709
CC1=CC(O)C(O)C1=O,1.3130199078332225
CC1=CC(O)C(=O)C1O,1.1870878118061228
C#CC1CC(C)=CC1O,0.5729609315876587
CC1=CC(O)C(C#N)C1,0.5246101940083463
CC1=CC(C)C(C#N)C1,0.5515949764740071
CC1=NC(C)C(C#N)O1,0.8427291357256763
CC1N=C(N)OC1C#N,0.8502630741313624
CC1=CC(O)C(=O)OC1,1.02935699192858
C#CC1=CC(C)C(=O)C1,0.4250984888185485
CC1C=C(C#N)CC1=O,0.46592829504334077
C#CC1=CC(C)C(=O)N1,0.506546695909492
CC1C=C(C#N)NC1=O,0.513664844142113
C#CC1=NC(C)C(=N)N1,0.33062753203557804
CC1N=C(C#N)NC1=N,0.4727032258961117
C#CC1=NC(C)C(=O)N1,0.6797343523394375
C#CC1=NC(C)C(=O)O1,0.6502776863890176
C#CC1=CN(C)C(=O)C1,0.5205744442064315
CN1C=C(C#N)CC1=O,0.48819696111058875
N#CC1=CC(N)C(=O)N1,0.9251334153177595
C#CC1=CC(O)C(=O)C1,0.8312266052544146
N#CC1=CC(O)C(=O)C1,1.3346959912596503
C#CC1=CC(O)C(=N)N1,0.6315330325523973
N#CC1=CC(O)C(=N)N1,0.5777082322565548
C#CC1=CC(O)C(=O)N1,0.7087850786465424
N#CC1=CC(O)C(=O)N1,0.7356468927991955
CC1C=C(C=O)CC1=O,0.18341960504949384
CC1C=C(C=O)NC1=O,0.5722680749458959
CC1N=C(C=O)NC1=N,0.5329998764864285
CC1N=C(C=O)NC1=O,0.6445961095450912
CC1N=C(C=O)OC1=O,0.3738710709840234
CN1C=C(C=O)CC1=O,0.616309969129361
N=C1NC(C=O)=CC1O,0.6974683748176176
O=CC1=CC(O)C(=O)N1,0.7981278296010714
CC1(O)C(=O)C=CC1O,1.634730672585647
C#CC1C(=O)C=CC1C,0.48301487670505594
CC1C=CC(=O)C1C#N,0.23667770074825967
C#CC1C(=O)C=CN1C,0.2704894150592736
C#CC1C(=O)C=CC1O,0.45670855604839744
N#CC1C(=O)C=CC1O,0.350466628338836
CC1C=CC(=N)N1C=O,2.1572883923981863
CC1C=CC(=O)C1C=O,0.8304555702598009
CC1C=CC(=O)N1C=N,2.418587103022219
CC1C=CC(=O)N1C=O,1.549780929886765
O=CC1C(=O)C=CC1O,1.0016092562527774
CC1C=CC(=N)NC1=O,1.0408396036527847
CC1C=CC(=N)OC1=O,1.3375981958106422
CC1C=CC(=O)CC1=O,0.37883704245541594
CC1C=CC(=O)NC1=N,1.2225535165798647
CC1C=CC(=O)OC1=N,1.8744642678702803
Cn1ccc(=O)[cH-]c1=[NH2+],0.4588817127932998
CN1C=CC(=O)CC1=O,0.5122478649591358
N=C1C=CC(N)C(=O)O1,1.4972026293598901
NC1C=CC(=O)NC1=O,1.1941316729189566
N=C1C=CC(O)C(=O)N1,0.6464907304089138
N=C1C=CC(O)C(=O)O1,0.6898080666742317
O=C1C=CC(O)C(=O)C1,0.7278596706928511
N=C1NC(=O)C=CC1O,1.576766120526372
N=C1OC(=O)C=CC1O,1.5872041410711972
C#CC1C=CC(C)C1=O,0.4568766408574447
CC1C=CC(C#N)C1=O,0.5159941943147714
C#CC1C=CN(C)C1=O,0.5665759400781099
Cn1cc[c-](C#N)c1=[NH2+],0.7985028571001749
C#CC1N=CN(C)C1=N,0.3733991709013935
C#CC1N=CN(C)C1=O,0.5593398848541256
C#CC1C=CC(O)C1=O,0.8601124304768746
N#CC1C=CC(O)C1=O,1.0431321912310523
CC1C(O)C=CC1C#N,0.9031502240377449
CC1C=CC(C#N)C1O,0.7325392421880679
CC1C=CC(C)C1C#N,0.5782085138253024
CC1C=CC(O)C1C#N,0.5399651782900037
C#CC1C(O)C=CC1O,0.7164660946655204
N#CC1C(O)C=CC1O,0.5383262629420642
CC1C=CC(C=O)C1=O,0.5023664535838179
CC1C=CN(C=N)C1=O,0.6815175153169548
CC1C=CN(C=O)C1=N,0.6394868156312441
CC1C=CN(C=O)C1=O,0.6871633363825822
CC1N=CN(C=N)C1=O,0.9303523983799096
CC1N=CN(C=O)C1=N,1.8209148197183822
CC1N=CN(C=O)C1=O,0.8586216811945633
CN1C=CC(C=O)C1=O,0.743631098232072
CN1C=NC(C=O)C1=O,0.7211874900822295
NC1C=CN(C=O)C1=O,0.9770461794487346
N=CN1C=CC(O)C1=O,0.6563729853387485
N=C1C(O)C=CN1C=O,0.7265982590815838
O=CN1C=CC(O)C1=O,0.8081668766117218
CC1=CC=CC(O)C=C1,0.8556676661428355
CC1=CC=CC(C)C=C1,0.809004062510212
CC1=CC(O)C=CC=C1,0.8893612829760968
CC1=CC(C)C=CC=C1,0.8369121277482918
CC1=CC=CC=CC1O,0.8153717475706799
CC1=CC=CC=CC1C,0.7172929130210832
CC1C=CC=CCC1=O,0.8584592019324191
CC1C=CC=CNC1=O,0.6880128218363097
CN1C=CC=CCC1=O,0.7738484316287213
CN1C=CC=CNC1=O,0.9636120750310511
O=C1CC=CC=CC1O,0.9980873665135732
O=C1NC=CC=CC1O,0.7759201170701999
CC1C=CCC(=O)C1=O,0.6861304188860231
CC1C=CNC(=N)C1=O,0.42534962282297784
CN1C=CCC(=O)C1=N,0.32883481785756885
O=C1CC=CC(O)C1=O,1.213824671222028
CC1C=CC(=O)NC=N1,1.248741821402291
CC1C=CC(=O)OC=N1,1.197826164565413
CC1C=CCC(=O)C=C1,0.43520866643120826
CC1C=CNC(=O)C=C1,0.6406846069949097
O=C1C=CC(O)C=CC1,0.5669762741817976
O=C1C=CC(O)C=CN1,0.8161918447112839
CC1C=CCC1(C)C#N,0.5958756234722387
CC1C=CCC1(O)C#N,0.7796065269285464
CC1N=COC1(C)C#N,0.6789157790353784
CC1N=COC1CC#N,0.7537221734346531
N#CCC1CC=CC1O,0.8180039334056346
CC1C=CCC=CC1=O,0.5709929215772718
CN1C=CCC=CC1=O,0.8383960197606939
CN1C=NCC=CC1=O,1.1423915106879576
OC1C=CC=CCC=C1,1.569773389634065
CC1C=CCCC1C#N,0.6273528990732302
CC1C=CCOC1C#N,0.5914578800566233
CC1N=COCC1C#N,1.0468996094259637
N#CC1CCC=CC1O,0.6573444594941975
CC1C(=O)C(=O)CC1O,1.2613876115901803
CC1CC(=O)C(=O)C1O,1.2345497434635035
CC1NC(=O)C(=O)C1O,1.031675511965659
CC1OC(=O)C(=O)C1C,0.9394430464963079
CC1OC(=O)C(=O)C1O,1.2425860042967543
O=C1CC(O)C(O)C1=O,1.342973018552584
CC1C=CC(=O)C(=O)C1,0.9654103403336194
CC1C=CC(=O)C(=N)N1,0.3861573441663495
CC1C=CC(=O)C(=O)N1,0.6683510350103461
CC1C=CC(=O)C(=N)O1,1.2401258489244356
O=C1C=CC(O)CC1=O,1.136058520167353
C#CC1=CC(C)CC1=O,0.22827324247555225
CC1C=C(C#N)C(=O)C1,0.17054412344259617
C#CC1=CC(C)NC1=O,0.22363965824297338
CC1C=C(C#N)C(=O)N1,0.25790202053030953
C#CC1=CC(C)OC1=N,0.227489282071474
CC1C=C(C#N)C(=N)O1,1.2733956754309474
C#CC1=CC(C)OC1=O,0.2829196637558198
CC1C=C(C#N)C(=O)O1,0.2773950150476594
C#CC1=CC(O)CC1=O,0.35663730286614737
N#CC1=CC(O)CC1=O,0.4263533152752643
CC1=C(C)C(C)OC1=O,0.4327511777755717
CC1C(=O)CC(O)C1=O,0.7122172524032067
CC1CC(=O)C(C)C1=O,0.41331742247166403
CC1CC(=O)C(O)C1=O,1.184727495057814
CC1CC(=O)N(C)C1=O,0.1717305948586727
CC1NC(=O)C(O)C1=O,1.246838465676774
CC1NC(=O)N(C)C1=O,0.5583456891854439
CC1OC(=O)C(C)C1=O,0.3951648614656733
CC1OC(=O)C(O)C1=O,0.9735812159578927
CC1OC(=O)N(C)C1=O,0.34269342009974935
CN1C(=O)CC(O)C1=O,1.2073146433358488
CN1CC(=O)C(O)C1=O,1.2060398981375329
O=C1CC(O)C(=O)C1O,1.474735619407511
CC1C=CC(O)C(=O)O1,1.3081175294009881
CC1C=C(C=O)C(=O)C1,0.8672493001504336
CC1C=C(C=O)C(=O)N1,1.2161076259635593
CC1C=C(C=O)C(=O)O1,1.2101212542402209
O=CC1=CC(O)CC1=O,0.9240061014806997
CC1OC(=N)C1(C)C#N,1.4177710046260472
CC1OC(=O)C1(C)C=O,0.5244555788376601
CC(=O)C1C(=O)CC1O,0.7644320358504046
CC(=O)C1C(=O)OC1C,0.41478193996408663
CC1OC(=O)C1C(N)=O,0.6915721000332269
NC(=O)C1C(=O)CC1O,0.7038899112321815
CC1CC(=O)C1CC#N,1.5274967261138954
CC1CC(=O)N1CC#N,0.6209248863415269
CC1NC(=O)C1CC#N,0.6250464608910988
CC1OC(=N)C1CC#N,1.654037894884823
C#CCC1C(=O)OC1C,0.9284998191214981
CC1OC(=O)C1CC#N,0.9612213359378075
C#CCC1C(=O)CC1O,0.7503991173871327
N#CCC1C(=O)CC1O,0.5450368932579295
CC1OC(=O)C1CC=O,1.2852473281545826
CC1OC(=O)C1NC=O,1.8757431764097419
CC1OC(=O)C1OC=O,2.2369417900335975
O=COC1C(=O)CC1O,1.8523195769375889
CC1=CC(=O)OC(C)C1,0.6545814140426955
C#CC1=CC(=O)CC1C,0.22280171042439179
CC1CC(=O)C=C1C#N,0.20831569495385338
C#CC1=CC(=O)NC1C,0.32767071420857974
C#CC1=CC(=N)OC1C,0.3698718116738746
CC1OC(=N)C=C1C#N,0.8375042750030843
C#CC1=CC(=O)CC1O,0.46565702460793545
N#CC1=CC(=O)CC1O,0.4822403586549626
CC1CC(=O)C=C1C=O,0.1970601351440564
CC1OC(=N)C=C1C=O,1.0035495922693372
O=CC1=CC(=O)CC1O,0.6894859653421008
CC1CC(=O)C=CC1=O,0.19345674726173456
C[c-]1oc(=[NH2+])ccc1=O,0.37481073501476203
O=C1C=CC(=O)C(O)C1,1.197763034118907
CC1OC(=O)C=CC1O,1.865633053224883
CC1C=CC=CC(=O)C1,0.5497436489440588
CC1C=CC=CC(=O)N1,0.5425023963452986
CC1C=CC=CC(=N)O1,0.584330779278389
CC1C=CC=CC(=O)O1,0.4612720165041537
O=C1C=CC=CC(O)C1,0.37873154386034
CC1CC(=N)OC(=O)O1,1.856899037700714
CC1CC(=O)CC(=O)C1,0.3466485153094254
CC1CC(=O)CC(=O)O1,0.5497489007429976
CC1CC(=O)NC(=O)C1,0.6489647091730149
CC1CC(=O)NC(=O)N1,0.30401826687011635
CC1CC(=O)NC(=O)O1,0.2857769422826095
CC1OC(=N)CC(=O)O1,1.490906210954563
CC1OC(=N)NC(=O)O1,1.196463961930931
N=C1CC(O)CC(=O)O1,2.076203729602639
O=C1CC(=O)CC(O)C1,0.4397656233613816
O=C1CC(O)CC(=O)N1,0.46931543393475295
CC1CC(=N)OC1C#N,1.868331716508692
C#CC1CC(=O)CC1C,0.2538027865412005
CC1CC(=O)CC1C#N,0.18380173472723982
C#CC1NC(=O)CC1C,0.22622215606679674
C#CC1OC(=O)CC1C,0.33088331918588665
CC1CC(=O)OC1C#N,0.691795614466173
C#CC1CC(=O)NC1C,0.38919582340349734
CC1NC(=O)CC1C#N,0.3689928018502542
C#CC1NC(=O)NC1C,0.6247811225384794
CC1NC(=O)NC1C#N,0.6215883818858856
C#CC1OC(=O)NC1C,0.42350156066095224
CC1NC(=O)OC1C#N,0.5507962674910232
CC1OC(=N)CC1C#N,1.916317902976516
CC1OC(=N)NC1C#N,0.9304236922398559
C#CC1OC(=N)OC1C,1.6457332208156004
CC1OC(=N)OC1C#N,1.95802701834873
C#CC1CC(=O)OC1C,0.4423110592579178
CC1OC(=O)CC1C#N,0.577718599799482
C#CC1NC(=O)OC1C,0.6188460987268627
C#CC1OC(=O)OC1C,1.335796882831346
CC1OC(=O)OC1C#N,1.2709086351987935
CN1CC(=O)CC1C#N,1.0804796730899398
N#CC1OC(=O)CC1N,0.8236009644297155
C#CC1OC(=N)CC1O,2.032078051521239
N#CC1OC(=N)CC1O,1.8998177813882648
C#CC1CC(=O)CC1O,0.36823997128522024
N#CC1CC(=O)CC1O,0.49821266073922743
N#CC1OC(=O)CC1O,0.7587813711579656
CC1CC(=O)OC1C=O,1.0378580234537367
CC1NC(=O)OC1C=O,0.9458508955758589
CC1OC(=O)CC1C=O,0.3388295102868142
CC1OC(=O)NC1C=O,1.0645056566900166
CC1OC(=O)OC1C=O,1.1975583227595052
O=CC1CC(=O)CC1O,0.5752191511692217
O=CC1NC(=O)CC1O,0.7331861659895367
O=CC1OC(=O)CC1O,0.6387087873135897
CC1CC(=O)COC1=O,0.7500457229507447
CC1CC(=O)OCC1=O,0.7756283564503974
CC1NC(=O)COC1=O,0.7604577838137629
CC1NC(=O)OCC1=O,0.8373148836653854
CC1OC(=N)COC1=O,0.44670436683918524
CC1OC(=O)CCC1=O,1.0981378029755433
CC1OC(=O)CNC1=O,0.6971320691372966
CC1OC(=O)COC1=N,1.2277927449231356
CC1OC(=O)COC1=O,0.9638548551356507
CC1OC(=O)NCC1=O,0.6998731005678565
CC1OC(=O)OCC1=O,0.5631465146761911
CN1CC(=O)COC1=O,0.7492509596177115
CN1CC(=O)OCC1=O,0.5978165853539394
O=C1CCC(=O)C(O)C1,0.9287378100179922
O=C1CNC(=O)C(O)C1,0.9822855710608565
O=C1COC(=O)C(O)C1,0.6208599871570186
O=C1CC(O)C(=O)CN1,1.2752025939607847
O=C1CC(O)C(=O)CO1,1.25361097471432
CC1C=CCOC(=O)O1,0.5851890812245983
C#CC1=CC(=O)C(C)C1,0.2707701822728268
CC1CC(C#N)=CC1=O,0.2829468751551758
C#CC1=CC(=O)N(C)C1,0.3911894393422699
C#CC1=CC(=O)C(O)C1,1.603637377038467
N#CC1=CC(=O)C(O)C1,1.6951598971099884
C#CC1=CC(C)C(O)C1,0.5238167912430072
CC1C=C(C#N)CC1O,0.694260368567484
CC1C=C(C#N)CC1C,0.494965687765216
C#CC1=CC(O)C(C)C1,0.5454528194914019
CC1CC(C#N)=CC1O,0.6566066224113456
CC1N=C(C#N)OC1C,0.5097094223910972
C#CC1=CC(O)C(O)C1,0.8392990572483541
CC1CC(=O)C(C#N)N1,1.3094729836066108
C#CC1CC(C)CC1=O,0.5356591376657889
C#CC1CC(C)NC1=O,0.38482882924472506
C#CC1CC(C)OC1=O,0.6359012240118318
CC1CC(C#N)C(=N)O1,1.7135913205329416
CC1CC(=O)C(C#N)C1,0.2734990229982941
CC1CC(C#N)C(=O)N1,0.31224821844443795
CC1CC(C#N)C(=O)O1,0.6114675101980538
C#CC1OC(C)OC1=N,1.3433726723687869
C#CC1OC(C)OC1=O,1.0619559213937464
CC1OC(=N)C(C#N)O1,1.7621473953295208
CN1CC(=O)C(C#N)C1,1.0728011877308745
C#CC1CC(O)CC1=O,0.7073837732295942
N#CC1CC(O)CC1=O,0.3155054229009693
C#CC1CC(O)C=C1C,0.6569520167013252
CC1=CC(O)CC1C#N,0.764656638741144
CC1=CC(C)CC1C#N,0.5487488274065981
CC1=CC(C)OC1C#N,0.42138056816475
C#CC1CC(C)C1C#N,1.2317395678655885
C#CC1NC(C)C1C#N,0.799590877679293
C#CC1C(C)NC1C#N,0.7232263857858925
CC1NC(C#N)C1C#N,0.9689958503258822
C#CC1OC(C)C1C#N,0.37022953272389714
C#CC1CN(C)C1C#N,0.9655532546003087
C#CC1C(C#N)CN1C,1.035485216672896
CN1CC(C#N)C1C#N,0.948016514767005
CC1CC(C#N)C1C=O,0.701889057063454
CC1CC(C#N)N1C=O,0.35264598928188207
C#CC1OC(C)C1C=O,0.6210877465655358
CC1OC(C#N)C1C=O,0.6413161563541507
C#CC1CC(O)C1C=O,0.8423339445780584
N#CC1CC(O)C1C=O,1.1726199735530827
CC(=O)N1CC(O)C1=O,1.810208712471649
CC1(C#N)C=CC(O)C1,0.8003564431783161
CC1C=CC(C)(C#N)C1,0.5988621289361618
CC1C=CC(O)(C#N)C1,0.645370654807266
CC1C=CC(C)(C#N)O1,0.41630937021363934
C#CC1(O)C=CC(O)C1,0.9911101461202634
N#CC1(O)C=CC(O)C1,1.2237132664067758
C#CC1=C(C)CC(O)C1,0.6037470920709893
CC1=C(C#N)CC(O)C1,0.7467018229726818
CC1=C(C#N)CC(C)C1,0.43352871628849243
C#CC1C=C(C)CC1O,0.6156171669099422
CC1=CC(C#N)C(O)C1,0.6329206778427761
CC1=CC(C#N)C(C)C1,0.5465527042397298
CC1=NC(C#N)C(C)O1,0.8739734817481803
CC1OC(N)=NC1C#N,0.8189164132509177
CC1CC(O)C(=O)C1=O,1.2070282161512296
CC1OC(C)C(=O)C1=O,0.7280508307721902
CN1CC(O)C(=O)C1=O,0.9773214227498102
O=C1C(=O)C(O)CC1O,1.4143327899382712
O=C1C=CC(O)CC1O,1.9197925809385197
CC1C=C(C#N)C(C)C1,0.435318056253891
C#CC1=CC(C)CC1O,0.5989423753526353
CC1C=C(C#N)C(O)C1,0.6608839277978404
C#CC1=CC(O)CC1C,0.6386544461474841
CC1CC(O)C=C1C#N,0.7292773573681188
C#CC1=CC(C)OC1C,0.2396009124986449
CC1C=C(C#N)C(C)O1,0.2641966429837339
N#CC1=CC(O)CC1N,0.9796312895650772
C#CC1=CC(O)CC1O,0.6963920823527587
N#CC1=CC(O)CC1O,0.7015292407359084
C#CC1(C#C)CC(C)C1,1.256903798897838
C#CC1(C#N)CC(C)C1,1.4043377981834055
C#CC1(C#N)CC(C)N1,0.8747270742314868
CC1CC(C#N)(C#N)N1,0.9153165765910671
C#CC1(C#C)CC(C)O1,0.29434624721034197
C#CC1(C#N)CC(C)O1,0.5092058754526079
CC1CC(C#N)(C#N)O1,0.5126789751539036
C#CC1(C#N)CN(C)C1,0.9443530713324435
CN1CC(C#N)(C#N)C1,0.9863290761059034
C#CC1(C#C)CC(O)C1,1.0014375251121237
C#CC1(C#N)CC(O)C1,0.6016767127803178
CC1CC(C#N)(C=O)C1,0.5650467410905549
C#CC1(C=O)CC(C)O1,1.1429540791541513
CC1CC(C#N)(C=O)O1,1.0341432865316165
C#CC1(C=O)CC(O)C1,0.7211192166814726
C#CC#CC1CC(C)C1,0.485930496473884
CC1CC(C#CC#N)C1,0.8530788008556556
C#CC#CC1CC(C)O1,0.2918882143276278
CC1CC(C#CC#N)O1,0.35552441106847255
C#CC#CC1CN(C)C1,0.7384070538482774
CN1CC(C#CC#N)C1,0.9618195513339742
C#CC#CC1CC(O)C1,0.3454050087966607
N#CC#CC1CC(O)C1,0.49342574027105
CC1CC(C#CC=O)O1,0.31428382156627777
O=CC#CC1CC(O)C1,0.33583601149439346
CC1CC(C(=O)C#N)C1,1.1893688617547014
C#CC(=O)C1CC(C)O1,1.0606587812126236
CC1CC(C(=O)C#N)O1,0.735681941085204
CC1CN(C(=O)C#N)C1,0.4091919838992908
C#CC(=O)C1CC(O)C1,1.544392637502824
C#CC(=O)N1CC(O)C1,0.5327322523771727
N#CC(=O)N1CC(O)C1,0.6242812763521215
CC1CC(C=O)=CC1=O,0.19379008690157207
O=CC1=CC(=O)C(O)C1,1.8367304657749628
CC1CC(=O)C(C=O)O1,0.5646077395886095
CC1CC(C=O)C(=O)O1,1.3154286608769326
CC1CN(C=O)C(=O)O1,1.845561108979382
CC1OC(=O)C(C=O)O1,0.6279744346393272
O=CN1CC(O)CC1=O,1.8147015049253241
CC1CC(C=O)C1C#N,0.7850139489273715
CC1CN(C=O)C1C#N,0.3765583054791932
C#CC1C(C)OC1C=O,0.5954262272171036
CC1OC(C=O)C1C#N,0.7150870753830532
C#CC1C=C(C)C(O)C1,0.8296107107471471
CC1=CC(C#N)CC1O,0.7884480819011515
CC1=CC(C#N)CC1C,0.5731083357331954
CC1=CC(C#N)OC1C,0.4030440308906691
C#CCC1CC(C)C1=O,0.6107425713144039
CC1CC(CC#N)C1=O,1.0116470515386027
CC1CN(CC#N)C1=O,0.823962359021607
C#CCC1OC(C)C1=O,0.5164120797689975
CN1CC(CC#N)C1=O,0.6987391743659828
CC1C=CC(CC#N)C1,0.8000174163571501
CC1C=CC(CC#N)O1,0.41905701401628903
N#CCC1C=CC(O)C1,1.2405448228328169
C#CC1CC(=O)C(C)C1,0.3231525335195329
CC1CC(C#N)CC1=O,0.36783906574419234
C#CC1CC(C)C(=O)N1,0.3745810708041972
CC1CC(C#N)OC1=N,2.019494738706271
C#CC1CC(C)C(=O)O1,0.3563601003443182
CC1CC(C#N)OC1=O,0.7750571891847358
CC1NC(C#N)CC1=O,1.3136970634986938
C#CC1CC(=O)C(C)O1,1.1272524760679516
CC1OC(C#N)CC1=O,1.1650209182680555
C#CC1OC(=N)C(C)O1,1.5255154369424417
CC1OC(C#N)OC1=N,1.7474952270604263
C#CC1OC(=O)C(C)O1,1.1411825626546488
CC1OC(C#N)OC1=O,1.2085470748097578
C#CC1CC(=O)N(C)C1,0.4450865131129831
CN1CC(C#N)CC1=O,0.5429630309045024
CN1CC(C#N)NC1=O,0.6630661731505825
C#CC1CN(C)C(=O)O1,0.5859438437964855
CN1CC(C#N)OC1=O,0.6206397653022577
C#CC1CC(N)C(=O)O1,1.6073285216789372
N#CC1CC(N)C(=O)O1,1.525537342120515
C#CC1CC(=O)C(O)C1,1.9511631334316917
N#CC1CC(=O)C(O)C1,2.1208007091136096
C#CC1CC(O)C(=O)N1,1.288647936686175
C#CC1CC(O)C(=N)O1,1.6291421315181651
N#CC1CC(O)C(=N)O1,1.683988148408389
C#CC1CC(O)C(=O)O1,1.9186423823139194
N#CC1CC(O)C(=O)O1,2.020883907833195
CC1CC(C=O)OC1=O,1.143003848803346
CC1OC(C=O)CC1=O,0.7320195861029788
CC1OC(C=O)OC1=O,1.8630992093840177
CN1CC(C=O)OC1=O,0.9674649642256554
O=CC1CC(=O)C(O)C1,2.2189706474255217
O=CC1CC(O)C(=O)N1,1.4285923521456425
O=CC1CC(O)C(=O)O1,1.8719924115939648
CC1C=CCC(C#N)C1,0.7688289897596405
CC1CC(C#N)OC=N1,1.087046273472879
CC1C=CCC(C#N)O1,0.6462815291761217
N#CC1CC=CC(O)C1,0.9704274148152763
CC(=O)C1(C#N)CC1C,0.6518586958791275
CC1CC1(C#N)C(N)=O,0.9655423428303038
CC(=O)C1(C#N)NC1C,1.3854572778327565
C#CC1(C(C)=O)OC1C,0.7320473689396749
C#CC1(C(N)=O)OC1C,0.3859645786196779
CC(=O)C1(C#N)OC1C,0.5675579450489749
CC1OC1(C#N)C(N)=O,0.5119741999205871
C#CC#CC1(C)CC1C,1.0074879524709104
CC1CC1(C)C#CC#N,1.4063979187812947
C#CC#CC1(C)NC1C,0.8077331813328783
C#CC#CC1(C)OC1C,0.931458705012119
CC1OC1(C)C#CC#N,1.7028929685347975
CN1CC1(C)C#CC#N,0.6313941183598217
CC1OC1(C)C#CC=O,1.8636045250605093
C#CC(=O)C1(C)OC1C,0.9534137869140977
CC1OC1(C)C(=O)C#N,0.8336170178135944
C#CCC1(C#C)CC1C,1.4675473474017053
C#CCC1(C#N)CC1C,1.5524455789236526
C#CC1(CC#N)CC1C,1.6647292535508313
C#CCC1(C#N)NC1C,1.327409023511791
C#CC1(CC#N)NC1C,1.2245394589044736
C#CCC1(C#C)OC1C,1.0816974376175494
C#CCC1(C#N)OC1C,0.6677694185636938
C#CCC1(C#N)CN1C,0.8318277866910648
C#CC1(CC#N)CN1C,0.7889708672973939
CN1CC1(C#N)CC#N,0.9778174865550682
C#CCC1(C=O)OC1C,1.0471813290387217
CC1OC1(C=O)CC#N,0.6820888730635488
CC(=O)C#CC1CC1C,1.2428478868005186
CC1CC1C#CC(N)=O,1.2965559229833161
CC(=O)C#CC1OC1C,1.0082644841641013
CC1OC1C#CC(N)=O,1.0699400996090844
C#CCC#CC1CC1C,1.025490823567452
CC1CC1C#CCC#N,1.2801878855261748
C#CCC#CC1OC1C,0.7622715596171474
CC1OC1C#CCC#N,1.2024559936216974
CN1CC1C#CCC#N,0.9778728617475281
CC1OC1C#CCC=O,0.7770680299399828
CC1CC1C(=O)CC#N,0.7617850742281007
C#CCC(=O)C1OC1C,0.8837547279636055
CC1OC1C(=O)CC#N,0.6857593914628524
C#CC(C#C)C1CC1C,1.4860407583892083
C#CC(C#N)C1CC1C,1.5650766477447178
CC1CC1C(C#N)C#N,2.152447185191704
CC1CN1C(C#N)C#N,1.1785761406245001
C#CC(C#N)C1NC1C,1.1282946454375633
C#CC(C#C)C1OC1C,0.37856732306863705
C#CC(C#N)C1OC1C,0.3546597688655311
CC1CC1C(C#N)C=O,1.5016739248076192
C#CC(C=O)C1OC1C,0.9713178534220788
CC1OC1C(C#N)C=O,1.2336082562705997
C#CC#CCC1CC1C,0.7152739904850023
CC1CC1CC#CC#N,1.6261310813733871
CC1CN1CC#CC#N,1.1905496187773679
C#CC#CCC1NC1C,0.7312020196204685
CC1NC1CC#CC#N,1.0320215865394857
C#CC#CCC1OC1C,0.35937090558945783
CC1OC1CC#CC#N,0.358097466534673
CN1CC1CC#CC#N,1.0994109154908074
CC1OC1CC#CC=O,0.33151146711861657
CC1CC1CC(=O)C#N,2.0372991298590932
C#CC(=O)CC1OC1C,1.5497855286139384
C#CC1=CCC(C)C1=O,0.21300378361775074
CC1CC=C(C#N)C1=O,0.2501945822423295
C#CC1=CCN(C)C1=O,0.2136623811111349
CN1CC=C(C#N)C1=O,0.4482437428923731
C#CC1=CCC(O)C1=O,1.0313160765981593
N#CC1=CCC(O)C1=O,1.444509142975221
C#CC1=CCC(O)C1C,0.6241567842043878
CC1C(C#N)=CCC1O,0.6382289959256013
C#CC1=CCC(C)C1O,0.6222527209793043
CC1CC=C(C#N)C1C,0.41248551557873725
CC1CC=C(C#N)C1O,0.6836946993498714
C#CC1=CCC(O)C1O,0.6685658145797788
CC1=CCC(C)OC1=O,0.5901655018733436
C#CC1C(C)=CCC1O,0.7996515318864112
CC1=CCC(O)C1C#N,0.8344703672828473
CC1=CCC(C)C1C#N,0.5422068261286768
CC1=NCC(O)C(=O)O1,1.3347240734237857
CC1CC=C(C=O)C1=O,0.8097756417282653
CN1CC=C(C=O)C1=O,1.2075658589692466
O=CC1=CCC(O)C1=O,1.000383926955692
CC1CC=C(CC#N)C1,0.5196737741116522
CC1CN=C(CC#N)O1,0.7297711354185594
N#CCC1=CCC(O)C1,0.8030263440141425
CC1CC=CC(=O)C1=O,0.9631857540443889
CN1CC=CC(=O)C1=N,0.3350358875195525
CN1CC=CC(=O)C1=O,0.708549781678812
O=C1C=CCC(O)C1=O,1.254745989379444
O=C1C=CCC(O)C1O,1.657088265503262
CC1C=CC(=O)C=CC1,0.5395058226604306
CC1C=CC(=O)C=CN1,0.5124180450475251
CN1C=CC(=O)C=CC1,0.3897856304793095
O=C1C=CCC(O)C=C1,0.40552388731521205
O=C1C(O)C=CCC1O,1.602580132557705
CC1CC(C#N)N=CO1,1.059164004644117
CC1CC=CC(C#N)C1,0.6742892153470166
CC1CC=CC(C#N)O1,0.6313245388118958
N#CC1C=CCC(O)C1,0.7176802400736051
CC1CC=CC1(C)C#N,0.6460813893354498
CC1CC=CC1(O)C#N,0.7953950160099339
CC1OC=NC1(C)C#N,0.680262634441533
CC1OC=NC1CC#N,0.5529754379585938
N#CCC1C=CCC1O,0.6823078704019281
CC1CC=CC=CC1=O,0.5375566429429455
CN1CC=CC=CC1=O,0.4702963504460058
O=C1C=CC=CCC1O,0.7814192686928436
OC1C=CC=CC=CC1,0.7425004101769446
CC1CN=COC(=O)O1,1.0294605312992644
CC1CC=CCC1C#N,0.7182301824468595
CC1CN=COC1C#N,1.1207659044066531
CC1OC=NCC1C#N,0.968042009153578
C#CC1CC=CCC1O,0.7166930649436836
N#CC1CC=CCC1O,0.8121849117887905
C#CC1OC=NCC1O,1.3446703839872498
N#CC1OC=NCC1O,1.4095677474379045
O=C1OCC=CCC1O,0.9429305410285451
CC1CC(=O)C(=O)CO1,0.8681549771463324
CC1CCC(=O)C(=O)O1,1.3450509626127314
CC1CNC(=O)C(=O)O1,1.0681855358106986
CC1COC(=N)C(=O)O1,1.544751066050594
CC1COC(=O)C(=N)O1,1.4458802165263478
CC1COC(=O)C(=O)C1,1.277030165940232
CC1COC(=O)C(=O)N1,1.0193622178630903
CC1COC(=O)C(=O)O1,1.3935765606438508
CC1OCC(=O)C(=O)O1,1.1466578498821036
O=C1CCC(O)CC1=O,1.2227382547680463
O=C1CC(O)CNC1=O,1.0767673851896689
O=C1CC(O)COC1=O,1.3376129715979914
CC1=CC(O)COC1=O,0.9711771432812384
C#CC1C(=O)CCC1C,0.49745661922679574
CC1CCC(=O)C1C#N,0.31039370717917336
C#CC1C(=O)NCC1C,0.4158299869923212
CC1CNC(=O)C1C#N,0.4172216595761711
CC1COC(=N)C1C#N,1.7247386606140935
C#CC1C(=O)OCC1C,0.5830289315235859
CC1COC(=O)C1C#N,0.5570437053756905
CC1NCC(=O)C1C#N,1.085560803205226
C#CC1C(=O)COC1C,0.4042049508079799
CC1OCC(=O)C1C#N,0.4406816951086512
CN1CCC(=O)C1C#N,1.1502113864789862
C#CC1C(=O)CCC1O,0.553724431712908
N#CC1C(=O)CCC1O,0.47848012427311915
C#CC1C(=O)NCC1O,0.5372257795406767
N#CC1C(=O)NCC1O,0.5307376568307518
C#CC1C(=N)OCC1O,1.1995234755740967
N#CC1C(=N)OCC1O,1.2199788012185309
C#CC1C(=O)OCC1O,0.6111487830803526
CC1COC(=O)C1C=O,1.3023705635660008
CC1COC(=O)N1C=O,1.8295723167902906
CC1OCC(=O)C1C=O,0.49842730425370974
O=CC1C(=O)CCC1O,0.9498649578927143
O=CC1C(=O)NCC1O,1.2546323001515702
O=CC1C(=O)OCC1O,1.282014886066463
CC1=CC(=O)OCC1O,0.886448221082901
NC1=CC(=O)OCC1O,0.6321344316802424
O=C1C=CCC(O)CO1,1.0331039743614383
CC1CCC(=O)CC1=O,0.383197914046832
CC1CCC(=O)NC1=O,0.17284860240215494
CC1CNC(=O)NC1=O,0.2616778470455756
CC1COC(=O)CC1=O,0.5305325645185803
CC1COC(=O)NC1=O,0.44277610206700047
CC1COC(=O)OC1=N,1.9900108069286944
CC1OCC(=N)OC1=O,1.1116403712730971
CC1OCC(=O)NC1=O,0.8524883679183404
CC1OCC(=O)OC1=N,1.4283180340335093
NC1COC(=O)NC1=O,1.448367610508285
N=C1CCC(O)C(=O)O1,1.7797607352549676
O=C1CCC(O)C(=O)C1,0.8744476947977091
O=C1CCC(O)C(=O)N1,1.2828584122235043
N=C1OC(=O)CCC1O,1.9913658257501083
O=C1CC(=O)C(O)CN1,1.133307747051731
O=C1NCC(O)C(=O)N1,0.8873026317996846
O=C1CC(=O)C(O)CO1,1.5917896699720586
O=C1NC(=O)C(O)CO1,1.311151028952736
N=C1OC(=O)OCC1O,2.0198353165742446
O=C1CC=CC(O)CO1,0.6605769287943986
C#CC1=CCC(C)OC1,0.4608014225723309
CC1CC=C(C#N)CO1,0.5936016212835966
CC1CC=C(C#N)CC1,0.4534581816478749
CC1CN=C(C#N)OC1,1.0738576158764772
C#CC1=CCC(O)CC1,0.5427167677444231
N#CC1=CCC(O)CC1,0.5594307437186217
C#CC1=NCC(O)CO1,1.247936091876909
N#CC1=NCC(O)CO1,1.2219510289960454
C#CC1=C(C)C(O)CC1,0.6198970573768747
CC1=C(C#N)CCC1O,0.6977316995253204
CC1=C(C#N)CCC1C,0.44981544608708646
C#CC1=C(C)C(C)OC1,0.26595735655428143
CC1=C(C#N)COC1C,0.2714011874031712
C#CC1CCC(C)C1=O,0.4829287526263215
CC1CCC(C#N)C1=O,0.31793877504787815
CC1CNC(C#N)C1=O,1.2906945604263456
C#CC1OCC(C)C1=O,1.1954506366400892
CC1NCC(C#N)C1=O,1.1990845557083958
C#CC1COC(C)C1=O,0.46456644615864207
C#CC1CCN(C)C1=O,0.4164413999187673
CN1CCC(C#N)C1=O,0.4950924112490611
C#CC1CCC(O)C1=O,0.9723128382265713
N#CC1CCC(O)C1=O,1.453934328037576
C#CC1NCC(O)C1=O,1.4536840103755821
N#CC1NCC(O)C1=O,1.4833749664776406
C#CC1OCC(O)C1=O,1.173123466071047
N#CC1OCC(O)C1=O,1.2065697857087798
C#CC1=C(C)CCC1O,0.5947532349018729
CC1=C(C#N)C(O)CC1,0.6198729480802285
CC1=C(C#N)C(C)CC1,0.43339834647485986
C#CC1=C(C)COC1C,0.2519621530864242
CC1=C(C#N)C(C)OC1,0.2661736599638971
CC1COC(C=O)C1=O,0.8174490385554236
O=CN1CCC(O)C1=O,1.1619657584469678
O=CC1OCC(O)C1=O,1.2207144613894343
CC1C=CC(C#N)CC1,0.5955183650166873
CC1C=CC(C#N)OC1,0.9077697399770841
CC1C=CC(C#N)CO1,0.6669397702244169
N#CC1C=CC(O)CC1,0.6846017641273647
C#CC1C=CC(O)CO1,1.0746610596434039
N#CC1C=CC(O)CO1,1.247136648185915
CC1C=C(CC#N)CC1,0.5345393885963858
CC1COC(CC#N)=N1,0.7120001598595991
CC1C=C(CC#N)CO1,0.4058801117389521
N#CCC1=CC(O)CC1,0.7602336979434767
C#CC1(C#N)NCC1C,0.9808378157849802
CC1CNC1(C#N)C#N,0.9031084001198906
CC1COC1(C#N)C#N,0.44031755216929014
C#CC1(C#N)CNC1C,0.9012895085779746
CC1NCC1(C#N)C#N,0.8623619696245441
CC1OCC1(C#N)C#N,0.31940960558495135
C#CC1(C#N)CCN1C,0.9385379953673691
CN1CCC1(C#N)C#N,0.8904049217617285
CC1CCC1(C#N)C=O,0.5263215461018262
C#CC1(C=O)OCC1C,0.9648500032071752
CC1COC1(C#N)C=O,1.0645091125406907
C#CC1(C=O)COC1C,0.5941225563055923
CC1OCC1(C#N)C=O,0.6219758449951769
N#CCN=C1OCC1O,1.5767782568127586
C#CC#CC1CCC1C,0.7710805969691137
C#CC#CC1OCC1C,0.3464446475063596
CC1COC1C#CC#N,0.7762928860265674
C#CC#CC1CCN1C,0.9863770770116389
CN1CCC1C#CC#N,1.0552008820704941
CC1COC1C#CC=O,0.425510687093265
CC1OCC1C#CC=O,0.3322884341941972
CC1CCC1C(=O)C#N,1.0661021766791237
CC1CCN1C(=O)C#N,0.4068168369394698
C#CC(=O)C1OCC1C,1.0709917929671064
CC1COC1C(=O)C#N,0.7629605794518284
C#CC(=O)C1COC1C,0.8001268878160772
CC1OCC1C(=O)C#N,0.6129299052045099
N#CC(=O)C1NCC1O,1.1109376096828782
C#CC(=O)C1OCC1O,0.9980615428976307
N#CC(=O)C1OCC1O,0.7053561430457194
C#CC1=CCOC(C)C1,0.3817105117668689
CC1CC(C#N)=CCO1,0.43165469445193594
CC1CCC=C(C#N)C1,0.4561345315869403
CC1CCN=C(C#N)O1,1.0922628075095417
C#CC1=CCCC(O)C1,0.6396617577192956
N#CC1=CCCC(O)C1,0.5605762619834422
CC1CCC=C1CC#N,0.5793612975357973
CC1OCC=C1CC#N,0.3627497722118278
C#CCC1=CCCC1O,0.6995330397166981
N#CCC1=CCCC1O,0.740027873618601
CC1OCC=CC(=O)O1,0.8702418737557309
CC1CCC=CC1C#N,0.6779981562376634
CC1COC=NC1C#N,1.0527666863727063
CC1OCC=CC1C#N,0.44312851689755917
C#CC1C=CCCC1O,0.9570202768900344
N#CC1C=CCCC1O,0.9193102575645753
C#CC1N=COCC1O,1.3909959131979122
CC1CCOC(=O)C1=O,1.2472068263832625
CC1COCC(=O)C1=O,0.8474458507807867
CC1OCCC(=O)C1=O,0.8599656521928409
CC1OCOC(=O)C1=O,1.0020413460570126
CN1CCOC(=O)C1=O,0.8776622045716067
O=C1CCCC(O)C1=O,1.3751595048452145
O=C1NCCC(O)C1=O,1.2135417270910693
O=C1OCCC(O)C1=O,1.4400029353000718
O=C1COCC(O)C1=O,1.2177293709191872
CC1C=CC(=O)OCO1,0.8511207774263312
O=C1C=CC(O)CCO1,0.9365026099312672
CC1C=C(C#N)CCC1,0.4906031834871101
CC1CCOC(C#N)=N1,1.0630940381561231
C#CC1=CC(C)COC1,0.457720792875989
CC1C=C(C#N)COC1,0.6231117576353427
C#CC1=CC(C)OCC1,0.4020912509695336
CC1C=C(C#N)CCO1,0.46488680595939513
C#CC1=CC(O)CCC1,0.545812554186341
N#CC1=CC(O)CCC1,0.5861449088224617
C#CC1=CC(O)COC1,0.7569376356077555
N#CC1=CC(O)COC1,1.0014232663434086
CC1CCCC=C1C#N,0.47250967121726717
C#CC1=CCOCC1C,0.40138487025978975
CC1COCC=C1C#N,0.4337102435329143
C#CC1=CCCOC1C,0.4628952580915211
CC1OCCC=C1C#N,0.4564877899683779
C#CC1=CCCCC1O,0.7211290399973223
N#CC1=CCCCC1O,0.7140129870440433
C#CC1=CCOCC1O,0.6084918892920541
N#CC1=CCOCC1O,0.8677590512925235
CN=C1C(=O)C=CN1C,0.26950762777960335
CN=C1C=CC(=O)N1C,1.0465367182041518
CN=C1C=CCN1C=O,1.9660024072800297
CN=C1C=C(C)C(=O)N1,1.3191369759078952
CN=C1C=C(N)C(=O)N1,0.46829770040312724
CN=C1C=C(C)C(=O)O1,1.4667207467355183
CN=C1C=C(N)C(=O)O1,0.3505808073678054
CN=C1NC(=O)C=C1C,1.2585415441571968
CN=C1NC(=O)C=C1N,0.39200708745738666
CN=C1OC(=O)C=C1C,1.4398763206609146
CN=C1OC(=O)CC1O,1.9231613793454017
CN=C1OC(=O)OC1C,1.58076097159028
CN=C1C=CCC(=O)N1,1.2527015153373213
CN=C1C=CCC(=O)O1,1.4846830456390308
CN=C1OC(C#N)C1O,1.9746339446810453
CN=C1NC(C)=CC1=O,0.8226107144109847
CN=C1CC(O)C(=O)O1,1.6471335194037238
CN=C1OC(C)OC1=O,1.7548909043489402
C#CC1C=CC(=NC)O1,1.3410918129084166
CN=C1NC=C(C)C1=O,0.42047445578828047
C#CC1=NCC(=NC)N1,0.5957323282455036
CN=C1CN=C(C#N)N1,0.9200195771027211
C[NH+]=c1[cH-]c(=O)cc[nH]1,0.5874750292186945
CN=C1CC=CC(=O)N1,1.3534798023010808
CN=C1CC=CC(=O)O1,1.9134846793276665
C[NH+]=c1[nH]cc[c-]1C#N,0.44278015656527714
C#CC1N=CNC1=NC,0.8886421129136579
CN=C1CC=CN1C=O,0.4330343668061687
CN=C1NC=CCC1=O,0.6148108115212381
C#CC1=CC(=NC)OC1,0.6696643659688561
CN=C1C=C(C#N)CO1,1.1337468301862828
CN=C1CC(C#N)CO1,1.8023793399061105
CN=C1CCC(C#N)O1,1.7983875365171116
C#CC1OCC(=NC)O1,1.6175623478848138
CN=C1COC(C#N)O1,1.621384515408863
CN=C1C=C(C=O)CO1,1.214018307537117
C#CC1=CCOC1=NC,0.8208263269225426
CN=C1OCC=C1C#N,1.3600528789957025
CN=C1OCC=C1C=O,1.877396268899247
CN=C1NCC=CC1=O,1.12199199562383
CN=C1C=CC=CCO1,0.8177980791715527
CN=C1CC(=O)OCO1,1.6530202974099666
CN=C1CCOC(=O)O1,1.5869289794045471
CN=C1OCCC1C#N,1.6772348506146955
C#CC1OCOC1=NC,1.476325581446872
CN=C1OCOC1C#N,1.8102773668306327
CN=CN1C=CCC1=O,0.40889078092914133
CN=CN1C=NCC1=O,1.777302566311846
CN=CN1CC=CC1=O,2.165059396515062
CCC#CC#CC1CC1,0.5208048431213683
CCC#CC#CC1CN1,0.48820341021018976
CCC#CC#CC1CO1,0.402315745008309
OCC#CC#CC1CC1,0.7458625417930307
OCC#CC#CC1CN1,0.6833681897751376
OCC#CC#CC1CO1,0.5880526183755137
CCC#CC(=O)C1CC1,0.8212513145517732
CCC#CC(=O)C1CO1,0.8625974298593064
O=C(C#CCO)C1CC1,0.8459972519576695
O=C(C#CCO)C1CO1,0.9149796994715871
C#CC1(C#CCC)CC1,0.6566282282601605
CCC#CC1(C#N)CC1,0.689957484466504
CCC#CC1(C#N)CN1,0.799980980295004
C#CC1(C#CCC)CO1,0.8160322226467542
CCC#CC1(C#N)CO1,0.738161851930272
C#CC1(C#CCO)CC1,0.8702841874819569
N#CC1(C#CCO)CC1,0.9167647128215322
C#CC1(C#CCO)CN1,1.072027622081805
C#CC1(C#CCO)CO1,0.8650416665641387
N#CC1(C#CCO)CO1,0.8722532587362366
CCC#CC1(C=O)CO1,0.4155912341811927
O=CC1(C#CCO)CC1,0.8620917060070497
O=CC1(C#CCO)CO1,0.6587801601199317
CCC#CC1=CCOC1,0.2740981907918467
OCC#CC1=CCCC1,0.5961762277984235
OCC#CC1=CCOC1,0.44573898803537304
OCC#CC1=NCCO1,0.6461737720364908
CCC#CC1CC(=O)C1,0.1797976862071664
CCC#CC1CC(=O)N1,0.2442667150280613
CCC#CC1CC(=O)O1,0.2544783639405068
O=C1CC(C#CCO)C1,0.4344855779236241
O=C1CC(C#CCO)N1,0.4316728172434523
O=C1CC(C#CCO)O1,0.4215942048576835
C#CC1CC1C#CCC,1.091561977924357
CCC#CC1CC1C#N,0.8237215381432179
CCC#CC1NC1C#N,0.846927800168487
C#CC1OC1C#CCC,0.8964474033928127
CCC#CC1OC1C#N,0.6747137131678755
C#CC1CC1C#CCO,1.2808706195246486
N#CC1CC1C#CCO,1.0161184830449201
C#CC1OC1C#CCO,0.9574917415939126
N#CC1OC1C#CCO,0.7545427603818098
CCC#CC1OC1C=O,0.3923540055857302
O=CC1CC1C#CCO,0.6635760875560663
O=CC1OC1C#CCO,0.5344010458447883
OCC#CC1CN=CO1,0.6668565305517404
CCC#CC1CNC1=O,1.0517538236817927
CCC#CC1COC1=O,0.8785328604917595
O=C1NCC1C#CCO,1.0115639207178901
O=C1OCC1C#CCO,0.8682864082020387
OCC#CC1COC=N1,0.5508491936634528
OCC#CC1C=CCO1,0.6537502690698602
CCC(=O)C#CC1CC1,1.0776928448758554
CCC(=O)C#CC1CO1,0.7818446100718575
CNC(=O)C#CC1CO1,0.8511828194168629
COC(=O)C#CC1CC1,1.1576346833353455
COC(=O)C#CC1CN1,0.9607836405866692
COC(=O)C#CC1CO1,0.9509417945828318
COC(=O)C(=O)C1CC1,0.8293978631827486
COC(=O)C(=O)C1CO1,0.9650924839806976
O=C(CO)C(=O)C1CO1,1.439179001348748
C#CC1(C(=O)CC)CC1,0.3827226397534105
CCC(=O)C1(C#N)CC1,0.43876380849906127
C#CC1(C(=O)CC)CO1,0.6999587620557577
CCC(=O)C1(C#N)CO1,0.6290987552201841
CNC(=O)C1(C#N)CC1,0.5788266207564448
C#CC1(C(=O)NC)CO1,0.34116125506625394
CNC(=O)C1(C#N)CO1,0.49008605805829575
C#CC1(C(=O)OC)CC1,0.854087690682718
COC(=O)C1(C#N)CC1,1.0375629974678304
C#CC1(C(=O)OC)CN1,0.9699457730494032
COC(=O)C1(C#N)CN1,1.3070347334160033
C#CC1(C(=O)OC)CO1,0.5168083321641461
COC(=O)C1(C#N)CO1,0.6660332768879016
C#CC1(C(=O)CO)CC1,1.2637083629670087
N#CC1(C(=O)CO)CC1,1.7302679080421512
N#CC1(C(=O)CO)CN1,1.4665816964843543
C#CC1(C(=O)CO)CO1,1.1032229875854682
N#CC1(C(=O)CO)CO1,1.260056838122182
COC(=O)C1(C=O)CC1,1.620391816366464
COC(=O)C1(C=O)CO1,1.1043750637963967
O=CC1(C(=O)CO)CO1,1.2752807723099977
COC(=O)C1=CCOC1,0.3315594136056461
CCC(=O)C1CC(=O)O1,0.8918087850488519
CNC(=O)C1CC(=O)O1,0.7186097542544303
COC(=O)C1CC(=O)C1,0.5687718999779463
COC(=O)C1CC(=O)N1,0.7118670144864154
COC(=O)C1CC(=O)O1,0.9828788884005917
O=C1CC(C(=O)CO)O1,1.5082890159010276
C#CC1CC1C(=O)CC,0.32619942107703537
CCC(=O)C1CC1C#N,0.36105708713512286
C#CC1OC1C(=O)CC,0.45516175128432224
CCC(=O)C1OC1C#N,0.44459910253317503
CNC(=O)C1CC1C#N,0.7959843604876369
C#CC1OC1C(=O)NC,0.322950978683366
CNC(=O)C1OC1C#N,0.4275031601519004
C#CC1CC1C(=O)OC,0.813792153070608
COC(=O)C1CC1C#N,0.8648511051342211
COC(=O)C1NC1C#N,1.3217567261308432
C#CC1OC1C(=O)OC,0.6413098433113191
COC(=O)C1OC1C#N,0.6493290970174712
C#CC1CN1C(=O)OC,1.0316152931409306
COC(=O)N1CC1C#N,1.245493569491373
C#CC1CC1C(=O)CO,0.8297879113761155
N#CC1CC1C(=O)CO,1.4907870250281121
N#CC1NC1C(=O)CO,0.9511326553365507
C#CC1OC1C(=O)CO,1.124893411046287
N#CC1OC1C(=O)CO,1.3334335728268343
N#CC1CN1C(=O)CO,1.3946678193769912
COC(=O)C1CC1C=O,0.3751395303479512
COC(=O)C1OC1C=O,0.7011905948747881
O=CC1OC1C(=O)CO,1.1698156211950845
CCC(=O)C1COC1=O,0.36275113278315985
CNC(=O)C1COC1=O,0.6759873426981358
COC(=O)C1CCC1=O,0.8461505065552046
COC(=O)C1CNC1=O,0.7407711801915866
COC(=O)C1OCC1=O,0.8876958909386303
COC(=O)N1CCC1=O,1.3296707261506526
O=C(CO)C1COC1=O,1.3034586929898069
O=C(CO)C1OCC1=O,0.6919371681633493
O=C(CO)N1CCC1=O,1.0156106094964343
COC(=O)C1C=CCO1,0.771500251163161
CCC1(C)C=CC(=O)O1,0.6749237579551846
COC1(C)C=CC(=O)O1,0.6947480512590118
O=C1C=CC(O)(CO)C1,0.7212528246527654
CCC1(C#N)CC(=N)O1,1.6571931110229343
C#CC1(CC)CC(=O)C1,0.14243268020982214
CCC1(C#N)CC(=O)C1,0.33543616719725833
C#CC1(CC)CC(=O)O1,0.3107765171407664
CCC1(C#N)CC(=O)O1,0.5345002313952136
C#CC1(OC)CC(=O)C1,0.5436387715744786
COC1(C#N)CC(=O)C1,0.39501552530782646
N#CC1(CN)CC(=O)O1,1.0068539812964445
N#CC1(CO)CC(=N)O1,1.732730838979478
C#CC1(CO)CC(=O)C1,0.520924246742652
N#CC1(CO)CC(=O)C1,0.5304504133036971
N#CC1(CO)CC(=O)O1,0.5351481075940683
CCC1(C=O)CC(=O)O1,1.0673454655043315
O=CC1(CO)CC(=O)O1,1.172156291315332
C#CC#CC1(CC)CC1,0.6258808984439383
CCC1(C#CC#N)CC1,0.8153049163720425
C#CC#CC1(CC)CN1,0.618485819804846
CCC1(C#CC#N)CN1,1.015967541416103
C#CC#CC1(CC)CO1,0.5429376154606871
CCC1(C#CC#N)CO1,0.8695433571447211
C#CC#CC1(CO)CC1,0.9505034733683715
N#CC#CC1(CO)CC1,1.0676030213926424
C#CC#CC1(CO)CN1,0.8487549911860697
N#CC#CC1(CO)CN1,1.1924846485708258
C#CC#CC1(CO)CO1,0.5649424397979601
N#CC#CC1(CO)CO1,0.6325389291268948
CCC1(C#CC=O)CO1,0.9193800548018771
O=CC#CC1(CO)CC1,1.347897601484874
O=CC#CC1(CO)CO1,0.6721523313899525
CCC1(C(=O)C#N)CC1,1.4470417350894422
C#CC(=O)C1(CC)CO1,0.9540886296090321
CCC1(C(=O)C#N)CO1,0.8370065785147744
N#CC(=O)C1(CO)CC1,1.5835161257418804
N#CC(=O)C1(CO)CN1,1.3025771797201742
C#CC(=O)C1(CO)CO1,1.2112474796231254
N#CC(=O)C1(CO)CO1,1.2332485759980045
N#CC1CC1(C#N)CN,0.8841780829079653
N#CC1NC1(C#N)CN,0.8434479248298885
C#CC1OC1(C#N)CN,0.7094155667600717
N#CC1OC1(C#N)CN,0.8621104818739695
N#CC1OC1(C#N)CO,0.9659662420017412
CCC1(C=O)CC1C#N,0.6176145924437151
C#CC1OC1(C=O)CC,0.9643914094976935
CCC1(C=O)OC1C#N,0.7323346124721866
C#CC1CC1(C=O)CO,1.199506686138193
N#CC1CC1(C=O)CO,1.4420016941930953
N#CC1NC1(C=O)CO,0.9061024159309454
C#CC1OC1(C=O)CO,1.0820204097144597
N#CC1OC1(C=O)CO,1.2199230722744687
CCC1(C#N)CC1C=O,0.5146401551010058
C#CC1(CC)OC1C=O,0.4597824101037986
CCC1(C#N)OC1C=O,0.542577826341585
C#CC1(CO)CC1C=O,0.7681367317672994
N#CC1(CO)CC1C=O,1.5444526930605207
C#CC1(CO)OC1C=O,0.8165986551284732
N#CC1(CO)OC1C=O,0.9125568509280129
CCC1(C#N)CN=CO1,0.6477256925427355
COC1(C#N)CC=CC1,0.5482592671269231
N#CC1(CO)CC=CC1,1.2945806203169923
C#CC1(CO)CN=CO1,1.0755188445709791
N#CC1(CO)CN=CO1,1.1554051989933214
N#CC1(CN)COC1=O,1.1336672912675567
N#CC1(CO)COC1=N,1.4940040654601034
CCC1(C=O)COC1=O,0.47852341761063144
COC1(C=O)COC1=O,1.1530268138740212
O=CC1(CO)COC1=O,1.0984030052713933
O=CC1(CO)OCC1=O,1.1128032504075236
CCC1(C#N)COC=N1,0.7497974733560113
CCC1(C#N)C=CCO1,0.6862721902743942
COC1(C#N)C=CCC1,1.068927073645682
C#CC1(OC)C=CCO1,0.5775205552363332
COC1(C#N)C=CCO1,0.8209525606034731
CC1=C(CO)COC1=O,0.7358571280710748
CCC1=C(C)C(=O)OC1,0.5219911512740509
CC1=C(CO)C(=O)OC1,0.8131237322613742
CCC1=C(C)COC1=O,0.47457248574391997
NC1=C(CO)C(=O)OC1,0.7850629566546559
CCC1=C(C#N)CCC1,0.5035383669037401
C#CC1=C(CC)COC1,0.31541989747347543
CCC1=C(C#N)COC1,0.32509442058653804
C#CC1=C(CO)CCC1,0.7249636703436408
N#CC1=C(CO)CCC1,0.8124028206711955
C#CC1=C(CO)COC1,0.5954871535413986
N#CC1=C(CO)COC1,0.6079085857472819
CCC1=CC(=O)C(=N)N1,0.514571827277905
CCC1=CC(=O)C(=O)C1,0.8709138864669512
CCC1=CC(=O)C(=O)N1,1.0419464000970038
CNC1=CC(=O)C(=O)C1,0.6689786931383424
N=C1NC(CO)=CC1=O,0.6318742907042179
O=C1C=C(CO)CC1=O,1.072995313856154
O=C1C=C(CO)NC1=O,1.3301874434073397
O=C1C=C(CO)CC1O,1.9229625184434553
CCC1=CC(=N)NC1=O,1.2882044453017443
CCC1=CC(=N)OC1=O,1.4389830520685791
CCC1=CC(=O)CC1=O,0.325777726024171
CCC1=CC(=O)NC1=O,0.34567489145229047
CNC1=CC(=N)NC1=O,0.3446227899239602
CNC1=CC(=N)OC1=O,0.33110770437997417
CNC1=CC(=O)CC1=O,0.3343876303588331
CNC1=CC(=O)NC1=N,0.3859456939080701
CNC1=CC(=O)NC1=O,0.3702284442679229
CNC1=CC(=O)OC1=N,0.38476441986495047
N=C1C=C(CO)C(=O)N1,1.4162410165045003
N=C1C=C(CO)C(=O)O1,1.3599737482472847
O=C1C=C(CO)C(=O)C1,0.8145761951091117
O=C1C=C(CO)C(=O)N1,1.1898102306422516
CCC1=CC(=O)OC1C,0.5403332124606095
O=C1C=C(CO)C(O)C1,0.670747107536954
O=C1C=C(CO)CCO1,0.7603568023132539
CC1N=C(CO)OC1=O,0.8536292058215622
CC1C=C(CO)C(=O)O1,1.6832361886063154
CCC1=CC(C)OC1=O,0.9358632781113556
O=C1CC(O)C=C1CO,1.1969280523389898
CCC1=CC(C#N)CC1,0.6525188444193191
CCC1=CC(C#N)OC1,0.48759090882595046
N#CC1C=C(CO)CC1,0.8490473232468503
C#CC1C=C(CO)CO1,0.8892536891071359
N#CC1C=C(CO)CO1,0.700993502712663
C#CC1COC(CO)=N1,0.9149968154415546
CCC1=CC=CC=CC1,0.8059773113891424
OCC1=CC=CC=CC1,1.1029774863436614
CCC1=CC=CCC=C1,0.8529553155258327
OCC1=CC=CCC=C1,1.0712482331909996
CCC1=CCC(=O)C1=O,0.8389327101813251
CCC1=CNC(=N)C1=O,0.43079584827319195
CCC1=CNC(=O)C1=O,0.600113472330122
CNC1=NCC(=O)C1=O,0.7220669080725202
O=C1CC=C(CO)C1=O,1.1309780431274703
N=C1NC=C(CO)C1=O,0.7611058232832875
O=C1NC=C(CO)C1=O,0.8880495302782947
O=C1CC=C(CO)CO1,0.9095717060336028
O=C1C(CO)=CCC1O,1.4908994625275227
CCC1=CCC(C#N)C1,0.692891771257564
CCC1=NCC(C#N)O1,0.9407448670353915
N#CC1CC=C(CO)C1,1.006036904616849
C#CC1CN=C(CO)O1,1.0423440130598465
N#CC1CN=C(CO)O1,1.042946963239956
CCC1=CCC=CC=C1,0.8744942262910627
OCC1=CCC=CC=C1,1.118299898585974
O=C1CC(CO)=CCO1,0.8324109269706241
O=C1NC(CO)=CCO1,1.0889879428505083
O=C1CCN=C(CO)O1,1.691347961073916
CCC1=CCCC1C#N,0.5541741272918443
CCC1=CCOC1C#N,0.3835442063136725
N#CC1CCC=C1CO,0.8047727716002555
C#CC1OCC=C1CO,0.7191475875533797
N#CC1OCC=C1CO,0.6605179344805947
CCC1C(=O)C=CC1=O,0.39088614108550246
CCN1C(=O)C=CC1=O,0.6279128824535292
CNC1C(=O)C=CC1=O,1.120063523778299
COC1C(=O)C=CC1=O,0.7536845128561254
O=C1C=CC(=O)C1CO,0.7275103035408392
CCC1C(=O)COC1=O,0.40527781463424617
CCN1C(=O)CCC1=O,0.5040249067187688
CCN1C(=O)CNC1=O,0.29578641050466103
CCN1C(=O)COC1=O,0.6447390782341245
COC1C(=O)CCC1=O,0.8149575628631283
COC1C(=O)COC1=O,0.875937627739404
O=C1CCC(=O)C1CO,0.7884314285256551
O=C1CNC(=O)C1CO,0.7871913778617454
O=C1COC(=O)C1CO,0.6645704737111373
C#CC1C(C#C)C1CC,1.1373573474520526
C#CC1C(C#N)C1CC,1.0551317106946954
CCC1C(C#N)C1C#N,1.4338679621287156
C#CC1C(C#N)N1CC,1.0477833812383324
CCN1C(C#N)C1C#N,0.9016387668852985
C#CC1C(C#C)C1CO,1.2664678709370492
C#CC1C(C#N)C1CO,0.8487831549828115
N#CC1C(C#N)C1CO,0.8391257478451735
CCC1C(C#N)C1C=O,0.9722614903184876
C#CC1C(C=O)C1CO,0.9179292246426485
N#CC1C(C=O)C1CO,0.3214719303050515
C#CC1CC(=O)C1CC,0.36870781686775445
CCC1C(=O)CC1C#N,0.7515994121968106
C#CC1OC(=O)C1CC,0.39098622461278865
CCC1C(=O)OC1C#N,0.7800696649374004
CCN1C(=O)CC1C#N,0.5286213719100488
C#CC1OC(=O)C1NC,1.0628023863810085
CNC1C(=O)OC1C#N,1.233419109836177
C#CC1NC(=O)C1OC,1.1448475027173117
COC1C(=N)OC1C#N,1.807819987023322
C#CC1OC(=O)C1OC,1.172107582908211
COC1C(=O)OC1C#N,1.5357685288181528
C#CC1CC(=O)C1CO,0.5780269865845185
N#CC1CC(=O)C1CO,0.9065169271707418
C#CC1NC(=O)C1CO,0.5515617241417203
N#CC1OC(=N)C1CO,1.8001443588600523
C#CC1OC(=O)C1CO,0.5290726185394306
N#CC1OC(=O)C1CO,0.8054698460073269
CCC1C(=O)OC1C=O,0.4904537384845753
O=CC1OC(=O)C1CO,0.780488883752696
CC1=NC(CO)C(=O)O1,1.0818073716691288
CCC1C=CC(=O)C1=O,0.8939696150337113
CCN1C=CC(=O)C1=N,0.2712123947148939
CCN1C=CC(=O)C1=O,0.9385749484445114
CNC1C=CC(=O)C1=O,0.7847032219578978
COC1C=CC(=O)C1=O,0.6457055454939109
O=C1C=CC(CO)C1=O,1.3109811209760664
CCC1C=CC=CC=C1,0.8648265604533663
COC1C=CC=CC=C1,0.7516158206708496
OCC1C=CC=CC=C1,0.897093619696534
CCC1N=COC1C#N,0.7332883992166899
N#CC1CC=CC1CO,1.025653574944954
C#CC1OC=NC1CO,1.0022674183619529
N#CC1OC=NC1CO,1.151024109331047
O=C1OCC=CC1CO,0.8183389329387865
CCC1CC(=O)C(=O)O1,1.0591407388965308
CCC1OC(=N)C(=O)O1,1.5003108514083578
CCC1OC(=O)C(=O)O1,1.0337508165248437
COC1CC(=O)C(=O)C1,1.3088116649778385
COC1CC(=O)C(=O)O1,1.4238519087521126
O=C1CC(CO)CC1=O,1.3878378398640052
O=C1CC(CO)NC1=O,1.2047953303808754
O=C1CC(CO)OC1=O,1.3972315685477952
N=C1OC(CO)OC1=O,1.5477718306647148
O=C1OC(CO)OC1=O,1.3165117289754562
CCC1C=C(C)C(=O)O1,0.3872137178914272
COC1C=C(C)C(=O)O1,0.7180716760503856
CCC1OC(=N)C1C#N,1.432104527417323
C#CC1C(=O)CC1OC,0.5368587794018822
COC1CC(=O)C1C#N,0.4380825439111504
N#CC1C(=N)OC1CO,1.4665891251970606
C#CC1C(=O)OC1CO,1.5909415178775816
CCC1OC(=O)C1C=O,0.39041739752792637
O=CC1C(=O)OC1CO,0.4348311354788166
CCC1OC(=O)C=C1C,0.5029848598387616
COC1OC(=O)C=C1C,0.559041675134722
COC1OC(=O)C=C1N,0.5904607999782456
CCC1CC(=O)NC1=O,0.3000769134159782
CCC1NC(=O)NC1=O,0.5367484099697322
CCC1OC(=O)CC1=O,0.341272250363545
COC1CC(=N)OC1=O,0.9993248048831447
COC1CC(=O)CC1=O,0.6167887264837191
COC1CC(=O)NC1=O,0.6627474188244378
COC1OC(=O)OC1=N,1.3198525268544472
N=C1CC(CO)C(=O)O1,2.0164291297060117
O=C1CC(=O)C(CO)C1,0.6362072161919059
O=C1CC(CO)C(=O)N1,1.1364519969956746
O=C1CC(=O)C(CO)N1,0.715983473291999
COC1C=CCC(=O)O1,0.9007214978355478
COC1C=CNC(=O)O1,0.7165966277461848
O=C1CC(CO)N=CO1,1.481819943866867
O=C1NC=CC(CO)O1,0.9542322785873694
CCN1CC(C#N)C1=O,0.5019977119191026
C#CC1CC(OC)C1=O,0.9640474846273719
CCC1C=CC(C#N)O1,0.5859911916304554
COC1C=CC(C#N)C1,0.6009232835622242
C#CC1C=CC(OC)O1,0.9414721460980218
COC1C=CC(C#N)O1,1.146290169457643
N#CC1C=CC(CO)C1,1.0580052344284923
C#CC1(C#N)CN1CC,0.7176798591171973
CCN1CC1(C#N)C#N,0.9503072519692068
C#CC1(C#C)CC1CO,1.5120719990154612
C#CC1(C#N)CC1CO,1.4504757047998282
CCC1OC1(C#N)C=O,0.6023543310366222
N#CC1(C=O)CC1CO,1.5237075660152186
C#CC1(C=O)OC1CO,1.0145133370388066
N#CC1(C=O)OC1CO,1.3684117309658177
C#CC#CC1CC1CC,0.797915607898176
CCC1CC1C#CC#N,1.1654983694752445
C#CC#CC1NC1CC,0.6880514076001418
C#CC#CC1OC1CC,0.6474167071064585
CCC1OC1C#CC#N,1.0589694159316423
C#CC#CC1CN1CC,0.7077039697633154
CCN1CC1C#CC#N,0.8955567470911774
C#CC#CC1CC1CO,0.689801862474269
N#CC#CC1CC1CO,0.9190815185429528
C#CC#CC1NC1CO,0.7521222248051345
C#CC#CC1OC1CO,0.50480598271497
N#CC#CC1OC1CO,0.7468796766752348
CCC1OC1C#CC=O,1.0918964332322503
O=CC#CC1CC1CO,1.2601478874639724
O=CC#CC1OC1CO,0.8773617363040103
CCC1CC1C(=O)C#N,1.2352509812153585
C#CC(=O)C1OC1CC,0.7375087783566414
CCC1OC1C(=O)C#N,0.6593237894448976
C#CC(=O)C1CC1CO,0.7668992661892844
N#CC(=O)C1CC1CO,0.9411493372717814
C#CC(=O)C1OC1CO,0.8319145094210398
N#CC(=O)C1OC1CO,0.8127278608299093
CCC1CC=C(C#N)C1,0.4920683268446737
CCC1CN=C(C#N)O1,0.47259299252073106
COC1CC=C(C#N)C1,0.3588013437947666
C#CC1=NCC(OC)O1,0.9834235517646448
COC1CN=C(C#N)O1,1.3864350922431186
C#CC1=CCC(CO)C1,0.930314465687843
N#CC1=CCC(CO)C1,1.089851523807738
C#CC1=NCC(CO)O1,1.0280126943944197
N#CC1=NCC(CO)O1,0.965819436509264
COC1CC=CC(=O)O1,0.6435806889785454
O=C1C=CCC(CO)O1,1.011481715080663
CCC1OC=NC1C#N,0.7078700137190026
COC1CC=CC1C#N,0.6393791673399392
N#CC1C=CCC1CO,1.2536464583808993
C#CC1N=COC1CO,0.6925654521583056
CCC1COC(=O)C1=O,0.8782342153899663
CCC1OCC(=O)C1=O,0.694024364105644
COC1COC(=O)C1=O,0.7309055514288048
COC1OCC(=O)C1=O,1.1417432535345142
O=C1CCC(CO)C1=O,1.4812051295211859
O=C1NCC(CO)C1=O,1.0813881800695526
O=C1OCC(CO)C1=O,1.3255253144143353
O=C1COC(CO)C1=O,1.2171641357417684
COC1C=CC(=O)OC1,1.093633853844949
O=C1C=CC(CO)CO1,0.6888737360786763
CCC1C=C(C#N)CC1,0.4957278790498094
CCC1COC(C#N)=N1,0.6065743836406909
C#CC1=CC(CC)OC1,0.27455455316521693
CCC1C=C(C#N)CO1,0.365232132086021
COC1C=C(C#N)CC1,0.5159237440057041
C#CC1=CC(OC)OC1,0.8278326363015367
COC1C=C(C#N)CO1,0.9468884118014103
C#CC1=CC(CO)CC1,0.6658278308241279
N#CC1=CC(CO)CC1,0.8385250017909129
C#CC1=NC(CO)CO1,0.9777655944180879
N#CC1=NC(CO)CO1,1.145217931489242
C#CC1=CC(CO)OC1,0.7787817766329681
CCC1CCC=C1C#N,0.4106345417967532
C#CC1=CCOC1CC,0.23861596869937785
CCC1OCC=C1C#N,0.3308918635630107
COC1CCC=C1C#N,0.4327614092580916
C#CC1=CCOC1OC,0.2975938460458565
COC1OCC=C1C#N,0.7752653291790921
C#CC1=CCCC1CO,0.7341779942726134
N#CC1=CCCC1CO,0.8422799843719986
C#CC1=CCOC1CO,0.6569046688655362
N#CC1=CCOC1CO,1.4715710697619215
CCN=C1C=CC(=O)N1,1.368772499692568
CCN=C1C=CC(=O)O1,1.5245254318251682
CCN=C1NC=CC1=O,0.9352014696778497
CCN=C1COC(=O)O1,1.6001581819873536
CCCC1=CC(=O)OC1,0.5971781242988072
CCOC1C=CC(=O)O1,0.6542944154152792
C#CC#Cc1ccn[nH]1,0.2852458846209629
C#CC#Cc1ccno1,0.22461711890719016
C#CC#Cc1cnno1,0.20830799412760825
C#CC#Cc1cn[nH]c1,0.3434769451214379
C#CC#Cc1c[nH]nn1,0.3470564958151954
C#CC#Cc1cnoc1,0.36966973982271156
C#CC#Cc1ncno1,0.2942657286821486
C#CC#Cc1cc[nH]n1,0.3207961624211748
C#CC#Cc1nc[nH]n1,0.31691543596571137
C#CC#Cc1cn[nH]n1,0.2982868115323072
C#CC#Cc1nn[nH]n1,0.3149644058648846
C#CC#Cc1ccon1,0.35523580697008583
C#CC#Cc1ncon1,0.3228916034113354
C#CC#Cc1cnon1,0.34817719728198426
C#Cc1cn[nH]c1C#C,0.28634459927525313
C#Cc1[nH]ncc1C#N,0.24607681729139586
C#Cc1cnoc1C#C,0.27778073663284886
C#Cc1oncc1C#N,0.2338588991387951
C#Cc1nn[nH]c1C#C,0.2670273087642272
C#Cc1cn[nH]c1C#N,0.36942687808732444
C#Cc1cnoc1C#N,0.3674697526384989
C#Cc1cc(C#C)[nH]n1,0.35306855509770685
C#Cc1cc(C#N)n[nH]1,0.3433776779384061
C#Cc1cc(C#C)on1,0.3213140769803431
C#Cc1cc(C#N)no1,0.2660036159304582
C#Cc1c[nH]nc1C#C,0.24066664693964412
C#Cc1c[nH]nc1C#N,0.39953626386704855
C#Cc1conc1C#C,0.3999194275784248
C#Cc1conc1C#N,0.4692668888019398
C#Cc1noc(C#C)n1,0.4339515814281185
C#Cc1nc(C#N)no1,0.42426647308639076
C#Cc1nnc(C#C)[nH]1,0.4286866111069685
C#Cc1nnc(C#C)o1,0.4144902065563656
C#Cc1cc(C#N)[nH]n1,0.3799840573447
C#Cc1n[nH]cc1C#N,0.28606051227143325
C#Cc1n[nH]nc1C#C,0.18173717867102823
C#Cc1n[nH]nc1C#N,0.2608068645840831
C#Cc1cc(C#N)on1,0.39234905310877366
C#Cc1noc(C#N)n1,0.44130268644767057
C#Cc1nocc1C#N,0.4282726985147747
C#Cc1nonc1C#C,0.19229476610234997
C#Cc1nonc1C#N,0.37998234302722267
C#CCc1cncnn1,1.018534011722295
C#CCc1cnncn1,0.9544444186540204
C#CCc1nccnn1,1.0962936320429435
C#CCc1ncnnn1,1.1227222679408442
C#CCCc1ccn[nH]1,0.3977397128855955
C#CCCc1ccno1,0.3888404425324552
C#CCCc1cnn[nH]1,0.3861514392956451
C#CCCc1cn[nH]c1,0.4624162558338867
C#CCCc1c[nH]nn1,0.37463709907387965
C#CCCc1cnoc1,0.6171526517318853
C#CCCc1cn[nH]n1,0.3711075085102493
C#CCCc1ccon1,0.6172824501081777
C#CCCc1ncon1,0.7622823081201204
C#CCCc1cnon1,0.8699718006246258
C#CCCn1cccn1,0.49422616357333027
C#CCCn1cnnc1,1.0972987666991685
C#CCCn1nccn1,0.3694810287706787
C#CCN=c1[nH]cno1,0.5081463452115713
C#CCN=c1ocno1,0.5160902505558624
C#CCN=c1onno1,0.7056316584603337
C#CCNc1ccn[nH]1,0.8741543831274612
C#CCNc1ccno1,0.5261091067077359
C#CCNc1cn[nH]c1,0.7335893845029204
C#CCNc1cnoc1,0.936543835201519
C#CCNc1ncn[nH]1,0.8458478885841032
C#CCNc1ncno1,0.43849411632254487
C#CCNc1cc[nH]n1,0.6195713913584768
C#CCNc1nc[nH]n1,0.5930687676664093
C#CCNc1ccon1,0.6282064662336779
C#CCNc1ncon1,0.5614400062113418
C#CCOc1ccn[nH]1,0.7268469984810508
C#CCOc1ccno1,0.6402675378831191
C#CCOc1cn[nH]c1,0.8324719349257066
C#CCOc1c[nH]nn1,0.6666935342727811
C#CCOc1cnoc1,0.9354853117820312
C#CCOc1ncno1,0.6752559275064414
C#CCOc1cc[nH]n1,0.695347137421777
C#CCOc1nc[nH]n1,0.8081576247350313
C#CCOc1cn[nH]n1,0.5983178193237109
C#CCOc1ccon1,0.7433584944337781
C#CCOc1ncon1,0.7504643975353247
C#CCOc1cnon1,0.6528827152451413
c1ccn2nncc2c1,0.3032691642692953
c1cc2cnnn2cn1,0.3283224544247787
c1cn2nncc2cn1,0.4514180886417307
c1cnc2cnnn2c1,0.4191914383263793
c1cnn2cccc2c1,0.2663252002457739
c1cnn2ccnc2c1,0.3102747933644423
c1cc2nccnn2c1,0.29707797234368627
c1cnn2ccnc2n1,0.35262748553213896
c1cn2ncncc2n1,0.1949399589884706
c1cc2ccnnn2c1,0.25378994275888545
c1cc2nccn2nn1,0.3100035501392995
c1cnn2cncc2c1,0.306816877626261
c1cnn2cncc2n1,0.3568933349197323
c1ccn2nccc2c1,0.2759436678734346
c1ccn2ncnc2c1,0.21832554413231264
c1cnc2ccnn2c1,0.36914967556549527
c1cnc2ncnn2c1,0.35269216702727135
c1cn2nccc2cn1,0.3644240623834776
c1cn2ncnc2cn1,0.35250865335183335
c1cc2ccnn2cn1,0.3032777630687633
c1cc2ncnn2cn1,0.2638813717112498
c1cnn2nccc2c1,0.3622378713753278
c1cnn2ncnc2c1,0.2785559621752327
c1cnn2nccc2n1,0.442910145418864
CC#Cc1[nH]ncc1C,0.31222862623508263
CC#Cc1oncc1C,0.2918675336641172
CC#Cc1[nH]nnc1C,0.3180459879604314
CC#Cc1cn[nH]c1C,0.4461826698952791
CC#Cc1nn[nH]c1C,0.44676978304050863
CC#Cc1cnoc1C,0.4404427790268528
CC#Cc1[nH]ncc1N,0.5569784252293175
CC#Cc1oncc1N,0.5393939838122606
CC#Cc1[nH]nnc1N,0.45220022588000575
CC#Cc1onnc1N,0.5378630160830653
CC#Cc1cn[nH]c1N,0.5616124448442861
CC#Cc1nn[nH]c1N,0.5327375586039125
CC#Cc1cnoc1N,0.38440283479758364
CC#Cc1[nH]nnc1O,0.37502483429852873
CC#Cc1cn[nH]c1O,0.6151616753031703
CC#Cc1cc(C)n[nH]1,0.4350961745058157
CC#Cc1cc(C)no1,0.3233069309953862
CC#Cc1cc(N)n[nH]1,0.7071084210838308
CC#Cc1cc(N)no1,0.7250472093382996
CC#Cc1cc(O)n[nH]1,0.616346568460358
CC#Cc1cc(O)no1,0.4588549367763335
CC#Cc1ccnn1C,0.40406941082983394
CC#Cc1cnn(C)c1,0.4324278519325162
CC#Cc1cn(C)nn1,0.5171177801930753
CC#Cc1cncnn1,1.0684555817333603
CC#Cc1cnncn1,1.039238348877916
CC#Cc1cnnn1C,0.3762086117894796
CC#Cc1c[nH]nc1C,0.4246460993126675
CC#Cc1c[nH]nc1N,0.39441507857736724
CC#Cc1c[nH]nc1O,0.383139191846567
CC#Cc1conc1N,0.36042014992199256
CC#Cc1conc1O,0.4928713352255727
CC#Cc1nc(C)n[nH]1,0.5675883401781903
CC#Cc1nc(C)no1,0.5538703664497007
CC#Cc1nc(N)n[nH]1,0.6198848938856827
CC#Cc1nc(N)no1,0.7324916222441971
CC#Cc1nc(O)n[nH]1,0.6090465936649707
CC#Cc1nc(O)no1,0.745422615103962
CC#Cc1nccnn1,1.1679605929148238
CC#Cc1ncnnn1,1.3898033192144794
CC#Cc1ccn(C)n1,0.4170310437275475
CC#Cc1cnn(C)n1,0.3859669460089208
CC#Cc1n[nH]c(=O)[nH]1,0.48828327566479857
CC#Cc1cc(C)[nH]n1,0.44750340235805197
CC#Cc1n[nH]c(C)n1,0.46321657028966
CC#Cc1cc(N)[nH]n1,0.744381670248913
CC#Cc1n[nH]c(N)n1,0.6854225687657163
CC#Cc1n[nH]c(O)n1,0.5784315656637773
CC#Cc1n[nH]cc1C,0.36299086520557466
CC#Cc1n[nH]cc1N,0.5686023457510601
CC#Cc1n[nH]nc1C,0.3420016247073363
CC#Cc1n[nH]nc1N,0.39272922356030904
CC#Cc1n[nH]nc1O,0.32561636242826353
CC#Cc1noc(=O)[nH]1,0.637357686931864
CC#Cc1noc(=O)o1,0.649458405583573
CC#Cc1cc(C)on1,0.49150050657954125
CC#Cc1noc(C)n1,0.5361104387193336
CC#Cc1cc(N)on1,0.5484011745720636
CC#Cc1noc(N)n1,0.6199968143700971
CC#Cc1nocc1C,0.5046176526211639
CC#Cc1nocc1N,0.7003983622053056
CC#Cc1nonc1C,0.48403617493204365
CC#Cc1nonc1N,0.4245747238110198
CC#CCc1ccn[nH]1,0.3127231934140582
CC#CCc1ccno1,0.41573610767045466
CC#CCc1cnn[nH]1,0.6391154616685526
CC#CCc1cn[nH]c1,0.7965380036148417
CC#CCc1c[nH]nn1,0.7605728336111497
CC#CCc1cnoc1,0.7993896221723844
CC#CCc1ncn[nH]1,0.42142075940500945
CC#CCc1ncno1,0.8193924222523492
CC#CCc1cc[nH]n1,0.42789258248376427
CC#CCc1nc[nH]n1,0.5101497844643745
CC#CCc1cn[nH]n1,0.36988770312927954
CC#CCc1ccon1,0.7142081471974961
CC#CCc1ncon1,0.4975736554551986
CC#CCc1cnon1,0.8380846125091921
CC#CCn1ccnn1,0.6929029007169447
CC#CCn1cnnc1,0.7322561075834528
CC#CCn1nccn1,0.4759771381595783
CC(=N)Oc1cnoc1,0.8893136358201446
CC(=N)Oc1ncno1,2.679922902778344
CC(=N)Oc1ccon1,2.3432996655119496
CC(=N)Oc1ncon1,2.571123402889498
CC(=O)c1[nH]ncc1C,0.7209260429608548
CC(=O)c1oncc1C,0.6181822222260962
CC(=O)c1cn[nH]c1C,0.5390141126827075
CC(=O)c1nn[nH]c1C,0.7477957484225044
CC(=O)c1cnoc1C,0.7948101614110783
CC(=O)c1[nH]ncc1N,0.5751715856422379
CC(=O)c1oncc1N,0.6193797686828475
CC(=O)c1cn[nH]c1N,0.5647159593245306
CC(=O)c1cnoc1N,0.36264201507219695
CC(=O)c1[nH]ncc1O,0.5828341523319978
CC(=O)c1cn[nH]c1O,0.6641507378826645
CC(=O)c1cc(C)n[nH]1,0.7323125984476064
CC(=O)c1cc(C)no1,0.6506553533927217
CC(=O)c1cc(N)n[nH]1,0.7552112083994871
CC(=O)c1cc(N)no1,0.7614145638144691
CC(=O)c1cc(O)n[nH]1,0.7367877307060553
CC(=O)c1cc(O)no1,0.6289212824776769
CC(=O)c1cncnn1,0.937871533780708
CC(=O)c1cnncn1,0.9077734407310345
CC(=O)c1c[nH]nc1C,0.6751845792186941
CC(=O)c1c[nH]nc1N,0.5537245949853968
CC(=O)c1c[nH]nc1O,0.4359966269094002
CC(=O)c1conc1C,0.7161783069077501
CC(=O)c1conc1N,0.6515855206434935
CC(=O)c1conc1O,0.44352071479079314
CC(=O)c1nc(C)no1,0.41994135727145476
CC(=O)c1nc(N)n[nH]1,0.6589045434229774
CC(=O)c1nc(N)no1,0.7214863528752176
CC(=O)c1nc(O)no1,0.7676333208873984
CC(=O)c1nccnn1,1.208820032350559
CC(=O)c1ncnnn1,1.0263864867665689
CC(=O)c1n[nH]c(=O)[nH]1,0.487009401233081
CC(=O)c1cc(C)[nH]n1,0.28029515153139073
CC(=O)c1cc(N)[nH]n1,0.7765423873443069
CC(=O)c1n[nH]cc1C,0.3499946466217807
CC(=O)c1n[nH]cc1N,0.6507950022951263
CC(=O)c1n[nH]cc1O,0.7407962418892566
CC(=O)c1n[nH]nc1C,0.3281201376757963
CC(=O)c1n[nH]nc1O,0.37152106735629786
CC(=O)c1noc(=O)[nH]1,0.5911507722066744
CC(=O)c1noc(=O)o1,0.8360610096115124
CC(=O)c1cc(C)on1,0.2830324550031946
CC(=O)c1noc(C)n1,0.3445174273874727
CC(=O)c1cc(N)on1,0.5127010708092712
CC(=O)c1noc(N)n1,0.6861506369568815
CC(=O)c1nocc1C,0.3467022850345529
CC(=O)c1nocc1N,0.7150552652601618
CC(=O)c1nonc1C,0.37088992616554606
CC(=O)c1nonc1O,0.36623917154065566
CC(=O)Cc1ccn[nH]1,0.4265098896667041
CC(=O)Cc1ccno1,0.5953872604950448
CC(=O)Cc1cn[nH]c1,0.6520014196685224
CC(=O)Cc1cnoc1,0.6866264282689372
CC(=O)Cc1ncn[nH]1,1.8937134482530382
CC(=O)Cc1ncno1,1.5188447257496591
CC(=O)Cc1cc[nH]n1,0.5038050658276916
CC(=O)Cc1nc[nH]n1,1.3824122678634012
CC(=O)Cc1ccon1,1.362920389012288
CC(=O)Cc1ncon1,1.182170984124241
CC(=O)Cc1cnon1,1.4357199971527734
CC(=O)Cn1cccn1,0.5524269377874589
CC(=O)n1cc(C)cn1,0.7955818222617381
CC(=O)n1cc(C)nn1,0.8480580528357677
CC(=O)n1cc(N)cn1,0.8417232663614413
CC(=O)n1ccc(C)n1,0.8908442498031945
CC(=O)n1ccc(N)n1,0.8281725610977446
CC(=O)n1ccc(O)n1,0.9073475823352055
CC(=O)n1cn[nH]c1=O,0.8526458674969035
CC(=O)n1cnoc1=O,1.0770606424412108
CC(=O)n1ncc(C)n1,0.7104495999210485
CC(=O)n1ncc(O)n1,0.8352346538467827
CC(=O)n1nccc1C,0.6468928060421604
CC(=O)n1nccc1N,0.5636340341006871
CC(=O)n1ncnc1C,0.996923480555779
CC(=O)n1ncnc1N,0.7337995381349174
CC(=O)n1ncnc1O,1.137933303920363
CC(=O)n1nc[nH]c1=O,0.8937079774332233
CC(=O)n1ncoc1=O,1.1075464979294338
CC(=O)n1nncc1C,0.7031038555523992
CC(=O)n1nn[nH]c1=O,1.1500821323315904
CC(=O)n1nnoc1=O,1.3555423174966563
CC(=O)Nc1ccn[nH]1,0.6583098110877472
CC(=O)Nc1ccno1,0.6398652989828406
CC(=O)Nc1cn[nH]c1,0.7201693211645761
CC(=O)Nc1cnoc1,0.7784945875282574
CC(=O)Nc1ncno1,0.7739663386219036
CC(=O)Nc1cc[nH]n1,0.7718479039976955
CC(=O)Nc1nc[nH]n1,0.7997719695376873
CC(=O)Nc1ccon1,1.321118836516689
CC(=O)Nc1ncon1,1.4785898691716284
CC(=O)Oc1ccn[nH]1,0.9743172026683169
CC(=O)Oc1cn[nH]c1,1.0928499478668527
CC(=O)Oc1c[nH]nn1,1.4330927365790558
CC(=O)Oc1cnoc1,1.2685791217518272
CC(=O)Oc1conn1,1.2189450945916178
CC(=O)Oc1ncno1,1.6457828271923063
CC(=O)Oc1cc[nH]n1,1.1978962883367785
CC(=O)Oc1nc[nH]n1,1.9011876576369104
CC(=O)Oc1cn[nH]n1,1.2918672084542777
CC(=O)Oc1ccon1,1.264991843019743
CC(=O)Oc1ncon1,1.6605785628071317
CC(=O)Oc1cnon1,1.6114835662519909
CC(=O)Oc1nnon1,1.5046910975161154
C#CC(C)c1ccn[nH]1,0.3734948733890633
C#CC(C)c1ccno1,0.6608795195515995
C#CC(C)c1cnn[nH]1,0.6566814265497669
C#CC(C)c1cn[nH]c1,0.8352139187591092
C#CC(C)c1c[nH]nn1,0.843908885928613
C#CC(C)c1cnoc1,0.858313131142495
C#CC(C)c1ncn[nH]1,0.5221689777663414
C#CC(C)c1ncno1,0.9852883217281487
C#CC(C)c1cc[nH]n1,0.7573822970807669
C#CC(C)c1nc[nH]n1,0.836748478393929
C#CC(C)c1cn[nH]n1,0.8041316982526041
C#CC(C)c1ccon1,0.7118587150089297
C#CC(C)c1ncon1,0.7563455699873884
C#CC(C)c1cnon1,0.9517015640540194
C#CC(C)n1cccn1,0.49246104175290384
C#CC(C)n1ccnn1,0.5834460006390145
C#CC(C)n1cnnc1,0.8219991654332262
C#CC(C)n1nccn1,0.40734457481084974
CC(C#N)c1ccn[nH]1,0.4154746877611615
CC(C#N)c1ccno1,0.4647843006205221
CC(C#N)c1cnn[nH]1,0.5304952304795734
CC(C#N)c1cn[nH]c1,0.5560519859391206
CC(C#N)c1c[nH]nn1,0.6163319015176967
CC(C#N)c1cnoc1,0.5854903386225487
CC(C#N)c1ncn[nH]1,0.6993405734938278
CC(C#N)c1ncno1,0.7477242096538248
CC(C#N)c1cc[nH]n1,0.5758975041317171
CC(C#N)c1nc[nH]n1,0.7721138137876551
CC(C#N)c1ccon1,0.4245670774089376
CC(C#N)c1ncon1,0.806097667405993
CC(C#N)c1cnon1,0.7899319194893906
CC(C#N)n1cccn1,0.6235429222524544
CC(C#N)n1ccnn1,0.6884780823347683
CC(C#N)n1cnnc1,0.9068732604391698
CC(C#N)n1nccn1,0.40902512360116816
CC(C=O)c1ccn[nH]1,0.41374529450695263
CC(C=O)c1ccno1,0.43979201842012117
CC(C=O)c1cn[nH]c1,0.6766117898823722
CC(C=O)c1cnoc1,0.7581184742684854
CC(C=O)c1ncno1,1.62977447000776
Cc1oncc1CC=O,0.560590956140004
CC(C=O)c1cc[nH]n1,0.6941845576075139
CC(C=O)c1ccon1,1.4315174142684555
CC(C=O)c1ncon1,1.442061640902466
CC(O)c1noc(=O)o1,0.9935206406880752
C#Cc1c(N)n[nH]c1C,0.4684024098642112
C#Cc1c(N)noc1C,0.6016401134475018
C#Cc1c(O)n[nH]c1C,0.4327120205707615
C#Cc1c(O)noc1C,0.5424687086324411
Cc1[nH]nc(N)c1C#N,0.6056002427667408
Cc1onc(N)c1C#N,0.766007929603802
Cc1[nH]nc(O)c1C#N,0.5558127433196205
Cc1onc(O)c1C#N,0.5009374197525176
C#Cc1n[nH]c(C)c1C,0.44229650115812547
Cc1[nH]nc(C#N)c1C,0.5458862426548876
C#Cc1noc(C)c1C,0.49710790514836845
Cc1onc(C#N)c1C,0.5418696768956579
Cc1[nH]ncc(=O)c1C,0.26347396264645795
Cc1oncc(=O)c1C,0.5027139975718455
Cc1cn[nH]c(=O)c1C,0.30649191909651563
Cc1cnoc(=O)c1C,0.3665257075717818
Cc1nnoc(=O)c1C,1.199959592666346
Cc1[nH]nc(C=O)c1C,0.601345114673677
Cc1onc(C=O)c1C,0.6652018597997085
Cc1cnn(C=O)c1C,0.6203136911099136
Cc1[nH]ncc1C(N)=O,0.9559800123188325
Cc1oncc1C(N)=O,1.010986331559252
Cc1n[nH]c(C)c1C=O,0.5584001664064999
Cc1noc(C)c1C=O,0.527709136969861
Cc1[nH]nc(N)c1C=O,0.6094545469568402
Cc1onc(N)c1C=O,0.7241924720856332
Cc1[nH]nc(O)c1C=O,0.8413316943315294
Cc1onc(O)c1C=O,0.9717225413478445
C#CCc1cn[nH]c1C,0.47740486584370956
C#CCc1cnoc1C,0.4434711356225307
C#CCc1nn[nH]c1C,0.5126769887228875
C#CCc1[nH]ncc1C,0.4417794029432116
C#CCc1[nH]nnc1C,0.4659927588472783
C#CCc1oncc1C,0.4926609911144624
Cc1[nH]ncc1CC#N,0.5385663219003618
Cc1oncc1CC#N,0.6555097037071391
Cc1[nH]nnc1CC#N,0.6008590102392191
Cc1cn[nH]c1CC#N,0.5378877240327711
Cc1nn[nH]c1CC#N,0.5824033686712937
Cc1cnoc1CC#N,0.6065123144380777
Cc1[nH]ncc1CC=O,0.5756427510150388
Cc1cn[nH]c1CC=O,0.5564277481462341
Cc1cnoc1CC=O,0.5573779974110948
C#Cc1n[nH]c(C)c1N,0.765098279744052
Cc1[nH]nc(C#N)c1N,0.7193288426842628
C#Cc1noc(C)c1N,0.7654063127829431
Cc1onc(C#N)c1N,0.6801425233279588
Cc1[nH]ncc(=O)c1N,0.43252788103382045
Cc1oncc(=O)c1N,0.5719973487357493
Cc1cn[nH]c(=O)c1N,0.34523869272925367
Cc1cnoc(=O)c1N,0.30944838317736867
Cc1nnoc(=O)c1N,0.48261467865995655
Cc1onc(C=O)c1N,0.7017487550929218
Cc1c(N)cn[nH]c1=O,0.32921351889672223
Cc1c(N)cnoc1=O,0.3131828755758761
Cc1cnn(C=O)c1N,0.5221961891675164
Cc1c(N)nnoc1=O,0.300118818970077
C#Cc1n[nH]c(N)c1C,0.8657786328840302
Cc1c(C#N)n[nH]c1N,0.7720446696257568
Cc1c(N)[nH]ncc1=O,0.4783673330221063
C#Cc1noc(N)c1C,0.4682492913234455
Cc1c(C#N)noc1N,0.42369941474316875
Cc1c(C=O)noc1N,0.5335559414270392
Cc1c(N)oncc1=O,0.46125144468896906
Cc1cnoc1OC=N,0.7695576838104898
Cc1[nH]ncc1NC=O,1.2792615550824848
Cc1oncc1NC=O,1.2606140187290293
Cc1cn[nH]c1NC=O,0.5192253030454594
Cc1cnoc1NC=O,0.5748178102421662
Cc1cn[nH]c1C(N)=O,1.05969677662506
Cc1cn[nH]c1OC=O,0.7459125019195199
C#Cc1[nH]nc(N)c1C,0.7375554186965019
Cc1c(N)n[nH]c1C#N,0.6598130776128528
Cc1c(N)n[nH]c1C=O,0.748873102133075
C#Cc1[nH]nc(O)c1C,0.4206260777045827
Cc1c(O)n[nH]c1C#N,0.5052500183246593
Cc1c(O)n[nH]c1C=O,0.5728477593784191
Cc1nn[nH]c1OC=O,0.8066913929196744
Cc1cnoc(=N)c1O,0.4073898001570342
Cc1cnoc(=O)c1O,0.4307218876929255
Cc1[nH]nc(C=O)c1O,0.6928633625520888
Cc1c(O)cnnc1O,1.1845258585926786
Cc1cnn(C=O)c1O,0.6105419416708173
Cc1c(O)nnoc1=O,0.862874142574583
C#Cc1n[nH]c(O)c1C,0.5385634374943038
Cc1c(C#N)n[nH]c1O,0.49271984936967783
Cc1c(C=O)n[nH]c1O,0.6919441342852224
Cc1oncc1OC=N,1.0069456564979191
Cc1[nH]ncc1OC=O,0.8551001179948798
Cc1oncc1OC=O,0.8844225501197798
Cc1[nH]nnc1OC=O,1.1383215833775466
Cc1cnoc1OC=O,1.165120049394318
Cc1cnoc1C(N)=O,1.0022646427969448
C#Cc1onc(N)c1C,0.7520556929357554
Cc1c(N)noc1C#N,0.7872391066557611
Cc1c(N)noc1C=O,0.779829279439582
C#Cc1onc(O)c1C,0.33337400574419007
Cc1c(O)noc1C#N,0.4701532729086466
Cc1c(O)noc1C=O,0.6286565155642165
Cc1cc(=N)onc1O,0.3765861155297898
Cc1cc(C(N)=O)n[nH]1,0.9162651387487131
Cc1cc(C(N)=O)no1,0.3468380971262377
Cc1cc(=O)c(C)n[nH]1,0.25907899517187616
Cc1cc(=O)c(C)no1,0.6134613166141207
Cc1cc(=O)c(N)n[nH]1,0.2701139521723235
Cc1cc(=O)c(N)no1,0.3950299473508494
Cc1cc(=O)c(O)no1,0.5515314106469305
Cc1cc(=O)[nH]nc1C,0.28099394025775837
Cc1cc(=O)[nH]nc1N,0.6986929421982495
Cc1cc(=O)[nH]nc1O,0.4551612614777696
Cc1cc(=O)onc1N,0.9025922543041816
C#CCc1cc(C)[nH]n1,0.5269179655424523
C#CCc1cc(C)on1,0.39791669582518807
Cc1cc(CC#N)n[nH]1,0.5960304019099567
Cc1cc(CC#N)no1,0.5292776292171766
Cc1cc(CC=O)n[nH]1,0.55848327001695
Cc1cc(CC=O)no1,0.39152922807988944
Cc1cc(N)nn1C=O,0.8273566272982862
Cc1cc(N)n[nH]c1=O,0.6894614750835899
Cc1cc(N)noc1=O,0.902073251289039
Cc1cc(NC=O)n[nH]1,0.7031405909401656
Cc1cc(NC=O)no1,0.8038185494751815
Cc1cc(O)nn1C=O,0.9601603907049139
Cc1cc(O)n[nH]c1=O,0.4973548213856702
Cc1cc(O)noc1=N,0.48454949076403864
Cc1cc(O)noc1=O,0.6890410589694511
Cc1cc(OC=N)no1,1.9573745162124396
Cc1cc(OC=O)n[nH]1,0.9233313948407158
Cc1cc(OC=O)no1,0.9489112527789985
Cc1ccnn1C(N)=O,0.5413430002663517
C#CCn1nccc1C,0.5430231680966244
Cc1ccnn1CC#N,0.5171667879203596
Cc1ccnn1CC=O,0.7683104765510507
Cc1cn(C=O)nc1C,0.6396576760107564
Cc1cn(C=O)nc1N,0.7556370940055785
Cc1cn(C=O)nc1O,0.5878795266653469
C#CCn1cc(C)cn1,0.6091570447279082
C#CCn1cc(C)nn1,0.767126372522398
Cc1cnn(CC#N)c1,0.6475159470810468
Cc1cn(CC#N)nn1,0.8536809619035921
Cc1cnn(CC=O)c1,0.7058559348115523
Cc1cnn(C(N)=O)c1,0.6725746250922384
Cc1cnc(C=O)nn1,1.121396147620544
C#Cc1ncc(C)nn1,1.131009254602759
Cc1cnc(C#N)nn1,1.1059745226193627
C#CCn1nncc1C,0.5614239786973485
Cc1cnnn1CC#N,0.5953981450547872
Cc1c[nH]nc(C)c1=O,0.18524614299531095
Cc1c[nH]nc(N)c1=O,0.2392724437013385
Cc1c[nH]nc1C(N)=O,0.5163765961096942
C#CCc1n[nH]cc1C,0.5293374670836783
Cc1c[nH]nc1CC#N,0.6486610299634776
Cc1c[nH]nc1CC=O,0.5249542549336184
Cc1c[nH]nc1NC=O,0.5636369185085641
Cc1c[nH]nc1OC=O,0.8439572950064758
Cc1conc(C)c1=O,0.33512688243354205
Cc1conc(N)c1=O,0.31796111560652207
Cc1conc(O)c1=O,0.5116502482178475
Cc1conc1C(N)=O,0.44089179432194214
C#CCc1nocc1C,0.5125976402850938
Cc1conc1CC#N,0.6930576247286808
Cc1conc1CC=O,0.9186341087224719
Cc1conc1NC=O,0.7368308879831602
Cc1conc1OC=O,0.9678571621207084
Cc1nc(C(N)=O)no1,0.8317894458305091
Cc1nc(=O)c(C)no1,0.7003966478860093
Cc1nc(=O)c(N)no1,0.7002419510827167
Cc1nc(=O)onc1N,0.9697594293920702
C#CCc1n[nH]c(C)n1,0.6568765594893193
C#CCc1noc(C)n1,0.6238213764972897
Cc1nc(CC#N)no1,0.8738375608081697
Cc1nc(N)noc1=O,0.7916811498544121
Cc1nc(NC=O)n[nH]1,0.6709727988782106
Cc1nc(NC=O)no1,0.7849307364667766
Cc1nc(O)n[nH]c1=O,0.5539683546940068
Cc1nc(O)noc1=O,0.8943095398317382
Cc1nc(OC=N)no1,2.1807882109987986
Cc1nc(OC=O)n[nH]1,1.127228339559224
Cc1nc(OC=O)no1,1.4667640672796551
Cc1ncc(C=O)nn1,1.0936931202722917
C#Cc1cnc(C)nn1,1.068360695586307
Cc1ncc(C#N)nn1,1.0677309149668872
C#CCn1ncnc1C,0.7273029798925563
Cc1ccn(C(N)=O)n1,0.8049651289802568
Cc1nn(C=O)c(=O)[nH]1,0.8827755801939929
Cc1nn(C=O)c(=O)o1,0.8513048897548288
Cc1cc(C)n(C=O)n1,0.7976788143059821
Cc1cc(N)n(C=O)n1,0.6201372523973987
Cc1nc(O)n(C=O)n1,1.1734147368861159
Cc1nn(C=O)cc1N,0.7809535456017329
Cc1nn(C=O)nc1C,0.45170062459692417
Cc1nn(C=O)nc1O,0.5773352728228929
C#CCn1ccc(C)n1,0.5547088857074414
C#CCn1ncc(C)n1,0.5316753616425558
Cc1ccn(CC#N)n1,0.6841560958346236
Cc1cnn(CC#N)n1,0.48565125309505675
Cc1ccn(CC=O)n1,0.6147859403045004
Cc1nnc(C)n1C=O,1.025155987303151
Cc1cc(C(N)=O)[nH]n1,0.8534137459664635
Cc1n[nH]c(=N)oc1=O,0.27498103742073
Cc1cc(C)c(=O)[nH]n1,0.3900643840479461
Cc1n[nH]c(=O)c(C)n1,0.6799806971357611
Cc1cc(N)c(=O)[nH]n1,0.4551278458784509
Cc1n[nH]c(=O)c(N)n1,0.6125947424006881
Cc1n[nH]c(=O)cc1N,0.28398705809195235
Cc1n[nH]c(=O)n1C=O,0.7413702935646143
Cc1n[nH]c(=O)nc1C,0.5541504805896693
Cc1n[nH]c(=O)nc1N,0.47247856858666637
Cc1n[nH]c(=O)[nH]c1=O,0.5265087877360202
C#Cc1[nH]nc(C)c1C,0.3018261982015247
C#Cc1[nH]nc(C)c1N,0.6090075453048485
Cc1n[nH]c(C#N)c1C,0.5190026865911932
Cc1n[nH]c(C#N)c1N,0.5705786824510142
C#Cc1c(C)n[nH]c1C,0.4774232879590272
Cc1n[nH]c(C)c1C#N,0.48749615873748553
Cc1n[nH]c(C=O)c1C,0.6752942955754406
Cc1n[nH]c(C=O)c1N,0.5485631368192116
C#CCc1cc(C)n[nH]1,0.5576984388444544
C#CCc1nc(C)n[nH]1,0.6697860009244323
Cc1cc(CC#N)[nH]n1,0.6731624729454779
Cc1n[nH]c(CC#N)n1,0.7779349306856602
Cc1cc(CC=O)[nH]n1,0.7089869328028726
C#Cc1c(C)n[nH]c1N,0.5158783281785873
Cc1n[nH]c(N)c1C#N,0.5928206269181828
Cc1n[nH]c(N)c1C=O,0.6492483335860015
Cc1n[nH]c(N)cc1=O,0.4525717159049236
Cc1cc(NC=O)[nH]n1,1.1460539473046083
C#Cc1c(C)n[nH]c1O,0.6153310662612057
Cc1cc(OC=O)[nH]n1,0.964881786121623
Cc1n[nH]cc(N)c1=O,0.3651463889691513
Cc1n[nH]cc1C(N)=O,1.1580155068659224
C#CCc1c[nH]nc1C,0.6917016807183245
Cc1n[nH]cc1CC#N,0.5236681081587449
Cc1n[nH]cc1CC=O,0.7069401457938511
Cc1n[nH]cc1NC=O,0.9775510597482935
Cc1n[nH]cc1OC=O,0.8677898273799656
C#CCc1n[nH]nc1C,0.3674593306695897
Cc1n[nH]nc1OC=O,1.0947718617626379
Cc1cc(C(N)=O)on1,1.05725273040116
Cc1noc(=N)c(=O)[nH]1,0.7926146913159755
Cc1noc(=N)c(=O)o1,0.8715150951138639
Cc1cc(O)c(=N)on1,0.4236207465874031
Cc1noc(=N)c(O)n1,0.7008398399430007
Cc1noc(=N)[nH]c1=O,0.6592146717357537
Cc1noc(=N)oc1=O,1.483751463394583
Cc1noc(C(N)=O)n1,0.8199808143308474
Cc1noc(=O)c(=N)[nH]1,0.8456005641819502
Cc1noc(=O)c(=N)o1,1.1529097232250933
Cc1noc(=O)c(=O)[nH]1,0.9718454824487708
Cc1noc(=O)c(=O)o1,1.1654586408349132
Cc1cc(C)c(=O)on1,0.5147530279864441
Cc1noc(=O)c(C)n1,0.8398271488658793
Cc1cc(N)c(=O)on1,0.4352600959718984
Cc1noc(=O)c(N)n1,0.7555484936892753
Cc1cc(O)c(=O)on1,0.601135859014903
Cc1noc(=O)c(O)n1,1.0198230429050454
Cc1noc(=O)cc1N,0.2740119306581619
Cc1noc(=O)n1C=O,0.9001845897200837
Cc1noc(=O)[nH]c1=N,1.0114363264638087
Cc1noc(=O)oc1=N,1.2655066554798395
C#Cc1onc(C)c1C,0.29112760130374227
C#Cc1onc(C)c1N,0.5777278244622721
Cc1noc(C#N)c1C,0.4322983800939255
Cc1noc(C#N)c1N,0.5798561912470177
C#Cc1c(C)noc1C,0.4838236266950844
Cc1noc(C)c1C#N,0.4853440091901575
Cc1noc(C=O)c1C,0.6928739749964734
Cc1noc(C=O)c1N,0.6107922865412547
C#CCc1cc(C)no1,0.4255257622080535
C#CCc1nc(C)no1,0.4906940695618687
Cc1cc(CC#N)on1,0.4986269814962725
Cc1noc(CC#N)n1,0.897422632720918
Cc1cc(CC=O)on1,0.5894543047470506
C#Cc1c(C)noc1N,0.34295190117882157
Cc1noc(N)c1C#N,0.2629637489171728
Cc1noc(N)c1C=O,0.3537605681867717
Cc1noc(N)cc1=O,0.45685985142335994
Cc1noc(N)nc1=O,0.803723989862192
Cc1cc(NC=O)on1,0.591866187100095
Cc1noc(NC=O)n1,0.882197610078947
Cc1noc(O)cc1=N,0.5833111137326341
Cc1noc(O)nc1=N,1.1889975622125348
Cc1noc(O)nc1=O,0.8896486081412149
Cc1cc(OC=N)on1,0.7017314758522843
Cc1noc(OC=N)n1,2.354318050773145
Cc1cc(OC=O)on1,0.9205483762179938
Cc1noc(OC=O)n1,1.5782528969430132
Cc1nocc(N)c1=O,0.5352834843051824
Cc1nocc1C(N)=O,1.1888176676511648
C#CCc1conc1C,0.48095932762589655
Cc1nocc1CC#N,0.6151265726002748
Cc1nocc1CC=O,0.7306650026603165
Cc1nocc1NC=O,1.0029315669726202
Cc1nocc1OC=O,1.0514589609592804
Cc1nonc1C(N)=O,0.7032157488247321
C#CCc1nonc1C,0.9616153842089261
Cc1nonc1CC#N,0.8955123380874284
Cc1nonc1CC=O,1.4305142660450656
Cc1nonc1OC=O,1.6963727635866235
CCC#Cc1ccn[nH]1,0.3662450219926541
CCC#Cc1ccno1,0.3108249534307106
CCC#Cc1cnn[nH]1,0.3663426837010775
CCC#Cc1cn[nH]c1,0.4400262541403208
CCC#Cc1c[nH]nn1,0.45235903160755697
CCC#Cc1cnoc1,0.48074852091849607
CCC#Cc1ncno1,0.4288085181724455
CCC#Cc1cc[nH]n1,0.4246885218835814
CCC#Cc1nc[nH]n1,0.439688996064433
CCC#Cc1cn[nH]n1,0.39789936216220667
CCC#Cc1ccon1,0.48530169546393154
CCC#Cc1ncon1,0.4745638597287325
CCC#Cc1cnon1,0.4924074897207902
CCC(=O)c1ccn[nH]1,0.5763575400433183
CCC(=O)c1ccno1,0.5004910439656669
CCC(=O)c1cnno1,0.385647620241798
CCC(=O)c1cn[nH]c1,0.5805470886662079
CCC(=O)c1cnoc1,0.6029923839214462
CCC(=O)c1ncno1,0.50146240927279
CCC(=O)c1cc[nH]n1,0.5488777550144732
CCC(=O)c1ccon1,0.5815923057180044
CCC(=O)c1ncon1,0.5612622613498388
CCC(=O)c1cnon1,0.6580110571394471
CCC(=O)n1cnnc1,1.5440258550552244
C#Cc1cn[nH]c1CC,0.47413821902409836
CCc1[nH]ncc1C#N,0.46003357131485245
C#Cc1cnoc1CC,0.4948353995841899
CCc1oncc1C#N,0.5014590622722608
CCc1[nH]ncc1C=O,0.4082626874169364
CCc1oncc1C=O,0.41603273913278827
C#Cc1nn[nH]c1CC,0.479779359729946
CCc1[nH]nnc1C#N,0.49720681858525495
C#Cc1[nH]ncc1CC,0.3339543704641983
CCc1cn[nH]c1C#N,0.4704252236333559
CCc1cn[nH]c1C=O,0.7268313247132028
C#Cc1[nH]nnc1CC,0.3475525868307159
CCc1nn[nH]c1C#N,0.4674973859455349
C#Cc1oncc1CC,0.3300837666483858
CCc1cnoc1C#N,0.4589771975952317
CCc1cnoc1C=O,0.6060838981757115
C#Cc1cc(CC)[nH]n1,0.4847570048932539
CCc1cc(C#N)n[nH]1,0.4951173913123057
C#Cc1cc(CC)on1,0.47883052545694227
CCc1cc(C#N)no1,0.4975863903910067
CCc1cc(=O)cn[nH]1,0.29479651422843745
CCc1cc(=O)cno1,0.2618324622144428
CCc1cn[nH]c(=O)c1,0.2690562995176151
CCc1cc(C=O)n[nH]1,0.427685748640215
CCc1cc(C=O)no1,0.5229832516688475
CCc1ccnn1C=O,0.6194827094077482
CCc1ccn[nH]c1=O,0.3292220088551403
CCc1ccnoc1=O,0.47238011774607
CCc1cnn(C=O)c1,0.7410090350331302
C#Cc1n[nH]cc1CC,0.3457288788704318
CCc1c[nH]nc1C#N,0.5403584102186869
CCc1c[nH]nc1C=O,0.5266311573977873
CCc1c[nH]ncc1=O,0.20603320280497428
C#Cc1nocc1CC,0.5226584019874281
CCc1conc1C#N,0.6542439110598934
CCc1conc1C=O,0.596286570020311
CCc1concc1=O,0.41201992854439595
C#Cc1n[nH]c(CC)n1,0.5150751837372809
C#Cc1noc(CC)n1,0.5909172439805843
CCc1nc(=O)cno1,0.5924745795564377
CCc1cn[nH]c(=O)n1,0.6571783883264288
CCc1nc(C=O)no1,0.4897473033543065
CCc1nocc1C#N,0.5791598243340559
CCc1ncn[nH]c1=O,0.7712376883773686
CCc1ncnoc1=O,0.8047071921300812
CCc1ccn(C=O)n1,0.8465165270808939
C#Cc1cc(CC)n[nH]1,0.47818158801419486
CCc1cc(C#N)[nH]n1,0.5912316172762075
CCc1ccc(=O)[nH]n1,0.34869151993734704
CCc1ncc(=O)[nH]n1,0.614588548818574
CCc1cnc(=O)[nH]n1,0.49837342568025633
CCc1cc(C=O)[nH]n1,0.6959265497371234
C#Cc1c[nH]nc1CC,0.44938088004528254
CCc1n[nH]cc1C#N,0.4404212276003818
CCc1n[nH]cc1C=O,0.36877666170767043
CCc1n[nH]ccc1=O,0.23422132776067883
C#Cc1n[nH]nc1CC,0.3334559936920414
CCc1n[nH]nc1C#N,0.3212011224604794
C#Cc1cc(CC)no1,0.36744594266019703
CCc1cc(C#N)on1,0.4756346010708512
C#Cc1nc(CC)no1,0.6509464337304962
CCc1noc(C#N)n1,0.7686445508970792
CCc1ncc(=O)on1,0.9041437938521995
CCc1cc(C=O)on1,0.46952531545684906
CCc1noc(C=O)n1,0.5733668440261681
C#Cc1conc1CC,0.5176136263053195
CCc1nocc1C=O,1.205729960305689
CCc1noccc1=O,0.36946859316230984
CCc1nocnc1=O,0.6722048221818113
C#Cc1nonc1CC,0.4709637916421343
CCc1nonc1C#N,0.6253526979780872
C#Cc1cnn(CC)c1,0.4355791496254824
CCn1cc(C#N)cn1,0.5143677145770198
CCn1cc(C=O)cn1,0.5763166413125873
C#Cc1cn(CC)nn1,0.5213656972682656
CCn1cc(C#N)nn1,0.6664024539368256
C#Cc1ccn(CC)n1,0.4670585477124405
CCn1ccc(C#N)n1,0.5056575906583021
CCn1ccc(=O)cn1,0.1594154775939387
CCn1ccc(C=O)n1,0.4591184247547062
C#Cc1cnn(CC)n1,0.36636864337560837
CCn1ncc(C#N)n1,0.4121858908638387
C#Cc1ccnn1CC,0.40596092959458474
CCn1nccc1C#N,0.5673933705074887
CCn1nccc1C=O,0.537131492041226
CCn1ncccc1=O,0.2413025501246011
CCn1ncnc1C#N,0.6683070341769053
CCn1ncnc1C=O,0.576938612257436
C#Cc1cnnn1CC,0.37433986896394345
CCn1nncc1C#N,0.4782284188331687
CCOc1noc(=O)o1,1.2955183795493213
CN(C=O)c1ccn[nH]1,0.7959141006558639
CN(C=O)c1ccno1,0.581270231596136
CN(C=O)c1cn[nH]c1,0.656715658487883
CN(C=O)c1cnoc1,0.6742146561100526
CN(C=O)c1ncno1,0.6169749612981832
CN(C=O)c1cc[nH]n1,0.6296344932416105
CN(C=O)c1ccon1,0.6960421437634068
CN(C=O)c1ncon1,0.6111024420697504
Cn1c(=O)cnoc1=N,0.699227782242815
C#Cc1n[nH]c(=O)n1C,0.4538955776770308
Cn1c(C=O)n[nH]c1=O,0.4244886813703488
Cn1c(=O)cn[nH]c1=O,0.48273740206786897
Cn1c(=O)nn[nH]c1=O,1.1690345451988833
C#Cc1noc(=O)n1C,0.5458046084550006
Cn1c(C#N)noc1=O,0.4534363853181276
Cn1c(C=O)noc1=O,0.44624525611652643
Cn1c(=O)cnoc1=O,1.2523793051641405
Cn1c(=O)nnoc1=O,1.4559815776392497
C#Cc1cn(C)nc1C,0.4051063011884253
C#Cc1cn(C)nc1N,0.3737055712554138
C#Cc1cn(C)nc1O,0.31635167020067456
Cc1nn(C)cc1C#N,0.36987826077347563
Cn1cc(C#N)c(N)n1,0.4893794868748955
Cn1cc(C#N)c(O)n1,0.30881384056010575
C#Cc1nn(C)cc1C,0.31265930104746076
Cc1cn(C)nc1C#N,0.44131174784160976
Cc1cn(C)ncc1=O,0.17087868759335834
Cc1cn(C)nc1C=O,0.5981549318858015
CC(=O)c1cnn(C)c1,0.6897703244630975
Cn1cc(C(N)=O)cn1,1.1986142066743923
Cc1nn(C)cc1C=O,0.48628225822722015
Cn1cc(C=O)c(N)n1,0.5201091020699096
Cn1cc(C=O)c(O)n1,0.7209583428902988
C#CCc1cnn(C)c1,0.47331404017313616
C#CCc1cn(C)nn1,0.5718366110049828
Cn1cc(CC#N)cn1,0.5574328283801151
Cn1cc(CC#N)nn1,0.7743887955930404
Cn1cc(CC=O)cn1,0.6602901478618151
C#Cc1nn(C)cc1N,0.6080031453548145
Cn1cc(N)c(C#N)n1,0.6438317141328298
Cn1cc(NC=O)cn1,0.9267229419783689
Cn1cc(O)c(=O)cn1,0.3848340538352204
Cn1cc(O)c(=O)nn1,0.5764707938851643
Cn1cc(OC=O)cn1,0.8695193839030253
CC(=O)c1ccn(C)n1,0.4011786350656621
Cn1ccc(C(N)=O)n1,0.8345785325946053
Cc1nn(C)ccc1=O,0.14524954981061455
Cn1ccc(=O)c(N)n1,0.23432658145247842
Cn1ccc(=O)c(O)n1,0.2662448721948749
C#CCc1ccn(C)n1,0.4797759583034349
Cn1ccc(CC#N)n1,0.5238959492053255
Cn1ccc(CC=O)n1,0.5430745160101651
Cn1ccc(NC=O)n1,0.6529667984705156
Cn1ccc(OC=O)n1,0.893776522947519
Cc1nn(C)cnc1=O,0.6570974616279273
Cn1cnc(=O)c(O)n1,0.41850410560073215
Cn1cnn(C=O)c1=O,0.7784405729034916
Cn1cnoc(=O)c1=O,0.70523771903936
C#Cc1nn(C)nc1C,0.3004875606420683
Cc1nn(C)nc1C#N,0.2563177184583765
C#Cc1cc(C)nn1C,0.5438331426012155
Cc1cc(C#N)n(C)n1,0.6075080339505803
Cc1cc(C=O)n(C)n1,0.6040620095918712
Cc1ccc(=O)n(C)n1,0.3102821404427232
Cc1cnc(=O)n(C)n1,0.3776119308477064
C#Cc1cc(C)n(C)n1,0.4590337156696478
Cc1cc(C#N)nn1C,0.5288438523075456
C#Cc1cc(N)n(C)n1,0.8413996411945845
Cn1nc(C#N)cc1N,0.8330136594613577
C#Cc1cc(O)n(C)n1,0.61082698107748
Cn1nc(C#N)cc1O,0.6364398464393162
Cc1cc(C=O)nn1C,0.38942175965166825
Cn1nc(C=O)cc1O,0.6588675087095908
Cn1nc(C=O)nc1O,0.7435550423670065
C#Cc1nn(C)nc1N,0.3909032842675515
Cn1nc(N)c(C#N)n1,0.4393685546274355
C#Cc1cc(N)nn1C,0.7101976767880842
Cn1nc(N)cc1C#N,0.644734071338462
Cn1nc(N)ccc1=O,0.6518660157453269
Cn1nc(N)nc1C#N,0.5346926159854775
Cn1nc(C#N)nc1N,0.764006367939146
C#Cc1nc(O)n(C)n1,0.6357319691069279
Cn1nc(C#N)nc1O,0.7005060104984295
C#Cc1nn(C)c(=O)[nH]1,0.4156081596702279
Cn1nc(C=O)[nH]c1=O,0.39633195836904633
C#Cc1nn(C)nc1O,0.2736894211575418
Cn1nc(O)c(C#N)n1,0.36393817564203346
Cn1nc(O)c(C=O)n1,0.623677645889984
C#Cc1cc(O)nn1C,0.6644845129030728
Cn1nc(O)cc1C#N,0.579624159649029
Cn1nc(O)cc1C=O,0.578769721718345
Cn1nc(O)ccc1=O,0.446603603028052
C#Cc1nn(C)c(=O)o1,0.42170266949506185
Cn1nc(C#N)oc1=O,0.3617565561453375
Cn1nc(C=O)oc1=O,0.3994643713504047
Cn1ncc(=O)c(O)n1,0.3315277123256237
Cc1cc(=O)cnn1C,0.1899678921636223
Cn1ncc(=O)cc1O,0.24877817450396833
Cn1ncc(=O)nc1O,0.5974477892614232
Cn1ncc(=O)[nH]c1=O,0.39945721475669416
Cn1ncc(=O)oc1=N,0.21731191952130757
C#Cc1cnn(C)c1C,0.4680096133197367
C#Cc1cnn(C)c1N,0.5682306380440423
C#Cc1cnn(C)c1O,0.41134805189176404
Cc1c(C#N)cnn1C,0.47948033366628806
Cn1ncc(C#N)c1N,0.5863550352478342
Cn1ncc(C#N)c1O,0.42468101154008764
C#Cc1c(C)cnn1C,0.3310216347272217
Cc1cnn(C)c1C#N,0.5388715521639824
Cc1cnn(C)c1C=O,0.7698068041700026
Cc1cnn(C)c(=O)c1,0.2447086009360646
Cc1cnn(C)c(=O)n1,0.5207892237813212
Cc1c(C=O)cnn1C,0.48355553999135736
Cn1ncc(C=O)c1O,0.6570996929604007
C#CCc1cnn(C)n1,0.3548886983644479
Cn1ncc(CC#N)n1,0.4301613328734675
C#Cc1c(N)cnn1C,0.6013967891158245
Cn1ncc(N)c1C#N,0.5825156701175729
Cn1ncc(N)cc1=O,0.31337077028547355
Cn1ncc(OC=O)n1,0.8509616451683542
Cc1ccnn(C)c1=O,0.29635276135195454
Cn1nccc(N)c1=O,0.39327584614875377
CC(=O)c1ccnn1C,0.5842669957564794
Cn1nccc1C(N)=O,0.9620804270180088
C#CCc1ccnn1C,0.5429951131427515
Cn1nccc1CC#N,0.6878223148323741
Cn1nccc1CC=O,0.5963322035368037
Cn1nccc1NC=O,1.2094693779654335
Cn1nccc1OC=O,0.8894838975429593
Cn1ncn(C=O)c1=O,0.6467271430446999
Cn1ncnc1C(N)=O,0.8747204618612159
Cn1ncnc1CC#N,0.7910096813684504
Cn1ncnc1OC=O,1.2290917626869486
Cn1nc[nH]c(=O)c1=O,0.49867890084897226
Cn1ncoc(=N)c1=O,0.5794187407991558
Cn1ncoc(=O)c1=O,0.5659497513661336
C#Cc1nnn(C)c1C,0.49257571058842586
C#Cc1nnn(C)c1O,0.4331653080553224
Cc1c(C#N)nnn1C,0.5575697561416746
Cn1nnc(C#N)c1N,0.4632735509567283
C#Cc1c(C)nnn1C,0.3300377249615849
Cc1nnn(C)c1C#N,0.5773168507039372
Cn1nnc(N)c1C#N,0.5098148393553856
C#CCc1cnnn1C,0.7076085938078904
Cn1nncc1CC#N,0.7812346121409064
Cn1nncc1OC=O,0.8800492429163569
CN=c1ccnncc1,1.5124173116691964
C#Cc1noc(=NC)[nH]1,0.30250082320708316
CN=c1[nH]c(C#N)no1,0.3263861729083146
CN=c1[nH]c(=O)cno1,1.1031327001637692
CN=c1cnoc(=O)[nH]1,1.4378000637025252
CN=c1[nH]nc(C#N)[nH]1,0.325916776273516
CN=c1cnoc(=O)o1,1.542998515897125
CN=c1ocnn1C=O,0.5881488378818176
CN=c1ocnoc1=O,1.2468374044310622
CN=c1ccc(O)no1,0.3820877161797398
C#Cc1noc(=NC)o1,0.3168071073851024
CN=c1onc(C#N)o1,0.4835767104577826
CN=c1onc(C=O)o1,0.7233175983947149
CN=c1oncc(=O)o1,1.6416996751413535
CN=c1oncn1C=O,0.519006632241144
CN=c1oncoc1=O,1.261491395864141
CN=COc1ccon1,2.171317120308231
CNC(=O)c1ccn[nH]1,0.9529772888618027
CNC(=O)c1ccno1,0.41944698057341157
CNC(=O)c1cn[nH]c1,1.0035130201504217
CNC(=O)c1cnoc1,1.022125018414954
CNC(=O)c1ncno1,0.5298066460272821
CNC(=O)c1cc[nH]n1,0.4527496784521645
CNC(=O)c1ccon1,0.4683400685480592
CNC(=O)c1ncon1,0.5247879660746548
CNC(=O)n1cccn1,0.26293985730808345
C#Cc1cn[nH]c1NC,0.34289543752493046
CNc1[nH]ncc1C#N,0.35344420846377034
C#Cc1cnoc1NC,0.2806649544454558
CNc1oncc1C#N,0.23291833713119559
CNc1oncc1C=O,0.3066294182972342
CNc1[nH]nnc1C#N,0.31488228186753986
C#Cc1[nH]ncc1NC,0.5003504970900394
CNc1cn[nH]c1C#N,0.458732322213109
CNc1nn[nH]c1C#N,0.33103202948041144
C#Cc1oncc1NC,0.4645818750213948
CNc1cnoc1C#N,0.431073948773701
CNc1cnoc1C=O,0.4754428967626154
C#Cc1onnc1NC,0.4880648497673974
C#Cc1cc(NC)[nH]n1,0.6974940079544467
CNc1cc(C#N)n[nH]1,0.6073303979392222
C#Cc1cc(NC)on1,0.4820198374800384
CNc1cc(C#N)no1,0.4094572406193038
CNc1cc(=O)cno1,0.48134401517381775
CNc1cn[nH]c(=O)c1,0.3370079520263971
CNc1cnoc(=O)c1,0.34338739240956784
CNc1cc(C=O)no1,0.47929252059111604
C#Cc1nc(NC)no1,0.6203665356460988
CNc1ccn[nH]c1=O,0.39390881049803284
CNc1ccnoc1=O,0.3749468736405106
C#Cc1n[nH]cc1NC,0.5600296938227984
CNc1c[nH]nc1C#N,0.5465926505748939
C#Cc1nocc1NC,0.6577663178159128
CNc1conc1C#N,0.5922340307915874
CNc1conc1C=O,0.5769854702866724
CNc1concc1=O,0.44492855094176775
C#Cc1n[nH]c(NC)n1,0.618652761741032
C#Cc1noc(NC)n1,0.5133285656720545
CNc1nc(C#N)no1,0.39560399902438803
CNc1nc(=O)cno1,0.7129198235124932
CNc1nc(C=O)no1,0.3897582285990211
CNc1ncnoc1=O,0.5026110568487638
C#Cc1cc(NC)n[nH]1,0.6212239668293478
CNc1cc(C#N)[nH]n1,0.516394174670495
C#Cc1nc(NC)n[nH]1,0.5270578049203323
CNc1n[nH]c(C#N)n1,0.4351867884652165
CNc1ccc(=O)[nH]n1,0.6236546522595745
C#Cc1c[nH]nc1NC,0.3871036477794405
CNc1n[nH]cc1C#N,0.4163798477347882
CNc1n[nH]ccc1=O,0.2957831723470008
CNc1n[nH]nc1C#N,0.34294030912133167
C#Cc1cc(NC)no1,0.7031269852395781
CNc1cc(C#N)on1,0.5963486392192863
CNc1noc(C#N)n1,0.49785121172317304
CNc1ccc(=O)on1,0.8017063190472982
CNc1cc(C=O)on1,0.6178765565819049
CNc1noc(C=O)n1,0.5495436995843193
C#Cc1conc1NC,0.4030315136478748
CNc1nocc1C#N,0.46985269579636224
CNc1nocc1C=O,0.5207045419065253
CNc1noccc1=O,0.3923577335444861
CNc1nocnc1=O,0.5225612845042633
C#Cc1nonc1NC,0.43236055813940766
CNc1nonc1C#N,0.42961666950941435
COC(=O)c1ccn[nH]1,0.6913800419806648
COC(=O)c1ccno1,0.9339037852696492
COC(=O)c1cn[nH]c1,0.9057725593520445
COC(=O)c1cnoc1,1.0331390498504334
COC(=O)c1cc[nH]n1,0.9044953923385037
COC(=O)c1cn[nH]n1,1.1004816568292881
COC(=O)c1ncon1,0.9635308762171917
COC(=O)n1ccnn1,0.9192879170041124
COC(=O)n1cnnc1,1.5992798796632997
C#Cc1cn[nH]c1OC,0.5795579543155327
COc1[nH]ncc1C#N,0.4715257070311054
C#Cc1cnoc1OC,0.45109789210982854
COc1oncc1C#N,0.4247840338939568
COc1[nH]ncc1C=O,0.7244606948424916
COc1oncc1C=O,0.5584862632713339
C#Cc1nn[nH]c1OC,0.5860074912616255
C#Cc1[nH]ncc1OC,0.4552408548188396
COc1cn[nH]c1C#N,0.536038899948835
COc1cn[nH]c1C=O,0.6550155991244537
C#Cc1[nH]nnc1OC,0.3980676646660868
C#Cc1oncc1OC,0.5650733538386703
COc1cnoc1C#N,0.6507856415701099
COc1cnoc1C=O,0.7777954450575635
C#Cc1cc(OC)[nH]n1,0.595271421570942
COc1cc(C#N)n[nH]1,0.6097040210624982
C#Cc1cc(OC)on1,0.5299087704061094
COc1cc(C#N)no1,0.5497043556824792
COc1cc(=O)cno1,0.5436705000702204
COc1cn[nH]c(=O)c1,0.4869394679353718
COc1cc(=O)[nH]nn1,0.7150095773213252
COc1cnoc(=O)c1,0.5679167817634152
COc1cc(C=O)n[nH]1,0.641859187031514
COc1cc(C=O)no1,0.7299676017173624
COc1ccnn1C=O,0.7701168236399099
COc1ccn[nH]c1=O,0.5126761451701896
COc1ccnoc1=O,0.5948428692463494
COc1cnn(C=O)c1,0.8165140548881027
COc1cnc(O)nn1,1.3460878801870422
COc1cnnoc1=O,0.7907928881541011
C#Cc1n[nH]cc1OC,0.41535463106447423
COc1c[nH]nc1C#N,0.6681075474116369
COc1c[nH]nc1C=O,0.9407897114215302
C#Cc1nocc1OC,0.7423386384089099
COc1conc1C#N,0.8209521252192644
COc1conc1C=O,0.9364115605894767
COc1concc1=O,0.6693756530257815
C#Cc1noc(OC)n1,0.7796038057895203
COc1nc(C#N)no1,0.8108898124610278
COc1nc(=O)cno1,0.7853691665259248
COc1cn[nH]c(=O)n1,0.5899693621086044
COc1nc(C=O)no1,0.5536390423440025
COc1ncc(O)nn1,1.3508388543923502
COc1ncnn1C=O,1.0152244797445746
COc1ncn[nH]c1=O,0.5620101938657172
COc1ncnoc1=O,0.8879625898571248
COc1ccn(C=O)n1,0.7973870264722791
COc1cnn(C=O)n1,0.7127613171105622
C#Cc1cc(OC)n[nH]1,0.6918676974655682
COc1cc(C#N)[nH]n1,0.6571244553342694
COc1ccc(=O)[nH]n1,0.5330108698908589
COc1ncc(=O)[nH]n1,0.6641111725093651
COc1cc(C=O)[nH]n1,0.7221069632505532
C#Cc1c[nH]nc1OC,0.42599758065443893
COc1n[nH]cc1C#N,0.49104512381927634
COc1n[nH]cc1C=O,0.75512532922221
C#Cc1n[nH]nc1OC,0.4040881050605094
COc1n[nH]nc1C#N,0.46079325914979563
COc1n[nH]nc1C=O,0.6313108242666203
C#Cc1cc(OC)no1,0.6281883434439806
COc1cc(C#N)on1,0.8219518175937992
COc1ccc(=N)on1,0.47485053181844705
C#Cc1nc(OC)no1,0.921146047385264
COc1noc(C#N)n1,0.9207669109637209
COc1ccc(=O)on1,0.7705185455251922
COc1ncc(=O)on1,0.9836449709200679
COc1cc(C=O)on1,0.803541047627732
COc1noc(C=O)n1,0.9042730479995953
C#Cc1conc1OC,0.4363096396318724
COc1nocc1C#N,0.6699387657190528
COc1nocc1C=O,0.7274859221270162
COc1noccc1=O,0.376003002460493
COc1nocnc1=O,0.6816112857995904
C#Cc1nonc1OC,0.3271155744569114
COc1nonc1C#N,0.7043336475162505
COc1nonc1C=O,0.8013798094689264
COC=Nc1ccno1,0.8857596094185283
COC=Nc1ccon1,1.2425314182291913
N#CC#Cc1ccn[nH]1,0.2805005431710015
N#CC#Cc1ccno1,0.22625728597995476
N#CC#Cc1cn[nH]c1,0.35951128919441544
N#CC#Cc1c[nH]nn1,0.3878809141806414
N#CC#Cc1cnoc1,0.40280862507825077
N#CC#Cc1ncno1,0.3717019687355787
N#CC#Cc1cc[nH]n1,0.3550431230578397
N#CC#Cc1nc[nH]n1,0.3738710437701229
N#CC#Cc1cn[nH]n1,0.32089401461416855
N#CC#Cc1nn[nH]n1,0.41145828526896366
N#CC#Cc1ccon1,0.39854960575212317
N#CC#Cc1ncon1,0.4047915197243128
N#CC#Cc1cnon1,0.43521985031475197
N#Cc1cn[nH]c1C#N,0.34571045675329515
N#Cc1cnoc1C#N,0.3443015049360838
N#Cc1cnn2c1CC2,0.46290595217033115
N#Cc1cc(C#N)[nH]n1,0.39356983810102975
N#Cc1cc(C#N)on1,0.3143835785558622
N#Cc1c[nH]nc1C#N,0.3776434144383529
N#Cc1conc1C#N,0.5277977100722637
N#Cc1noc(C#N)n1,0.5038624002445431
N#Cc1cc2n(n1)CC2,0.5072973767728399
N#Cc1nnc(C#N)o1,0.4528786060600396
N#Cc1n[nH]nc1C#N,0.21014394722078578
N#Cc1nonc1C#N,0.21426002506632358
N#CCc1cncnn1,1.0736254482199001
N#CCc1cnncn1,1.04245283144337
N#CCc1nccnn1,1.1770775544591743
N#CCc1ncnnn1,1.3197067826022248
N#CCCc1ccn[nH]1,0.5152066420087067
N#CCCc1ccno1,0.6653421617738786
N#CCCc1cnn[nH]1,0.599344967999059
N#CCCc1cn[nH]c1,0.6113628007351508
N#CCCc1c[nH]nn1,0.6829485355810903
N#CCCc1cnoc1,0.654395777877653
N#CCCc1ncn[nH]1,0.8243596182328474
N#CCCc1cc[nH]n1,0.8572519137942436
N#CCCc1nc[nH]n1,0.7469792431838869
N#CCCc1cn[nH]n1,0.6067875577409723
N#CCCc1ccon1,0.9453635666341142
N#CCCn1cccn1,0.7693481832502584
N#CCCn1ccnn1,0.7584978011709609
N#CCCn1cnnc1,1.089869456120141
N#CCCn1cnnn1,0.9352672668392188
N#CCCn1nccn1,0.4211670675285859
N#CCCn1ncnn1,1.378437145065618
N#CCN=c1[nH]cn[nH]1,0.42757442680704116
N#CCN=c1[nH]cno1,0.47652408727844886
N#CCN=c1ocno1,0.5062246217912616
N#CCN=c1onno1,1.280794672511547
N#CCNc1ccn[nH]1,0.9829114876574749
N#CCNc1ccno1,0.5473382429045159
N#CCNc1cn[nH]c1,0.8971376749523188
N#CCNc1c[nH]nn1,0.8389259345440223
N#CCNc1cnoc1,1.0321182958523423
N#CCNc1ncno1,0.566434468017178
N#CCNc1cc[nH]n1,0.6626630906976061
N#CCNc1cn[nH]n1,0.597276030912326
N#CCNc1ccon1,0.9635290802652889
N#CCNc1ncon1,0.6761828838116344
N#CCNc1cnon1,0.6829078001155722
N#CCOc1ccn[nH]1,0.764777021966438
N#CCOc1ccno1,0.6398786325662513
N#CCOc1cn[nH]c1,0.8764662635858258
N#CCOc1c[nH]nn1,0.7446294028231932
N#CCOc1cnoc1,1.009672946178398
N#CCOc1ncno1,0.9643151903692342
N#CCOc1cc[nH]n1,0.72693565321606
N#CCOc1nc[nH]n1,0.820103156780533
N#CCOc1cn[nH]n1,0.6725462163922202
N#CCOc1nn[nH]n1,0.9046280479069537
N#CCOc1ccon1,0.9897331404827128
N#CCOc1ncon1,1.0998356310046802
N#CCOc1cnon1,1.0358516453725315
c1cc2c[nH]nnc-2c1,0.3603151683437318
c1ccc2n[nH]cc2c1,0.15884934443420207
c1cnc2n[nH]cc2c1,0.1847251807612338
c1cc2c[nH]nc2cn1,0.22589483014962752
c1cc2n[nH]cc2cn1,0.22403041393408785
c1ncc2c[nH]nc2n1,0.6892439743714931
c1nncc2c[nH]cc12,1.1774480920757924
c1nncc2n[nH]cc12,1.1974514363864728
c1cnc2c[nH]nc2c1,0.20816434515290894
c1cnc2n[nH]cc2n1,0.7761171548118
c1ncc2n[nH]cc2n1,0.673774675000459
c1cc2cc[nH]nc-2n1,0.36065748774490203
c1cc2cncc-2n[nH]1,0.3651573551596812
c1cc2n[nH]ccc-2n1,0.4559420925725135
c1nc2cc[nH]nc-2n1,0.6213930856756633
c1ccc2[nH]nnc2c1,0.2902208358536882
c1cc2nc[nH]nc-2n1,0.4368026013362396
c1nc2cncc-2n[nH]1,0.44262643937327084
c1cc2n[nH]cnc-2n1,0.5162443487079145
c1ccc2n[nH]nc2c1,0.18116631073462486
c1cnc2n[nH]nc2c1,0.6395252109196008
c1cc2n[nH]nc2cn1,0.5042788434948307
c1ccc2[nH]ncc2c1,0.1617692363961396
c1cnc2cn[nH]c2c1,0.2908420993044274
c1cc2[nH]ncc2cn1,0.366493870236809
c1cc2cn[nH]c2cn1,0.22750857495339005
c1ncc2[nH]ncc2n1,0.8098722149861715
c1cnc2[nH]ncc2c1,0.37714011240132095
c1cnc2[nH]ncc2n1,0.8293734817671066
c1ncc2cn[nH]c2n1,0.8104410148571333
c1cc2nc[nH+][n-]c-2n1,0.4367921793691494
c1cc2[nH]nnc2cn1,0.6863595932900353
c1cc2nn[nH]c2cn1,0.5492192308629456
c1cnc2[nH]nnc2c1,0.645907562920911
c1ncc2nn[nH]c2n1,0.6465841471435851
c1cc2cnn[nH]c-2c1,0.3957865330885397
N=c1ccc(=O)[nH]nc1,0.8112336829108244
N=c1ccc(=O)[nH]nn1,1.3272607758099184
N=c1ccnn[nH]c1=O,1.373750144854057
C#Cc1noccc1=N,0.31335702852811664
N#Cc1noccc1=N,0.6497094851638394
N=c1cconc1C=O,2.024387130553805
N=c1cconcc1=N,0.8435271644211753
N=c1cnc(=O)[nH]nn1,1.2649003310853004
N=c1cncnoc1=O,1.114693163703123
[NH2+]=c1cn[n-]c(C=O)c1,1.1717073304444057
[NH2+]=c1cn[n-]cc1C=O,1.1617671152325784
C#Cc1cc(=N)cno1,0.43680162172859127
N#Cc1cc(=N)cno1,0.820433639222756
C#Cc1nc(=N)cno1,1.0187646283302456
N#Cc1nc(=N)cno1,1.3230296753790753
N=c1cnoc(C=O)c1,0.7170447994867573
N=c1cnoc(C=O)n1,0.6949990219927713
C#Cc1concc1=N,0.33133799445022305
N#Cc1concc1=N,0.24617665591358673
N=c1cnocc1C=O,2.0688030182063812
N=c1cnocnc1=N,1.5465474265529338
N=c1cnocnc1=O,1.5213816988998587
C#Cc1noncc1=N,0.3117998290072137
N#Cc1noncc1=N,0.9036674583130662
N=c1cnonc1C=O,1.4450453435911186
N=c1cnoncc1=O,1.439997112061974
N=c1nccn[nH]c1=O,0.6769206120534363
N=c1ncnn[nH]c1=O,1.289945430613443
C#Cc1nocnc1=N,0.4621545638074167
N#Cc1nocnc1=N,1.2373274286510423
N=c1nconc1C=O,1.8416298237443698
N=c1nn[nH]ccc1=O,1.0650194895388267
N=c1ccc(=N)[nH]nc1,0.5347959648806864
N=c1ccc(=O)cn[nH]1,0.7378938196507079
N=c1ncc(=O)cn[nH]1,0.6973744682800316
N=c1cccn[nH]c1=N,0.22667819190428418
N=c1[nH]ncccc1=O,0.2509593586109986
N=c1[nH]nccnc1=O,0.5024281418227474
N=c1[nH]ncncc1=O,0.8709171790451364
N=c1ccc(=O)nn[nH]1,1.4591995704740839
N=c1ncc(=O)nn[nH]1,1.231997559139927
N=c1cnc(=O)nn[nH]1,1.4945520758265047
N=c1[nH]nnccc1=O,1.3174607537293923
N#Cc1ccc(=N)on1,0.27803900001890725
C#Cc1cnc(=N)on1,0.29135402735300886
N=c1cnc(C=O)no1,0.7666920241717889
C#Cc1ncc(=N)on1,0.30265557443090074
N#Cc1ncc(=N)on1,0.763946856606708
N#Cc1cnoc(=N)c1,0.33197588406437717
N=c1cnoc(=N)cn1,0.8599071748976712
N=c1ncc(=O)cno1,0.9935919345534785
N=c1cnc(=O)cno1,1.1237322734359623
N=c1cc(C=O)cno1,0.35193930925015593
C#Cc1ccnoc1=N,0.2690513198340341
N#Cc1ccnoc1=N,0.3017076925589208
N=c1onccc1C=O,1.7886473523049062
C#Cc1ncnoc1=N,0.3867167833213898
N#Cc1ncnoc1=N,0.8060194074241736
N=c1oncnc1C=O,1.3579491657383187
N=c1cncnoc1=N,1.2437310327550222
N=c1oncncc1=O,1.1913726547518309
C#Cc1cnnoc1=N,0.6547818259950873
N=CNc1cncnn1,1.9971321388929937
N=CNc1cnncn1,1.3086041508504422
N=CNc1nccnn1,2.097319149361283
N=CNc1noc(=O)o1,0.7706121799474204
N=COc1cncnn1,1.6923131766034203
N=COc1cnncn1,1.3431374298234005
N=COc1nccnn1,1.8135640140262694
N=COc1ncnnn1,1.7097614793910907
N=COc1n[nH]c(=O)[nH]1,0.7976295888838649
N=COc1noc(=O)[nH]1,1.0678799517972948
N=COCc1cnoc1,0.8102205753148155
N=COCc1ccon1,2.5845176426082617
NC(=O)c1oncc1N,0.7168111352038977
NC(=O)c1cn[nH]c1N,0.6507971247829119
NC(=O)c1cnoc1N,0.37411159253861115
NC(=O)c1cc(N)n[nH]1,0.804503188272065
NC(=O)c1cc(N)no1,0.7825730592230684
NC(=O)c1cc(O)n[nH]1,0.779102462969604
NC(=O)c1cc(O)no1,0.7758460204313451
NC(=O)c1cncnn1,0.9787085510233737
NC(=O)c1cnncn1,0.9268487130630092
NC(=O)c1c[nH]nc1N,0.6428281033167877
NC(=O)c1conc1N,0.7337256047630945
NC(=O)c1nc(N)no1,0.8490558676257933
NC(=O)c1nc(O)no1,1.028342170011456
NC(=O)c1nccnn1,1.1701835465191834
NC(=O)c1ncnnn1,1.0755062456973974
NC(=O)c1n[nH]c(=O)[nH]1,0.4749316762063245
NC(=O)c1cc(N)[nH]n1,0.7632993885799806
NC(=O)c1n[nH]cc1N,0.7324051716295799
NC(=O)c1noc(=O)[nH]1,0.4734881659151142
NC(=O)c1noc(=O)o1,1.1352357563046098
NC(=O)c1cc(N)on1,0.46081312347268977
NC(=O)c1noc(N)n1,0.859781975248552
NC(=O)c1nocc1N,0.7803825688151846
NC(=O)Cc1ccn[nH]1,0.44212256589707977
NC(=O)Cc1ccno1,0.3626592670989339
NC(=O)Cc1cn[nH]c1,0.5152421800958109
NC(=O)Cc1cnoc1,0.5240427274911781
NC(=O)Cc1ncn[nH]1,2.2179424647129053
NC(=O)Cc1ncno1,1.8623113577505137
NC(=O)Cc1cc[nH]n1,0.44670088378006767
NC(=O)Cc1nc[nH]n1,1.8629787717309227
NC(=O)Cc1ccon1,1.8359226409738767
NC(=O)Cc1ncon1,1.826745759930418
NC(=O)Cn1cccn1,0.41410701563472685
NC(=O)n1cc(N)cn1,0.840621150278821
NC(=O)n1ccc(N)n1,0.8224511739772424
NC(=O)n1ccc(O)n1,0.8571029041722795
NC(=O)n1cn[nH]c1=O,0.8535785926196695
NC(=O)n1cnoc1=O,0.9468286283554335
NC(=O)n1ncc(O)n1,0.701706114827175
NC(=O)n1nccc1N,0.5973675972691126
NC(=O)n1ncnc1N,0.7266290623847453
NC(=O)n1ncnc1O,1.0223016476084013
NC(=O)n1nc[nH]c1=O,0.9164729249914672
NC(=O)n1ncoc1=O,0.9257914957888715
NC(=O)n1nnoc1=O,1.6800467133198254
NC(=O)Nc1ccn[nH]1,0.6857460850897041
NC(=O)Nc1ccno1,0.7852246739985276
NC(=O)Nc1cnoc1,0.7956560821712628
NC(=O)Nc1ncno1,1.7580512362274021
NC(=O)Nc1cc[nH]n1,0.8420375308069197
NC(=O)Nc1ccon1,0.8945150947401999
NC(=O)Nc1ncon1,0.6585386861661391
NC(=O)Oc1ccn[nH]1,0.8908847403636173
NC(=O)Oc1ccno1,0.9744591917460639
NC(=O)Oc1cn[nH]c1,0.9776532385512837
NC(=O)Oc1c[nH]nn1,0.9996801041197614
NC(=O)Oc1cnoc1,1.0555836648200057
NC(=O)Oc1ncno1,1.7917514926448348
NC(=O)Oc1cc[nH]n1,1.0248568796068867
NC(=O)Oc1nc[nH]n1,1.564894793966232
NC(=O)Oc1cn[nH]n1,0.9774036283833993
NC(=O)Oc1ccon1,1.3342028390779888
NC(=O)Oc1ncon1,1.8693716817542736
NC(=O)Oc1cnon1,1.5738622288718034
C#CC(N)c1ccno1,1.0582413205283956
C#CC(N)c1ncn[nH]1,1.208619892511706
C#CC(N)c1ncno1,0.9251964913382835
C#CC(N)c1nc[nH]n1,1.039364609772747
C#CC(N)c1ccon1,0.9071885317098349
C#CC(N)c1ncon1,1.2938123064686806
N#CC(N)c1ccn[nH]1,1.0672716953977215
N#CC(N)c1ccno1,1.0330892802048766
N#CC(N)c1cn[nH]c1,1.266022937354137
N#CC(N)c1c[nH]nn1,1.3955824761324038
N#CC(N)c1cnoc1,1.310773089826398
N#CC(N)c1ncn[nH]1,1.2302573901743017
N#CC(N)c1ncno1,1.481373377597265
N#CC(N)c1cc[nH]n1,1.3253986181407527
N#CC(N)c1nc[nH]n1,1.3411496643384453
N#CC(N)c1cn[nH]n1,1.3175589324564498
N#CC(N)c1ccon1,1.197898465250546
N#CC(N)c1ncon1,1.2883059438245255
N#CC(N)c1cnon1,1.498702576091091
C#Cc1c(O)n[nH]c1N,0.5614187268947717
C#Cc1c(O)noc1N,0.3869942579549388
N#Cc1c(O)n[nH]c1N,0.7184518737176404
N#Cc1c(O)noc1N,0.3273508442143793
Nc1noc(N)c1C=O,0.8727274989996658
Nc1[nH]nc(O)c1C=O,0.7741973906104249
Nc1onc(O)c1C=O,0.5176391505992797
C#CCc1cn[nH]c1N,0.7494859028392966
C#CCc1cnoc1N,0.5375503843188199
C#CCc1[nH]ncc1N,1.073025464085731
C#CCc1oncc1N,0.8240868511729786
N#CCc1cn[nH]c1N,0.7214229775254353
N#CCc1cnoc1N,0.5046804293197056
N#CCc1nn[nH]c1N,0.6838394095739204
N#CCc1[nH]ncc1N,0.8362039783023647
N#CCc1[nH]nnc1N,0.9851285636032117
N#CCc1oncc1N,0.7939517778304435
Nc1oncc1CC=O,0.5741036742874712
Nc1cnoc1CC=O,0.8654701100385864
C#Cc1n[nH]c(N)c1N,1.6377188923688664
N#Cc1n[nH]c(N)c1N,1.6230554313679022
C#Cc1noc(N)c1N,1.5151193219571724
N#Cc1noc(N)c1N,1.4923381019798398
Nc1oncc(=O)c1N,1.0148950857601449
Nc1cnoc(=O)c1N,0.7535800755085802
Nc1onc(C=O)c1N,1.1491492439399735
Nc1oncc1NC=O,1.4094790110666509
Nc1cnoc1NC=O,1.7113520400871494
Nc1cn[nH]c1OC=O,0.9506127815548098
C#Cc1[nH]nc(O)c1N,0.6500741995441786
N#Cc1[nH]nc(O)c1N,0.5750886725090822
Nc1c(O)n[nH]c1C=O,0.5621629586585186
C#Cc1n[nH]c(N)c1O,1.464596243968117
N#Cc1n[nH]c(N)c1O,1.6356871532625519
Nc1oncc(=O)c1O,0.5643635989181348
Nc1cnoc(=O)c1O,0.47914065377335646
Nc1[nH]nc(C=O)c1O,1.7038846335508424
Nc1nncc(O)c1O,1.0208909270477307
Nc1c(O)cnn1C=O,0.9395924098644173
Nc1c(O)cnnc1O,0.7441292300973146
Nc1c(O)cn[nH]c1=O,0.41288873408848303
Nc1cnn(C=O)c1O,0.9129230891485349
Nc1c(O)nn[nH]c1=O,0.38104236307663086
Nc1c(O)nnoc1=O,0.3613453646976268
C#Cc1n[nH]c(O)c1N,1.7090518333170621
N#Cc1n[nH]c(O)c1N,1.7987792173971684
Nc1c(C=O)n[nH]c1O,1.9202542767452542
Nc1c(O)[nH]ncc1=O,1.6501672910690104
Nc1c(O)oncc1=O,1.938110587248957
Nc1[nH]ncc1OC=O,0.8064898380907835
Nc1oncc1OC=O,0.7064738240460429
Nc1cnoc1OC=O,0.9744851786326763
C#Cc1onc(O)c1N,0.6076830848833197
Nc1c(O)noc1C=O,0.6039738718718581
Nc1cc(=O)c(N)no1,0.4672579800571839
Nc1cc(=O)c(O)n[nH]1,0.39618915294704493
Nc1cc(=O)c(O)no1,0.7713099346401577
Nc1cc(=O)[nH]nc1O,0.33144338419697306
Nc1cc(=O)onc1N,0.8939097227466846
Nc1cc(=O)onc1O,0.26718050893759937
C#CCc1cc(N)[nH]n1,0.8699431198056118
C#CCc1cc(N)on1,0.5502092087681376
N#CCc1cc(N)[nH]n1,0.8459189103377867
N#CCc1cc(N)on1,0.5321193700401636
Nc1cc(CC=O)no1,0.7774096418397676
Nc1cc(NC=O)no1,0.8682105428197247
Nc1cc(O)nn1C=O,0.6747360809404199
Nc1cc(O)n[nH]c1=O,0.5212044425188651
N=c1onc(O)cc1N,0.5199787050496525
Nc1cc(O)noc1=O,0.5473513043780258
Nc1cc(OC=O)n[nH]1,0.992199663323845
Nc1cc(OC=O)no1,0.6914482609590777
C#CCn1nccc1N,0.885545700612056
N#CCn1nccc1N,0.9731637658860564
Nc1cn(C=O)nc1O,0.7665926481458882
C#CCn1cc(N)cn1,0.8650220471427019
N#CCn1cc(N)cn1,0.8670533780750702
N#CCn1cc(N)nn1,0.8103033251809393
Nc1cnc(C=O)nn1,1.0255238309946435
C#Cc1ncc(N)nn1,0.9832076293132559
N#Cc1ncc(N)nn1,1.0427272311917477
N#CCn1nncc1N,0.8660959994285804
Nc1c[nH]nc(O)c1=O,0.6417354023778898
C#CCc1n[nH]cc1N,0.8588321341558185
N#CCc1n[nH]cc1N,0.9235915358131024
Nc1c[nH]nc1OC=O,1.0113442703004694
Nc1conc(N)c1=O,0.47657042829268903
Nc1conc(O)c1=O,0.7368866441411228
C#CCc1nocc1N,0.9182576934399549
N#CCc1nocc1N,0.9804604481068964
Nc1conc1CC=O,1.065634086196951
Nc1conc1NC=O,1.5758563074014091
Nc1conc1OC=O,1.0711463537118107
Nc1nc(=O)c(N)no1,0.7943072403340921
Nc1nc(=O)[nH]nc1O,0.49472674447133613
C#CCc1n[nH]c(N)n1,0.9153650400912738
C#CCc1noc(N)n1,0.7475431722195935
N#CCc1noc(N)n1,0.7340803597726335
Nc1nc(CC=O)no1,0.6459089234867861
Nc1nc(NC=O)no1,0.9138744540759944
Nc1nc(O)n[nH]c1=O,0.7516470049322379
Nc1nc(O)noc1=O,0.8681827055588656
Nc1nc(OC=O)n[nH]1,1.3098779980718973
Nc1nc(OC=O)no1,1.3086652132278687
Nc1ncc(C=O)nn1,1.0614746333776566
C#Cc1cnc(N)nn1,1.0225345499693503
N#Cc1cnc(N)nn1,1.0291525254742737
C#CCn1ncnc1N,0.9205747712749144
N#CCn1ncnc1N,0.9644386484869756
Nc1nn(C=O)c(=O)[nH]1,1.0769671712860145
Nc1nn(C=O)c(=O)o1,0.9460440420880332
Nc1nc(O)n(C=O)n1,0.8698749008308369
Nc1nn(C=O)nc1O,0.6883809104328975
C#CCn1ccc(N)n1,0.701383496485505
N#CCn1ccc(N)n1,0.7299433563603088
N#CCn1ncc(N)n1,0.6224924261932756
N=c1oc(N)n[nH]c1=O,0.9579547163339157
Nc1noc(O)nc1=O,0.7775474947866314
Nc1cc(N)c(=O)[nH]n1,0.7443065667848714
Nc1n[nH]c(=O)cc1O,0.6431655246633454
Nc1n[nH]c(=O)n1C=O,0.923060042770885
Nc1n[nH]c(=O)nc1O,0.6651601719404425
Nc1n[nH]c(=O)[nH]c1=O,0.6665747837269009
C#Cc1[nH]nc(N)c1N,0.9005052216343756
N#Cc1[nH]nc(N)c1N,0.8747471290334943
C#CCc1cc(N)n[nH]1,0.7883651415577333
C#CCc1nc(N)n[nH]1,0.7045993940373592
N#CCc1cc(N)n[nH]1,0.7643853955160012
N#CCc1nc(N)n[nH]1,0.6703058202783723
C#Cc1c(N)n[nH]c1N,0.9418338400137145
N#Cc1c(N)n[nH]c1N,0.9288518257781107
C#Cc1c(N)n[nH]c1O,0.789388535062244
Nc1n[nH]c(O)cc1=O,0.3795177083884482
Nc1cc(OC=O)[nH]n1,1.0087829429485282
Nc1n[nH]c(OC=O)n1,0.8932684861265443
Nc1n[nH]cc(O)c1=O,0.34826514452288393
C#CCc1c[nH]nc1N,0.8170466363881133
N#CCc1c[nH]nc1N,0.9106866114725563
Nc1n[nH]cc1OC=O,0.8963035911492625
N#CCc1n[nH]nc1N,0.7637076411992894
Nc1n[nH]nc1OC=O,0.8577243308900506
N=c1onc(N)oc1=O,1.1176804582974
N=c1onc(N)cc1O,0.8682646390825539
N=c1[nH]c(=O)c(N)no1,0.4525579741457477
N=c1onc(N)c(=O)o1,0.6732927883349475
N=c1oc(N)noc1=O,1.2582082045191783
Nc1noc(=O)c(=O)[nH]1,1.3469493658631109
Nc1noc(=O)c(=O)o1,1.1911851682125416
Nc1cc(N)c(=O)on1,0.8514752603241504
Nc1noc(=O)c(N)n1,0.9230106268696545
Nc1cc(O)c(=O)on1,0.9391835313854244
Nc1noc(=O)c(O)n1,1.050611461940207
Nc1noc(=O)n1C=O,1.0807877333390934
Nc1noc(=O)nc1O,1.0326475575639051
N=c1[nH]c(=O)onc1N,0.9039370416430756
N=c1oc(=O)onc1N,0.8989185521713807
C#Cc1onc(N)c1N,0.818556025480575
N#Cc1onc(N)c1N,0.8088103989848605
Nc1noc(C=O)c1N,0.8194977847870177
C#CCc1cc(N)no1,0.8050987097394682
C#CCc1nc(N)no1,0.7054373418577597
N#CCc1cc(N)no1,0.8067935445142211
N#CCc1nc(N)no1,0.7712996759419184
Nc1cc(CC=O)on1,0.8881044973059034
Nc1noc(CC=O)n1,0.7163787460722233
C#Cc1c(N)noc1N,0.4723382938263967
N#Cc1c(N)noc1N,0.7053029719736514
Nc1cc(NC=O)on1,0.9167582637201122
Nc1noc(NC=O)n1,1.0146099647190567
Nc1cc(OC=O)on1,1.0928233623271808
Nc1noc(OC=O)n1,1.3886084394707723
C#CCc1conc1N,0.9340692850000778
N#CCc1conc1N,1.0203076779216644
Nc1nocc1CC=O,1.0364083905933512
Nc1nocc1NC=O,1.293555730186199
Nc1nocc1OC=O,0.9138339907276531
C#CCc1nonc1N,0.8444643794300646
N#CCc1nonc1N,0.9183734235175507
Nc1nonc1OC=O,0.9390022218321974
NC=Nc1cc(O)no1,0.7447435818558006
NC=Nc1cncnn1,1.4601073427438678
NC=Nc1cnncn1,1.4188049017302546
NC=Nc1nc(O)no1,1.1839412761073618
NC=Nc1nccnn1,1.5152449025608803
NC=Nc1noc(=O)[nH]1,1.2583257305541338
NC=Nc1noc(=O)o1,1.3105499835710361
N#Cc1cnoc1CN,1.0145512153103482
N#Cc1onnc1CN,0.9882057918712235
C#Cc1noc(CN)n1,0.8728233103338425
N#Cc1noc(CN)n1,1.080324404849307
N#Cc1n[nH]nc1CN,0.897551097732503
N#Cc1conc1CN,1.0237970228263293
N#Cc1nonc1CN,1.0437402299448877
c1cc2cnocc-2c1,0.36727943611185765
c1ccc2nocc2c1,0.1812632105247758
c1cnc2nocc2c1,0.19130503309861524
c1cc2conc2cn1,0.25860026502778055
c1cc2nocc2cn1,0.24162710047858127
c1ncc2conc2n1,0.7476710385817569
c1nncc2cocc12,1.2114678103189362
c1nncc2nocc12,1.233712312659918
c1cnc2conc2c1,0.2620011728886311
c1cnc2nocc2n1,0.7662636351178662
c1ncc2nocc2n1,0.6457542266871314
c1cc2cconc-2c1,0.36940363955363864
c1cc2cconc-2n1,0.37103262274285953
c1cc2cncc-2no1,0.42206229534531303
c1nc2cconc-2n1,0.6042307746902225
c1cc2nconc-2c1,0.43373786310075957
c1cc2nconc-2n1,0.465103517539319
c1nc2cncc-2no1,0.5178489776953938
c1cc2nocnc-2n1,0.5794133529416285
c1nc2nconc-2n1,0.9903714110569126
c1ccc2nonc2c1,0.18358319997969375
c1cnc2nonc2c1,0.5473110587172414
c1cc2nonc2cn1,0.5338766549757565
c1ccc2oncc2c1,0.3485793273375748
c1cnc2cnoc2c1,0.6666500504561554
c1cc2oncc2cn1,0.6864536903085536
c1cc2cnoc2cn1,0.6607739665323606
c1ncc2oncc2n1,0.8785955283474323
c1cnc2oncc2c1,0.4518921384224086
c1cnc2oncc2n1,1.005258849087113
c1ncc2cnoc2n1,0.9260286703429301
c1cc2cnonc-2c1,0.3730685524042201
c1cc2ccnoc-2c1,0.46687500682674
c1cc2ncnoc-2c1,0.47032269108058244
c1noc2nccc-2n1,0.6263038996421528
c1noc2cncc-2n1,0.5232126981882175
c1cc2oncnc-2n1,0.4562556495220633
c1noc2ncnc-2n1,0.9397995430354058
c1cnc2onnc2n1,0.840089902136242
C#CC(=O)c1ccn[nH]1,0.6084326500786119
C#CC(=O)c1ccno1,0.8163928281064727
C#CC(=O)c1cn[nH]c1,0.721988212708311
C#CC(=O)c1cnoc1,1.025586362789909
C#CC(=O)c1ncno1,0.4875173019954673
C#CC(=O)c1cc[nH]n1,0.6940355751994502
C#CC(=O)c1nc[nH]n1,0.5051010631250392
C#CC(=O)c1cn[nH]n1,0.7221742298333993
C#CC(=O)c1ccon1,0.5754948842750309
C#CC(=O)c1ncon1,0.6042554010073218
C#CC(=O)c1cnon1,0.7650063868495636
C#CC(=O)n1cccn1,0.6942921242680313
C#CC(=O)n1ccnn1,0.8459982315634988
C#CC(=O)n1cnnc1,1.0514225521073968
C#CC(=O)n1cnnn1,0.829264663383583
C#CC(=O)n1nccn1,0.6326303866371745
C#CC(=O)n1ncnn1,0.601538642142259
N#CC(=O)c1ccn[nH]1,0.5261431481685577
N#CC(=O)c1ccno1,0.7215729939707671
N#CC(=O)c1cn[nH]c1,0.8877856069211703
N#CC(=O)c1cnoc1,0.7690578376241319
N#CC(=O)c1ncno1,0.7473388418202376
N#CC(=O)c1cc[nH]n1,0.5702305670238275
N#CC(=O)c1nc[nH]n1,0.695458976269947
N#CC(=O)c1cn[nH]n1,0.7007044904421491
N#CC(=O)c1ccon1,0.5839215742580564
N#CC(=O)c1ncon1,0.5972635680918756
N#CC(=O)c1cnon1,0.6141586087123869
N#CC(=O)n1cccn1,0.7402273603856884
N#CC(=O)n1ccnn1,0.9685379369020666
N#CC(=O)n1cnnc1,1.6863524652289925
N#CC(=O)n1cnnn1,1.1255261304922897
N#CC(=O)n1nccn1,0.552629689918831
N#CC(=O)n1ncnn1,0.8082688921458612
O=C1C=Cc2[nH]ncc21,0.361783849180938
O=C1C=Cc2oncc21,0.3349926213923027
O=C1C=Cc2cn[nH]c21,0.5024401420505455
O=C1C=Cc2nn[nH]c21,0.5672401159081346
O=C1C=Cc2cnoc21,0.5603018350211642
O=C1C=Cc2ccnn21,0.517921115111676
O=C1C=Cc2cnnn21,0.488968023310008
O=C1C=Cn2nccc21,0.39826513779007655
O=C1C=Cn2ncnc21,0.4881601712968404
O=C1C=Cn2nncc21,0.6661406258572242
C#Cc1n[nH]ccc1=O,0.14260188068692514
C#Cc1noccc1=O,0.27288869852782227
N#Cc1noccc1=O,0.25375451351646916
C#Cc1cc(=O)cn[nH]1,0.2637549203409435
O=c1cn[nH]c(=O)nc1,0.6804509645317012
C#Cc1c[nH]ncc1=O,0.2022371310104063
C#Cc1cc(=O)cno1,0.2906512385525275
N#Cc1cc(=O)cno1,0.2696770731618017
C#Cc1nc(=O)cno1,0.6339435543322907
N#Cc1nc(=O)cno1,0.6040765132693195
C#Cc1concc1=O,0.39547738438159286
N#Cc1concc1=O,0.2885410761955427
C#Cc1noncc1=O,0.41781312654529756
N#Cc1noncc1=O,0.3589621631617774
O=C1Cc2cnoc2C1,0.532209222077654
O=C1Cc2cnoc2N1,0.5201605316160567
O=C1Cc2[nH]ncc2O1,0.9116255952158099
O=C1CCc2oncc21,0.28599928662333696
O=C1CCc2cnoc21,0.20127303114713868
O=C1CCc2ccnn21,0.6227042125119624
O=C1Cn2nccc2O1,0.9816317899840215
O=C1Cn2ncnc2O1,1.1713902087976749
O=C1COc2ccnn21,0.642255629905776
O=C1COc2ncnn21,0.9050960567601578
C#Cc1nocnc1=O,0.6704976878554589
N#Cc1nocnc1=O,0.5444397935298184
O=c1cnncc(=O)[nH]1,1.2174268890103122
C#CCc1noc(=O)[nH]1,0.6812040944223554
O=c1[nH]c2oncc2o1,0.5395880010873952
O=c1[nH]c2cnoc2o1,0.5560004747603671
C#CCn1nc[nH]c1=O,0.5107487617769948
N#CCn1nc[nH]c1=O,0.5249608945141517
O=C1NCc2oncc21,0.4975053004200163
O=C1NCc2cnoc21,0.3421169194007234
C#Cc1ccc(=O)[nH]n1,0.274135089448464
C#CCc1n[nH]c(=O)[nH]1,0.6337518500276929
C#Cc1ncc(=O)[nH]n1,0.3084890997270122
C#Cc1cn[nH]c(=O)c1,0.24446524939594383
C#Cc1cn[nH]c(=O)n1,0.5723850567519548
O=c1ccc(=O)[nH]nc1,0.9612884936705086
O=c1cn[nH]c(=O)cn1,0.8227291112052626
C#Cc1ccn[nH]c1=O,0.27034070475929184
C#CCn1cn[nH]c1=O,0.614628032557448
N#CCn1cn[nH]c1=O,0.643733916367637
C#Cc1ncn[nH]c1=O,0.3434599652100587
C#Cc1cc(=O)[nH]nn1,0.9341397625230456
N#Cc1cc(=O)[nH]nn1,0.8977881906575931
C#Cc1nn[nH]c(=O)n1,1.0145835152379732
N#Cc1nn[nH]c(=O)n1,0.986226434704804
O=c1ccc(=O)[nH]nn1,1.5425936919164087
O=c1cnc(=O)[nH]nn1,1.3101721805051056
C#Cc1cnn[nH]c1=O,0.7461657312014722
C#CCn1nn[nH]c1=O,0.4710748957841133
N#CCn1nn[nH]c1=O,0.5317190359364758
O=c1oc2cn[nH]c2o1,0.6316664772530203
O=c1oc2cnoc2o1,0.6817743909250567
C#CCn1ncoc1=O,0.5340152426324494
N#CCn1ncoc1=O,0.5269358706427738
O=C1OCc2[nH]ncc21,0.37234856599934574
O=C1OCc2oncc21,0.35880542550330574
O=C1OCc2cn[nH]c21,0.4584251871528977
O=C1OCc2cnoc21,0.4512457316413929
O=C1OCc2ccnn21,0.5725083243869449
C#CCc1noc(=O)o1,0.6534074870760378
N#CCc1noc(=O)o1,0.7890622703853296
C#Cc1ncc(=O)on1,0.8349229200593982
N#Cc1ncc(=O)on1,0.8336769373090647
O=c1onc2n1CC=C2,0.5991622706678754
O=c1onc2n1C=CC2,0.29195950819485006
C#CCn1cnoc1=O,0.5508632619585114
N#CCn1cnoc1=O,0.6898868164626037
C#Cc1ncnoc1=O,0.7849574308511365
N#Cc1ncnoc1=O,0.8092309239455062
O=c1cncnoc1=O,0.8024832044902723
C#Cc1cnnoc1=O,0.7325114865634532
N#CCn1nnoc1=O,0.48628370043297764
O=CC#Cc1ccn[nH]1,0.5651126470984309
O=CC#Cc1ccno1,0.555371918653691
O=CC#Cc1cn[nH]c1,0.6634414455566002
O=CC#Cc1c[nH]nn1,0.6970438225725957
O=CC#Cc1cnoc1,0.7392275047386647
O=CC#Cc1ncno1,0.6076960919290286
O=CC#Cc1cc[nH]n1,0.650078471737288
O=CC#Cc1nc[nH]n1,0.6546405716235313
O=CC#Cc1cn[nH]n1,0.6881180483160279
O=CC#Cc1nn[nH]n1,0.6683954167983757
O=CC#Cc1ccon1,0.6647064762855734
O=CC#Cc1ncon1,0.6619224236328591
O=CC#Cc1cnon1,0.7084535621706891
O=CC(=O)c1ccn[nH]1,0.8880278700034978
O=CC(=O)c1ccno1,1.1654102317552315
O=CC(=O)c1cnno1,1.250800853542387
O=CC(=O)c1cn[nH]c1,0.9147955327243835
O=CC(=O)c1cnoc1,0.9798104766305187
O=CC(=O)c1ncno1,0.9990928004954185
O=CC(=O)c1cc[nH]n1,1.212744922910133
O=CC(=O)c1cn[nH]n1,1.2430771972613002
O=CC(=O)c1ccon1,1.3130988208922645
O=CC(=O)c1ncon1,1.1586779139506689
O=CC(=O)c1cnon1,1.3446841257427877
O=CC(=O)n1cccn1,1.098149041281431
O=CC(=O)n1ccnn1,1.176338846609724
O=CC(=O)n1cnnc1,1.1088631486818485
O=CC(=O)n1cnnn1,0.9400377788315382
O=CC(=O)n1nccn1,0.9029670641139091
O=CC(=O)n1ncnn1,1.0298594231990137
O=CC(=O)n1nnnn1,0.9685819649457699
C#Cc1cn[nH]c1C=O,0.4645694122027635
N#Cc1cn[nH]c1C=O,0.4671710668480955
C#Cc1cnoc1C=O,0.5136675924914016
N#Cc1cnoc1C=O,0.527267495963315
O=Cc1cn[nH]c1C=O,1.5462556659367692
O=Cc1cnoc1C=O,1.3783029112346412
C#Cc1nn[nH]c1C=O,0.652308173766869
C#Cc1[nH]ncc1C=O,0.42949576926548616
C#Cc1oncc1C=O,0.36295772172525176
N#Cc1oncc1C=O,0.3550329187819443
C#Cc1cc(C=O)[nH]n1,0.4493125522203627
N#Cc1cc(C=O)[nH]n1,0.4451653445339616
C#Cc1cc(C=O)on1,0.3293857942608156
N#Cc1cc(C=O)on1,0.27041537283912476
O=Cc1cc(=O)cno1,0.21523525439260993
O=Cc1cn[nH]c(=O)c1,0.3211029981557658
O=Cc1cc(=O)[nH]nn1,0.8031165225893346
O=Cc1cc(C=O)[nH]n1,0.1343705141243845
O=Cc1cc(C=O)on1,0.09953344709174416
O=Cc1ccn[nH]c1=O,1.2830528104568657
O=Cc1cnn[nH]c1=O,0.7788096138956462
C#Cc1n[nH]cc1C=O,0.7469497460260754
N#Cc1n[nH]cc1C=O,0.4784747364174109
O=Cc1c[nH]nc1C=O,1.3824744186968019
C#Cc1nocc1C=O,0.8305746473415638
N#Cc1nocc1C=O,0.46980893986983574
O=Cc1conc1C=O,1.3053477899411519
O=Cc1concc1=O,1.1572437099548551
C#Cc1noc(C=O)n1,0.34954954976819863
N#Cc1noc(C=O)n1,0.22365925045050972
O=Cc1nc(=O)cno1,0.4117511615550029
O=Cc1cn[nH]c(=O)n1,0.4570571884905803
O=Cc1nn[nH]c(=O)n1,0.7745782413530833
O=Cc1noc(C=O)n1,0.08136341636600264
O=Cc1ncn[nH]c1=O,0.5935190074724233
O=Cc1ncnoc1=O,0.572000559683147
O=Cc1nnc(C=O)o1,0.11653227198985405
C#Cc1cc(C=O)n[nH]1,0.26189589198475005
N#Cc1cc(C=O)n[nH]1,0.1477496787247219
O=Cc1ccc(=O)[nH]n1,0.2639241208162275
O=Cc1ncc(=O)[nH]n1,0.6176529060958273
O=Cc1cnc(=O)[nH]n1,0.4232109701279114
C#Cc1c[nH]nc1C=O,0.49316644285318034
N#Cc1c[nH]nc1C=O,0.19039143758891441
C#Cc1n[nH]nc1C=O,0.4808276516632759
N#Cc1n[nH]nc1C=O,0.2504995131821488
O=Cc1n[nH]nc1C=O,1.2019945971405832
C#Cc1cc(C=O)no1,0.2282718546957767
N#Cc1cc(C=O)no1,0.13213966921284737
C#Cc1nc(C=O)no1,0.33885710264439695
N#Cc1nc(C=O)no1,0.23968992098525632
O=Cc1ncc(=O)on1,0.7219600489097502
C#Cc1conc1C=O,0.5533002876381943
N#Cc1conc1C=O,0.2007114150783309
O=Cc1noccc1=O,0.9628689861456223
O=Cc1nocnc1=O,0.5544469759934145
C#Cc1nonc1C=O,0.5286349776069983
N#Cc1nonc1C=O,0.26369173547209357
O=Cc1nonc1C=O,1.1214374001010583
O=Cc1noncc1=O,0.5427038695415831
O=CCc1cncnn1,1.57556032901266
O=CCc1cnncn1,1.0640727777554275
O=CCc1nccnn1,1.503948090266931
O=CCc1ncnnn1,1.1372193856586819
O=CCc1n[nH]c(=O)[nH]1,0.5943290091890958
O=CCc1noc(=O)[nH]1,0.585385357044288
O=CCc1noc(=O)o1,0.539042766284183
O=CCCc1ccn[nH]1,1.1070656725078152
O=CCCc1ccno1,1.027431404489107
O=CCCc1cn[nH]c1,1.141323653757354
O=CCCc1cnoc1,1.1147902811881067
O=CCn1cn[nH]c1=O,0.5655795402817603
O=CCn1ncoc1=O,0.42901298462493287
O=CCN=c1ocno1,0.5463620883892872
O=CCNc1ccno1,0.4279874686289986
O=CCNc1cnoc1,0.8924079528460425
O=CCNc1ccon1,0.8326378428264434
O=CCNc1ncon1,0.8384333537997009
O=CCOc1ccn[nH]1,1.2826518232814124
O=CCOc1ccno1,0.5367537706151779
O=CCOc1cn[nH]c1,1.2163149768221047
O=CCOc1cnoc1,1.3219644851633348
O=CCOc1cc[nH]n1,0.8431694433729717
C#Cc1cnn(C=O)c1,0.5182039776082092
N#Cc1cnn(C=O)c1,0.5936886705458164
O=Cc1cnn(C=O)c1,0.47753607920822105
O=Cc1cn(C=O)nn1,0.24251299478419241
C#Cc1cn(C=O)nn1,0.5225255831519462
N#Cc1cn(C=O)nn1,0.7359236327283725
C#Cc1ccn(C=O)n1,0.5504975951753295
N#Cc1ccn(C=O)n1,0.673938106663627
O=Cn1ccc(=O)cn1,0.5119606758544251
O=Cn1ccc(=O)nn1,1.0777066410537373
O=Cc1ccn(C=O)n1,0.29391810305969557
O=Cn1cnc(=O)cn1,0.5516039290232584
C#Cc1cnn(C=O)n1,0.4989455725590233
N#Cc1cnn(C=O)n1,0.5219425517134368
O=Cn1ncc(=O)cn1,0.43010157664139115
O=Cn1ncc(=O)nn1,0.9574729385149112
O=Cc1cnn(C=O)n1,0.24428644329236704
C#Cc1ccnn1C=O,0.44680186528057675
N#Cc1ccnn1C=O,0.539263505157578
O=Cc1ccnn1C=O,1.3769855257723975
O=Cn1ncccc1=O,1.2322467611320462
O=Cn1nccnc1=O,1.0678483321535168
O=Cn1ncncc1=O,1.1534369440796581
O=Cn1nnc(=O)nn1,1.2727104651930858
C#Cc1cnnn1C=O,0.3536432870587305
N#Cc1cnnn1C=O,0.5639768433029531
O=Cc1cnnn1C=O,1.2123775962336367
O=CNc1cncnn1,1.188772197407161
O=CNc1cnncn1,1.2106373728456674
O=CNc1nccnn1,1.5538330065228365
O=CNc1ncnnn1,1.35080263601958
O=CNc1n[nH]c(=O)[nH]1,0.7243821627453144
O=CNc1noc(=O)[nH]1,0.924423660397224
O=CNc1noc(=O)o1,1.0491635706039233
O=CNCc1ccn[nH]1,1.4645644066313253
O=CNCc1ccno1,0.4429836434101162
O=CNCc1cn[nH]c1,1.5178517001641012
O=CNCc1cnoc1,1.542772416383741
O=CNCc1ncn[nH]1,2.6439818148683116
O=CNCc1ncno1,2.510426744736833
O=CNCc1cc[nH]n1,1.455088690003322
O=CNCc1ncon1,1.6878225610616937
O=COc1cncnn1,1.5044059492665838
O=COc1cnncn1,1.3749167519526964
O=COc1nccnn1,1.5963141909178375
O=COc1ncnnn1,1.8626954466435564
O=COc1n[nH]c(=O)[nH]1,0.8439550636740023
O=COc1noc(=O)[nH]1,1.1020339582955785
O=COc1noc(=O)o1,1.9525997048185673
O=COCc1ccn[nH]1,1.263222721125203
O=COCc1ccno1,0.5319803197908186
O=COCc1cnn[nH]1,1.2945274492467433
O=COCc1cn[nH]c1,1.3327843360566476
O=COCc1c[nH]nn1,1.4485710701374046
O=COCc1cnoc1,1.3529686905912968
O=COCc1ncno1,2.2858433135388623
O=COCc1cc[nH]n1,1.4952191360625875
O=COCc1cn[nH]n1,1.4697443141212716
O=COCc1ccon1,1.691040336207152
O=COCc1ncon1,2.2688653597870143
O=COCc1cnon1,1.7972192695251579
C#CC(O)c1ccn[nH]1,0.8014479740249953
C#CC(O)c1ccno1,0.7218736527192959
C#CC(O)c1cnn[nH]1,0.8583688328781136
C#CC(O)c1cn[nH]c1,1.0068004836830369
C#CC(O)c1c[nH]nn1,0.8689437267566973
C#CC(O)c1cnoc1,1.0639054004404898
C#CC(O)c1ncno1,0.608207394116107
C#CC(O)c1cc[nH]n1,0.9795728939061519
C#CC(O)c1cn[nH]n1,0.7066195138777402
C#CC(O)c1ccon1,0.7615286067903071
C#CC(O)c1ncon1,0.8052874480017636
C#CC(O)c1cnon1,0.8380772926429927
N#CC(O)c1ccn[nH]1,0.7172385446483531
N#CC(O)c1ccno1,0.8792357853526482
N#CC(O)c1cnn[nH]1,0.850325959672773
N#CC(O)c1cn[nH]c1,0.7898446253220754
N#CC(O)c1c[nH]nn1,0.8763831327632943
N#CC(O)c1cnoc1,0.7928167087411566
N#CC(O)c1ncno1,1.043405067141066
N#CC(O)c1cc[nH]n1,0.8442172727118304
N#CC(O)c1ccon1,0.7017831502980698
N#CC(O)c1ncon1,1.0580659430597734
N#CC(O)c1cnon1,0.9870507496161736
O=CC(O)c1ccn[nH]1,0.7749572689263005
O=CC(O)c1ccno1,0.8676436477435345
O=CC(O)c1cnn[nH]1,0.8894787545887084
O=CC(O)c1cn[nH]c1,1.0081651625569066
O=CC(O)c1c[nH]nn1,1.3344331291482376
O=CC(O)c1cnoc1,1.1979292141295446
O=CC(O)c1ncno1,1.598702943580065
O=CC(O)c1cc[nH]n1,1.2535467558136588
O=CC(O)c1cn[nH]n1,1.4441318841381872
O=CC(O)c1ccon1,1.6305568521529494
O=CC(O)c1ncon1,2.0635840079339687
C#CCc1[nH]ncc1O,0.5931799806530762
C#CCc1[nH]nnc1O,0.5366795379177347
N#CCc1[nH]ncc1O,0.6551765817621344
O=CCc1[nH]ncc1O,0.5747744352756854
O=CCc1[nH]nnc1O,0.6620197315914993
O=CNc1[nH]nnc1O,0.6407018318095652
N=COc1[nH]ncc1O,0.7341860760570853
O=COc1[nH]ncc1O,0.7818914681010938
O=Cc1n[nH]c(O)c1O,0.7078762995533907
N=COc1cn[nH]c1O,0.7539179050254461
O=COc1cn[nH]c1O,0.6425475810028729
O=COc1nn[nH]c1O,0.6813840706163319
O=c1cc(O)c(O)n[nH]1,0.43343521791939565
C#CCc1cc(O)[nH]n1,0.6520498015343037
N#CCc1cc(O)[nH]n1,0.6668004206494516
O=CCc1cc(O)[nH]n1,0.7291456541988737
C#CCn1nccc1O,0.6637189746143122
N#CCn1nccc1O,0.8258382040239667
O=CCn1nccc1O,0.7110928773963678
C#CCn1cc(O)cn1,0.7172704364056699
N#CCn1cc(O)cn1,0.6549712173327862
O=CCn1cc(O)cn1,0.8444711278552859
O=Cc1ncc(O)nn1,1.0693311084978632
C#Cc1ncc(O)nn1,1.1503283138590632
N#Cc1ncc(O)nn1,1.1313028928070707
C#CCn1nncc1O,0.761999663320239
N#CCn1nncc1O,0.8599795572172297
C#CCc1n[nH]cc1O,0.7586595185130136
N#CCc1n[nH]cc1O,0.8628997485029686
O=CCc1n[nH]cc1O,0.47281394908350194
N=COc1n[nH]cc1O,0.3720292130165035
O=COc1n[nH]cc1O,1.0063252910276788
N=COc1n[nH]c(O)n1,1.1966907689366053
O=Cc1cnc(O)nn1,1.1434665514334483
C#Cc1cnc(O)nn1,1.2038088899553259
N#Cc1cnc(O)nn1,1.2180208322151884
C#CCn1ncnc1O,0.8215434017074585
N#CCn1ncnc1O,0.9166897726317984
O=CCn1ncnc1O,0.8796019147321203
O=Cn1nc(O)oc1=O,0.9569386971197673
O=Cn1nc(O)c(O)n1,0.6360273216323549
C#CCn1ccc(O)n1,0.6095907944309147
C#CCn1ncc(O)n1,0.6432569821772631
N#CCn1ccc(O)n1,0.7034268276456714
N#CCn1ncc(O)n1,0.5954129208457744
O=CCn1ccc(O)n1,0.7444399026426254
O=CCn1ncc(O)n1,0.6353703568238416
O=Cn1c(O)nnc1O,1.1441921705936693
N=c1[nH]c(O)n[nH]c1=O,0.6757021944486041
O=c1nc(O)c(O)n[nH]1,0.5541785083314608
C#CCc1cc(O)n[nH]1,0.7735200716779218
C#CCc1nc(O)n[nH]1,0.7191987721962505
N#CCc1cc(O)n[nH]1,0.7572333418811468
N#CCc1nc(O)n[nH]1,0.8148795749948476
O=CCc1cc(O)n[nH]1,0.8183714233491628
O=CCc1nc(O)n[nH]1,0.8184411117399577
O=CNc1cc(O)n[nH]1,1.2180053217198292
C#Cc1c(O)n[nH]c1O,0.5232849444491876
N=COc1cc(O)n[nH]1,0.9914546152194816
O=COc1cc(O)n[nH]1,1.103198198003156
C#CCc1c[nH]nc1O,0.3614149986678967
N#CCc1c[nH]nc1O,0.551196547170548
O=CCc1c[nH]nc1O,0.5523709639383014
O=CNc1c[nH]nc1O,0.612588402145775
N=COc1c[nH]nc1O,0.5244503814592463
O=COc1c[nH]nc1O,0.6820137696013262
C#CCc1n[nH]nc1O,0.41439434079802595
O=CNc1n[nH]nc1O,0.5494569768543442
O=COc1n[nH]nc1O,0.8577506443125458
N=c1onc(O)oc1=N,1.0133027291121834
N=c1onc(O)oc1=O,1.046796723123407
N=c1onc(O)nc1O,1.0342532750073588
N=c1onc(O)c(=O)o1,0.5995084812966525
N=c1[nH]c(O)noc1=O,0.9781449757429073
N=c1oc(O)noc1=O,1.2270164309175016
O=c1onc(O)oc1=O,1.3807649713999126
N=c1[nH]c(=O)onc1O,0.9645429769898328
N=c1oc(=O)onc1O,1.0964983161866257
C#CCc1cc(O)no1,0.570202484859692
C#CCc1nc(O)no1,0.6773180889540527
N#CCc1cc(O)no1,0.7526579900422803
N#CCc1nc(O)no1,1.0037356638185884
O=CCc1cc(O)no1,0.7431197144051112
O=CCc1nc(O)no1,0.6725924485599535
O=CNc1cc(O)no1,0.7759726894946652
O=CNc1nc(O)no1,1.093948553676455
N=COc1cc(O)no1,0.8884185440601868
N=COc1nc(O)no1,1.9544455356481194
O=COc1cc(O)no1,1.177236387395169
O=COc1nc(O)no1,1.7150487630642601
Oc1noc2occc12,0.6374841655124328
C#CCc1conc1O,0.8413544974810065
N#CCc1conc1O,0.9204138974855596
O=CCc1conc1O,0.7749512279970077
O=CNc1conc1O,0.9317367783005466
N=COc1conc1O,0.8444565697536746
O=COc1conc1O,1.1013603401133878
O=COc1nonc1O,0.9282207662236033
OCC#Cc1ccn[nH]1,0.5976367452167324
OCC#Cc1ccno1,0.5573216426055296
OCC#Cc1cnn[nH]1,0.5904720654943958
OCC#Cc1cn[nH]c1,0.6932287300096505
OCC#Cc1c[nH]nn1,0.7055113024416642
OCC#Cc1cnoc1,0.7141551393924601
OCC#Cc1ncno1,0.5946906486769876
OCC#Cc1cc[nH]n1,0.6885973498992826
OCC#Cc1nc[nH]n1,0.718834656467152
OCC#Cc1cn[nH]n1,0.6636729329293303
OCC#Cc1nn[nH]n1,0.743972274747648
OCC#Cc1ccon1,0.7515503228332818
OCC#Cc1ncon1,0.6660253311601991
OCC#Cc1cnon1,0.7588182426025014
O=C(CO)c1ccn[nH]1,1.1430542171019624
O=C(CO)c1ccno1,1.44834758291654
O=C(CO)c1cnno1,1.5415554409883043
O=C(CO)c1cn[nH]c1,1.3887975859051949
O=C(CO)c1cnoc1,1.4861088141005894
O=C(CO)c1ncno1,1.5666185000372934
O=C(CO)c1cc[nH]n1,1.5469265085557709
O=C(CO)c1cn[nH]n1,1.721672371328168
O=C(CO)c1ccon1,1.5784063420269376
O=C(CO)c1ncon1,1.7834297298122692
O=C(CO)c1cnon1,1.9096865394622
O=C(CO)n1cccn1,1.0344663674732146
O=C(CO)n1ccnn1,1.2898190064515802
O=C(CO)n1cnnc1,1.761949976629694
O=C(CO)n1nccn1,1.1612604117726733
C#Cc1cn[nH]c1CO,0.644799188215984
N#Cc1cn[nH]c1CO,0.6214167323796573
C#Cc1cnoc1CO,0.7924126194684504
N#Cc1cnoc1CO,0.6976101734180702
O=Cc1cn[nH]c1CO,0.745011804614478
O=Cc1cnoc1CO,1.6270426904484339
C#Cc1nn[nH]c1CO,0.6429348264246073
C#Cc1[nH]ncc1CO,0.5224290915302845
N#Cc1[nH]ncc1CO,0.6335903775852785
O=Cc1[nH]ncc1CO,0.9714602778876724
C#Cc1oncc1CO,0.630057385593318
N#Cc1oncc1CO,0.6371057637988997
O=Cc1oncc1CO,0.9488679322312237
C#Cc1cc(CO)[nH]n1,0.6384779258041817
N#Cc1cc(CO)[nH]n1,0.6536564985890436
C#Cc1cc(CO)on1,0.5973782913461037
N#Cc1cc(CO)on1,0.55145105538395
O=c1cnoc(CO)c1,0.41423493641923415
O=c1cc(CO)cn[nH]1,0.5179446257643576
O=c1cc(CO)nn[nH]1,0.9593287287152634
O=Cc1cc(CO)[nH]n1,0.5008080023399089
O=Cc1cc(CO)on1,0.415998724882229
O=Cn1nccc1CO,0.9047676423833764
O=c1[nH]nccc1CO,0.6985399324985337
O=c1onccc1CO,0.6994404665365437
O=Cn1cc(CO)cn1,0.8713650514619076
O=Cn1cc(CO)nn1,0.9113516852758039
OCc1cnc(O)nn1,1.6172798391417018
O=c1[nH]nncc1CO,0.9359461096100858
C#Cc1n[nH]cc1CO,0.6552706515667523
N#Cc1n[nH]cc1CO,0.6854716309189826
O=Cc1n[nH]cc1CO,1.042620562508091
C#Cc1nocc1CO,0.6247378019925236
N#Cc1nocc1CO,0.7187450221190375
O=Cc1nocc1CO,1.1388356611241761
O=c1cnocc1CO,1.4146035161465988
C#Cc1n[nH]c(CO)n1,0.4820079460951092
C#Cc1noc(CO)n1,0.658976136614001
N#Cc1noc(CO)n1,0.6557348780333996
O=c1cnoc(CO)n1,0.791801750774539
O=c1nc(CO)cn[nH]1,0.8254245907573932
O=Cc1noc(CO)n1,0.3280494152495521
OCc1ncc(O)nn1,1.5912323260999983
O=Cn1ncnc1CO,1.0490137174310803
O=c1[nH]ncnc1CO,0.9281309413945564
O=c1oncnc1CO,1.1390342499162216
O=Cn1ccc(CO)n1,0.8261563324886083
O=Cn1ncc(CO)n1,0.6988709863799158
C#Cc1cc(CO)n[nH]1,0.7358207464312727
N#Cc1cc(CO)n[nH]1,0.717978640277579
O=c1ccc(CO)n[nH]1,0.6769143262172292
O=c1cnc(CO)n[nH]1,0.6165868995376513
O=c1ncc(CO)n[nH]1,0.6127542828344303
O=Cc1cc(CO)n[nH]1,0.7669250081708014
C#Cc1c[nH]nc1CO,0.670317004163735
N#Cc1c[nH]nc1CO,0.4933306092189014
C#Cc1n[nH]nc1CO,0.6116418264209642
N#Cc1n[nH]nc1CO,0.6719893623212556
C#Cc1cc(CO)no1,0.5621111209438823
N#Cc1cc(CO)no1,0.6403044365397363
C#Cc1nc(CO)no1,0.768560875843832
N#Cc1nc(CO)no1,0.7569513229409495
O=c1cnc(CO)no1,1.0121183801820735
O=Cc1cc(CO)no1,0.494878175906706
O=Cc1nc(CO)no1,0.46556929505823064
C#Cc1conc1CO,0.7275117457447777
N#Cc1conc1CO,0.670949342651511
O=c1cconc1CO,1.3906274164310162
O=c1nconc1CO,0.9309733625032095
C#Cc1nonc1CO,0.5746903792605735
N#Cc1nonc1CO,0.7517834428908827
O=c1onc(CCO)o1,0.9360872007164289
Cc1ccoc1[N+](=O)[O-],0.6136513610254042
Cc1ncoc1[N+](=O)[O-],0.8178704887050117
Nc1ccoc1[N+](=O)[O-],0.4818412490640185
Cc1occc1[N+](=O)[O-],0.4591844940332521
Cc1ocnc1[N+](=O)[O-],0.7203253513307573
Nc1occc1[N+](=O)[O-],0.43544799068331486
Cc1coc([N+](=O)[O-])c1,0.6009817336489505
Cc1coc([N+](=O)[O-])n1,0.7765194481326034
O=[N+]([O-])c1cc(O)c[nH]1,0.5503517964989442
O=[N+]([O-])c1nc(O)co1,0.792040476375405
Cc1ccc([N+](=O)[O-])o1,0.5630780507945019
Cc1cnc([N+](=O)[O-])o1,0.7685672433126456
Cc1ncc([N+](=O)[O-])o1,0.8208979201135662
Nc1ccc([N+](=O)[O-])o1,0.453387758547251
O=[N+]([O-])c1ccccc1,0.5444197387259919
O=[N+]([O-])c1ccncc1,0.9083230021478812
O=[N+]([O-])c1cccnc1,0.8572171376254119
O=[N+]([O-])c1cnccn1,0.6817558055408881
O=[N+]([O-])c1cncnc1,0.9221005416275148
O=[N+]([O-])c1ccccn1,0.5845970972404757
O=[N+]([O-])c1ncccn1,0.5502454543493513
O=[N+]([O-])c1ccncn1,0.8611531032238418
O=[N+]([O-])c1ncncn1,0.8102443308653164
O=c1occ([N+](=O)[O-])o1,0.8330394286513183
Cc1cc([N+](=O)[O-])co1,0.4344580127744848
Cc1nc([N+](=O)[O-])co1,0.7705913088011584
Nc1cc([N+](=O)[O-])co1,0.6013073724607239
O=[N+]([O-])c1c[nH]c(O)c1,0.5638081054203212
Cc1cocc1[N+](=O)[O-],0.4258129785248457
Nc1cocc1[N+](=O)[O-],0.5701342658794601
O=[N+]([O-])c1cncnn1,1.046541425777832
O=[N+]([O-])c1cnncn1,1.0323655658357893
O=[N+]([O-])c1nccnn1,1.052966418039432
O=c1onc([N+](=O)[O-])o1,0.9741841661343642
Cc1[nH]ccc(=O)c1F,0.31342668971046805
Cc1occc(=O)c1F,0.4624782978225994
Cc1ocnc(=O)c1F,0.6435452053137851
Cc1c(F)[nH]ccc1=O,0.28296303872593853
Cc1c(F)occc1=O,0.43718279900167545
Cc1c(F)ocnc1=O,0.6440545754940104
Nc1[nH]ccc(=O)c1F,0.7248548791685607
Nc1occc(=O)c1F,0.6413423881440394
Nc1ocnc(=O)c1F,0.6653505973099527
Nc1c(F)[nH]ccc1=O,0.5243508421590377
Nc1c(F)[nH]cnc1=O,0.5691826832571678
Nc1c(F)occc1=O,0.6290746459217189
Nc1c(F)ocnc1=O,0.6868170441175607
O=c1cc[nH]c(O)c1F,0.4122304903485201
O=c1cc[nH]c(F)c1O,0.47010173451963055
O=c1ccoc(F)c1F,0.5203871753601561
O=c1ncoc(O)c1F,0.9430015627767716
O=c1ncoc(F)c1F,0.7667934954788507
Cc1cc[nH]c(=O)c1F,0.38073212591552874
Cc1nc[nH]c(=O)c1F,0.4960106599064602
Cc1ccoc(=O)c1F,0.41621472896440537
Cc1ncoc(=O)c1F,0.5054070280984888
Cc1c(F)cc[nH]c1=O,0.3452173045661766
Cc1c(F)ccoc1=O,0.3543780764666735
Cc1c(F)nc[nH]c1=O,0.47375053822179325
Cc1c(F)ncoc1=O,0.5022773090422561
Nc1cc[nH]c(=O)c1F,0.44922455055893806
Nc1nc[nH]c(=O)c1F,0.4528080469044653
Nc1ccoc(=O)c1F,0.42779010435515374
Nc1ncoc(=O)c1F,0.45093535842715937
Nc1c(F)cc[nH]c1=O,0.47024854001938365
Nc1c(F)ccoc1=O,0.4668897554056457
Nc1c(F)nc[nH]c1=O,0.4944969442040019
Nc1c(F)ncoc1=O,0.48485893879114883
O=c1[nH]ccc(F)c1F,0.39133191822656954
O=c1[nH]cnc(F)c1F,0.5261157190798258
O=c1occc(F)c1F,0.4331136880282429
O=c1ocnc(O)c1F,0.5681457928985765
O=c1ocnc(F)c1F,0.5621390126270853
Cc1[nH]c(=O)ccc1F,0.42117376152964425
Cc1oc(=O)ccc1F,0.48370814151530794
Cc1[nH]c(=O)ncc1F,0.4035030055583775
Cc1oc(=N)cnc1F,0.5095782634489296
Cc1[nH]c(=O)cnc1F,0.4615776277260011
Cc1oc(=O)cnc1F,0.5565746080683311
Cc1ccc(=O)[nH]c1F,0.3623031243096193
Cc1ncc(=O)[nH]c1F,0.40143463990716555
Cc1ncc(=N)oc1F,0.4272488696296932
Cc1ccc(=O)oc1F,0.42838625168405997
Cc1ncc(=O)oc1F,0.5237552118469466
Nc1[nH]c(=O)ccc1F,0.5334196939511457
Nc1oc(=O)ccc1F,0.4079400418595469
Nc1[nH]c(=O)ncc1F,0.419014074426741
Nc1oc(=O)ncc1F,0.4058872955502011
N=c1cnc(F)c(N)o1,0.48751305701625824
Nc1[nH]c(=O)cnc1F,0.525631601076384
Nc1oc(=O)cnc1F,0.41281784839702595
Nc1ccc(=O)[nH]c1F,0.7565280496291962
Nc1ncc(=O)[nH]c1F,0.6210833383192949
N=c1cnc(N)c(F)o1,0.6694261029588233
Nc1ccc(=O)oc1F,0.8745166756962135
Nc1ncc(=O)oc1F,0.6761860403330502
O=c1ccc(O)c(F)[nH]1,0.5746447457458999
O=c1ccc(F)c(O)o1,0.5344556591226137
O=c1ccc(F)c(F)o1,0.5545862439339544
N=c1cnc(F)c(O)o1,0.5768591821852169
N=c1cnc(F)c(F)o1,0.5219027142265986
O=c1cnc(F)c(O)o1,0.5901611752560711
O=c1cnc(F)c(F)o1,0.6723708661374985
Cc1cc(=O)c(F)c[nH]1,0.23494879730060347
Cc1cc(=O)c(F)co1,0.3391519925753528
Cc1c[nH]c(F)cc1=O,0.23110894236742752
Cc1c[nH]c(F)nc1=O,0.3796740106645302
Cc1coc(F)cc1=O,0.4619299337064149
Cc1coc(F)nc1=O,0.7550169734313386
Cc1nc(=O)c(F)co1,0.5681655211628822
Nc1cc(=O)c(F)c[nH]1,0.4999460812778125
Nc1cc(=O)c(F)co1,0.4781360905562906
Nc1c[nH]c(F)cc1=O,0.46226057941930776
Nc1c[nH]c(F)nc1=O,0.5401423517087096
Nc1coc(F)cc1=O,0.5666269342418673
Nc1coc(F)nc1=O,0.6401764613310661
Nc1nc(=O)c(F)co1,0.6654310886297026
O=c1cc(F)[nH]cc1O,0.41661634200499975
O=c1cc(F)occ1F,0.45795442994676705
O=c1nc(O)occ1F,0.6863330893884267
O=c1nc(F)occ1F,0.6906535520538455
Cc1cc(=O)cc(F)[nH]1,0.3278076963906642
Cc1cc(=O)cc(F)o1,0.4848587755259359
Cc1cc(=O)nc(F)[nH]1,0.7260334048623918
Cc1cc(=O)nc(F)o1,0.7363703350565629
Cc1nc(=O)cc(F)o1,0.7107677828116721
Cc1nc(=O)nc(F)o1,0.8898609114748979
Nc1cc(=O)cc(F)[nH]1,0.6247745101700275
Nc1cc(=O)cc(F)o1,0.539169027177195
Nc1cc(=O)nc(F)[nH]1,0.7090865265236062
Nc1cc(=O)nc(F)o1,0.597402074110505
Nc1nc(=O)cc(F)o1,0.9020069099024113
Nc1nc(=O)nc(F)o1,0.8726944915724744
O=c1cc(O)[nH]c(F)c1,0.4123362610589538
O=c1cc(F)oc(F)c1,0.5778188738022436
O=c1cc(O)oc(F)n1,0.7527772303892561
O=c1cc(F)oc(O)n1,0.8949726271985128
O=c1cc(F)oc(F)n1,0.8958739231566142
O=c1nc(O)oc(F)n1,0.8511674993987981
O=c1nc(F)oc(F)n1,0.8600098707156576
N=c1cc(F)[nH]c(=O)[nH]1,0.5953775188154395
N=c1cc(F)oc(=O)[nH]1,0.7547108724083955
N=c1cc(F)oc(=O)o1,0.8989734919832699
N=c1[nH]c(F)cc(=O)[nH]1,0.3382300159573788
N=c1[nH]c(=O)cc(F)o1,0.4281757987191668
O=c1cc(F)[nH]c(=O)[nH]1,0.5817787582236633
O=c1cc(F)oc(=O)[nH]1,1.040310858959856
N=c1oc(F)cc(=O)o1,0.428549003057924
N=c1nc(F)[nH]c(=O)[nH]1,0.9954227991147491
N=c1nc(F)oc(=O)[nH]1,1.361724611293539
N=c1nc(F)oc(=O)o1,2.101408532827918
N=c1[nH]c(F)nc(=O)[nH]1,0.6888220344208094
N=c1[nH]c(=O)nc(F)o1,0.9928443013632204
C#Cc1cccc(F)c1,0.2667464327023481
N#Cc1cccc(F)c1,0.3246040983849525
C#Cc1ccnc(F)c1,0.3401286913194781
N#Cc1ccnc(F)c1,0.3952796119356208
C#Cc1cncc(F)c1,0.39921606733878434
N#Cc1cncc(F)c1,0.6765716258578323
C#Cc1cc(F)ccn1,0.251001073685984
N#Cc1cc(F)ccn1,0.7770804111223697
C#Cc1cc(F)ncn1,0.977984700601155
N#Cc1cc(F)ncn1,1.0385635333950631
C#Cc1cccc(F)n1,0.2625460811523226
N#Cc1cccc(F)n1,0.3090144974194118
C#Cc1ccnc(F)n1,0.8926140247695002
N#Cc1ccnc(F)n1,1.2102025074800622
C#Cc1cncc(F)n1,0.49256898937164806
N#Cc1cncc(F)n1,0.7785363842376682
C#Cc1nccc(F)n1,0.8137522339475254
N#Cc1nccc(F)n1,1.152442040907772
C#Cc1ncnc(F)n1,0.9565758331136749
N#Cc1ncnc(F)n1,0.9911671812114946
Cc1cc(F)[nH]c(=O)c1,0.37658709513925714
Cc1cc(=O)[nH]c(F)n1,0.5011886898118973
Cc1cc(F)oc(=O)c1,0.4101418249956623
Cc1cc(=O)oc(F)n1,0.5278612758993404
Cc1cc(F)cc(=O)[nH]1,0.35847918804211076
Cc1cc(F)cc(=O)o1,0.3300117924991355
Cc1cc(F)nc(=O)[nH]1,0.320058896777482
Cc1cc(F)nc(=O)o1,0.38898259488087206
Cc1nc(F)cc(=O)[nH]1,0.5034239973956574
Cc1nc(F)cc(=O)o1,0.5481069377165113
Cc1nc(F)nc(=O)[nH]1,0.8362189173603838
Cc1nc(F)nc(=O)o1,0.9953962680010591
Nc1cc(F)[nH]c(=O)c1,0.3770655803800764
Nc1cc(=O)[nH]c(F)n1,0.4116508331280784
Nc1cc(F)oc(=O)c1,0.3613049013474665
Nc1cc(=O)oc(F)n1,0.4518446817455697
Nc1cc(F)cc(=O)[nH]1,0.431088261972036
Nc1cc(F)cc(=O)o1,0.31697170913685113
Nc1cc(F)nc(=O)[nH]1,0.3225933664798504
Nc1cc(F)nc(=O)o1,0.3052524398717651
Nc1cc(F)[n-]c(=[NH2+])n1,0.3444467593817535
Nc1nc(F)cc(=O)[nH]1,0.5007436473806592
Nc1nc(F)cc(=O)o1,0.4672998311871197
Nc1nc(F)nc(=O)[nH]1,0.5572122799912904
Nc1nc(F)nc(=O)o1,0.6176851243890269
O=c1cc(F)cc(O)o1,0.4167242624153005
O=c1cc(F)cc(F)o1,0.3845582935191487
O=c1cc(F)nc(O)o1,0.5635988497597282
O=c1cc(O)nc(F)o1,0.5803154380264459
O=c1cc(F)nc(F)o1,0.5500414504931541
Cc1cc(C)nc(F)n1,0.9324496897406789
Cc1cc(N)cc(F)n1,0.3201237415414653
Cc1cc(N)nc(F)n1,0.3594835335661628
Cc1cc(C)cc(F)c1,0.44851773446680454
Cc1cc(F)cc(C)n1,0.9039761172134604
Cc1cc(N)cc(F)c1,0.4258463124897389
Cc1cc(F)cc(N)n1,0.37698726597409404
Cc1cc(O)cc(F)c1,0.42755712035432225
Cc1cc(F)cc(F)c1,0.45559721529934905
Cc1cc(O)cc(F)n1,0.5737062518037419
Cc1cc(F)cc(O)n1,0.4425235530707141
Cc1cc(F)cc(F)n1,0.4510923409852694
Cc1cc(C)nc(F)c1,0.4265962586450769
Cc1cc(F)nc(C)n1,1.0721060725445568
Cc1cc(N)nc(F)c1,0.3550638037195313
Cc1cc(F)nc(N)n1,0.3016409157862654
Cc1cc(O)nc(F)c1,0.4323225166062912
Cc1cc(F)nc(F)c1,0.448058242785919
Cc1cc(O)nc(F)n1,0.8122072795595159
Cc1cc(F)nc(O)n1,0.8427275846752309
Cc1cc(F)nc(F)n1,1.092234371595623
Cc1nc(N)cc(F)n1,0.32106607229070505
Cc1nc(O)cc(F)n1,0.870256812815569
Cc1nc(F)cc(F)n1,1.178417280476424
Cc1nc(C)nc(F)n1,1.124159873357712
Cc1nc(N)nc(F)n1,0.6291646612280601
Cc1nc(O)nc(F)n1,1.21274927673403
Cc1nc(F)nc(F)n1,1.0791250896454585
Nc1cc(N)nc(F)n1,0.40634978048728954
Nc1cc(N)cc(F)c1,0.5156702698222944
Nc1cc(O)cc(F)c1,0.5026114105967281
Nc1cc(F)cc(F)c1,0.40799821982727735
Nc1cc(O)cc(F)n1,0.37090423936388106
Nc1cc(F)cc(O)n1,0.4150833878429694
Nc1cc(F)cc(F)n1,0.33013416215908364
Nc1cc(N)nc(F)c1,0.4497643158683786
Nc1cc(F)nc(N)n1,0.3444509499349806
Nc1cc(O)nc(F)c1,0.4910855055331922
Nc1cc(F)nc(F)c1,0.30536348959321913
Nc1cc(O)nc(F)n1,0.44786528675467707
Nc1cc(F)nc(O)n1,0.41288367276865756
Nc1cc(F)nc(F)n1,0.36911928043264197
Nc1nc(O)cc(F)n1,0.391812335476061
Nc1nc(F)cc(F)n1,0.3016575419514993
Nc1nc(N)nc(F)n1,0.26945301450359693
Nc1nc(O)nc(F)n1,0.5658667838106339
Nc1nc(F)nc(F)n1,0.37220687624721904
Oc1cc(O)cc(F)c1,0.5347267390789057
Oc1cc(F)cc(F)c1,0.4454154445011227
Fc1cc(F)cc(F)c1,0.48227701240830356
Oc1cc(O)nc(F)c1,0.4894403315611271
Oc1cc(F)nc(F)c1,0.5678395558134071
Oc1cc(F)cc(O)n1,0.4763224508114945
Oc1cc(F)cc(F)n1,0.45236749435389356
Fc1cc(F)nc(F)c1,0.4785452683609037
Oc1cc(O)nc(F)n1,0.6432687102897034
Oc1cc(F)nc(O)n1,0.5815864824780874
Oc1cc(F)nc(F)n1,0.6111449462750898
Oc1nc(F)cc(F)n1,0.5978773211918451
Fc1cc(F)nc(F)n1,0.8970972932365839
Oc1nc(O)nc(F)n1,1.283460409998952
Oc1nc(F)nc(F)n1,1.341177474387223
Fc1nc(F)nc(F)n1,1.2166954466028983
O=Cc1cccc(F)c1,0.4241022522928688
O=Cc1ccnc(F)c1,0.43474697062265477
O=Cc1cncc(F)c1,0.6739016978117434
O=Cc1cc(F)ccn1,0.5905091546301264
O=Cc1cc(F)ncn1,0.6740632246746827
O=Cc1cccc(F)n1,0.372655020772072
O=Cc1ccnc(F)n1,0.6647954847685469
O=Cc1cncc(F)n1,0.5271090167734656
O=Cc1nccc(F)n1,0.6835671867374913
O=Cc1ncnc(F)n1,0.7297321686946816
Cc1ccc(F)c(=O)[nH]1,0.4500182526426215
Cc1ccc(F)c(=O)o1,0.4182095149935776
Cc1ccc(F)[nH]c1=O,0.3687526068297302
Cc1ccc(F)oc1=O,0.4167574058956234
Cc1cnc(F)c(=N)o1,0.4807946986602474
Cc1cnc(F)c(=O)[nH]1,0.516944715696809
Cc1cnc(F)c(=O)o1,0.5255088232443086
Cc1cnc(F)[nH]c1=O,0.49598921732649615
Cc1cnc(F)oc1=O,0.5396735537269706
Cc1ncc(F)c(=O)[nH]1,0.5815311072783516
Cc1ncc(F)c(=O)o1,0.6282074458449642
Cc1ncc(F)[nH]c1=O,0.4464981044347951
Cc1ncc(F)oc1=N,0.48023237509914907
Cc1ncc(F)oc1=O,0.5498280859101214
Nc1ccc(F)c(=O)[nH]1,0.6043182865505514
Nc1ccc(F)c(=O)o1,0.476567598305337
Nc1ccc(F)[nH]c1=O,0.5258958781851106
Nc1ccc(F)oc1=O,0.5300477934451919
N=c1oc(N)cnc1F,0.6148721460194793
Nc1cnc(F)c(=O)[nH]1,0.6761078891977377
Nc1cnc(F)c(=O)o1,0.5225925231898145
Nc1cnc(F)[nH]c1=O,0.5655194303017197
Nc1cnc(F)oc1=O,0.5619848600545083
Nc1ncc(F)c(=O)[nH]1,0.6535323601856362
Nc1ncc(F)c(=O)o1,0.5542566594685923
Nc1ncc(F)[nH]c1=O,0.5182386721426155
N=c1oc(F)cnc1N,0.5741374164208537
Nc1ncc(F)oc1=O,0.5548451603917783
O=c1oc(O)ccc1F,0.5366466665454936
O=c1oc(F)ccc1O,0.6095425758339843
O=c1oc(F)ccc1F,0.5027535357330635
N=c1oc(O)cnc1F,0.6330682724710641
N=c1oc(F)cnc1O,0.6499276117374393
N=c1oc(F)cnc1F,0.5705321509594796
O=c1oc(O)cnc1F,0.6328630713142047
O=c1oc(F)cnc1O,0.7700646321773092
O=c1oc(F)cnc1F,0.6342097090255265
O=c1oc(O)ncc1F,0.6479259140160138
O=c1oc(F)ncc1F,0.6390874611424806
Cc1cc(N)ccc1F,0.539842101132308
Cc1cc(N)cnc1F,0.5365126776177931
Cc1cc(N)ncc1F,0.4788347432240698
Cc1cc(F)ccc1N,0.5629493680899031
Cc1cc(O)ccc1F,0.49843718198826537
Cc1cc(F)ccc1O,0.47850132195162587
Cc1cc(F)ccc1F,0.4814404523694975
Cc1cc(F)cnc1C,0.6118253128825017
Cc1cc(F)cnc1N,0.5035610612121673
Cc1cc(O)cnc1F,0.5457109740327724
Cc1cc(F)cnc1O,0.47426322819228517
Cc1cc(F)cnc1F,0.4840520119651046
Cc1cc(F)ncc1N,0.5887824553083192
Cc1cc(O)ncc1F,0.49945608561392874
Cc1cc(F)ncc1O,0.5206758610911493
Cc1cc(F)ncc1F,0.5311322221186856
Cc1ccc(C)c(F)c1,0.41268598195529194
Cc1ccc(C)c(F)n1,0.4038081269754912
Cc1ccc(N)c(F)c1,0.5074075285156141
Cc1ccc(N)c(F)n1,0.48321844518250145
Cc1ccc(N)cc1F,0.4569975138929294
Cc1ccc(N)nc1F,0.3904596568281704
Cc1ccc(F)c(C)c1,0.42119781640940346
Cc1ccc(F)c(C)n1,0.5361932430059824
Cc1ccc(F)c(N)c1,0.5087030360118661
Cc1ccc(F)c(N)n1,0.4447703166551946
Cc1ccc(O)c(F)c1,0.524518981392248
Cc1ccc(F)c(O)c1,0.4814318535682105
Cc1ccc(F)c(F)c1,0.4919742842484993
Cc1ccc(O)c(F)n1,0.538183974535059
Cc1ccc(F)c(O)n1,0.4984204469801625
Cc1ccc(F)c(F)n1,0.4785610237649962
Cc1ccc(F)cc1C,0.3959132293584844
Cc1ccc(F)cc1N,0.44378450209114817
Cc1ccc(O)cc1F,0.4304403041387559
Cc1ccc(F)cc1O,0.4387194811279187
Cc1ccc(F)cc1F,0.4529098719576723
Cc1ccc(F)nc1C,0.4028204892492795
Cc1ccc(F)nc1N,0.38751005002450256
Cc1ccc(O)nc1F,0.4413949875106482
Cc1ccc(F)nc1O,0.43902033035737986
Cc1ccc(F)nc1F,0.4578144000934117
Cc1cnc(C)c(F)c1,0.5869962718643364
Cc1cnc(C)c(F)n1,0.7566294393000135
Cc1cc(F)c(C)cn1,0.6909313260130148
Cc1ncc(C)c(F)n1,1.0698488597863616
Cc1cnc(N)c(F)c1,0.44839743287047895
Cc1cnc(N)c(F)n1,0.4119271104609652
Cc1cnc(N)cc1F,0.3807812152790575
Cc1cnc(N)nc1F,0.31147470721407444
Cc1cnc(F)c(C)c1,0.43552543432451785
Cc1cnc(F)c(C)n1,0.748894544716677
Cc1cnc(F)c(N)c1,0.49090014148532646
Cc1cnc(F)c(N)n1,0.4367579746431147
Cc1cnc(O)c(F)c1,0.4927860819170746
Cc1cnc(F)c(O)c1,0.49308072694293514
Cc1cnc(F)c(F)c1,0.5067664551661437
Cc1cnc(O)c(F)n1,0.4811086909958249
Cc1cnc(F)c(O)n1,0.5231306013974972
Cc1cnc(F)c(F)n1,0.5136815247278719
Cc1cnc(F)cc1C,0.43773453733047063
Cc1cnc(F)cc1N,0.412870121492233
Cc1cnc(O)cc1F,0.4373901498638588
Cc1cnc(F)cc1O,0.5532218371772615
Cc1cnc(F)cc1F,0.4925220224995428
Cc1cnc(F)nc1C,1.0576974462946964
Cc1cnc(F)nc1N,0.3875950040128373
Cc1cnc(O)nc1F,0.5016886448484001
Cc1cnc(F)nc1O,0.5588191403148812
Cc1cnc(F)nc1F,0.8319127406775806
Cc1nc(N)ccc1F,0.4750371475947759
Cc1nc(N)cnc1F,0.4533333901727019
Cc1nc(N)ncc1F,0.3756253626634134
Cc1nc(F)ccc1N,0.546875730757165
Cc1nc(O)ccc1F,0.4807696913867403
Cc1nc(F)ccc1O,0.490021866369716
Cc1nc(F)ccc1F,0.4884979736034438
Cc1nc(F)cnc1N,0.48153561063008965
Cc1nc(O)cnc1F,0.4886763715348934
Cc1nc(F)cnc1O,0.48706428662444523
Cc1nc(F)cnc1F,0.4970341078351339
Cc1nc(F)ncc1N,0.57498219430272
Cc1nc(O)ncc1F,0.7794711774313328
Cc1nc(F)ncc1O,0.5551176553453843
Cc1nc(F)ncc1F,1.0674248683644691
Cc1cc(F)c(N)cn1,0.5085001206098241
Cc1ncc(N)c(F)n1,0.520059740594661
Cc1ncc(N)cc1F,0.4616359417559579
Cc1ncc(N)nc1F,0.3854796714895201
Cc1cc(C)c(F)cn1,0.6279141885988793
Cc1ncc(F)c(C)n1,1.0194784377490578
Cc1cc(N)c(F)cn1,0.46014785918850976
Cc1ncc(F)c(N)n1,0.46891477329882036
Cc1cc(F)c(O)cn1,0.4927772654209548
Cc1cc(O)c(F)cn1,0.7816140750983323
Cc1cc(F)c(F)cn1,0.6949425039165362
Cc1ncc(O)c(F)n1,0.557828754233924
Cc1ncc(F)c(O)n1,0.9591209152622469
Cc1ncc(F)c(F)n1,1.185804304539488
Cc1ncc(F)cc1N,0.4393237918793602
Cc1ncc(O)cc1F,0.5199740791103977
Cc1ncc(F)cc1O,0.5375104379854747
Cc1ncc(F)cc1F,0.6017662382819253
Cc1ncc(F)nc1C,0.7544335882485029
Cc1ncc(F)nc1N,0.3829708349239809
Cc1ncc(O)nc1F,0.4698377839522436
Cc1ncc(F)nc1O,0.47573160970750905
Cc1ncc(F)nc1F,0.6379831953581743
Nc1cc(O)ccc1F,0.5870217689462152
Nc1cc(F)ccc1O,0.5409531697659986
Nc1cc(F)ccc1F,0.4869731012277043
Nc1cc(F)cnc1N,0.8618404359513079
Nc1cc(O)cnc1F,0.5838313684689638
Nc1cc(F)cnc1O,0.5303516087133175
Nc1cc(F)cnc1F,0.4683340548290289
Nc1cc(O)ncc1F,0.5602278744390787
Nc1cc(F)ncc1O,0.5682717272520676
Nc1cc(F)ncc1F,0.4820432664928376
Nc1ccc(N)c(F)c1,0.7786417195620743
Nc1ccc(N)c(F)n1,0.7324306414975581
Nc1ccc(F)c(N)c1,0.6283092981120717
Nc1ccc(F)c(N)n1,0.5232157458631264
Nc1ccc(O)c(F)c1,0.6220756564071053
Nc1ccc(F)c(O)c1,0.5543718725311919
Nc1ccc(F)c(F)c1,0.5442184832209023
Nc1ccc(O)c(F)n1,0.5671332295314642
Nc1ccc(F)c(O)n1,0.5416078760245
Nc1ccc(F)c(F)n1,0.47650329777206935
Nc1ccc(F)cc1N,0.8446418521707528
Nc1ccc(O)cc1F,0.6564946747166687
Nc1ccc(F)cc1O,1.5042061631720571
Nc1ccc(F)cc1F,0.5741190759381425
Nc1ccc(F)nc1N,0.8709131789710227
Nc1ccc(O)nc1F,0.6446844105321361
Nc1ccc(F)nc1O,0.6059311061671906
Nc1ccc(F)nc1F,0.5646697271586163
Nc1cnc(N)c(F)c1,0.7283533126828843
Nc1cnc(N)c(F)n1,0.6565510295258719
Nc1cc(F)c(N)cn1,0.7434670951261069
Nc1ncc(N)c(F)n1,0.6707178552824189
Nc1cnc(F)c(N)c1,0.6112125121780991
Nc1cnc(F)c(N)n1,0.49778495196733274
Nc1cnc(O)c(F)c1,0.6284579539842525
Nc1cnc(F)c(O)c1,0.5550130003030063
Nc1cnc(F)c(F)c1,0.5439955402289343
Nc1cnc(O)c(F)n1,0.5533235261718801
Nc1cnc(F)c(O)n1,0.530198952765204
Nc1cnc(F)c(F)n1,0.4601401855743461
Nc1cnc(F)cc1N,1.0091224867865094
Nc1cnc(O)cc1F,0.6451219698301429
Nc1cnc(F)cc1O,1.932733832496524
Nc1cnc(F)cc1F,0.5752002664557949
Nc1cnc(F)nc1N,1.0016905367028812
Nc1cnc(O)nc1F,0.6534402768120344
Nc1cnc(F)nc1O,0.6376168482911453
Nc1cnc(F)nc1F,0.5750396375678974
Nc1nc(O)ccc1F,0.4926447731195367
Nc1nc(F)ccc1O,0.4857109276963456
Nc1nc(F)ccc1F,0.42211505824707274
Nc1nc(O)cnc1F,0.48618062365130754
Nc1nc(F)cnc1O,0.48752508445431886
Nc1nc(F)cnc1F,0.41238458849693416
Nc1nc(O)ncc1F,0.5089496529217286
Nc1nc(F)ncc1O,0.5487565826533682
Nc1nc(F)ncc1F,0.4821370369736542
Nc1ncc(F)c(N)n1,0.4609496158500406
Nc1cc(F)c(O)cn1,0.5774786768943159
Nc1cc(O)c(F)cn1,0.5083431108396326
Nc1cc(F)c(F)cn1,0.4658676136259601
Nc1ncc(O)c(F)n1,0.4961213286678685
Nc1ncc(F)c(O)n1,0.49205809535669687
Nc1ncc(F)c(F)n1,0.3971743688616698
Nc1ncc(O)cc1F,0.620949784773984
Nc1ncc(F)cc1O,0.5402059991720307
Nc1ncc(F)cc1F,0.497580240615207
Nc1ncc(F)nc1N,0.8812007204760448
Nc1ncc(O)nc1F,0.5720799625432846
Nc1ncc(F)nc1O,0.549144698838063
Nc1ncc(F)nc1F,0.4881789743740228
Oc1ccc(O)c(F)c1,0.560511308371133
Oc1ccc(F)c(O)c1,0.5265861497427977
Oc1ccc(F)c(F)c1,0.5606046706834604
Oc1ccc(F)cc1O,0.605942671012599
Oc1ccc(F)cc1F,0.536105595087065
Oc1cc(F)ccc1F,0.5085899726473144
Fc1ccc(F)c(F)c1,0.5463881024843431
Oc1ccc(O)c(F)n1,0.5584887122986402
Oc1ccc(F)c(O)n1,0.5555545343540871
Oc1ccc(F)c(F)n1,0.5383679780152306
Oc1ccc(F)nc1O,0.5554856350900081
Oc1ccc(F)nc1F,0.550569297209222
Oc1nc(F)ccc1F,0.534839557540181
Fc1ccc(F)c(F)n1,0.5519647793862532
Oc1cnc(O)c(F)c1,0.6157912926537392
Oc1cnc(F)c(O)c1,0.5461191722297372
Oc1cnc(F)c(F)c1,0.6097279670902935
Oc1cc(F)cnc1O,0.5443237369127019
Oc1ncc(F)cc1F,0.5438127068391623
Fc1cnc(F)c(F)c1,0.5565478320513648
Oc1cnc(O)c(F)n1,0.5635780058273667
Oc1cnc(F)c(O)n1,0.5739329771786288
Oc1cnc(F)c(F)n1,0.5531333184953837
Oc1ncc(F)nc1O,0.5707882374354085
Oc1ncc(F)nc1F,0.5592689447385055
Oc1nc(F)cnc1F,0.5586573413365841
Fc1cnc(F)c(F)n1,0.5676355247451284
Oc1cc(F)c(O)cn1,0.5656920866276778
Oc1cnc(F)cc1O,0.7952391763283231
Oc1cnc(F)cc1F,0.567704804967434
Oc1cc(O)c(F)cn1,0.7207588833334739
Oc1cc(F)c(F)cn1,0.5343579974123713
Oc1cc(F)ncc1F,0.8024821432445606
Fc1cc(F)c(F)cn1,0.5864903303208848
Oc1ncc(O)c(F)n1,0.6064504901405599
Oc1cnc(F)nc1O,0.6377063193722279
Oc1ncc(F)c(O)n1,0.6363728791875474
Oc1ncc(F)c(F)n1,0.5953060616793664
Oc1nc(F)ncc1F,0.6581627062587359
Fc1ncc(F)c(F)n1,0.8844919663988549
O=Cc1ccc(F)cc1,0.44292377832971397
O=Cc1ccc(F)cn1,0.5005337658622011
O=Cc1cnc(F)cn1,0.4625901366744074
O=Cc1ncc(F)cn1,0.6856214296694816
O=Cc1ccc(F)nc1,0.41515141634044994
O=Cc1cnc(F)nc1,0.6316887633875012
C#Cc1ccc(F)cc1,0.3186298085274757
N#Cc1ccc(F)cc1,0.3296913238518755
C#Cc1ccc(F)cn1,0.31682240019290475
N#Cc1ccc(F)cn1,0.3424669396226818
C#Cc1cnc(F)cn1,0.3177947451113141
N#Cc1cnc(F)cn1,0.6578945923483843
C#Cc1ncc(F)cn1,0.8564836543664569
N#Cc1ncc(F)cn1,0.9782920261386607
C#Cc1ccc(F)nc1,0.3378233960193029
N#Cc1ccc(F)nc1,0.3483060432554339
C#Cc1cnc(F)nc1,0.5184674383708625
N#Cc1cnc(F)nc1,1.0251945730669831
Cc1cccc(F)c1C,0.39042330240044976
Cc1nccc(F)c1C,0.8188772560442885
Cc1cncc(F)c1C,0.7237041091066203
Cc1ccnc(F)c1C,0.41450188024646195
Cc1ncnc(F)c1C,1.0361142353722244
Cc1cccc(F)c1N,0.5035730886502279
Cc1nccc(F)c1N,0.4888776542557025
Cc1cncc(F)c1N,0.41412649899757525
Cc1ccnc(F)c1N,0.48526939553448756
Cc1ncnc(F)c1N,0.4833784482052579
Cc1c(N)cccc1F,0.4399737905660004
Cc1c(N)ccnc1F,0.35890722334806924
Cc1c(N)cncc1F,0.44820872182026505
Cc1c(N)ncnc1F,0.411957478381737
Cc1cccc(N)c1F,0.4692424801742163
Cc1cncc(N)c1F,0.45427509505680064
Cc1ccnc(N)c1F,0.39416658408117655
Cc1ncnc(N)c1F,0.3988361962055933
Cc1cccc(F)c1O,0.44304467857546115
Cc1cccc(O)c1F,0.5083462129368854
Cc1cccc(F)c1F,0.47706322672638635
Cc1nccc(F)c1O,0.48549995771645627
Cc1nccc(O)c1F,0.8541958832047385
Cc1nccc(F)c1F,0.7265744763171824
Cc1cncc(F)c1O,0.7519685348233907
Cc1cncc(O)c1F,0.567364363154411
Cc1cncc(F)c1F,0.7857788069286471
Cc1ccnc(F)c1O,0.4619054978738859
Cc1ccnc(O)c1F,0.45562156950290955
Cc1ccnc(F)c1F,0.4764662358447822
Cc1ncnc(F)c1O,0.5083459680336091
Cc1ncnc(O)c1F,0.9109181260573678
Cc1ncnc(F)c1F,1.0617762989495532
Cc1c(O)cccc1F,0.4301115360121912
Cc1c(F)cccc1F,0.4092434406575194
Cc1c(F)ccnc1N,0.3631209901159309
Cc1c(O)ccnc1F,0.679371597179852
Cc1c(F)ccnc1O,0.3946794917428633
Cc1c(F)ccnc1F,0.4301896599390602
Cc1c(O)cncc1F,0.5167474330519326
Cc1c(F)cncc1F,0.7461328870413126
Cc1c(O)ncnc1F,0.5499358158431278
Cc1c(F)ncnc1F,0.9171636319315439
Cc1cccc(C)c1F,0.40076747083003283
Cc1cncc(C)c1F,0.9282114327143063
Cc1ccnc(C)c1F,0.658599095468162
Cc1ncnc(C)c1F,0.9731502690319758
Nc1cccc(F)c1N,0.8550760359066771
Nc1cncc(F)c1N,0.9019530313325959
Nc1ccnc(F)c1N,0.9636460348592664
Nc1ncnc(F)c1N,0.9331744925675594
Nc1cccc(F)c1O,0.5111671370359545
Nc1cccc(O)c1F,0.49963774891512003
Nc1cccc(F)c1F,0.44898843724695325
Nc1cncc(F)c1O,0.5098727724216587
Nc1cncc(O)c1F,0.4967826472966408
Nc1cncc(F)c1F,0.4405924961429264
Nc1ccnc(F)c1O,0.5419568077941221
Nc1ccnc(O)c1F,0.5629315446240071
Nc1ccnc(F)c1F,0.44070871602889383
Nc1ncnc(F)c1O,0.4910588111524703
Nc1ncnc(O)c1F,0.4841020809399197
Nc1ncnc(F)c1F,0.42068477269458526
Nc1c(O)cccc1F,1.3650851374350168
Nc1c(F)cccc1F,0.5064780415505084
Nc1c(O)ccnc1F,1.9064272397299646
Nc1c(F)ccnc1O,0.5434468223684235
Nc1c(F)ccnc1F,0.49277190477550903
Nc1c(O)cncc1F,0.5024411216618319
Nc1c(F)cncc1F,0.42210028245790454
Nc1c(O)ncnc1F,0.5586856684021768
Nc1c(F)ncnc1F,0.49307925753055315
Nc1cccc(N)c1F,0.8635890132372879
Nc1cncc(N)c1F,0.509496030599621
Nc1nccc(F)c1N,0.8717719707237848
Nc1nccc(O)c1F,0.4388913483253418
Nc1nccc(F)c1O,0.4537731535929197
Nc1nccc(F)c1F,0.37472384901593614
Nc1ncnc(N)c1F,0.46327115635540395
Oc1cccc(O)c1F,0.8795396006280498
Oc1cccc(F)c1O,0.49538700185439666
Oc1cccc(F)c1F,0.4509383788881678
Oc1c(F)cccc1F,0.5043687227444025
Fc1cccc(F)c1F,0.519892689819244
Oc1cncc(O)c1F,0.5038943736381043
Oc1cncc(F)c1O,0.5404174045288528
Oc1c(F)cncc1F,0.767003159307933
Fc1cncc(F)c1F,0.8234385395917343
Oc1ccnc(O)c1F,0.6832343913247314
Oc1nccc(F)c1O,0.5212373955237126
Oc1nccc(F)c1F,0.48217423495407274
Oc1ccnc(F)c1O,0.7604209940054716
Oc1ccnc(F)c1F,0.7751407281812135
Fc1ccnc(F)c1F,0.5216200422164547
Oc1ncnc(O)c1F,0.6357634526975744
Oc1ncnc(F)c1F,0.618891596182948
Fc1ncnc(F)c1F,0.9574701629535411
C#Cc1ccccc1F,0.29300992261778447
N#Cc1ccccc1F,0.31887190834095236
C#Cc1ncccc1F,0.2841814019029698
N#Cc1ncccc1F,0.43641551918517507
C#Cc1cnccc1F,0.40732427511102287
N#Cc1cnccc1F,0.8333967959588335
C#Cc1ccncc1F,0.5221357526479551
N#Cc1ccncc1F,0.8261016647884389
C#Cc1ncncc1F,1.0124505497278733
N#Cc1ncncc1F,0.9783311017108645
C#Cc1cccnc1F,0.29422322447680926
N#Cc1cccnc1F,0.3145855959828623
C#Cc1nccnc1F,0.35119711834340706
N#Cc1nccnc1F,0.6945373261860368
C#Cc1cncnc1F,0.5804437397746369
N#Cc1cncnc1F,0.938870899622998
O=Cc1ccccc1F,0.25241086905953125
O=Cc1ncccc1F,0.4527633113630145
O=Cc1cnccc1F,0.5450749075826025
O=Cc1ccncc1F,0.5900941263716959
O=Cc1ncncc1F,0.6720914322831959
O=Cc1cccnc1F,0.3507476948780095
O=Cc1nccnc1F,0.43395881965989247
O=Cc1cncnc1F,0.5541101532962784
N=c1[nH]cc(F)[nH]c1=O,0.5555634324791754
N=c1occ(F)oc1=N,0.9183510285383818
N=c1occ(F)oc1=O,0.9352088711784745
N=c1oc(F)coc1=O,0.9582582050679775
O=c1occ(F)oc1=O,1.0334818862665998
Cc1cc(F)c[nH]c1=O,0.3652211386815907
Cc1cc(F)coc1=O,0.4332940179720026
Cc1c[nH]c(=O)c(F)c1,0.35375145236685057
Cc1c[nH]c(=O)c(F)n1,0.4042606253296981
Cc1coc(=N)c(F)n1,0.4343683784281893
Cc1coc(=O)c(F)c1,0.38993725239197374
Cc1coc(=O)c(F)n1,0.5073110641042149
Cc1nc(F)c[nH]c1=O,0.4180482330339146
Cc1nc(F)coc1=N,0.4534372288708255
Cc1nc(F)coc1=O,0.5322007049107924
Nc1cc(F)c[nH]c1=O,0.44522711440913554
Nc1cc(F)coc1=O,0.4459844892771798
Nc1c[nH]c(=O)c(F)c1,0.6714175419856474
Nc1c[nH]c(=O)c(F)n1,0.6015249003885401
N=c1occ(N)nc1F,0.6827362050316879
Nc1coc(=O)c(F)c1,0.7579960229704739
Nc1coc(=O)c(F)n1,0.6681618341499416
Nc1nc(F)c[nH]c1=O,0.5122745049193327
N=c1occ(F)nc1N,0.5916004677874298
Nc1nc(F)coc1=O,0.5809284020015184
O=c1[nH]cc(O)cc1F,0.5601872206116241
O=c1[nH]cc(F)cc1F,0.43172794753627386
O=c1[nH]cc(O)nc1F,0.5164388285775203
N=c1occ(F)nc1O,0.7684666971908882
N=c1occ(F)nc1F,0.5329954954504501
O=c1occ(F)cc1F,0.5007200551008282
O=c1occ(F)nc1O,0.7978836345046147
O=c1occ(F)nc1F,0.610426238799846
Cc1cc(=O)[nH]cc1F,0.3359546804040292
Cc1cc(=O)occ1F,0.38971014605522214
Cc1c[nH]c(=O)cc1F,0.25893232573071145
Cc1c[nH]c(=O)nc1F,0.27869552944139286
Cc1coc(=O)cc1F,0.29535393973856117
Cc1nc(=O)[nH]cc1F,0.34619163592105906
Nc1cc(=O)[nH]cc1F,0.296833124177283
Nc1cc(=O)occ1F,0.27360060314822476
Nc1c[nH]c(=O)cc1F,0.5935337288410665
Nc1c[nH]c(=O)nc1F,0.6343788006597606
Nc1coc(=O)cc1F,0.679700664628399
Nc1nc(=[NH2+])[n-]cc1F,0.46094692192309594
Nc1nc(=O)[nH]cc1F,0.35378486796798825
O=c1cc(F)c(O)c[nH]1,0.42883866840202245
O=c1cc(F)c(F)c[nH]1,0.34741051611854346
O=c1cc(F)c(F)co1,0.40267444567143684
N=c1[nH]cc(F)c(=O)[nH]1,0.4465035195025848
N=c1[nH]c(=O)[nH]cc1F,0.4431460954601789
O=c1[nH]cc(F)c(=O)[nH]1,0.6148311928627663
N=c1[nH]c(=O)c(F)co1,0.3330312509660871
N=c1occ(F)c(=O)o1,0.4837403053898015
N=c1[nH]c(=O)occ1F,0.671004445739527
N=c1oc(=O)occ1F,0.8320780499307148
Cc1c[nH]cc(F)c1=O,0.21265977711118467
Cc1cocc(F)c1=O,0.2970029233056266
Nc1c[nH]cc(F)c1=O,0.4121699721981713
Nc1cocc(F)c1=O,0.48945548831216
O=c1c(F)cocc1F,0.35846275235599023
Cn1c(F)cccc1=O,0.33014333239952975
Cn1c(F)nccc1=O,0.43408701256339555
Cn1c(F)cncc1=O,0.3786865634174319
Cn1c(F)ccnc1=O,0.24903899576383992
Cn1cc(F)cnc1=O,0.3281403829550982
Cn1ccc(=O)c(F)c1,0.22442253019289637
Cn1cnc(=O)c(F)c1,0.3673959825318889
Cn1ccc(=O)cc1F,0.21701199548260774
Cn1ccc(=O)nc1F,0.46214993786816194
Cn1cnc(=O)cc1F,0.42829947453356
Cn1cnc(=O)nc1F,0.9099821083527786
Cn1ccc(F)nc1=O,0.22064126139957807
Cn1cccc(F)c1=O,0.3657628087876219
Cn1ccnc(F)c1=O,0.4043026125164033
Cn1cncc(F)c1=O,0.472765131835331
CN=c1cc(F)[nH]cn1,0.7330794700956176
CN=c1ccoc(F)c1,1.1611440014075924
CN=c1ncoc(F)n1,1.7189449728066393
CN=c1cc[nH]cc1F,0.4194525044877082
CN=c1ccocc1F,0.9912827480238775
CN=c1cccc(F)o1,0.4256903639634402
CN=c1cncc(F)o1,0.43707727319815604
CN=c1ccnc(F)o1,0.4998415078698599
CN=c1cnc(F)c[nH]1,0.3990979698646697
CN=c1cnc(F)co1,0.4766341573867976
CN=c1cc(F)nc[nH]1,0.542600112479704
CN=c1cc(F)nco1,0.5211125224122952
CN=c1[nH]cccc1F,0.3056993870995939
CN=c1[nH]ccnc1F,0.344991613226739
CN=c1[nH]cncc1F,0.44299278643848083
CN=c1occnc1F,0.3885380694682681
CCc1ccc(F)cc1,0.4233972593665385
CCc1ccc(F)nc1,0.4510379726089013
CCc1cnc(F)cn1,0.8655378936346096
CCc1cnc(F)nc1,1.0914701394558506
CCc1ccc(F)cn1,0.6781507577634329
CCc1ncc(F)cn1,1.0517007070302498
CNc1ccc(F)cc1,0.3923616247739119
CNc1ccc(F)nc1,0.3772539104720636
CNc1cnc(F)cn1,0.3498333374482172
CNc1cnc(F)nc1,0.3687848795507307
CNc1ccc(F)cn1,0.34695877967715205
CNc1ncc(F)cn1,0.2852517894934863
COc1ccc(F)cc1,0.5032471505128342
COc1ccc(F)nc1,0.5731811534387816
COc1cnc(F)cn1,0.5378127838393993
COc1cnc(F)nc1,0.5483043836284196
COc1ccc(F)cn1,0.4767725273541146
COc1ncc(F)cn1,0.7242922834957426
OCc1ccc(F)cc1,0.6350907052783441
OCc1ccc(F)nc1,0.6817292744253791
OCc1cnc(F)cn1,0.8538067329918704
OCc1cnc(F)nc1,1.0515557791168249
OCc1ccc(F)cn1,0.5160220315792685
OCc1ncc(F)cn1,1.1468676497679553
CCc1cccc(F)c1,0.4596271690679714
CCc1cccc(F)n1,0.47364471309265355
CCc1ccnc(F)c1,0.4463535846934974
CCc1ccnc(F)n1,0.916927001608201
CCc1cncc(F)c1,0.7449504973319563
CCc1cncc(F)n1,0.9197323335756664
CCc1cc(F)ccn1,0.9457444717991166
CCc1nccc(F)n1,1.060223099504583
CCc1cc(F)ncn1,1.0063527201145916
CCc1ncnc(F)n1,1.0631516446865135
CNc1cccc(F)c1,0.2728314729556587
CNc1cccc(F)n1,0.3117738421260583
CNc1ccnc(F)c1,0.1904465406696545
CNc1ccnc(F)n1,0.3401368547401944
CNc1cncc(F)c1,0.261302411370707
CNc1cncc(F)n1,0.31820675290327927
CNc1cc(F)ccn1,0.24963429954004823
CNc1nccc(F)n1,0.20662344525953813
CNc1cc(F)ncn1,0.29379178774433967
CNc1ncnc(F)n1,0.20806986717434484
COc1cccc(F)c1,0.43814836828642
COc1cccc(F)n1,0.41690725907210435
COc1ccnc(F)c1,0.4980594605622173
COc1ccnc(F)n1,0.4720368731577764
COc1cncc(F)c1,0.4590975264000008
COc1cncc(F)n1,0.5027392769625294
COc1cc(F)ccn1,0.4339297578881087
COc1nccc(F)n1,0.7710373580557643
COc1cc(F)ncn1,0.46314753497063066
COc1ncnc(F)n1,1.1705266278368072
OCc1cccc(F)c1,0.6322702165616647
OCc1cccc(F)n1,0.3515674654809118
OCc1ccnc(F)c1,0.6422325546391221
OCc1ccnc(F)n1,0.9552412228367757
OCc1cncc(F)c1,0.9579981457263784
OCc1cncc(F)n1,0.8588229094912094
OCc1cc(F)ccn1,0.7784159465845732
OCc1nccc(F)n1,1.1499937769167445
OCc1cc(F)ncn1,1.0017334218646283
OCc1ncnc(F)n1,0.665718658690821
CCc1ccccc1F,0.4353132670476043
CCc1cccnc1F,0.4379774807002832
CCc1ccncc1F,0.8094328053157369
CCc1cnccc1F,0.9126683088179561
CCc1cncnc1F,1.2020805579486478
CCc1ncccc1F,0.6574371959432028
CCc1nccnc1F,0.871258382778251
CCc1ncncc1F,0.9766301171566738
CNc1ccccc1F,0.3157258896590065
CNc1cccnc1F,0.2915228468737041
CNc1ccncc1F,0.24990927072394697
CNc1cnccc1F,0.30209020319489355
CNc1cncnc1F,0.3621131615327613
CNc1ncccc1F,0.30680906795350893
CNc1nccnc1F,0.3089764286742138
CNc1ncncc1F,0.2852296394157747
COc1ccccc1F,0.47744979186063574
COc1cccnc1F,0.4842463557761221
COc1ccncc1F,0.6336800935659994
COc1cnccc1F,0.5504784655604453
COc1cncnc1F,0.5538008685325622
COc1ncccc1F,0.45042609709162207
COc1nccnc1F,0.5349190692468255
COc1ncncc1F,0.8255328921277396
OCc1ccccc1F,0.5717048806200182
OCc1cccnc1F,0.5748283682642068
OCc1ccncc1F,0.9614615309583314
OCc1cnccc1F,0.8867320631852635
OCc1cncnc1F,1.0862940143488231
OCc1ncccc1F,0.2868176422380202
OCc1nccnc1F,0.7841419052219862
OCc1ncncc1F,1.179620813441943
Cc1c(F)cnnc1N,1.1082137214307295
Cc1oncc(=N)c1F,0.4727079062577104
Cc1cnoc(=N)c1F,0.38087264557907474
Cc1oncc(=O)c1F,0.5917237898465828
Cc1cn[nH]c(=O)c1F,0.3785854458601534
Cc1nn[nH]c(=O)c1F,0.8896902687920374
Cc1cnoc(=O)c1F,0.41577409478486516
Cc1nnoc(=O)c1F,1.1249780657053634
Cc1c(O)cnnc1F,1.159998211031052
Cc1c(F)cnnc1O,1.1588667338473897
Cc1c(F)cnnc1F,1.1390284266744857
Cc1c(F)cn[nH]c1=O,0.35707461725905887
Cc1c(F)cnoc1=N,0.42420630868036824
Cc1c(F)cnoc1=O,0.3938744697134098
Cc1c(F)nn[nH]c1=O,0.6803354793555627
Cc1c(F)oncc1=N,0.5612492815125734
Cc1c(F)oncc1=O,0.5860671930695389
Cc1cc(=N)c(F)no1,0.5244088296549307
Cc1cc(=N)onc1F,0.38041524917571223
Cc1cc(=O)c(F)no1,0.44056302620083443
Cc1cc(=O)[nH]nc1F,0.376807371416362
Cc1cc(=O)onc1F,0.45399190602620365
Cc1cc(F)n[nH]c1=O,0.42909162556497904
Cc1cc(F)noc1=N,0.42141017416724935
Cc1cc(F)noc1=O,0.5654291973060026
Cc1conc(F)c1=N,0.38470811947991024
Cc1conc(F)c1=O,0.3743846861398197
Cc1nonc(F)c1=O,0.7539973078874027
Cc1nc(=N)c(F)no1,1.1472279559020535
Cc1nc(=N)onc1F,0.5552538483971148
Cc1nc(=O)c(F)no1,0.5770712134017231
Cc1nc(=O)[nH]nc1F,0.3759433278628421
Cc1nc(F)n[nH]c1=O,0.5016755833748903
Cc1nc(F)noc1=N,0.5856719747134775
Cc1nc(F)noc1=O,1.099924884394568
Cc1cc(F)c(=O)[nH]n1,0.4475577163120761
Cc1n[nH]c(=O)c(F)n1,0.4703638891423907
Cc1n[nH]c(=O)cc1F,0.29326301583932946
Cc1n[nH]c(=O)nc1F,0.3040350835162826
Cc1cc(F)c(=N)on1,0.3685880050798005
Cc1noc(=N)c(F)n1,0.507714473098531
Cc1noc(=N)cc1F,0.39988239286321914
Cc1cc(F)c(=O)on1,0.5672645517424826
Cc1noc(=O)c(F)n1,1.0297317201002443
Cc1noc(F)cc1=N,0.5283066176561988
Cc1noc(F)cc1=O,0.6173385055881226
Cc1noc(F)nc1=N,1.2294618377145525
Cc1noc(F)nc1=O,0.8269419800017204
Cc1nocc(F)c1=N,0.41766417134567746
Cc1nocc(F)c1=O,0.45602576762394165
CCc1cnc(F)nn1,1.1152481401841214
CCc1ncc(F)nn1,1.1387700816540018
Cn1cc(F)c(=O)cn1,0.23752408410473436
Cn1cc(F)c(=O)nn1,0.6889653296457254
Cn1ccc(=O)c(F)n1,0.1613197312963166
Cn1cnc(=O)c(F)n1,0.27019368157198187
Cn1nc(F)ccc1=O,0.36553341669787187
Cn1nc(F)cnc1=O,0.32058146448252955
Cn1nc(F)ncc1=O,0.3888121970994689
Cn1ncc(=O)c(F)n1,0.16859012730310496
Cn1ncc(=O)cc1F,0.2368065467217093
Cn1ncc(=O)nc1F,0.5655574174143112
Cn1ncc(F)cc1=O,0.2567052632039122
Cn1ncc(F)nc1=O,0.3484173378783453
Cn1nccc(F)c1=O,0.3507069594124914
Cn1ncnc(F)c1=O,0.3877283942911163
Cn1nnc(=O)cc1F,1.0304208215711697
CN=c1cconc1F,1.221088209957088
CN=c1cnoc(F)c1,1.1416219179045584
CN=c1cnoc(F)n1,1.4544277523345954
CN=c1cnocc1F,0.9291767570921365
CN=c1nconc1F,1.3397252564463997
CN=c1ccc(F)no1,0.40400946411682526
CN=c1cc(F)cno1,0.5936129140100093
CN=c1nc(F)cno1,1.4230287911414052
CN=c1onccc1F,0.3715148903665977
CN=c1oncnc1F,0.9646254819526803
COc1cnc(F)nn1,1.1411760863411473
COc1ncc(F)nn1,1.2351655646343715
Nc1nncc(F)c1N,1.067205081893917
N=c1cnoc(N)c1F,0.508225584806496
N=c1oncc(N)c1F,0.4788525122694409
Nc1oncc(=O)c1F,0.5501698882981145
Nc1cn[nH]c(=O)c1F,0.4162807710308698
Nc1nn[nH]c(=O)c1F,0.35636565146887733
Nc1cnoc(=O)c1F,0.39794662835811323
Nc1nnoc(=O)c1F,0.3427029713002412
Nc1nncc(F)c1O,1.0644333015807206
Nc1nncc(O)c1F,1.1550411376847478
Nc1nncc(F)c1F,1.0837811777055322
Nc1c(O)cnnc1F,0.9895278304793464
Nc1c(F)cnnc1O,0.9181304801495571
Nc1c(F)cnnc1F,1.1128106519063294
Nc1c(F)cn[nH]c1=O,0.38174536956830707
N=c1oncc(F)c1N,0.3696278070565313
Nc1c(F)cnoc1=O,0.3628100182504568
Nc1c(F)nn[nH]c1=O,0.3774217503832915
Nc1c(F)nnoc1=O,0.3888875726788683
N=c1cnoc(F)c1N,0.6012789637607057
Nc1c(F)oncc1=O,0.6226272042531491
N=c1cc(N)onc1F,0.6134994397816627
N=c1cc(N)c(F)no1,0.45515731582418084
Nc1cc(=O)c(F)no1,0.4263701591298741
Nc1cc(=O)[nH]nc1F,0.290125051729774
Nc1cc(=O)onc1F,0.27589370774512645
Nc1cc(F)n[nH]c1=O,0.46542488416162087
N=c1onc(F)cc1N,0.4596954152566468
Nc1cc(F)noc1=O,0.465612479547417
N=c1c(N)conc1F,0.8204681160605105
Nc1conc(F)c1=O,0.49490383625379764
N=c1nc(N)onc1F,0.9003507697325404
Nc1nc(=O)c(F)no1,0.6565474376184284
Nc1nc(=O)[nH]nc1F,0.3715722247852682
Nc1nc(F)n[nH]c1=O,0.6407833571611263
N=c1onc(F)nc1N,0.7665030954303802
Nc1nc(F)noc1=O,0.8041805971333815
Nc1cc(F)c(=O)[nH]n1,0.7081775569513411
Nc1n[nH]c(=O)c(F)n1,0.6040022261495324
Nc1n[nH]c(=O)cc1F,0.6158499876419228
Nc1n[nH]c(=O)nc1F,0.6149361200168642
N=c1onc(N)cc1F,0.7889229208176403
N=c1cc(F)c(N)no1,0.5453506679004931
Nc1cc(F)c(=O)on1,0.9121066655388859
Nc1noc(=O)c(F)n1,0.8043363823944674
Nc1noc(=O)cc1F,0.8160035962519032
Nc1noc(=O)nc1F,0.9338700431344478
N=c1cc(F)onc1N,0.3821642890561634
Nc1noc(F)cc1=O,0.4459382026907406
N=c1nc(F)onc1N,0.6570572976015683
Nc1noc(F)nc1=O,0.7227701322572102
N=c1c(F)conc1N,0.3685232419466047
Nc1nocc(F)c1=O,0.3583337159052462
Nc1nonc(F)c1=O,0.42469562406404293
N=c1cnoc(F)c1F,0.5243382704938995
N=c1oncc(F)c1O,0.46246300502025406
N=c1oncc(F)c1F,0.416562164111383
O=c1cnoc(F)c1F,0.6930998568186624
O=c1[nH]ncc(F)c1F,0.3904657793955266
O=c1oncc(F)c1F,0.4420532312560681
N=c1cc(F)onc1F,0.5664791763483663
N=c1cc(F)c(F)no1,0.4318383169702429
O=c1cc(F)onc1F,0.528285474398217
O=c1cc(F)c(F)n[nH]1,0.38556892487758887
O=c1cc(F)c(F)no1,0.46729082421916246
O=Cc1ncc(F)nn1,1.039044658142302
C#Cc1ncc(F)nn1,1.1213213434857607
N#Cc1ncc(F)nn1,1.0892564921487065
N=c1c(F)conc1F,0.5073403435744694
O=c1c(F)conc1F,0.4502069636946544
N=c1nc(F)onc1F,1.403205232545588
O=c1nc(O)onc1F,0.6960598855948774
O=c1nc(F)onc1F,0.6545376036865491
O=Cc1cnc(F)nn1,1.0656226846203936
C#Cc1cnc(F)nn1,1.0631175488051667
N#Cc1cnc(F)nn1,1.0664302917321038
N=c1[nH]nc(F)c(=O)[nH]1,0.3842179605489946
N=c1[nH]c(F)n[nH]c1=O,0.6249609082551615
O=c1[nH]nc(O)nc1F,0.6756774592849979
N=c1[nH]c(=O)[nH]nc1F,0.46221573503498803
N=c1onc(F)oc1=N,0.9790888031166105
N=c1onc(F)oc1=O,1.0721672709787526
N=c1onc(F)cc1O,0.5549673395744321
N=c1onc(F)cc1F,0.46681617577996803
N=c1onc(O)nc1F,0.8196539782165928
N=c1onc(F)nc1O,0.9671116242134303
N=c1onc(F)nc1F,0.6296854329830239
N=c1nc(F)c(F)no1,0.6653088278108044
N=c1[nH]c(=O)c(F)no1,0.6706712149461964
N=c1onc(F)c(=O)o1,1.4896499422957277
N=c1oc(F)noc1=O,1.225891620531911
O=c1onc(F)oc1=O,1.3225072709428787
O=c1onc(F)cc1F,0.6257528416008427
O=c1onc(F)nc1F,0.8587229620243306
N=c1[nH]c(=O)onc1F,0.9874743766758911
N=c1oc(=O)onc1F,1.1409116459653887
N=c1c(F)nonc1F,0.42745730894421285
O=c1c(F)nonc1F,0.49404852756197215
OCc1cnc(F)nn1,1.4532220968794718
OCc1ncc(F)nn1,1.5437607888161438
FC(F)(F)c1ccc[nH]1,0.5137677032271313
FC(F)(F)c1ccco1,0.48864575871084526
FC(F)(F)c1cnc[nH]1,0.6999732657313871
FC(F)(F)c1cnco1,0.6691106412181398
FC(F)(F)c1ncc[nH]1,0.5791759879066376
FC(F)(F)c1ncco1,0.6329753727550269
FC(F)(F)c1cc[nH]c1,0.5318741953342396
FC(F)(F)c1c[nH]cn1,0.6190814229121315
FC(F)(F)c1ccoc1,0.5315500531469297
FC(F)(F)c1cocn1,0.6498258955271012
FC(F)(F)c1ccn[nH]1,0.6976516708000418
FC(F)(F)c1ccno1,0.8021612120064674
FC(F)(F)c1cn[nH]c1,0.6757278820095962
FC(F)(F)c1c[nH]nn1,0.7496607632856467
FC(F)(F)c1cnoc1,0.7460813214438531
FC(F)(F)c1ncno1,1.0939345942279033
FC(F)(F)c1cc[nH]n1,0.5809798859681905
FC(F)(F)c1nc[nH]n1,1.0288858809799422
FC(F)(F)c1cn[nH]n1,0.5412438147122884
FC(F)(F)c1ccon1,0.6667665424592997
FC(F)(F)c1ncon1,1.1284777509390551
FC(F)(F)c1cnon1,1.2610714423426543
FC(F)(F)C#CC1CC1,1.066012188583045
FC(F)(F)C#CC1CO1,0.9966332981966843
O=C(C1CC1)C(F)(F)F,0.9861218613004894
O=C(C1CO1)C(F)(F)F,0.7731906232693291
C#CC1(C(F)(F)F)CC1,0.9257769104806357
N#CC1(C(F)(F)F)CC1,1.4156776861218532
C#CC1(C(F)(F)F)CN1,0.8840921765240637
N#CC1(C(F)(F)F)CN1,1.0490603033540538
C#CC1(C(F)(F)F)CO1,0.845427281994489
N#CC1(C(F)(F)F)CO1,1.1308860141725745
O=CC1(C(F)(F)F)CC1,0.4554780021608167
O=CC1(C(F)(F)F)CO1,0.7180853089666925
FC(F)(F)C1=CCOC1,0.3514924164428521
O=C1CC(C(F)(F)F)C1,0.5658078167070926
O=C1CC(C(F)(F)F)O1,0.6462695289446856
C#CC1CC1C(F)(F)F,0.9212093138939963
N#CC1CC1C(F)(F)F,1.326699976085365
C#CC1NC1C(F)(F)F,0.8514919681201718
N#CC1NC1C(F)(F)F,1.0472279421628627
C#CC1OC1C(F)(F)F,0.7613317867380829
N#CC1OC1C(F)(F)F,0.9173138660644327
O=CC1CC1C(F)(F)F,0.36221520427898213
O=CC1OC1C(F)(F)F,0.6142225282892468
FC(F)(F)C1CN=CO1,0.6588497940883826
O=C1CCC1C(F)(F)F,0.6533569555067515
O=C1NCC1C(F)(F)F,0.5341024823774205
O=C1OCC1C(F)(F)F,0.6684827653916727
O=C1COC1C(F)(F)F,0.7543716006803152
FC(F)(F)C1COC=N1,0.6392720088497299
FC(F)(F)C1C=CCO1,0.4615692738261714
